id,level,domain,question,serialized_table,prompt,answer,table_json,evidence_json,operation
A-L1-0001,1,race,"According to the race table, what is David's Fuel remaining?","| Fuel remaining | Lap time | Top speed | Driver | Position |
| --- | --- | --- | --- | --- |
| 34.7 L | 115.86 s | 281.0 km/h | Julia | 18 |
| 14.1 L | 90.92 s | 208.7 km/h | Yuna | 9 |
| 49.0 L | 73.58 s | 185.4 km/h | David | 17 |
| 61.2 L | 78.65 s | 260.9 km/h | Oliver | 1 |","Answer the question using the table. Return only the requested value.

Table:
| Fuel remaining | Lap time | Top speed | Driver | Position |
| --- | --- | --- | --- | --- |
| 34.7 L | 115.86 s | 281.0 km/h | Julia | 18 |
| 14.1 L | 90.92 s | 208.7 km/h | Yuna | 9 |
| 49.0 L | 73.58 s | 185.4 km/h | David | 17 |
| 61.2 L | 78.65 s | 260.9 km/h | Oliver | 1 |

Question: According to the race table, what is David's Fuel remaining?",49.0 L,"{""headers"": [""Fuel remaining"", ""Lap time"", ""Top speed"", ""Driver"", ""Position""], ""rows"": [[""34.7 L"", ""115.86 s"", ""281.0 km/h"", ""Julia"", ""18""], [""14.1 L"", ""90.92 s"", ""208.7 km/h"", ""Yuna"", ""9""], [""49.0 L"", ""73.58 s"", ""185.4 km/h"", ""David"", ""17""], [""61.2 L"", ""78.65 s"", ""260.9 km/h"", ""Oliver"", ""1""]]}","{""row_index"": 2, ""column_index"": 0, ""row_identifier_column"": ""Driver"", ""row_identifier_value"": ""David"", ""target_column"": ""Fuel remaining""}",lookup
A-L1-0002,1,sports,"In the table, what Possession do the Knights have?","| Possession | Team | Goals scored | Goals conceded | Losses | Points | Wins |
| --- | --- | --- | --- | --- | --- | --- |
| 54.4% | Tigers | 87 | 94 | 2 | 97 | 8 |
| 69.4% | Knights | 103 | 89 | 9 | 39 | 1 |
| 38.4% | Ravens | 52 | 51 | 11 | 30 | 26 |
| 48.1% | Panthers | 53 | 34 | 8 | 22 | 27 |","Answer the question using the table. Return only the requested value.

Table:
| Possession | Team | Goals scored | Goals conceded | Losses | Points | Wins |
| --- | --- | --- | --- | --- | --- | --- |
| 54.4% | Tigers | 87 | 94 | 2 | 97 | 8 |
| 69.4% | Knights | 103 | 89 | 9 | 39 | 1 |
| 38.4% | Ravens | 52 | 51 | 11 | 30 | 26 |
| 48.1% | Panthers | 53 | 34 | 8 | 22 | 27 |

Question: In the table, what Possession do the Knights have?",69.4%,"{""headers"": [""Possession"", ""Team"", ""Goals scored"", ""Goals conceded"", ""Losses"", ""Points"", ""Wins""], ""rows"": [[""54.4%"", ""Tigers"", ""87"", ""94"", ""2"", ""97"", ""8""], [""69.4%"", ""Knights"", ""103"", ""89"", ""9"", ""39"", ""1""], [""38.4%"", ""Ravens"", ""52"", ""51"", ""11"", ""30"", ""26""], [""48.1%"", ""Panthers"", ""53"", ""34"", ""8"", ""22"", ""27""]]}","{""row_index"": 1, ""column_index"": 0, ""row_identifier_column"": ""Team"", ""row_identifier_value"": ""Knights"", ""target_column"": ""Possession""}",lookup
A-L1-0003,1,sports,"In the table, what Possession do the Hawks have?","| Possession | Losses | Wins | Team | Points | Goals conceded |
| --- | --- | --- | --- | --- | --- |
| 47.1% | 8 | 17 | Falcons | 84 | 79 |
| 69.9% | 11 | 12 | Dragons | 38 | 22 |
| 60.2% | 15 | 16 | Hawks | 21 | 115 |
| 39.9% | 8 | 4 | Comets | 27 | 76 |","Answer the question using the table. Return only the requested value.

Table:
| Possession | Losses | Wins | Team | Points | Goals conceded |
| --- | --- | --- | --- | --- | --- |
| 47.1% | 8 | 17 | Falcons | 84 | 79 |
| 69.9% | 11 | 12 | Dragons | 38 | 22 |
| 60.2% | 15 | 16 | Hawks | 21 | 115 |
| 39.9% | 8 | 4 | Comets | 27 | 76 |

Question: In the table, what Possession do the Hawks have?",60.2%,"{""headers"": [""Possession"", ""Losses"", ""Wins"", ""Team"", ""Points"", ""Goals conceded""], ""rows"": [[""47.1%"", ""8"", ""17"", ""Falcons"", ""84"", ""79""], [""69.9%"", ""11"", ""12"", ""Dragons"", ""38"", ""22""], [""60.2%"", ""15"", ""16"", ""Hawks"", ""21"", ""115""], [""39.9%"", ""8"", ""4"", ""Comets"", ""27"", ""76""]]}","{""row_index"": 2, ""column_index"": 0, ""row_identifier_column"": ""Team"", ""row_identifier_value"": ""Hawks"", ""target_column"": ""Possession""}",lookup
A-L1-0004,1,weather,"According to the weather table, what is the Pressure at Lakeside?","| Station | Humidity | Pressure | Wind speed |
| --- | --- | --- | --- |
| Maple | 88% | 936.4 hPa | 10.8 m/s |
| Clearwater | 59% | 1015.6 hPa | 18.9 m/s |
| Orion | 68% | 962.8 hPa | 30.5 m/s |
| Brookfield | 84% | 1026.7 hPa | 32.5 m/s |
| Cedar | 78% | 946.8 hPa | 21.3 m/s |
| Hillcrest | 17% | 965.7 hPa | 0.0 m/s |
| Lakeside | 37% | 1026.3 hPa | 33.4 m/s |
| Oakridge | 91% | 949.7 hPa | 17.5 m/s |","Answer the question using the table. Return only the requested value.

Table:
| Station | Humidity | Pressure | Wind speed |
| --- | --- | --- | --- |
| Maple | 88% | 936.4 hPa | 10.8 m/s |
| Clearwater | 59% | 1015.6 hPa | 18.9 m/s |
| Orion | 68% | 962.8 hPa | 30.5 m/s |
| Brookfield | 84% | 1026.7 hPa | 32.5 m/s |
| Cedar | 78% | 946.8 hPa | 21.3 m/s |
| Hillcrest | 17% | 965.7 hPa | 0.0 m/s |
| Lakeside | 37% | 1026.3 hPa | 33.4 m/s |
| Oakridge | 91% | 949.7 hPa | 17.5 m/s |

Question: According to the weather table, what is the Pressure at Lakeside?",1026.3 hPa,"{""headers"": [""Station"", ""Humidity"", ""Pressure"", ""Wind speed""], ""rows"": [[""Maple"", ""88%"", ""936.4 hPa"", ""10.8 m/s""], [""Clearwater"", ""59%"", ""1015.6 hPa"", ""18.9 m/s""], [""Orion"", ""68%"", ""962.8 hPa"", ""30.5 m/s""], [""Brookfield"", ""84%"", ""1026.7 hPa"", ""32.5 m/s""], [""Cedar"", ""78%"", ""946.8 hPa"", ""21.3 m/s""], [""Hillcrest"", ""17%"", ""965.7 hPa"", ""0.0 m/s""], [""Lakeside"", ""37%"", ""1026.3 hPa"", ""33.4 m/s""], [""Oakridge"", ""91%"", ""949.7 hPa"", ""17.5 m/s""]]}","{""row_index"": 6, ""column_index"": 2, ""row_identifier_column"": ""Station"", ""row_identifier_value"": ""Lakeside"", ""target_column"": ""Pressure""}",lookup
A-L1-0005,1,ml_experiments,Look up model Aurora. What is its F1 score?,"| Recall | Model | Precision | F1 score | Memory | Latency |
| --- | --- | --- | --- | --- | --- |
| 78.0% | Vertex | 90.5% | 95.8% | 7.8 GB | 142.1 ms |
| 83.0% | Nimbus | 72.7% | 85.7% | 15.8 GB | 21.3 ms |
| 54.7% | Zenith | 75.5% | 59.3% | 7.2 GB | 78.5 ms |
| 80.9% | Aurora | 92.8% | 53.5% | 4.0 GB | 163.4 ms |
| 66.6% | Sigma | 64.7% | 61.0% | 9.6 GB | 44.5 ms |
| 61.7% | Quartz | 60.8% | 53.5% | 10.9 GB | 41.7 ms |","Answer the question using the table. Return only the requested value.

Table:
| Recall | Model | Precision | F1 score | Memory | Latency |
| --- | --- | --- | --- | --- | --- |
| 78.0% | Vertex | 90.5% | 95.8% | 7.8 GB | 142.1 ms |
| 83.0% | Nimbus | 72.7% | 85.7% | 15.8 GB | 21.3 ms |
| 54.7% | Zenith | 75.5% | 59.3% | 7.2 GB | 78.5 ms |
| 80.9% | Aurora | 92.8% | 53.5% | 4.0 GB | 163.4 ms |
| 66.6% | Sigma | 64.7% | 61.0% | 9.6 GB | 44.5 ms |
| 61.7% | Quartz | 60.8% | 53.5% | 10.9 GB | 41.7 ms |

Question: Look up model Aurora. What is its F1 score?",53.5%,"{""headers"": [""Recall"", ""Model"", ""Precision"", ""F1 score"", ""Memory"", ""Latency""], ""rows"": [[""78.0%"", ""Vertex"", ""90.5%"", ""95.8%"", ""7.8 GB"", ""142.1 ms""], [""83.0%"", ""Nimbus"", ""72.7%"", ""85.7%"", ""15.8 GB"", ""21.3 ms""], [""54.7%"", ""Zenith"", ""75.5%"", ""59.3%"", ""7.2 GB"", ""78.5 ms""], [""80.9%"", ""Aurora"", ""92.8%"", ""53.5%"", ""4.0 GB"", ""163.4 ms""], [""66.6%"", ""Sigma"", ""64.7%"", ""61.0%"", ""9.6 GB"", ""44.5 ms""], [""61.7%"", ""Quartz"", ""60.8%"", ""53.5%"", ""10.9 GB"", ""41.7 ms""]]}","{""row_index"": 3, ""column_index"": 3, ""row_identifier_column"": ""Model"", ""row_identifier_value"": ""Aurora"", ""target_column"": ""F1 score""}",lookup
A-L1-0006,1,weather,"According to the weather table, what is the Humidity at Clearwater?","| Temperature | Rainfall | Station | Humidity |
| --- | --- | --- | --- |
| 20.1 °C | 16.1 mm | Orion | 55% |
| 21.9 °C | 66.6 mm | Clearwater | 76% |
| 34.1 °C | 24.2 mm | Oakridge | 80% |
| 10.5 °C | 76.7 mm | Cedar | 87% |
| -6.3 °C | 33.2 mm | Fairview | 15% |","Answer the question using the table. Return only the requested value.

Table:
| Temperature | Rainfall | Station | Humidity |
| --- | --- | --- | --- |
| 20.1 °C | 16.1 mm | Orion | 55% |
| 21.9 °C | 66.6 mm | Clearwater | 76% |
| 34.1 °C | 24.2 mm | Oakridge | 80% |
| 10.5 °C | 76.7 mm | Cedar | 87% |
| -6.3 °C | 33.2 mm | Fairview | 15% |

Question: According to the weather table, what is the Humidity at Clearwater?",76%,"{""headers"": [""Temperature"", ""Rainfall"", ""Station"", ""Humidity""], ""rows"": [[""20.1 °C"", ""16.1 mm"", ""Orion"", ""55%""], [""21.9 °C"", ""66.6 mm"", ""Clearwater"", ""76%""], [""34.1 °C"", ""24.2 mm"", ""Oakridge"", ""80%""], [""10.5 °C"", ""76.7 mm"", ""Cedar"", ""87%""], [""-6.3 °C"", ""33.2 mm"", ""Fairview"", ""15%""]]}","{""row_index"": 1, ""column_index"": 3, ""row_identifier_column"": ""Station"", ""row_identifier_value"": ""Clearwater"", ""target_column"": ""Humidity""}",lookup
A-L1-0007,1,weather,"According to the weather table, what is the Visibility at Clearwater?","| Pressure | Visibility | Humidity | Station |
| --- | --- | --- | --- |
| 939.0 hPa | 17.6 km | 18% | Oakridge |
| 1032.9 hPa | 14.0 km | 92% | Cedar |
| 991.9 hPa | 0.8 km | 67% | Hillcrest |
| 937.6 hPa | 4.4 km | 44% | Pinehurst |
| 964.8 hPa | 19.9 km | 62% | Maple |
| 985.6 hPa | 3.4 km | 60% | Fairview |
| 964.6 hPa | 8.2 km | 71% | Orion |
| 1001.0 hPa | 8.3 km | 26% | Clearwater |","Answer the question using the table. Return only the requested value.

Table:
| Pressure | Visibility | Humidity | Station |
| --- | --- | --- | --- |
| 939.0 hPa | 17.6 km | 18% | Oakridge |
| 1032.9 hPa | 14.0 km | 92% | Cedar |
| 991.9 hPa | 0.8 km | 67% | Hillcrest |
| 937.6 hPa | 4.4 km | 44% | Pinehurst |
| 964.8 hPa | 19.9 km | 62% | Maple |
| 985.6 hPa | 3.4 km | 60% | Fairview |
| 964.6 hPa | 8.2 km | 71% | Orion |
| 1001.0 hPa | 8.3 km | 26% | Clearwater |

Question: According to the weather table, what is the Visibility at Clearwater?",8.3 km,"{""headers"": [""Pressure"", ""Visibility"", ""Humidity"", ""Station""], ""rows"": [[""939.0 hPa"", ""17.6 km"", ""18%"", ""Oakridge""], [""1032.9 hPa"", ""14.0 km"", ""92%"", ""Cedar""], [""991.9 hPa"", ""0.8 km"", ""67%"", ""Hillcrest""], [""937.6 hPa"", ""4.4 km"", ""44%"", ""Pinehurst""], [""964.8 hPa"", ""19.9 km"", ""62%"", ""Maple""], [""985.6 hPa"", ""3.4 km"", ""60%"", ""Fairview""], [""964.6 hPa"", ""8.2 km"", ""71%"", ""Orion""], [""1001.0 hPa"", ""8.3 km"", ""26%"", ""Clearwater""]]}","{""row_index"": 7, ""column_index"": 1, ""row_identifier_column"": ""Station"", ""row_identifier_value"": ""Clearwater"", ""target_column"": ""Visibility""}",lookup
A-L1-0008,1,skydiving,Find Julia. What Elapsed time is listed?,"| Heart rate | Air temperature | Falling speed | Elapsed time | Person | Air pressure |
| --- | --- | --- | --- | --- | --- |
| 84 bpm | 7.2 °C | 45.0 m/s | 9.0 s | Sofia | 98.4 kPa |
| 74 bpm | 14.5 °C | 33.9 m/s | 67.2 s | Maya | 49.5 kPa |
| 108 bpm | -10.2 °C | 27.5 m/s | 43.7 s | Ethan | 94.6 kPa |
| 129 bpm | -34.8 °C | 67.3 m/s | 44.8 s | Julia | 28.9 kPa |
| 75 bpm | -13.2 °C | 79.5 m/s | 27.6 s | Oliver | 70.7 kPa |","Answer the question using the table. Return only the requested value.

Table:
| Heart rate | Air temperature | Falling speed | Elapsed time | Person | Air pressure |
| --- | --- | --- | --- | --- | --- |
| 84 bpm | 7.2 °C | 45.0 m/s | 9.0 s | Sofia | 98.4 kPa |
| 74 bpm | 14.5 °C | 33.9 m/s | 67.2 s | Maya | 49.5 kPa |
| 108 bpm | -10.2 °C | 27.5 m/s | 43.7 s | Ethan | 94.6 kPa |
| 129 bpm | -34.8 °C | 67.3 m/s | 44.8 s | Julia | 28.9 kPa |
| 75 bpm | -13.2 °C | 79.5 m/s | 27.6 s | Oliver | 70.7 kPa |

Question: Find Julia. What Elapsed time is listed?",44.8 s,"{""headers"": [""Heart rate"", ""Air temperature"", ""Falling speed"", ""Elapsed time"", ""Person"", ""Air pressure""], ""rows"": [[""84 bpm"", ""7.2 °C"", ""45.0 m/s"", ""9.0 s"", ""Sofia"", ""98.4 kPa""], [""74 bpm"", ""14.5 °C"", ""33.9 m/s"", ""67.2 s"", ""Maya"", ""49.5 kPa""], [""108 bpm"", ""-10.2 °C"", ""27.5 m/s"", ""43.7 s"", ""Ethan"", ""94.6 kPa""], [""129 bpm"", ""-34.8 °C"", ""67.3 m/s"", ""44.8 s"", ""Julia"", ""28.9 kPa""], [""75 bpm"", ""-13.2 °C"", ""79.5 m/s"", ""27.6 s"", ""Oliver"", ""70.7 kPa""]]}","{""row_index"": 3, ""column_index"": 3, ""row_identifier_column"": ""Person"", ""row_identifier_value"": ""Julia"", ""target_column"": ""Elapsed time""}",lookup
A-L1-0009,1,race,"According to the race table, what is Yuna's Lap time?","| Top speed | Driver | Pit time | Tire temperature | Lap time | Fuel remaining |
| --- | --- | --- | --- | --- | --- |
| 221.0 km/h | Hana | 14.77 s | 119.7 °C | 71.42 s | 3.8 L |
| 220.0 km/h | Yuna | 13.73 s | 124.4 °C | 94.13 s | 65.7 L |
| 353.3 km/h | Julia | 19.56 s | 73.4 °C | 64.21 s | 22.7 L |
| 276.5 km/h | David | 43.67 s | 133.6 °C | 64.80 s | 75.3 L |
| 354.0 km/h | Ava | 17.99 s | 124.8 °C | 109.53 s | 23.8 L |","Answer the question using the table. Return only the requested value.

Table:
| Top speed | Driver | Pit time | Tire temperature | Lap time | Fuel remaining |
| --- | --- | --- | --- | --- | --- |
| 221.0 km/h | Hana | 14.77 s | 119.7 °C | 71.42 s | 3.8 L |
| 220.0 km/h | Yuna | 13.73 s | 124.4 °C | 94.13 s | 65.7 L |
| 353.3 km/h | Julia | 19.56 s | 73.4 °C | 64.21 s | 22.7 L |
| 276.5 km/h | David | 43.67 s | 133.6 °C | 64.80 s | 75.3 L |
| 354.0 km/h | Ava | 17.99 s | 124.8 °C | 109.53 s | 23.8 L |

Question: According to the race table, what is Yuna's Lap time?",94.13 s,"{""headers"": [""Top speed"", ""Driver"", ""Pit time"", ""Tire temperature"", ""Lap time"", ""Fuel remaining""], ""rows"": [[""221.0 km/h"", ""Hana"", ""14.77 s"", ""119.7 °C"", ""71.42 s"", ""3.8 L""], [""220.0 km/h"", ""Yuna"", ""13.73 s"", ""124.4 °C"", ""94.13 s"", ""65.7 L""], [""353.3 km/h"", ""Julia"", ""19.56 s"", ""73.4 °C"", ""64.21 s"", ""22.7 L""], [""276.5 km/h"", ""David"", ""43.67 s"", ""133.6 °C"", ""64.80 s"", ""75.3 L""], [""354.0 km/h"", ""Ava"", ""17.99 s"", ""124.8 °C"", ""109.53 s"", ""23.8 L""]]}","{""row_index"": 1, ""column_index"": 4, ""row_identifier_column"": ""Driver"", ""row_identifier_value"": ""Yuna"", ""target_column"": ""Lap time""}",lookup
A-L1-0010,1,weather,What Visibility was recorded at station Riverton?,"| Rainfall | Pressure | Humidity | Visibility | Wind speed | Temperature | Station |
| --- | --- | --- | --- | --- | --- | --- |
| 59.3 mm | 991.0 hPa | 70% | 6.2 km | 11.4 m/s | 20.3 °C | Oakridge |
| 14.8 mm | 992.6 hPa | 84% | 12.5 km | 26.2 m/s | 5.1 °C | Clearwater |
| 67.5 mm | 1035.6 hPa | 70% | 22.2 km | 17.9 m/s | 20.8 °C | Brookfield |
| 66.8 mm | 996.7 hPa | 52% | 10.0 km | 7.4 m/s | 1.1 °C | Riverton |","Answer the question using the table. Return only the requested value.

Table:
| Rainfall | Pressure | Humidity | Visibility | Wind speed | Temperature | Station |
| --- | --- | --- | --- | --- | --- | --- |
| 59.3 mm | 991.0 hPa | 70% | 6.2 km | 11.4 m/s | 20.3 °C | Oakridge |
| 14.8 mm | 992.6 hPa | 84% | 12.5 km | 26.2 m/s | 5.1 °C | Clearwater |
| 67.5 mm | 1035.6 hPa | 70% | 22.2 km | 17.9 m/s | 20.8 °C | Brookfield |
| 66.8 mm | 996.7 hPa | 52% | 10.0 km | 7.4 m/s | 1.1 °C | Riverton |

Question: What Visibility was recorded at station Riverton?",10.0 km,"{""headers"": [""Rainfall"", ""Pressure"", ""Humidity"", ""Visibility"", ""Wind speed"", ""Temperature"", ""Station""], ""rows"": [[""59.3 mm"", ""991.0 hPa"", ""70%"", ""6.2 km"", ""11.4 m/s"", ""20.3 °C"", ""Oakridge""], [""14.8 mm"", ""992.6 hPa"", ""84%"", ""12.5 km"", ""26.2 m/s"", ""5.1 °C"", ""Clearwater""], [""67.5 mm"", ""1035.6 hPa"", ""70%"", ""22.2 km"", ""17.9 m/s"", ""20.8 °C"", ""Brookfield""], [""66.8 mm"", ""996.7 hPa"", ""52%"", ""10.0 km"", ""7.4 m/s"", ""1.1 °C"", ""Riverton""]]}","{""row_index"": 3, ""column_index"": 3, ""row_identifier_column"": ""Station"", ""row_identifier_value"": ""Riverton"", ""target_column"": ""Visibility""}",lookup
A-L1-0011,1,skydiving,What is Lena's Air pressure?,"| Person | Air pressure | Falling speed | Elapsed time | Heart rate |
| --- | --- | --- | --- | --- |
| Nora | 20.4 kPa | 71.2 m/s | 72.6 s | 139 bpm |
| Lena | 54.0 kPa | 82.5 m/s | 20.8 s | 81 bpm |
| Lucas | 24.0 kPa | 75.9 m/s | 27.4 s | 124 bpm |
| Ryan | 84.1 kPa | 84.3 m/s | 65.1 s | 118 bpm |
| Ava | 96.0 kPa | 61.8 m/s | 85.2 s | 133 bpm |","Answer the question using the table. Return only the requested value.

Table:
| Person | Air pressure | Falling speed | Elapsed time | Heart rate |
| --- | --- | --- | --- | --- |
| Nora | 20.4 kPa | 71.2 m/s | 72.6 s | 139 bpm |
| Lena | 54.0 kPa | 82.5 m/s | 20.8 s | 81 bpm |
| Lucas | 24.0 kPa | 75.9 m/s | 27.4 s | 124 bpm |
| Ryan | 84.1 kPa | 84.3 m/s | 65.1 s | 118 bpm |
| Ava | 96.0 kPa | 61.8 m/s | 85.2 s | 133 bpm |

Question: What is Lena's Air pressure?",54.0 kPa,"{""headers"": [""Person"", ""Air pressure"", ""Falling speed"", ""Elapsed time"", ""Heart rate""], ""rows"": [[""Nora"", ""20.4 kPa"", ""71.2 m/s"", ""72.6 s"", ""139 bpm""], [""Lena"", ""54.0 kPa"", ""82.5 m/s"", ""20.8 s"", ""81 bpm""], [""Lucas"", ""24.0 kPa"", ""75.9 m/s"", ""27.4 s"", ""124 bpm""], [""Ryan"", ""84.1 kPa"", ""84.3 m/s"", ""65.1 s"", ""118 bpm""], [""Ava"", ""96.0 kPa"", ""61.8 m/s"", ""85.2 s"", ""133 bpm""]]}","{""row_index"": 1, ""column_index"": 1, ""row_identifier_column"": ""Person"", ""row_identifier_value"": ""Lena"", ""target_column"": ""Air pressure""}",lookup
A-L1-0012,1,race,Find Theo's row. What is the Fuel remaining?,"| Fuel remaining | Driver | Top speed | Pit time |
| --- | --- | --- | --- |
| 61.7 L | Ryan | 248.5 km/h | 38.55 s |
| 18.1 L | Yuna | 255.6 km/h | 18.71 s |
| 56.1 L | Nora | 307.2 km/h | 10.41 s |
| 47.6 L | Oliver | 305.2 km/h | 40.72 s |
| 33.8 L | Theo | 277.7 km/h | 2.89 s |
| 44.1 L | Alex | 204.9 km/h | 14.39 s |","Answer the question using the table. Return only the requested value.

Table:
| Fuel remaining | Driver | Top speed | Pit time |
| --- | --- | --- | --- |
| 61.7 L | Ryan | 248.5 km/h | 38.55 s |
| 18.1 L | Yuna | 255.6 km/h | 18.71 s |
| 56.1 L | Nora | 307.2 km/h | 10.41 s |
| 47.6 L | Oliver | 305.2 km/h | 40.72 s |
| 33.8 L | Theo | 277.7 km/h | 2.89 s |
| 44.1 L | Alex | 204.9 km/h | 14.39 s |

Question: Find Theo's row. What is the Fuel remaining?",33.8 L,"{""headers"": [""Fuel remaining"", ""Driver"", ""Top speed"", ""Pit time""], ""rows"": [[""61.7 L"", ""Ryan"", ""248.5 km/h"", ""38.55 s""], [""18.1 L"", ""Yuna"", ""255.6 km/h"", ""18.71 s""], [""56.1 L"", ""Nora"", ""307.2 km/h"", ""10.41 s""], [""47.6 L"", ""Oliver"", ""305.2 km/h"", ""40.72 s""], [""33.8 L"", ""Theo"", ""277.7 km/h"", ""2.89 s""], [""44.1 L"", ""Alex"", ""204.9 km/h"", ""14.39 s""]]}","{""row_index"": 4, ""column_index"": 0, ""row_identifier_column"": ""Driver"", ""row_identifier_value"": ""Theo"", ""target_column"": ""Fuel remaining""}",lookup
A-L1-0013,1,weather,Find station Orion. What is its Rainfall?,"| Humidity | Temperature | Station | Visibility | Rainfall |
| --- | --- | --- | --- | --- |
| 62% | 20.5 °C | Riverton | 4.2 km | 13.0 mm |
| 17% | -4.4 °C | Oakridge | 28.5 km | 64.1 mm |
| 19% | 9.5 °C | Orion | 4.5 km | 54.6 mm |
| 69% | 26.4 °C | Maple | 19.7 km | 29.7 mm |
| 36% | 29.1 °C | Brookfield | 22.7 km | 32.2 mm |
| 98% | 13.6 °C | Westhaven | 1.1 km | 7.0 mm |
| 78% | 2.3 °C | Hillcrest | 6.7 km | 32.2 mm |","Answer the question using the table. Return only the requested value.

Table:
| Humidity | Temperature | Station | Visibility | Rainfall |
| --- | --- | --- | --- | --- |
| 62% | 20.5 °C | Riverton | 4.2 km | 13.0 mm |
| 17% | -4.4 °C | Oakridge | 28.5 km | 64.1 mm |
| 19% | 9.5 °C | Orion | 4.5 km | 54.6 mm |
| 69% | 26.4 °C | Maple | 19.7 km | 29.7 mm |
| 36% | 29.1 °C | Brookfield | 22.7 km | 32.2 mm |
| 98% | 13.6 °C | Westhaven | 1.1 km | 7.0 mm |
| 78% | 2.3 °C | Hillcrest | 6.7 km | 32.2 mm |

Question: Find station Orion. What is its Rainfall?",54.6 mm,"{""headers"": [""Humidity"", ""Temperature"", ""Station"", ""Visibility"", ""Rainfall""], ""rows"": [[""62%"", ""20.5 °C"", ""Riverton"", ""4.2 km"", ""13.0 mm""], [""17%"", ""-4.4 °C"", ""Oakridge"", ""28.5 km"", ""64.1 mm""], [""19%"", ""9.5 °C"", ""Orion"", ""4.5 km"", ""54.6 mm""], [""69%"", ""26.4 °C"", ""Maple"", ""19.7 km"", ""29.7 mm""], [""36%"", ""29.1 °C"", ""Brookfield"", ""22.7 km"", ""32.2 mm""], [""98%"", ""13.6 °C"", ""Westhaven"", ""1.1 km"", ""7.0 mm""], [""78%"", ""2.3 °C"", ""Hillcrest"", ""6.7 km"", ""32.2 mm""]]}","{""row_index"": 2, ""column_index"": 4, ""row_identifier_column"": ""Station"", ""row_identifier_value"": ""Orion"", ""target_column"": ""Rainfall""}",lookup
A-L1-0014,1,lab,Look at Sample-A. What is its recorded pH?,"| Sample | pH | Temperature | Conductivity |
| --- | --- | --- | --- |
| Sample-K | 8.68 | 72.5 °C | 14.29 mS/cm |
| Sample-J | 11.20 | 63.5 °C | 15.44 mS/cm |
| Sample-C | 6.51 | 89.1 °C | 7.05 mS/cm |
| Sample-F | 4.45 | 58.3 °C | 8.13 mS/cm |
| Sample-L | 6.34 | 42.8 °C | 12.31 mS/cm |
| Sample-D | 6.60 | 37.6 °C | 22.30 mS/cm |
| Sample-B | 7.22 | 18.8 °C | 4.49 mS/cm |
| Sample-G | 2.13 | 11.2 °C | 16.22 mS/cm |
| Sample-A | 10.26 | 74.7 °C | 11.68 mS/cm |","Answer the question using the table. Return only the requested value.

Table:
| Sample | pH | Temperature | Conductivity |
| --- | --- | --- | --- |
| Sample-K | 8.68 | 72.5 °C | 14.29 mS/cm |
| Sample-J | 11.20 | 63.5 °C | 15.44 mS/cm |
| Sample-C | 6.51 | 89.1 °C | 7.05 mS/cm |
| Sample-F | 4.45 | 58.3 °C | 8.13 mS/cm |
| Sample-L | 6.34 | 42.8 °C | 12.31 mS/cm |
| Sample-D | 6.60 | 37.6 °C | 22.30 mS/cm |
| Sample-B | 7.22 | 18.8 °C | 4.49 mS/cm |
| Sample-G | 2.13 | 11.2 °C | 16.22 mS/cm |
| Sample-A | 10.26 | 74.7 °C | 11.68 mS/cm |

Question: Look at Sample-A. What is its recorded pH?",10.26,"{""headers"": [""Sample"", ""pH"", ""Temperature"", ""Conductivity""], ""rows"": [[""Sample-K"", ""8.68"", ""72.5 °C"", ""14.29 mS/cm""], [""Sample-J"", ""11.20"", ""63.5 °C"", ""15.44 mS/cm""], [""Sample-C"", ""6.51"", ""89.1 °C"", ""7.05 mS/cm""], [""Sample-F"", ""4.45"", ""58.3 °C"", ""8.13 mS/cm""], [""Sample-L"", ""6.34"", ""42.8 °C"", ""12.31 mS/cm""], [""Sample-D"", ""6.60"", ""37.6 °C"", ""22.30 mS/cm""], [""Sample-B"", ""7.22"", ""18.8 °C"", ""4.49 mS/cm""], [""Sample-G"", ""2.13"", ""11.2 °C"", ""16.22 mS/cm""], [""Sample-A"", ""10.26"", ""74.7 °C"", ""11.68 mS/cm""]]}","{""row_index"": 8, ""column_index"": 1, ""row_identifier_column"": ""Sample"", ""row_identifier_value"": ""Sample-A"", ""target_column"": ""pH""}",lookup
A-L1-0015,1,race,What Fuel remaining is shown for driver Maya?,"| Driver | Pit time | Tire temperature | Lap time | Top speed | Position | Fuel remaining |
| --- | --- | --- | --- | --- | --- | --- |
| Lucas | 8.74 s | 117.0 °C | 74.34 s | 230.9 km/h | 20 | 9.8 L |
| Yuna | 2.05 s | 73.5 °C | 59.63 s | 307.4 km/h | 1 | 11.9 L |
| Maya | 29.88 s | 67.0 °C | 86.37 s | 252.8 km/h | 8 | 21.0 L |
| Noah | 12.44 s | 131.3 °C | 105.11 s | 214.5 km/h | 6 | 59.6 L |
| David | 14.89 s | 101.5 °C | 114.74 s | 256.6 km/h | 12 | 60.2 L |
| Alex | 14.20 s | 80.3 °C | 118.14 s | 221.5 km/h | 9 | 58.3 L |","Answer the question using the table. Return only the requested value.

Table:
| Driver | Pit time | Tire temperature | Lap time | Top speed | Position | Fuel remaining |
| --- | --- | --- | --- | --- | --- | --- |
| Lucas | 8.74 s | 117.0 °C | 74.34 s | 230.9 km/h | 20 | 9.8 L |
| Yuna | 2.05 s | 73.5 °C | 59.63 s | 307.4 km/h | 1 | 11.9 L |
| Maya | 29.88 s | 67.0 °C | 86.37 s | 252.8 km/h | 8 | 21.0 L |
| Noah | 12.44 s | 131.3 °C | 105.11 s | 214.5 km/h | 6 | 59.6 L |
| David | 14.89 s | 101.5 °C | 114.74 s | 256.6 km/h | 12 | 60.2 L |
| Alex | 14.20 s | 80.3 °C | 118.14 s | 221.5 km/h | 9 | 58.3 L |

Question: What Fuel remaining is shown for driver Maya?",21.0 L,"{""headers"": [""Driver"", ""Pit time"", ""Tire temperature"", ""Lap time"", ""Top speed"", ""Position"", ""Fuel remaining""], ""rows"": [[""Lucas"", ""8.74 s"", ""117.0 °C"", ""74.34 s"", ""230.9 km/h"", ""20"", ""9.8 L""], [""Yuna"", ""2.05 s"", ""73.5 °C"", ""59.63 s"", ""307.4 km/h"", ""1"", ""11.9 L""], [""Maya"", ""29.88 s"", ""67.0 °C"", ""86.37 s"", ""252.8 km/h"", ""8"", ""21.0 L""], [""Noah"", ""12.44 s"", ""131.3 °C"", ""105.11 s"", ""214.5 km/h"", ""6"", ""59.6 L""], [""David"", ""14.89 s"", ""101.5 °C"", ""114.74 s"", ""256.6 km/h"", ""12"", ""60.2 L""], [""Alex"", ""14.20 s"", ""80.3 °C"", ""118.14 s"", ""221.5 km/h"", ""9"", ""58.3 L""]]}","{""row_index"": 2, ""column_index"": 6, ""row_identifier_column"": ""Driver"", ""row_identifier_value"": ""Maya"", ""target_column"": ""Fuel remaining""}",lookup
A-L1-0016,1,skydiving,"According to the table, what is the Falling speed for Sofia?","| Heart rate | Air temperature | Person | Falling speed |
| --- | --- | --- | --- |
| 102 bpm | -5.9 °C | Daniel | 84.4 m/s |
| 150 bpm | -6.8 °C | Nora | 32.1 m/s |
| 116 bpm | 9.2 °C | Lucas | 52.0 m/s |
| 148 bpm | 14.7 °C | Julia | 61.6 m/s |
| 92 bpm | -3.4 °C | Iris | 37.5 m/s |
| 94 bpm | -12.1 °C | Sofia | 72.4 m/s |","Answer the question using the table. Return only the requested value.

Table:
| Heart rate | Air temperature | Person | Falling speed |
| --- | --- | --- | --- |
| 102 bpm | -5.9 °C | Daniel | 84.4 m/s |
| 150 bpm | -6.8 °C | Nora | 32.1 m/s |
| 116 bpm | 9.2 °C | Lucas | 52.0 m/s |
| 148 bpm | 14.7 °C | Julia | 61.6 m/s |
| 92 bpm | -3.4 °C | Iris | 37.5 m/s |
| 94 bpm | -12.1 °C | Sofia | 72.4 m/s |

Question: According to the table, what is the Falling speed for Sofia?",72.4 m/s,"{""headers"": [""Heart rate"", ""Air temperature"", ""Person"", ""Falling speed""], ""rows"": [[""102 bpm"", ""-5.9 °C"", ""Daniel"", ""84.4 m/s""], [""150 bpm"", ""-6.8 °C"", ""Nora"", ""32.1 m/s""], [""116 bpm"", ""9.2 °C"", ""Lucas"", ""52.0 m/s""], [""148 bpm"", ""14.7 °C"", ""Julia"", ""61.6 m/s""], [""92 bpm"", ""-3.4 °C"", ""Iris"", ""37.5 m/s""], [""94 bpm"", ""-12.1 °C"", ""Sofia"", ""72.4 m/s""]]}","{""row_index"": 5, ""column_index"": 3, ""row_identifier_column"": ""Person"", ""row_identifier_value"": ""Sofia"", ""target_column"": ""Falling speed""}",lookup
A-L1-0017,1,race,Find Yuna's row. What is the Fuel remaining?,"| Tire temperature | Position | Fuel remaining | Driver | Top speed |
| --- | --- | --- | --- | --- |
| 132.1 °C | 1 | 49.1 L | Lena | 196.4 km/h |
| 121.8 °C | 10 | 14.9 L | Emma | 287.1 km/h |
| 65.4 °C | 9 | 52.5 L | Nora | 328.8 km/h |
| 117.2 °C | 9 | 61.7 L | Lucas | 283.7 km/h |
| 61.6 °C | 19 | 67.2 L | Ryan | 285.7 km/h |
| 115.1 °C | 2 | 8.3 L | Sam | 340.1 km/h |
| 97.0 °C | 9 | 56.6 L | Yuna | 270.1 km/h |
| 111.7 °C | 15 | 73.9 L | Mina | 202.4 km/h |","Answer the question using the table. Return only the requested value.

Table:
| Tire temperature | Position | Fuel remaining | Driver | Top speed |
| --- | --- | --- | --- | --- |
| 132.1 °C | 1 | 49.1 L | Lena | 196.4 km/h |
| 121.8 °C | 10 | 14.9 L | Emma | 287.1 km/h |
| 65.4 °C | 9 | 52.5 L | Nora | 328.8 km/h |
| 117.2 °C | 9 | 61.7 L | Lucas | 283.7 km/h |
| 61.6 °C | 19 | 67.2 L | Ryan | 285.7 km/h |
| 115.1 °C | 2 | 8.3 L | Sam | 340.1 km/h |
| 97.0 °C | 9 | 56.6 L | Yuna | 270.1 km/h |
| 111.7 °C | 15 | 73.9 L | Mina | 202.4 km/h |

Question: Find Yuna's row. What is the Fuel remaining?",56.6 L,"{""headers"": [""Tire temperature"", ""Position"", ""Fuel remaining"", ""Driver"", ""Top speed""], ""rows"": [[""132.1 °C"", ""1"", ""49.1 L"", ""Lena"", ""196.4 km/h""], [""121.8 °C"", ""10"", ""14.9 L"", ""Emma"", ""287.1 km/h""], [""65.4 °C"", ""9"", ""52.5 L"", ""Nora"", ""328.8 km/h""], [""117.2 °C"", ""9"", ""61.7 L"", ""Lucas"", ""283.7 km/h""], [""61.6 °C"", ""19"", ""67.2 L"", ""Ryan"", ""285.7 km/h""], [""115.1 °C"", ""2"", ""8.3 L"", ""Sam"", ""340.1 km/h""], [""97.0 °C"", ""9"", ""56.6 L"", ""Yuna"", ""270.1 km/h""], [""111.7 °C"", ""15"", ""73.9 L"", ""Mina"", ""202.4 km/h""]]}","{""row_index"": 6, ""column_index"": 2, ""row_identifier_column"": ""Driver"", ""row_identifier_value"": ""Yuna"", ""target_column"": ""Fuel remaining""}",lookup
A-L1-0018,1,sports,What is the Wins value for the Wolves?,"| Points | Losses | Goals scored | Goals conceded | Wins | Team | Possession |
| --- | --- | --- | --- | --- | --- | --- |
| 10 | 17 | 89 | 64 | 27 | Tigers | 46.5% |
| 34 | 19 | 71 | 101 | 11 | Wolves | 49.9% |
| 90 | 7 | 82 | 95 | 25 | Ravens | 36.3% |
| 66 | 6 | 102 | 39 | 1 | Dragons | 52.0% |
| 24 | 27 | 103 | 70 | 12 | Bulls | 63.0% |
| 46 | 22 | 61 | 67 | 28 | Hawks | 34.9% |","Answer the question using the table. Return only the requested value.

Table:
| Points | Losses | Goals scored | Goals conceded | Wins | Team | Possession |
| --- | --- | --- | --- | --- | --- | --- |
| 10 | 17 | 89 | 64 | 27 | Tigers | 46.5% |
| 34 | 19 | 71 | 101 | 11 | Wolves | 49.9% |
| 90 | 7 | 82 | 95 | 25 | Ravens | 36.3% |
| 66 | 6 | 102 | 39 | 1 | Dragons | 52.0% |
| 24 | 27 | 103 | 70 | 12 | Bulls | 63.0% |
| 46 | 22 | 61 | 67 | 28 | Hawks | 34.9% |

Question: What is the Wins value for the Wolves?",11,"{""headers"": [""Points"", ""Losses"", ""Goals scored"", ""Goals conceded"", ""Wins"", ""Team"", ""Possession""], ""rows"": [[""10"", ""17"", ""89"", ""64"", ""27"", ""Tigers"", ""46.5%""], [""34"", ""19"", ""71"", ""101"", ""11"", ""Wolves"", ""49.9%""], [""90"", ""7"", ""82"", ""95"", ""25"", ""Ravens"", ""36.3%""], [""66"", ""6"", ""102"", ""39"", ""1"", ""Dragons"", ""52.0%""], [""24"", ""27"", ""103"", ""70"", ""12"", ""Bulls"", ""63.0%""], [""46"", ""22"", ""61"", ""67"", ""28"", ""Hawks"", ""34.9%""]]}","{""row_index"": 1, ""column_index"": 4, ""row_identifier_column"": ""Team"", ""row_identifier_value"": ""Wolves"", ""target_column"": ""Wins""}",lookup
A-L1-0019,1,race,"According to the race table, what is Nora's Position?","| Pit time | Tire temperature | Top speed | Position | Driver |
| --- | --- | --- | --- | --- |
| 13.44 s | 80.0 °C | 230.9 km/h | 1 | Oliver |
| 44.13 s | 94.2 °C | 336.5 km/h | 11 | Lena |
| 12.43 s | 98.1 °C | 335.5 km/h | 5 | Alex |
| 20.09 s | 104.0 °C | 335.7 km/h | 16 | Ava |
| 24.45 s | 96.3 °C | 279.3 km/h | 11 | Nora |
| 35.45 s | 119.3 °C | 241.2 km/h | 14 | Sam |","Answer the question using the table. Return only the requested value.

Table:
| Pit time | Tire temperature | Top speed | Position | Driver |
| --- | --- | --- | --- | --- |
| 13.44 s | 80.0 °C | 230.9 km/h | 1 | Oliver |
| 44.13 s | 94.2 °C | 336.5 km/h | 11 | Lena |
| 12.43 s | 98.1 °C | 335.5 km/h | 5 | Alex |
| 20.09 s | 104.0 °C | 335.7 km/h | 16 | Ava |
| 24.45 s | 96.3 °C | 279.3 km/h | 11 | Nora |
| 35.45 s | 119.3 °C | 241.2 km/h | 14 | Sam |

Question: According to the race table, what is Nora's Position?",11,"{""headers"": [""Pit time"", ""Tire temperature"", ""Top speed"", ""Position"", ""Driver""], ""rows"": [[""13.44 s"", ""80.0 °C"", ""230.9 km/h"", ""1"", ""Oliver""], [""44.13 s"", ""94.2 °C"", ""336.5 km/h"", ""11"", ""Lena""], [""12.43 s"", ""98.1 °C"", ""335.5 km/h"", ""5"", ""Alex""], [""20.09 s"", ""104.0 °C"", ""335.7 km/h"", ""16"", ""Ava""], [""24.45 s"", ""96.3 °C"", ""279.3 km/h"", ""11"", ""Nora""], [""35.45 s"", ""119.3 °C"", ""241.2 km/h"", ""14"", ""Sam""]]}","{""row_index"": 4, ""column_index"": 3, ""row_identifier_column"": ""Driver"", ""row_identifier_value"": ""Nora"", ""target_column"": ""Position""}",lookup
A-L1-0020,1,weather,What Temperature was recorded at station Cedar?,"| Pressure | Station | Humidity | Temperature | Visibility | Wind speed |
| --- | --- | --- | --- | --- | --- |
| 936.2 hPa | Lakeside | 35% | 2.2 °C | 11.1 km | 15.1 m/s |
| 988.7 hPa | Maple | 89% | 20.7 °C | 28.6 km | 21.9 m/s |
| 1025.8 hPa | Westhaven | 80% | -7.4 °C | 29.1 km | 2.6 m/s |
| 941.1 hPa | Cedar | 17% | 22.3 °C | 5.4 km | 10.5 m/s |
| 998.6 hPa | Clearwater | 42% | -1.0 °C | 12.2 km | 2.8 m/s |
| 955.0 hPa | Orion | 78% | 0.2 °C | 3.2 km | 34.2 m/s |
| 989.5 hPa | Fairview | 72% | 10.9 °C | 18.7 km | 8.2 m/s |","Answer the question using the table. Return only the requested value.

Table:
| Pressure | Station | Humidity | Temperature | Visibility | Wind speed |
| --- | --- | --- | --- | --- | --- |
| 936.2 hPa | Lakeside | 35% | 2.2 °C | 11.1 km | 15.1 m/s |
| 988.7 hPa | Maple | 89% | 20.7 °C | 28.6 km | 21.9 m/s |
| 1025.8 hPa | Westhaven | 80% | -7.4 °C | 29.1 km | 2.6 m/s |
| 941.1 hPa | Cedar | 17% | 22.3 °C | 5.4 km | 10.5 m/s |
| 998.6 hPa | Clearwater | 42% | -1.0 °C | 12.2 km | 2.8 m/s |
| 955.0 hPa | Orion | 78% | 0.2 °C | 3.2 km | 34.2 m/s |
| 989.5 hPa | Fairview | 72% | 10.9 °C | 18.7 km | 8.2 m/s |

Question: What Temperature was recorded at station Cedar?",22.3 °C,"{""headers"": [""Pressure"", ""Station"", ""Humidity"", ""Temperature"", ""Visibility"", ""Wind speed""], ""rows"": [[""936.2 hPa"", ""Lakeside"", ""35%"", ""2.2 °C"", ""11.1 km"", ""15.1 m/s""], [""988.7 hPa"", ""Maple"", ""89%"", ""20.7 °C"", ""28.6 km"", ""21.9 m/s""], [""1025.8 hPa"", ""Westhaven"", ""80%"", ""-7.4 °C"", ""29.1 km"", ""2.6 m/s""], [""941.1 hPa"", ""Cedar"", ""17%"", ""22.3 °C"", ""5.4 km"", ""10.5 m/s""], [""998.6 hPa"", ""Clearwater"", ""42%"", ""-1.0 °C"", ""12.2 km"", ""2.8 m/s""], [""955.0 hPa"", ""Orion"", ""78%"", ""0.2 °C"", ""3.2 km"", ""34.2 m/s""], [""989.5 hPa"", ""Fairview"", ""72%"", ""10.9 °C"", ""18.7 km"", ""8.2 m/s""]]}","{""row_index"": 3, ""column_index"": 3, ""row_identifier_column"": ""Station"", ""row_identifier_value"": ""Cedar"", ""target_column"": ""Temperature""}",lookup
A-L1-0021,1,weather,What Rainfall was recorded at station Brookfield?,"| Pressure | Station | Rainfall | Wind speed |
| --- | --- | --- | --- |
| 1006.9 hPa | Orion | 70.6 mm | 0.8 m/s |
| 973.5 hPa | Westhaven | 73.5 mm | 0.3 m/s |
| 1015.3 hPa | Pinehurst | 68.2 mm | 8.1 m/s |
| 954.1 hPa | Cedar | 21.3 mm | 6.7 m/s |
| 1005.9 hPa | Lakeside | 25.7 mm | 16.0 m/s |
| 1012.0 hPa | Brookfield | 76.7 mm | 29.1 m/s |
| 1015.6 hPa | Maple | 77.4 mm | 34.1 m/s |
| 1039.9 hPa | Fairview | 9.1 mm | 29.9 m/s |
| 972.0 hPa | Clearwater | 25.1 mm | 12.6 m/s |","Answer the question using the table. Return only the requested value.

Table:
| Pressure | Station | Rainfall | Wind speed |
| --- | --- | --- | --- |
| 1006.9 hPa | Orion | 70.6 mm | 0.8 m/s |
| 973.5 hPa | Westhaven | 73.5 mm | 0.3 m/s |
| 1015.3 hPa | Pinehurst | 68.2 mm | 8.1 m/s |
| 954.1 hPa | Cedar | 21.3 mm | 6.7 m/s |
| 1005.9 hPa | Lakeside | 25.7 mm | 16.0 m/s |
| 1012.0 hPa | Brookfield | 76.7 mm | 29.1 m/s |
| 1015.6 hPa | Maple | 77.4 mm | 34.1 m/s |
| 1039.9 hPa | Fairview | 9.1 mm | 29.9 m/s |
| 972.0 hPa | Clearwater | 25.1 mm | 12.6 m/s |

Question: What Rainfall was recorded at station Brookfield?",76.7 mm,"{""headers"": [""Pressure"", ""Station"", ""Rainfall"", ""Wind speed""], ""rows"": [[""1006.9 hPa"", ""Orion"", ""70.6 mm"", ""0.8 m/s""], [""973.5 hPa"", ""Westhaven"", ""73.5 mm"", ""0.3 m/s""], [""1015.3 hPa"", ""Pinehurst"", ""68.2 mm"", ""8.1 m/s""], [""954.1 hPa"", ""Cedar"", ""21.3 mm"", ""6.7 m/s""], [""1005.9 hPa"", ""Lakeside"", ""25.7 mm"", ""16.0 m/s""], [""1012.0 hPa"", ""Brookfield"", ""76.7 mm"", ""29.1 m/s""], [""1015.6 hPa"", ""Maple"", ""77.4 mm"", ""34.1 m/s""], [""1039.9 hPa"", ""Fairview"", ""9.1 mm"", ""29.9 m/s""], [""972.0 hPa"", ""Clearwater"", ""25.1 mm"", ""12.6 m/s""]]}","{""row_index"": 5, ""column_index"": 2, ""row_identifier_column"": ""Station"", ""row_identifier_value"": ""Brookfield"", ""target_column"": ""Rainfall""}",lookup
A-L1-0022,1,sports,"In the table, what Wins do the Wolves have?","| Goals conceded | Wins | Losses | Possession | Team | Points |
| --- | --- | --- | --- | --- | --- |
| 14 | 27 | 21 | 35.6% | Hawks | 38 |
| 107 | 25 | 12 | 52.3% | Comets | 21 |
| 6 | 14 | 11 | 40.6% | Cyclones | 25 |
| 100 | 14 | 30 | 64.8% | Knights | 24 |
| 97 | 30 | 27 | 57.0% | Wolves | 60 |
| 91 | 18 | 12 | 60.0% | Bulls | 43 |","Answer the question using the table. Return only the requested value.

Table:
| Goals conceded | Wins | Losses | Possession | Team | Points |
| --- | --- | --- | --- | --- | --- |
| 14 | 27 | 21 | 35.6% | Hawks | 38 |
| 107 | 25 | 12 | 52.3% | Comets | 21 |
| 6 | 14 | 11 | 40.6% | Cyclones | 25 |
| 100 | 14 | 30 | 64.8% | Knights | 24 |
| 97 | 30 | 27 | 57.0% | Wolves | 60 |
| 91 | 18 | 12 | 60.0% | Bulls | 43 |

Question: In the table, what Wins do the Wolves have?",30,"{""headers"": [""Goals conceded"", ""Wins"", ""Losses"", ""Possession"", ""Team"", ""Points""], ""rows"": [[""14"", ""27"", ""21"", ""35.6%"", ""Hawks"", ""38""], [""107"", ""25"", ""12"", ""52.3%"", ""Comets"", ""21""], [""6"", ""14"", ""11"", ""40.6%"", ""Cyclones"", ""25""], [""100"", ""14"", ""30"", ""64.8%"", ""Knights"", ""24""], [""97"", ""30"", ""27"", ""57.0%"", ""Wolves"", ""60""], [""91"", ""18"", ""12"", ""60.0%"", ""Bulls"", ""43""]]}","{""row_index"": 4, ""column_index"": 1, ""row_identifier_column"": ""Team"", ""row_identifier_value"": ""Wolves"", ""target_column"": ""Wins""}",lookup
A-L1-0023,1,skydiving,"According to the table, what is the Heart rate for Mina?","| Heart rate | Elapsed time | Person | Air temperature | Air pressure | Altitude |
| --- | --- | --- | --- | --- | --- |
| 137 bpm | 24.1 s | Sofia | 16.2 °C | 85.9 kPa | 1554 m |
| 99 bpm | 58.6 s | Alex | 17.0 °C | 81.9 kPa | 9569 m |
| 109 bpm | 93.3 s | Theo | 11.8 °C | 38.9 kPa | 4671 m |
| 155 bpm | 57.8 s | Mina | -30.3 °C | 86.4 kPa | 6873 m |
| 127 bpm | 67.7 s | Ryan | -8.0 °C | 49.7 kPa | 11418 m |
| 158 bpm | 63.9 s | Sam | -6.2 °C | 78.1 kPa | 10682 m |
| 153 bpm | 94.0 s | Ethan | -32.1 °C | 24.0 kPa | 4335 m |
| 172 bpm | 29.8 s | Ava | 14.8 °C | 71.6 kPa | 1196 m |
| 93 bpm | 67.1 s | Emma | -17.0 °C | 95.1 kPa | 3717 m |","Answer the question using the table. Return only the requested value.

Table:
| Heart rate | Elapsed time | Person | Air temperature | Air pressure | Altitude |
| --- | --- | --- | --- | --- | --- |
| 137 bpm | 24.1 s | Sofia | 16.2 °C | 85.9 kPa | 1554 m |
| 99 bpm | 58.6 s | Alex | 17.0 °C | 81.9 kPa | 9569 m |
| 109 bpm | 93.3 s | Theo | 11.8 °C | 38.9 kPa | 4671 m |
| 155 bpm | 57.8 s | Mina | -30.3 °C | 86.4 kPa | 6873 m |
| 127 bpm | 67.7 s | Ryan | -8.0 °C | 49.7 kPa | 11418 m |
| 158 bpm | 63.9 s | Sam | -6.2 °C | 78.1 kPa | 10682 m |
| 153 bpm | 94.0 s | Ethan | -32.1 °C | 24.0 kPa | 4335 m |
| 172 bpm | 29.8 s | Ava | 14.8 °C | 71.6 kPa | 1196 m |
| 93 bpm | 67.1 s | Emma | -17.0 °C | 95.1 kPa | 3717 m |

Question: According to the table, what is the Heart rate for Mina?",155 bpm,"{""headers"": [""Heart rate"", ""Elapsed time"", ""Person"", ""Air temperature"", ""Air pressure"", ""Altitude""], ""rows"": [[""137 bpm"", ""24.1 s"", ""Sofia"", ""16.2 °C"", ""85.9 kPa"", ""1554 m""], [""99 bpm"", ""58.6 s"", ""Alex"", ""17.0 °C"", ""81.9 kPa"", ""9569 m""], [""109 bpm"", ""93.3 s"", ""Theo"", ""11.8 °C"", ""38.9 kPa"", ""4671 m""], [""155 bpm"", ""57.8 s"", ""Mina"", ""-30.3 °C"", ""86.4 kPa"", ""6873 m""], [""127 bpm"", ""67.7 s"", ""Ryan"", ""-8.0 °C"", ""49.7 kPa"", ""11418 m""], [""158 bpm"", ""63.9 s"", ""Sam"", ""-6.2 °C"", ""78.1 kPa"", ""10682 m""], [""153 bpm"", ""94.0 s"", ""Ethan"", ""-32.1 °C"", ""24.0 kPa"", ""4335 m""], [""172 bpm"", ""29.8 s"", ""Ava"", ""14.8 °C"", ""71.6 kPa"", ""1196 m""], [""93 bpm"", ""67.1 s"", ""Emma"", ""-17.0 °C"", ""95.1 kPa"", ""3717 m""]]}","{""row_index"": 3, ""column_index"": 0, ""row_identifier_column"": ""Person"", ""row_identifier_value"": ""Mina"", ""target_column"": ""Heart rate""}",lookup
A-L1-0024,1,skydiving,Find Lucas. What Elapsed time is listed?,"| Heart rate | Person | Air pressure | Falling speed | Elapsed time | Altitude | Air temperature |
| --- | --- | --- | --- | --- | --- | --- |
| 110 bpm | Alex | 30.1 kPa | 67.7 m/s | 58.8 s | 7232 m | -5.7 °C |
| 159 bpm | Julia | 44.1 kPa | 84.9 m/s | 43.4 s | 858 m | -4.5 °C |
| 104 bpm | Ava | 28.6 kPa | 79.0 m/s | 18.4 s | 5601 m | -0.1 °C |
| 163 bpm | Lucas | 90.2 kPa | 50.8 m/s | 42.2 s | 10453 m | -10.3 °C |
| 82 bpm | Sofia | 43.6 kPa | 72.6 m/s | 63.9 s | 5447 m | -13.2 °C |","Answer the question using the table. Return only the requested value.

Table:
| Heart rate | Person | Air pressure | Falling speed | Elapsed time | Altitude | Air temperature |
| --- | --- | --- | --- | --- | --- | --- |
| 110 bpm | Alex | 30.1 kPa | 67.7 m/s | 58.8 s | 7232 m | -5.7 °C |
| 159 bpm | Julia | 44.1 kPa | 84.9 m/s | 43.4 s | 858 m | -4.5 °C |
| 104 bpm | Ava | 28.6 kPa | 79.0 m/s | 18.4 s | 5601 m | -0.1 °C |
| 163 bpm | Lucas | 90.2 kPa | 50.8 m/s | 42.2 s | 10453 m | -10.3 °C |
| 82 bpm | Sofia | 43.6 kPa | 72.6 m/s | 63.9 s | 5447 m | -13.2 °C |

Question: Find Lucas. What Elapsed time is listed?",42.2 s,"{""headers"": [""Heart rate"", ""Person"", ""Air pressure"", ""Falling speed"", ""Elapsed time"", ""Altitude"", ""Air temperature""], ""rows"": [[""110 bpm"", ""Alex"", ""30.1 kPa"", ""67.7 m/s"", ""58.8 s"", ""7232 m"", ""-5.7 °C""], [""159 bpm"", ""Julia"", ""44.1 kPa"", ""84.9 m/s"", ""43.4 s"", ""858 m"", ""-4.5 °C""], [""104 bpm"", ""Ava"", ""28.6 kPa"", ""79.0 m/s"", ""18.4 s"", ""5601 m"", ""-0.1 °C""], [""163 bpm"", ""Lucas"", ""90.2 kPa"", ""50.8 m/s"", ""42.2 s"", ""10453 m"", ""-10.3 °C""], [""82 bpm"", ""Sofia"", ""43.6 kPa"", ""72.6 m/s"", ""63.9 s"", ""5447 m"", ""-13.2 °C""]]}","{""row_index"": 3, ""column_index"": 4, ""row_identifier_column"": ""Person"", ""row_identifier_value"": ""Lucas"", ""target_column"": ""Elapsed time""}",lookup
A-L1-0025,1,weather,"According to the weather table, what is the Humidity at Cedar?","| Wind speed | Humidity | Station | Visibility |
| --- | --- | --- | --- |
| 30.4 m/s | 75% | Westhaven | 22.6 km |
| 21.0 m/s | 44% | Hillcrest | 29.1 km |
| 19.7 m/s | 42% | Cedar | 17.8 km |
| 12.4 m/s | 70% | Clearwater | 4.1 km |","Answer the question using the table. Return only the requested value.

Table:
| Wind speed | Humidity | Station | Visibility |
| --- | --- | --- | --- |
| 30.4 m/s | 75% | Westhaven | 22.6 km |
| 21.0 m/s | 44% | Hillcrest | 29.1 km |
| 19.7 m/s | 42% | Cedar | 17.8 km |
| 12.4 m/s | 70% | Clearwater | 4.1 km |

Question: According to the weather table, what is the Humidity at Cedar?",42%,"{""headers"": [""Wind speed"", ""Humidity"", ""Station"", ""Visibility""], ""rows"": [[""30.4 m/s"", ""75%"", ""Westhaven"", ""22.6 km""], [""21.0 m/s"", ""44%"", ""Hillcrest"", ""29.1 km""], [""19.7 m/s"", ""42%"", ""Cedar"", ""17.8 km""], [""12.4 m/s"", ""70%"", ""Clearwater"", ""4.1 km""]]}","{""row_index"": 2, ""column_index"": 1, ""row_identifier_column"": ""Station"", ""row_identifier_value"": ""Cedar"", ""target_column"": ""Humidity""}",lookup
A-L1-0026,1,sports,What is the Goals conceded value for the Comets?,"| Goals conceded | Wins | Points | Team |
| --- | --- | --- | --- |
| 89 | 2 | 61 | Hawks |
| 94 | 29 | 49 | Sharks |
| 28 | 18 | 28 | Comets |
| 48 | 0 | 54 | Cyclones |","Answer the question using the table. Return only the requested value.

Table:
| Goals conceded | Wins | Points | Team |
| --- | --- | --- | --- |
| 89 | 2 | 61 | Hawks |
| 94 | 29 | 49 | Sharks |
| 28 | 18 | 28 | Comets |
| 48 | 0 | 54 | Cyclones |

Question: What is the Goals conceded value for the Comets?",28,"{""headers"": [""Goals conceded"", ""Wins"", ""Points"", ""Team""], ""rows"": [[""89"", ""2"", ""61"", ""Hawks""], [""94"", ""29"", ""49"", ""Sharks""], [""28"", ""18"", ""28"", ""Comets""], [""48"", ""0"", ""54"", ""Cyclones""]]}","{""row_index"": 2, ""column_index"": 0, ""row_identifier_column"": ""Team"", ""row_identifier_value"": ""Comets"", ""target_column"": ""Goals conceded""}",lookup
A-L1-0027,1,weather,"According to the weather table, what is the Rainfall at Brookfield?","| Humidity | Rainfall | Station | Temperature |
| --- | --- | --- | --- |
| 19% | 33.6 mm | Pinehurst | 20.4 °C |
| 52% | 23.2 mm | Maple | 10.7 °C |
| 26% | 21.7 mm | Oakridge | -3.8 °C |
| 71% | 41.4 mm | Lakeside | 0.0 °C |
| 16% | 25.6 mm | Hillcrest | 16.8 °C |
| 38% | 56.3 mm | Brookfield | 20.7 °C |
| 24% | 36.5 mm | Clearwater | 25.0 °C |","Answer the question using the table. Return only the requested value.

Table:
| Humidity | Rainfall | Station | Temperature |
| --- | --- | --- | --- |
| 19% | 33.6 mm | Pinehurst | 20.4 °C |
| 52% | 23.2 mm | Maple | 10.7 °C |
| 26% | 21.7 mm | Oakridge | -3.8 °C |
| 71% | 41.4 mm | Lakeside | 0.0 °C |
| 16% | 25.6 mm | Hillcrest | 16.8 °C |
| 38% | 56.3 mm | Brookfield | 20.7 °C |
| 24% | 36.5 mm | Clearwater | 25.0 °C |

Question: According to the weather table, what is the Rainfall at Brookfield?",56.3 mm,"{""headers"": [""Humidity"", ""Rainfall"", ""Station"", ""Temperature""], ""rows"": [[""19%"", ""33.6 mm"", ""Pinehurst"", ""20.4 °C""], [""52%"", ""23.2 mm"", ""Maple"", ""10.7 °C""], [""26%"", ""21.7 mm"", ""Oakridge"", ""-3.8 °C""], [""71%"", ""41.4 mm"", ""Lakeside"", ""0.0 °C""], [""16%"", ""25.6 mm"", ""Hillcrest"", ""16.8 °C""], [""38%"", ""56.3 mm"", ""Brookfield"", ""20.7 °C""], [""24%"", ""36.5 mm"", ""Clearwater"", ""25.0 °C""]]}","{""row_index"": 5, ""column_index"": 1, ""row_identifier_column"": ""Station"", ""row_identifier_value"": ""Brookfield"", ""target_column"": ""Rainfall""}",lookup
A-L1-0028,1,race,Find Lucas's row. What is the Tire temperature?,"| Position | Tire temperature | Lap time | Pit time | Driver | Top speed | Fuel remaining |
| --- | --- | --- | --- | --- | --- | --- |
| 4 | 65.7 °C | 121.23 s | 9.97 s | Jisoo | 275.5 km/h | 17.1 L |
| 10 | 108.0 °C | 89.38 s | 19.32 s | Alex | 200.7 km/h | 3.6 L |
| 13 | 99.3 °C | 105.05 s | 10.95 s | Iris | 336.7 km/h | 60.2 L |
| 5 | 131.9 °C | 84.84 s | 34.93 s | Lucas | 222.5 km/h | 13.4 L |
| 12 | 106.4 °C | 123.11 s | 14.61 s | Maya | 195.9 km/h | 67.9 L |","Answer the question using the table. Return only the requested value.

Table:
| Position | Tire temperature | Lap time | Pit time | Driver | Top speed | Fuel remaining |
| --- | --- | --- | --- | --- | --- | --- |
| 4 | 65.7 °C | 121.23 s | 9.97 s | Jisoo | 275.5 km/h | 17.1 L |
| 10 | 108.0 °C | 89.38 s | 19.32 s | Alex | 200.7 km/h | 3.6 L |
| 13 | 99.3 °C | 105.05 s | 10.95 s | Iris | 336.7 km/h | 60.2 L |
| 5 | 131.9 °C | 84.84 s | 34.93 s | Lucas | 222.5 km/h | 13.4 L |
| 12 | 106.4 °C | 123.11 s | 14.61 s | Maya | 195.9 km/h | 67.9 L |

Question: Find Lucas's row. What is the Tire temperature?",131.9 °C,"{""headers"": [""Position"", ""Tire temperature"", ""Lap time"", ""Pit time"", ""Driver"", ""Top speed"", ""Fuel remaining""], ""rows"": [[""4"", ""65.7 °C"", ""121.23 s"", ""9.97 s"", ""Jisoo"", ""275.5 km/h"", ""17.1 L""], [""10"", ""108.0 °C"", ""89.38 s"", ""19.32 s"", ""Alex"", ""200.7 km/h"", ""3.6 L""], [""13"", ""99.3 °C"", ""105.05 s"", ""10.95 s"", ""Iris"", ""336.7 km/h"", ""60.2 L""], [""5"", ""131.9 °C"", ""84.84 s"", ""34.93 s"", ""Lucas"", ""222.5 km/h"", ""13.4 L""], [""12"", ""106.4 °C"", ""123.11 s"", ""14.61 s"", ""Maya"", ""195.9 km/h"", ""67.9 L""]]}","{""row_index"": 3, ""column_index"": 1, ""row_identifier_column"": ""Driver"", ""row_identifier_value"": ""Lucas"", ""target_column"": ""Tire temperature""}",lookup
A-L1-0029,1,lab,Look at Sample-K. What is its recorded Mass?,"| pH | Mass | Sample | Volume | Conductivity | Density | Temperature |
| --- | --- | --- | --- | --- | --- | --- |
| 7.05 | 220.8 g | Sample-I | 131.2 mL | 6.27 mS/cm | 2.03 g/mL | 20.5 °C |
| 5.10 | 40.2 g | Sample-H | 216.2 mL | 1.52 mS/cm | 3.41 g/mL | 45.7 °C |
| 3.59 | 170.5 g | Sample-B | 149.9 mL | 7.14 mS/cm | 1.93 g/mL | 38.6 °C |
| 10.55 | 278.0 g | Sample-K | 198.2 mL | 12.73 mS/cm | 2.12 g/mL | 60.4 °C |
| 3.51 | 173.0 g | Sample-F | 178.9 mL | 2.68 mS/cm | 3.65 g/mL | 10.6 °C |
| 9.89 | 339.8 g | Sample-D | 71.8 mL | 1.74 mS/cm | 0.83 g/mL | 63.3 °C |
| 9.24 | 168.0 g | Sample-A | 146.1 mL | 22.67 mS/cm | 3.56 g/mL | 64.1 °C |
| 10.96 | 162.1 g | Sample-J | 119.4 mL | 20.26 mS/cm | 2.78 g/mL | 45.5 °C |","Answer the question using the table. Return only the requested value.

Table:
| pH | Mass | Sample | Volume | Conductivity | Density | Temperature |
| --- | --- | --- | --- | --- | --- | --- |
| 7.05 | 220.8 g | Sample-I | 131.2 mL | 6.27 mS/cm | 2.03 g/mL | 20.5 °C |
| 5.10 | 40.2 g | Sample-H | 216.2 mL | 1.52 mS/cm | 3.41 g/mL | 45.7 °C |
| 3.59 | 170.5 g | Sample-B | 149.9 mL | 7.14 mS/cm | 1.93 g/mL | 38.6 °C |
| 10.55 | 278.0 g | Sample-K | 198.2 mL | 12.73 mS/cm | 2.12 g/mL | 60.4 °C |
| 3.51 | 173.0 g | Sample-F | 178.9 mL | 2.68 mS/cm | 3.65 g/mL | 10.6 °C |
| 9.89 | 339.8 g | Sample-D | 71.8 mL | 1.74 mS/cm | 0.83 g/mL | 63.3 °C |
| 9.24 | 168.0 g | Sample-A | 146.1 mL | 22.67 mS/cm | 3.56 g/mL | 64.1 °C |
| 10.96 | 162.1 g | Sample-J | 119.4 mL | 20.26 mS/cm | 2.78 g/mL | 45.5 °C |

Question: Look at Sample-K. What is its recorded Mass?",278.0 g,"{""headers"": [""pH"", ""Mass"", ""Sample"", ""Volume"", ""Conductivity"", ""Density"", ""Temperature""], ""rows"": [[""7.05"", ""220.8 g"", ""Sample-I"", ""131.2 mL"", ""6.27 mS/cm"", ""2.03 g/mL"", ""20.5 °C""], [""5.10"", ""40.2 g"", ""Sample-H"", ""216.2 mL"", ""1.52 mS/cm"", ""3.41 g/mL"", ""45.7 °C""], [""3.59"", ""170.5 g"", ""Sample-B"", ""149.9 mL"", ""7.14 mS/cm"", ""1.93 g/mL"", ""38.6 °C""], [""10.55"", ""278.0 g"", ""Sample-K"", ""198.2 mL"", ""12.73 mS/cm"", ""2.12 g/mL"", ""60.4 °C""], [""3.51"", ""173.0 g"", ""Sample-F"", ""178.9 mL"", ""2.68 mS/cm"", ""3.65 g/mL"", ""10.6 °C""], [""9.89"", ""339.8 g"", ""Sample-D"", ""71.8 mL"", ""1.74 mS/cm"", ""0.83 g/mL"", ""63.3 °C""], [""9.24"", ""168.0 g"", ""Sample-A"", ""146.1 mL"", ""22.67 mS/cm"", ""3.56 g/mL"", ""64.1 °C""], [""10.96"", ""162.1 g"", ""Sample-J"", ""119.4 mL"", ""20.26 mS/cm"", ""2.78 g/mL"", ""45.5 °C""]]}","{""row_index"": 3, ""column_index"": 1, ""row_identifier_column"": ""Sample"", ""row_identifier_value"": ""Sample-K"", ""target_column"": ""Mass""}",lookup
A-L1-0030,1,race,"According to the race table, what is David's Tire temperature?","| Tire temperature | Driver | Lap time | Top speed | Position | Fuel remaining |
| --- | --- | --- | --- | --- | --- |
| 72.2 °C | David | 123.77 s | 329.6 km/h | 20 | 14.9 L |
| 123.3 °C | Alex | 125.99 s | 198.2 km/h | 18 | 70.9 L |
| 133.8 °C | Noah | 121.14 s | 263.1 km/h | 10 | 41.2 L |
| 116.4 °C | Emma | 100.39 s | 321.1 km/h | 8 | 26.1 L |
| 120.6 °C | Hana | 86.27 s | 264.4 km/h | 7 | 75.9 L |
| 62.8 °C | Jisoo | 66.14 s | 240.6 km/h | 20 | 31.4 L |
| 92.8 °C | Sam | 137.42 s | 254.0 km/h | 8 | 49.6 L |","Answer the question using the table. Return only the requested value.

Table:
| Tire temperature | Driver | Lap time | Top speed | Position | Fuel remaining |
| --- | --- | --- | --- | --- | --- |
| 72.2 °C | David | 123.77 s | 329.6 km/h | 20 | 14.9 L |
| 123.3 °C | Alex | 125.99 s | 198.2 km/h | 18 | 70.9 L |
| 133.8 °C | Noah | 121.14 s | 263.1 km/h | 10 | 41.2 L |
| 116.4 °C | Emma | 100.39 s | 321.1 km/h | 8 | 26.1 L |
| 120.6 °C | Hana | 86.27 s | 264.4 km/h | 7 | 75.9 L |
| 62.8 °C | Jisoo | 66.14 s | 240.6 km/h | 20 | 31.4 L |
| 92.8 °C | Sam | 137.42 s | 254.0 km/h | 8 | 49.6 L |

Question: According to the race table, what is David's Tire temperature?",72.2 °C,"{""headers"": [""Tire temperature"", ""Driver"", ""Lap time"", ""Top speed"", ""Position"", ""Fuel remaining""], ""rows"": [[""72.2 °C"", ""David"", ""123.77 s"", ""329.6 km/h"", ""20"", ""14.9 L""], [""123.3 °C"", ""Alex"", ""125.99 s"", ""198.2 km/h"", ""18"", ""70.9 L""], [""133.8 °C"", ""Noah"", ""121.14 s"", ""263.1 km/h"", ""10"", ""41.2 L""], [""116.4 °C"", ""Emma"", ""100.39 s"", ""321.1 km/h"", ""8"", ""26.1 L""], [""120.6 °C"", ""Hana"", ""86.27 s"", ""264.4 km/h"", ""7"", ""75.9 L""], [""62.8 °C"", ""Jisoo"", ""66.14 s"", ""240.6 km/h"", ""20"", ""31.4 L""], [""92.8 °C"", ""Sam"", ""137.42 s"", ""254.0 km/h"", ""8"", ""49.6 L""]]}","{""row_index"": 0, ""column_index"": 0, ""row_identifier_column"": ""Driver"", ""row_identifier_value"": ""David"", ""target_column"": ""Tire temperature""}",lookup
A-L1-0031,1,lab,Look at Sample-E. What is its recorded pH?,"| Temperature | Density | pH | Mass | Sample | Volume | Conductivity |
| --- | --- | --- | --- | --- | --- | --- |
| 47.2 °C | 2.65 g/mL | 10.31 | 379.9 g | Sample-C | 118.6 mL | 22.94 mS/cm |
| 18.1 °C | 0.63 g/mL | 9.15 | 169.0 g | Sample-B | 25.7 mL | 8.04 mS/cm |
| 12.3 °C | 1.29 g/mL | 5.74 | 194.3 g | Sample-E | 99.7 mL | 10.43 mS/cm |
| 89.6 °C | 2.63 g/mL | 4.16 | 76.5 g | Sample-L | 5.7 mL | 22.66 mS/cm |","Answer the question using the table. Return only the requested value.

Table:
| Temperature | Density | pH | Mass | Sample | Volume | Conductivity |
| --- | --- | --- | --- | --- | --- | --- |
| 47.2 °C | 2.65 g/mL | 10.31 | 379.9 g | Sample-C | 118.6 mL | 22.94 mS/cm |
| 18.1 °C | 0.63 g/mL | 9.15 | 169.0 g | Sample-B | 25.7 mL | 8.04 mS/cm |
| 12.3 °C | 1.29 g/mL | 5.74 | 194.3 g | Sample-E | 99.7 mL | 10.43 mS/cm |
| 89.6 °C | 2.63 g/mL | 4.16 | 76.5 g | Sample-L | 5.7 mL | 22.66 mS/cm |

Question: Look at Sample-E. What is its recorded pH?",5.74,"{""headers"": [""Temperature"", ""Density"", ""pH"", ""Mass"", ""Sample"", ""Volume"", ""Conductivity""], ""rows"": [[""47.2 °C"", ""2.65 g/mL"", ""10.31"", ""379.9 g"", ""Sample-C"", ""118.6 mL"", ""22.94 mS/cm""], [""18.1 °C"", ""0.63 g/mL"", ""9.15"", ""169.0 g"", ""Sample-B"", ""25.7 mL"", ""8.04 mS/cm""], [""12.3 °C"", ""1.29 g/mL"", ""5.74"", ""194.3 g"", ""Sample-E"", ""99.7 mL"", ""10.43 mS/cm""], [""89.6 °C"", ""2.63 g/mL"", ""4.16"", ""76.5 g"", ""Sample-L"", ""5.7 mL"", ""22.66 mS/cm""]]}","{""row_index"": 2, ""column_index"": 2, ""row_identifier_column"": ""Sample"", ""row_identifier_value"": ""Sample-E"", ""target_column"": ""pH""}",lookup
A-L1-0032,1,lab,What is the Density of Sample-A?,"| Volume | Conductivity | Density | Sample | Temperature |
| --- | --- | --- | --- | --- |
| 17.8 mL | 16.46 mS/cm | 1.75 g/mL | Sample-A | 26.7 °C |
| 127.4 mL | 21.85 mS/cm | 3.25 g/mL | Sample-H | 6.8 °C |
| 143.1 mL | 16.74 mS/cm | 1.73 g/mL | Sample-B | 21.9 °C |
| 90.8 mL | 13.65 mS/cm | 2.33 g/mL | Sample-L | 90.8 °C |
| 85.3 mL | 20.78 mS/cm | 1.73 g/mL | Sample-E | 62.9 °C |
| 97.3 mL | 18.71 mS/cm | 0.65 g/mL | Sample-I | 38.6 °C |
| 145.9 mL | 3.42 mS/cm | 0.86 g/mL | Sample-F | 73.1 °C |","Answer the question using the table. Return only the requested value.

Table:
| Volume | Conductivity | Density | Sample | Temperature |
| --- | --- | --- | --- | --- |
| 17.8 mL | 16.46 mS/cm | 1.75 g/mL | Sample-A | 26.7 °C |
| 127.4 mL | 21.85 mS/cm | 3.25 g/mL | Sample-H | 6.8 °C |
| 143.1 mL | 16.74 mS/cm | 1.73 g/mL | Sample-B | 21.9 °C |
| 90.8 mL | 13.65 mS/cm | 2.33 g/mL | Sample-L | 90.8 °C |
| 85.3 mL | 20.78 mS/cm | 1.73 g/mL | Sample-E | 62.9 °C |
| 97.3 mL | 18.71 mS/cm | 0.65 g/mL | Sample-I | 38.6 °C |
| 145.9 mL | 3.42 mS/cm | 0.86 g/mL | Sample-F | 73.1 °C |

Question: What is the Density of Sample-A?",1.75 g/mL,"{""headers"": [""Volume"", ""Conductivity"", ""Density"", ""Sample"", ""Temperature""], ""rows"": [[""17.8 mL"", ""16.46 mS/cm"", ""1.75 g/mL"", ""Sample-A"", ""26.7 °C""], [""127.4 mL"", ""21.85 mS/cm"", ""3.25 g/mL"", ""Sample-H"", ""6.8 °C""], [""143.1 mL"", ""16.74 mS/cm"", ""1.73 g/mL"", ""Sample-B"", ""21.9 °C""], [""90.8 mL"", ""13.65 mS/cm"", ""2.33 g/mL"", ""Sample-L"", ""90.8 °C""], [""85.3 mL"", ""20.78 mS/cm"", ""1.73 g/mL"", ""Sample-E"", ""62.9 °C""], [""97.3 mL"", ""18.71 mS/cm"", ""0.65 g/mL"", ""Sample-I"", ""38.6 °C""], [""145.9 mL"", ""3.42 mS/cm"", ""0.86 g/mL"", ""Sample-F"", ""73.1 °C""]]}","{""row_index"": 0, ""column_index"": 2, ""row_identifier_column"": ""Sample"", ""row_identifier_value"": ""Sample-A"", ""target_column"": ""Density""}",lookup
A-L1-0033,1,ml_experiments,What Latency is reported for model Sigma?,"| F1 score | Latency | Recall | Precision | Accuracy | Memory | Model |
| --- | --- | --- | --- | --- | --- | --- |
| 69.6% | 172.3 ms | 63.4% | 74.2% | 91.2% | 7.3 GB | Nimbus |
| 98.8% | 55.7 ms | 54.0% | 73.9% | 76.6% | 3.3 GB | Sigma |
| 68.0% | 50.9 ms | 66.6% | 85.5% | 67.3% | 12.9 GB | Pulse |
| 71.8% | 33.3 ms | 55.0% | 68.0% | 72.8% | 11.6 GB | Quartz |","Answer the question using the table. Return only the requested value.

Table:
| F1 score | Latency | Recall | Precision | Accuracy | Memory | Model |
| --- | --- | --- | --- | --- | --- | --- |
| 69.6% | 172.3 ms | 63.4% | 74.2% | 91.2% | 7.3 GB | Nimbus |
| 98.8% | 55.7 ms | 54.0% | 73.9% | 76.6% | 3.3 GB | Sigma |
| 68.0% | 50.9 ms | 66.6% | 85.5% | 67.3% | 12.9 GB | Pulse |
| 71.8% | 33.3 ms | 55.0% | 68.0% | 72.8% | 11.6 GB | Quartz |

Question: What Latency is reported for model Sigma?",55.7 ms,"{""headers"": [""F1 score"", ""Latency"", ""Recall"", ""Precision"", ""Accuracy"", ""Memory"", ""Model""], ""rows"": [[""69.6%"", ""172.3 ms"", ""63.4%"", ""74.2%"", ""91.2%"", ""7.3 GB"", ""Nimbus""], [""98.8%"", ""55.7 ms"", ""54.0%"", ""73.9%"", ""76.6%"", ""3.3 GB"", ""Sigma""], [""68.0%"", ""50.9 ms"", ""66.6%"", ""85.5%"", ""67.3%"", ""12.9 GB"", ""Pulse""], [""71.8%"", ""33.3 ms"", ""55.0%"", ""68.0%"", ""72.8%"", ""11.6 GB"", ""Quartz""]]}","{""row_index"": 1, ""column_index"": 1, ""row_identifier_column"": ""Model"", ""row_identifier_value"": ""Sigma"", ""target_column"": ""Latency""}",lookup
A-L1-0034,1,race,Find Daniel's row. What is the Fuel remaining?,"| Position | Top speed | Fuel remaining | Driver |
| --- | --- | --- | --- |
| 17 | 184.7 km/h | 16.5 L | David |
| 19 | 247.0 km/h | 61.5 L | Jisoo |
| 7 | 319.5 km/h | 56.9 L | Ryan |
| 3 | 216.0 km/h | 12.6 L | Chris |
| 12 | 288.9 km/h | 55.0 L | Daniel |
| 4 | 296.9 km/h | 21.5 L | Hana |
| 9 | 249.7 km/h | 45.8 L | Ethan |
| 11 | 204.8 km/h | 30.6 L | Alex |
| 16 | 359.3 km/h | 24.3 L | Mina |","Answer the question using the table. Return only the requested value.

Table:
| Position | Top speed | Fuel remaining | Driver |
| --- | --- | --- | --- |
| 17 | 184.7 km/h | 16.5 L | David |
| 19 | 247.0 km/h | 61.5 L | Jisoo |
| 7 | 319.5 km/h | 56.9 L | Ryan |
| 3 | 216.0 km/h | 12.6 L | Chris |
| 12 | 288.9 km/h | 55.0 L | Daniel |
| 4 | 296.9 km/h | 21.5 L | Hana |
| 9 | 249.7 km/h | 45.8 L | Ethan |
| 11 | 204.8 km/h | 30.6 L | Alex |
| 16 | 359.3 km/h | 24.3 L | Mina |

Question: Find Daniel's row. What is the Fuel remaining?",55.0 L,"{""headers"": [""Position"", ""Top speed"", ""Fuel remaining"", ""Driver""], ""rows"": [[""17"", ""184.7 km/h"", ""16.5 L"", ""David""], [""19"", ""247.0 km/h"", ""61.5 L"", ""Jisoo""], [""7"", ""319.5 km/h"", ""56.9 L"", ""Ryan""], [""3"", ""216.0 km/h"", ""12.6 L"", ""Chris""], [""12"", ""288.9 km/h"", ""55.0 L"", ""Daniel""], [""4"", ""296.9 km/h"", ""21.5 L"", ""Hana""], [""9"", ""249.7 km/h"", ""45.8 L"", ""Ethan""], [""11"", ""204.8 km/h"", ""30.6 L"", ""Alex""], [""16"", ""359.3 km/h"", ""24.3 L"", ""Mina""]]}","{""row_index"": 4, ""column_index"": 2, ""row_identifier_column"": ""Driver"", ""row_identifier_value"": ""Daniel"", ""target_column"": ""Fuel remaining""}",lookup
A-L1-0035,1,ml_experiments,Look up model Vertex. What is its Accuracy?,"| F1 score | Accuracy | Memory | Precision | Model | Latency | Recall |
| --- | --- | --- | --- | --- | --- | --- |
| 78.2% | 75.5% | 6.8 GB | 73.1% | Zenith | 88.2 ms | 85.1% |
| 87.8% | 96.0% | 15.2 GB | 58.6% | Sigma | 156.0 ms | 52.0% |
| 66.5% | 83.1% | 14.5 GB | 82.5% | Nova | 34.1 ms | 78.5% |
| 56.3% | 64.9% | 8.5 GB | 75.5% | Delta | 17.1 ms | 65.5% |
| 95.8% | 93.9% | 3.0 GB | 68.4% | Nimbus | 95.2 ms | 90.7% |
| 74.6% | 92.3% | 2.5 GB | 88.8% | Helix | 107.5 ms | 77.0% |
| 81.4% | 97.3% | 1.9 GB | 82.0% | Atlas | 114.0 ms | 63.4% |
| 59.6% | 68.8% | 1.7 GB | 67.5% | Vertex | 95.3 ms | 96.4% |
| 93.6% | 70.3% | 1.0 GB | 82.2% | Pulse | 104.7 ms | 60.3% |","Answer the question using the table. Return only the requested value.

Table:
| F1 score | Accuracy | Memory | Precision | Model | Latency | Recall |
| --- | --- | --- | --- | --- | --- | --- |
| 78.2% | 75.5% | 6.8 GB | 73.1% | Zenith | 88.2 ms | 85.1% |
| 87.8% | 96.0% | 15.2 GB | 58.6% | Sigma | 156.0 ms | 52.0% |
| 66.5% | 83.1% | 14.5 GB | 82.5% | Nova | 34.1 ms | 78.5% |
| 56.3% | 64.9% | 8.5 GB | 75.5% | Delta | 17.1 ms | 65.5% |
| 95.8% | 93.9% | 3.0 GB | 68.4% | Nimbus | 95.2 ms | 90.7% |
| 74.6% | 92.3% | 2.5 GB | 88.8% | Helix | 107.5 ms | 77.0% |
| 81.4% | 97.3% | 1.9 GB | 82.0% | Atlas | 114.0 ms | 63.4% |
| 59.6% | 68.8% | 1.7 GB | 67.5% | Vertex | 95.3 ms | 96.4% |
| 93.6% | 70.3% | 1.0 GB | 82.2% | Pulse | 104.7 ms | 60.3% |

Question: Look up model Vertex. What is its Accuracy?",68.8%,"{""headers"": [""F1 score"", ""Accuracy"", ""Memory"", ""Precision"", ""Model"", ""Latency"", ""Recall""], ""rows"": [[""78.2%"", ""75.5%"", ""6.8 GB"", ""73.1%"", ""Zenith"", ""88.2 ms"", ""85.1%""], [""87.8%"", ""96.0%"", ""15.2 GB"", ""58.6%"", ""Sigma"", ""156.0 ms"", ""52.0%""], [""66.5%"", ""83.1%"", ""14.5 GB"", ""82.5%"", ""Nova"", ""34.1 ms"", ""78.5%""], [""56.3%"", ""64.9%"", ""8.5 GB"", ""75.5%"", ""Delta"", ""17.1 ms"", ""65.5%""], [""95.8%"", ""93.9%"", ""3.0 GB"", ""68.4%"", ""Nimbus"", ""95.2 ms"", ""90.7%""], [""74.6%"", ""92.3%"", ""2.5 GB"", ""88.8%"", ""Helix"", ""107.5 ms"", ""77.0%""], [""81.4%"", ""97.3%"", ""1.9 GB"", ""82.0%"", ""Atlas"", ""114.0 ms"", ""63.4%""], [""59.6%"", ""68.8%"", ""1.7 GB"", ""67.5%"", ""Vertex"", ""95.3 ms"", ""96.4%""], [""93.6%"", ""70.3%"", ""1.0 GB"", ""82.2%"", ""Pulse"", ""104.7 ms"", ""60.3%""]]}","{""row_index"": 7, ""column_index"": 1, ""row_identifier_column"": ""Model"", ""row_identifier_value"": ""Vertex"", ""target_column"": ""Accuracy""}",lookup
A-L1-0036,1,weather,What Humidity was recorded at station Westhaven?,"| Station | Wind speed | Pressure | Visibility | Humidity | Temperature |
| --- | --- | --- | --- | --- | --- |
| Westhaven | 13.8 m/s | 980.3 hPa | 3.2 km | 63% | -2.2 °C |
| Hillcrest | 9.8 m/s | 995.7 hPa | 1.9 km | 71% | 29.7 °C |
| Brookfield | 33.1 m/s | 1025.1 hPa | 2.0 km | 95% | 7.2 °C |
| Riverton | 8.5 m/s | 943.5 hPa | 3.6 km | 27% | 8.8 °C |
| Fairview | 0.3 m/s | 941.8 hPa | 8.9 km | 37% | -7.9 °C |
| Maple | 34.9 m/s | 981.3 hPa | 5.2 km | 56% | 31.6 °C |
| Pinehurst | 28.5 m/s | 1032.7 hPa | 27.1 km | 31% | 23.2 °C |","Answer the question using the table. Return only the requested value.

Table:
| Station | Wind speed | Pressure | Visibility | Humidity | Temperature |
| --- | --- | --- | --- | --- | --- |
| Westhaven | 13.8 m/s | 980.3 hPa | 3.2 km | 63% | -2.2 °C |
| Hillcrest | 9.8 m/s | 995.7 hPa | 1.9 km | 71% | 29.7 °C |
| Brookfield | 33.1 m/s | 1025.1 hPa | 2.0 km | 95% | 7.2 °C |
| Riverton | 8.5 m/s | 943.5 hPa | 3.6 km | 27% | 8.8 °C |
| Fairview | 0.3 m/s | 941.8 hPa | 8.9 km | 37% | -7.9 °C |
| Maple | 34.9 m/s | 981.3 hPa | 5.2 km | 56% | 31.6 °C |
| Pinehurst | 28.5 m/s | 1032.7 hPa | 27.1 km | 31% | 23.2 °C |

Question: What Humidity was recorded at station Westhaven?",63%,"{""headers"": [""Station"", ""Wind speed"", ""Pressure"", ""Visibility"", ""Humidity"", ""Temperature""], ""rows"": [[""Westhaven"", ""13.8 m/s"", ""980.3 hPa"", ""3.2 km"", ""63%"", ""-2.2 °C""], [""Hillcrest"", ""9.8 m/s"", ""995.7 hPa"", ""1.9 km"", ""71%"", ""29.7 °C""], [""Brookfield"", ""33.1 m/s"", ""1025.1 hPa"", ""2.0 km"", ""95%"", ""7.2 °C""], [""Riverton"", ""8.5 m/s"", ""943.5 hPa"", ""3.6 km"", ""27%"", ""8.8 °C""], [""Fairview"", ""0.3 m/s"", ""941.8 hPa"", ""8.9 km"", ""37%"", ""-7.9 °C""], [""Maple"", ""34.9 m/s"", ""981.3 hPa"", ""5.2 km"", ""56%"", ""31.6 °C""], [""Pinehurst"", ""28.5 m/s"", ""1032.7 hPa"", ""27.1 km"", ""31%"", ""23.2 °C""]]}","{""row_index"": 0, ""column_index"": 4, ""row_identifier_column"": ""Station"", ""row_identifier_value"": ""Westhaven"", ""target_column"": ""Humidity""}",lookup
A-L1-0037,1,weather,Find station Fairview. What is its Pressure?,"| Pressure | Station | Temperature | Rainfall | Humidity | Wind speed |
| --- | --- | --- | --- | --- | --- |
| 1021.1 hPa | Lakeside | 2.8 °C | 84.2 mm | 40% | 25.9 m/s |
| 970.5 hPa | Cedar | 28.2 °C | 45.2 mm | 40% | 24.8 m/s |
| 948.8 hPa | Riverton | 15.9 °C | 66.0 mm | 75% | 20.2 m/s |
| 947.9 hPa | Oakridge | 17.5 °C | 51.5 mm | 42% | 18.0 m/s |
| 1004.9 hPa | Clearwater | -7.2 °C | 53.5 mm | 85% | 21.7 m/s |
| 1016.1 hPa | Orion | 36.3 °C | 58.5 mm | 54% | 0.9 m/s |
| 1009.8 hPa | Maple | 27.2 °C | 57.3 mm | 63% | 34.3 m/s |
| 980.3 hPa | Fairview | 10.1 °C | 3.9 mm | 43% | 4.8 m/s |","Answer the question using the table. Return only the requested value.

Table:
| Pressure | Station | Temperature | Rainfall | Humidity | Wind speed |
| --- | --- | --- | --- | --- | --- |
| 1021.1 hPa | Lakeside | 2.8 °C | 84.2 mm | 40% | 25.9 m/s |
| 970.5 hPa | Cedar | 28.2 °C | 45.2 mm | 40% | 24.8 m/s |
| 948.8 hPa | Riverton | 15.9 °C | 66.0 mm | 75% | 20.2 m/s |
| 947.9 hPa | Oakridge | 17.5 °C | 51.5 mm | 42% | 18.0 m/s |
| 1004.9 hPa | Clearwater | -7.2 °C | 53.5 mm | 85% | 21.7 m/s |
| 1016.1 hPa | Orion | 36.3 °C | 58.5 mm | 54% | 0.9 m/s |
| 1009.8 hPa | Maple | 27.2 °C | 57.3 mm | 63% | 34.3 m/s |
| 980.3 hPa | Fairview | 10.1 °C | 3.9 mm | 43% | 4.8 m/s |

Question: Find station Fairview. What is its Pressure?",980.3 hPa,"{""headers"": [""Pressure"", ""Station"", ""Temperature"", ""Rainfall"", ""Humidity"", ""Wind speed""], ""rows"": [[""1021.1 hPa"", ""Lakeside"", ""2.8 °C"", ""84.2 mm"", ""40%"", ""25.9 m/s""], [""970.5 hPa"", ""Cedar"", ""28.2 °C"", ""45.2 mm"", ""40%"", ""24.8 m/s""], [""948.8 hPa"", ""Riverton"", ""15.9 °C"", ""66.0 mm"", ""75%"", ""20.2 m/s""], [""947.9 hPa"", ""Oakridge"", ""17.5 °C"", ""51.5 mm"", ""42%"", ""18.0 m/s""], [""1004.9 hPa"", ""Clearwater"", ""-7.2 °C"", ""53.5 mm"", ""85%"", ""21.7 m/s""], [""1016.1 hPa"", ""Orion"", ""36.3 °C"", ""58.5 mm"", ""54%"", ""0.9 m/s""], [""1009.8 hPa"", ""Maple"", ""27.2 °C"", ""57.3 mm"", ""63%"", ""34.3 m/s""], [""980.3 hPa"", ""Fairview"", ""10.1 °C"", ""3.9 mm"", ""43%"", ""4.8 m/s""]]}","{""row_index"": 7, ""column_index"": 0, ""row_identifier_column"": ""Station"", ""row_identifier_value"": ""Fairview"", ""target_column"": ""Pressure""}",lookup
A-L1-0038,1,lab,Look at Sample-D. What is its recorded Mass?,"| Temperature | pH | Mass | Density | Sample | Conductivity | Volume |
| --- | --- | --- | --- | --- | --- | --- |
| 59.9 °C | 4.47 | 486.5 g | 2.45 g/mL | Sample-H | 5.70 mS/cm | 48.9 mL |
| 89.0 °C | 4.73 | 191.1 g | 0.93 g/mL | Sample-C | 16.95 mS/cm | 199.1 mL |
| 69.3 °C | 6.42 | 102.6 g | 1.40 g/mL | Sample-D | 12.03 mS/cm | 87.2 mL |
| 31.8 °C | 4.07 | 175.7 g | 2.97 g/mL | Sample-A | 7.99 mS/cm | 73.0 mL |
| 69.6 °C | 9.71 | 464.7 g | 0.52 g/mL | Sample-L | 13.80 mS/cm | 26.0 mL |
| 93.2 °C | 11.55 | 145.2 g | 3.32 g/mL | Sample-I | 7.33 mS/cm | 204.8 mL |
| 53.5 °C | 8.96 | 294.2 g | 0.98 g/mL | Sample-E | 15.43 mS/cm | 233.3 mL |
| 26.8 °C | 7.31 | 207.8 g | 2.73 g/mL | Sample-J | 1.41 mS/cm | 167.8 mL |","Answer the question using the table. Return only the requested value.

Table:
| Temperature | pH | Mass | Density | Sample | Conductivity | Volume |
| --- | --- | --- | --- | --- | --- | --- |
| 59.9 °C | 4.47 | 486.5 g | 2.45 g/mL | Sample-H | 5.70 mS/cm | 48.9 mL |
| 89.0 °C | 4.73 | 191.1 g | 0.93 g/mL | Sample-C | 16.95 mS/cm | 199.1 mL |
| 69.3 °C | 6.42 | 102.6 g | 1.40 g/mL | Sample-D | 12.03 mS/cm | 87.2 mL |
| 31.8 °C | 4.07 | 175.7 g | 2.97 g/mL | Sample-A | 7.99 mS/cm | 73.0 mL |
| 69.6 °C | 9.71 | 464.7 g | 0.52 g/mL | Sample-L | 13.80 mS/cm | 26.0 mL |
| 93.2 °C | 11.55 | 145.2 g | 3.32 g/mL | Sample-I | 7.33 mS/cm | 204.8 mL |
| 53.5 °C | 8.96 | 294.2 g | 0.98 g/mL | Sample-E | 15.43 mS/cm | 233.3 mL |
| 26.8 °C | 7.31 | 207.8 g | 2.73 g/mL | Sample-J | 1.41 mS/cm | 167.8 mL |

Question: Look at Sample-D. What is its recorded Mass?",102.6 g,"{""headers"": [""Temperature"", ""pH"", ""Mass"", ""Density"", ""Sample"", ""Conductivity"", ""Volume""], ""rows"": [[""59.9 °C"", ""4.47"", ""486.5 g"", ""2.45 g/mL"", ""Sample-H"", ""5.70 mS/cm"", ""48.9 mL""], [""89.0 °C"", ""4.73"", ""191.1 g"", ""0.93 g/mL"", ""Sample-C"", ""16.95 mS/cm"", ""199.1 mL""], [""69.3 °C"", ""6.42"", ""102.6 g"", ""1.40 g/mL"", ""Sample-D"", ""12.03 mS/cm"", ""87.2 mL""], [""31.8 °C"", ""4.07"", ""175.7 g"", ""2.97 g/mL"", ""Sample-A"", ""7.99 mS/cm"", ""73.0 mL""], [""69.6 °C"", ""9.71"", ""464.7 g"", ""0.52 g/mL"", ""Sample-L"", ""13.80 mS/cm"", ""26.0 mL""], [""93.2 °C"", ""11.55"", ""145.2 g"", ""3.32 g/mL"", ""Sample-I"", ""7.33 mS/cm"", ""204.8 mL""], [""53.5 °C"", ""8.96"", ""294.2 g"", ""0.98 g/mL"", ""Sample-E"", ""15.43 mS/cm"", ""233.3 mL""], [""26.8 °C"", ""7.31"", ""207.8 g"", ""2.73 g/mL"", ""Sample-J"", ""1.41 mS/cm"", ""167.8 mL""]]}","{""row_index"": 2, ""column_index"": 2, ""row_identifier_column"": ""Sample"", ""row_identifier_value"": ""Sample-D"", ""target_column"": ""Mass""}",lookup
A-L1-0039,1,race,"According to the race table, what is Julia's Fuel remaining?","| Pit time | Fuel remaining | Lap time | Driver |
| --- | --- | --- | --- |
| 42.11 s | 39.2 L | 138.44 s | Emma |
| 4.29 s | 33.3 L | 82.87 s | Theo |
| 27.49 s | 17.1 L | 112.32 s | Daniel |
| 14.88 s | 65.1 L | 78.19 s | Ava |
| 19.25 s | 33.6 L | 109.29 s | Nora |
| 22.69 s | 12.5 L | 130.59 s | Hana |
| 32.34 s | 52.6 L | 117.15 s | Sam |
| 13.28 s | 28.3 L | 56.20 s | Julia |
| 23.59 s | 52.0 L | 93.62 s | Mina |","Answer the question using the table. Return only the requested value.

Table:
| Pit time | Fuel remaining | Lap time | Driver |
| --- | --- | --- | --- |
| 42.11 s | 39.2 L | 138.44 s | Emma |
| 4.29 s | 33.3 L | 82.87 s | Theo |
| 27.49 s | 17.1 L | 112.32 s | Daniel |
| 14.88 s | 65.1 L | 78.19 s | Ava |
| 19.25 s | 33.6 L | 109.29 s | Nora |
| 22.69 s | 12.5 L | 130.59 s | Hana |
| 32.34 s | 52.6 L | 117.15 s | Sam |
| 13.28 s | 28.3 L | 56.20 s | Julia |
| 23.59 s | 52.0 L | 93.62 s | Mina |

Question: According to the race table, what is Julia's Fuel remaining?",28.3 L,"{""headers"": [""Pit time"", ""Fuel remaining"", ""Lap time"", ""Driver""], ""rows"": [[""42.11 s"", ""39.2 L"", ""138.44 s"", ""Emma""], [""4.29 s"", ""33.3 L"", ""82.87 s"", ""Theo""], [""27.49 s"", ""17.1 L"", ""112.32 s"", ""Daniel""], [""14.88 s"", ""65.1 L"", ""78.19 s"", ""Ava""], [""19.25 s"", ""33.6 L"", ""109.29 s"", ""Nora""], [""22.69 s"", ""12.5 L"", ""130.59 s"", ""Hana""], [""32.34 s"", ""52.6 L"", ""117.15 s"", ""Sam""], [""13.28 s"", ""28.3 L"", ""56.20 s"", ""Julia""], [""23.59 s"", ""52.0 L"", ""93.62 s"", ""Mina""]]}","{""row_index"": 7, ""column_index"": 1, ""row_identifier_column"": ""Driver"", ""row_identifier_value"": ""Julia"", ""target_column"": ""Fuel remaining""}",lookup
A-L1-0040,1,ml_experiments,"According to the experiment table, what is Echo's F1 score?","| F1 score | Latency | Recall | Memory | Model |
| --- | --- | --- | --- | --- |
| 68.0% | 42.9 ms | 96.9% | 7.9 GB | Delta |
| 72.3% | 178.0 ms | 68.3% | 11.4 GB | Nova |
| 94.7% | 137.3 ms | 89.3% | 13.3 GB | Echo |
| 87.3% | 123.7 ms | 79.2% | 12.7 GB | Pulse |","Answer the question using the table. Return only the requested value.

Table:
| F1 score | Latency | Recall | Memory | Model |
| --- | --- | --- | --- | --- |
| 68.0% | 42.9 ms | 96.9% | 7.9 GB | Delta |
| 72.3% | 178.0 ms | 68.3% | 11.4 GB | Nova |
| 94.7% | 137.3 ms | 89.3% | 13.3 GB | Echo |
| 87.3% | 123.7 ms | 79.2% | 12.7 GB | Pulse |

Question: According to the experiment table, what is Echo's F1 score?",94.7%,"{""headers"": [""F1 score"", ""Latency"", ""Recall"", ""Memory"", ""Model""], ""rows"": [[""68.0%"", ""42.9 ms"", ""96.9%"", ""7.9 GB"", ""Delta""], [""72.3%"", ""178.0 ms"", ""68.3%"", ""11.4 GB"", ""Nova""], [""94.7%"", ""137.3 ms"", ""89.3%"", ""13.3 GB"", ""Echo""], [""87.3%"", ""123.7 ms"", ""79.2%"", ""12.7 GB"", ""Pulse""]]}","{""row_index"": 2, ""column_index"": 0, ""row_identifier_column"": ""Model"", ""row_identifier_value"": ""Echo"", ""target_column"": ""F1 score""}",lookup
A-L1-0041,1,lab,Look at Sample-C. What is its recorded Mass?,"| Conductivity | Sample | Density | Mass | pH |
| --- | --- | --- | --- | --- |
| 12.88 mS/cm | Sample-C | 2.09 g/mL | 30.8 g | 6.57 |
| 18.67 mS/cm | Sample-I | 3.36 g/mL | 24.6 g | 7.78 |
| 23.35 mS/cm | Sample-B | 0.74 g/mL | 205.6 g | 2.32 |
| 1.69 mS/cm | Sample-H | 1.71 g/mL | 467.4 g | 11.94 |
| 20.19 mS/cm | Sample-F | 2.12 g/mL | 199.2 g | 9.23 |","Answer the question using the table. Return only the requested value.

Table:
| Conductivity | Sample | Density | Mass | pH |
| --- | --- | --- | --- | --- |
| 12.88 mS/cm | Sample-C | 2.09 g/mL | 30.8 g | 6.57 |
| 18.67 mS/cm | Sample-I | 3.36 g/mL | 24.6 g | 7.78 |
| 23.35 mS/cm | Sample-B | 0.74 g/mL | 205.6 g | 2.32 |
| 1.69 mS/cm | Sample-H | 1.71 g/mL | 467.4 g | 11.94 |
| 20.19 mS/cm | Sample-F | 2.12 g/mL | 199.2 g | 9.23 |

Question: Look at Sample-C. What is its recorded Mass?",30.8 g,"{""headers"": [""Conductivity"", ""Sample"", ""Density"", ""Mass"", ""pH""], ""rows"": [[""12.88 mS/cm"", ""Sample-C"", ""2.09 g/mL"", ""30.8 g"", ""6.57""], [""18.67 mS/cm"", ""Sample-I"", ""3.36 g/mL"", ""24.6 g"", ""7.78""], [""23.35 mS/cm"", ""Sample-B"", ""0.74 g/mL"", ""205.6 g"", ""2.32""], [""1.69 mS/cm"", ""Sample-H"", ""1.71 g/mL"", ""467.4 g"", ""11.94""], [""20.19 mS/cm"", ""Sample-F"", ""2.12 g/mL"", ""199.2 g"", ""9.23""]]}","{""row_index"": 0, ""column_index"": 3, ""row_identifier_column"": ""Sample"", ""row_identifier_value"": ""Sample-C"", ""target_column"": ""Mass""}",lookup
A-L1-0042,1,race,"According to the race table, what is Alex's Lap time?","| Pit time | Lap time | Tire temperature | Driver | Top speed |
| --- | --- | --- | --- | --- |
| 30.31 s | 100.21 s | 121.8 °C | Ethan | 278.0 km/h |
| 13.02 s | 117.18 s | 83.9 °C | Alex | 326.8 km/h |
| 34.47 s | 56.33 s | 75.5 °C | Sofia | 339.1 km/h |
| 4.54 s | 105.81 s | 112.7 °C | Hana | 186.0 km/h |
| 9.78 s | 59.80 s | 97.8 °C | Daniel | 335.5 km/h |
| 32.63 s | 123.81 s | 91.4 °C | Jisoo | 200.3 km/h |
| 11.14 s | 78.43 s | 130.3 °C | Theo | 242.3 km/h |
| 2.19 s | 89.19 s | 77.6 °C | Maya | 313.3 km/h |","Answer the question using the table. Return only the requested value.

Table:
| Pit time | Lap time | Tire temperature | Driver | Top speed |
| --- | --- | --- | --- | --- |
| 30.31 s | 100.21 s | 121.8 °C | Ethan | 278.0 km/h |
| 13.02 s | 117.18 s | 83.9 °C | Alex | 326.8 km/h |
| 34.47 s | 56.33 s | 75.5 °C | Sofia | 339.1 km/h |
| 4.54 s | 105.81 s | 112.7 °C | Hana | 186.0 km/h |
| 9.78 s | 59.80 s | 97.8 °C | Daniel | 335.5 km/h |
| 32.63 s | 123.81 s | 91.4 °C | Jisoo | 200.3 km/h |
| 11.14 s | 78.43 s | 130.3 °C | Theo | 242.3 km/h |
| 2.19 s | 89.19 s | 77.6 °C | Maya | 313.3 km/h |

Question: According to the race table, what is Alex's Lap time?",117.18 s,"{""headers"": [""Pit time"", ""Lap time"", ""Tire temperature"", ""Driver"", ""Top speed""], ""rows"": [[""30.31 s"", ""100.21 s"", ""121.8 °C"", ""Ethan"", ""278.0 km/h""], [""13.02 s"", ""117.18 s"", ""83.9 °C"", ""Alex"", ""326.8 km/h""], [""34.47 s"", ""56.33 s"", ""75.5 °C"", ""Sofia"", ""339.1 km/h""], [""4.54 s"", ""105.81 s"", ""112.7 °C"", ""Hana"", ""186.0 km/h""], [""9.78 s"", ""59.80 s"", ""97.8 °C"", ""Daniel"", ""335.5 km/h""], [""32.63 s"", ""123.81 s"", ""91.4 °C"", ""Jisoo"", ""200.3 km/h""], [""11.14 s"", ""78.43 s"", ""130.3 °C"", ""Theo"", ""242.3 km/h""], [""2.19 s"", ""89.19 s"", ""77.6 °C"", ""Maya"", ""313.3 km/h""]]}","{""row_index"": 1, ""column_index"": 1, ""row_identifier_column"": ""Driver"", ""row_identifier_value"": ""Alex"", ""target_column"": ""Lap time""}",lookup
A-L1-0043,1,race,Find Leo's row. What is the Top speed?,"| Pit time | Tire temperature | Top speed | Driver | Lap time | Fuel remaining | Position |
| --- | --- | --- | --- | --- | --- | --- |
| 25.31 s | 76.9 °C | 334.4 km/h | Maya | 132.75 s | 13.3 L | 15 |
| 34.28 s | 80.1 °C | 301.3 km/h | Jisoo | 70.99 s | 49.0 L | 3 |
| 14.86 s | 132.6 °C | 280.3 km/h | Nora | 76.67 s | 12.5 L | 8 |
| 17.13 s | 112.8 °C | 251.4 km/h | Leo | 120.92 s | 20.7 L | 11 |
| 8.57 s | 65.9 °C | 261.0 km/h | Mina | 116.59 s | 30.9 L | 18 |
| 31.30 s | 75.9 °C | 214.2 km/h | Alex | 132.73 s | 59.8 L | 16 |
| 40.90 s | 114.3 °C | 280.6 km/h | Daniel | 80.77 s | 39.4 L | 11 |","Answer the question using the table. Return only the requested value.

Table:
| Pit time | Tire temperature | Top speed | Driver | Lap time | Fuel remaining | Position |
| --- | --- | --- | --- | --- | --- | --- |
| 25.31 s | 76.9 °C | 334.4 km/h | Maya | 132.75 s | 13.3 L | 15 |
| 34.28 s | 80.1 °C | 301.3 km/h | Jisoo | 70.99 s | 49.0 L | 3 |
| 14.86 s | 132.6 °C | 280.3 km/h | Nora | 76.67 s | 12.5 L | 8 |
| 17.13 s | 112.8 °C | 251.4 km/h | Leo | 120.92 s | 20.7 L | 11 |
| 8.57 s | 65.9 °C | 261.0 km/h | Mina | 116.59 s | 30.9 L | 18 |
| 31.30 s | 75.9 °C | 214.2 km/h | Alex | 132.73 s | 59.8 L | 16 |
| 40.90 s | 114.3 °C | 280.6 km/h | Daniel | 80.77 s | 39.4 L | 11 |

Question: Find Leo's row. What is the Top speed?",251.4 km/h,"{""headers"": [""Pit time"", ""Tire temperature"", ""Top speed"", ""Driver"", ""Lap time"", ""Fuel remaining"", ""Position""], ""rows"": [[""25.31 s"", ""76.9 °C"", ""334.4 km/h"", ""Maya"", ""132.75 s"", ""13.3 L"", ""15""], [""34.28 s"", ""80.1 °C"", ""301.3 km/h"", ""Jisoo"", ""70.99 s"", ""49.0 L"", ""3""], [""14.86 s"", ""132.6 °C"", ""280.3 km/h"", ""Nora"", ""76.67 s"", ""12.5 L"", ""8""], [""17.13 s"", ""112.8 °C"", ""251.4 km/h"", ""Leo"", ""120.92 s"", ""20.7 L"", ""11""], [""8.57 s"", ""65.9 °C"", ""261.0 km/h"", ""Mina"", ""116.59 s"", ""30.9 L"", ""18""], [""31.30 s"", ""75.9 °C"", ""214.2 km/h"", ""Alex"", ""132.73 s"", ""59.8 L"", ""16""], [""40.90 s"", ""114.3 °C"", ""280.6 km/h"", ""Daniel"", ""80.77 s"", ""39.4 L"", ""11""]]}","{""row_index"": 3, ""column_index"": 2, ""row_identifier_column"": ""Driver"", ""row_identifier_value"": ""Leo"", ""target_column"": ""Top speed""}",lookup
A-L1-0044,1,ml_experiments,What Memory is reported for model Atlas?,"| Memory | Latency | Precision | Model | F1 score | Accuracy |
| --- | --- | --- | --- | --- | --- |
| 10.3 GB | 28.2 ms | 61.6% | Aurora | 53.3% | 68.5% |
| 12.3 GB | 63.4 ms | 86.8% | Quartz | 73.9% | 88.8% |
| 1.7 GB | 151.7 ms | 57.1% | Helix | 90.1% | 60.2% |
| 9.3 GB | 44.5 ms | 79.2% | Nimbus | 62.0% | 96.8% |
| 11.9 GB | 85.1 ms | 61.2% | Atlas | 67.3% | 81.3% |
| 14.3 GB | 36.4 ms | 97.1% | Vertex | 98.5% | 80.4% |","Answer the question using the table. Return only the requested value.

Table:
| Memory | Latency | Precision | Model | F1 score | Accuracy |
| --- | --- | --- | --- | --- | --- |
| 10.3 GB | 28.2 ms | 61.6% | Aurora | 53.3% | 68.5% |
| 12.3 GB | 63.4 ms | 86.8% | Quartz | 73.9% | 88.8% |
| 1.7 GB | 151.7 ms | 57.1% | Helix | 90.1% | 60.2% |
| 9.3 GB | 44.5 ms | 79.2% | Nimbus | 62.0% | 96.8% |
| 11.9 GB | 85.1 ms | 61.2% | Atlas | 67.3% | 81.3% |
| 14.3 GB | 36.4 ms | 97.1% | Vertex | 98.5% | 80.4% |

Question: What Memory is reported for model Atlas?",11.9 GB,"{""headers"": [""Memory"", ""Latency"", ""Precision"", ""Model"", ""F1 score"", ""Accuracy""], ""rows"": [[""10.3 GB"", ""28.2 ms"", ""61.6%"", ""Aurora"", ""53.3%"", ""68.5%""], [""12.3 GB"", ""63.4 ms"", ""86.8%"", ""Quartz"", ""73.9%"", ""88.8%""], [""1.7 GB"", ""151.7 ms"", ""57.1%"", ""Helix"", ""90.1%"", ""60.2%""], [""9.3 GB"", ""44.5 ms"", ""79.2%"", ""Nimbus"", ""62.0%"", ""96.8%""], [""11.9 GB"", ""85.1 ms"", ""61.2%"", ""Atlas"", ""67.3%"", ""81.3%""], [""14.3 GB"", ""36.4 ms"", ""97.1%"", ""Vertex"", ""98.5%"", ""80.4%""]]}","{""row_index"": 4, ""column_index"": 0, ""row_identifier_column"": ""Model"", ""row_identifier_value"": ""Atlas"", ""target_column"": ""Memory""}",lookup
A-L1-0045,1,skydiving,Find Emma. What Altitude is listed?,"| Altitude | Falling speed | Person | Elapsed time |
| --- | --- | --- | --- |
| 5161 m | 53.6 m/s | Alex | 38.9 s |
| 3950 m | 29.8 m/s | Emma | 79.5 s |
| 5778 m | 66.8 m/s | Maya | 26.9 s |
| 7823 m | 30.0 m/s | Ava | 68.3 s |
| 10221 m | 44.9 m/s | Hana | 63.0 s |
| 7627 m | 46.3 m/s | Julia | 27.7 s |
| 11904 m | 26.9 m/s | David | 63.5 s |
| 9642 m | 82.6 m/s | Oliver | 12.1 s |","Answer the question using the table. Return only the requested value.

Table:
| Altitude | Falling speed | Person | Elapsed time |
| --- | --- | --- | --- |
| 5161 m | 53.6 m/s | Alex | 38.9 s |
| 3950 m | 29.8 m/s | Emma | 79.5 s |
| 5778 m | 66.8 m/s | Maya | 26.9 s |
| 7823 m | 30.0 m/s | Ava | 68.3 s |
| 10221 m | 44.9 m/s | Hana | 63.0 s |
| 7627 m | 46.3 m/s | Julia | 27.7 s |
| 11904 m | 26.9 m/s | David | 63.5 s |
| 9642 m | 82.6 m/s | Oliver | 12.1 s |

Question: Find Emma. What Altitude is listed?",3950 m,"{""headers"": [""Altitude"", ""Falling speed"", ""Person"", ""Elapsed time""], ""rows"": [[""5161 m"", ""53.6 m/s"", ""Alex"", ""38.9 s""], [""3950 m"", ""29.8 m/s"", ""Emma"", ""79.5 s""], [""5778 m"", ""66.8 m/s"", ""Maya"", ""26.9 s""], [""7823 m"", ""30.0 m/s"", ""Ava"", ""68.3 s""], [""10221 m"", ""44.9 m/s"", ""Hana"", ""63.0 s""], [""7627 m"", ""46.3 m/s"", ""Julia"", ""27.7 s""], [""11904 m"", ""26.9 m/s"", ""David"", ""63.5 s""], [""9642 m"", ""82.6 m/s"", ""Oliver"", ""12.1 s""]]}","{""row_index"": 1, ""column_index"": 0, ""row_identifier_column"": ""Person"", ""row_identifier_value"": ""Emma"", ""target_column"": ""Altitude""}",lookup
A-L1-0046,1,sports,How many Goals scored are listed for the Wolves?,"| Possession | Wins | Losses | Goals scored | Team |
| --- | --- | --- | --- | --- |
| 53.8% | 10 | 0 | 104 | Tigers |
| 65.9% | 12 | 24 | 47 | Bulls |
| 52.7% | 12 | 21 | 113 | Cyclones |
| 43.6% | 19 | 30 | 103 | Knights |
| 55.4% | 14 | 15 | 105 | Sharks |
| 33.9% | 26 | 2 | 34 | Dragons |
| 59.6% | 22 | 23 | 106 | Falcons |
| 33.1% | 11 | 1 | 100 | Wolves |","Answer the question using the table. Return only the requested value.

Table:
| Possession | Wins | Losses | Goals scored | Team |
| --- | --- | --- | --- | --- |
| 53.8% | 10 | 0 | 104 | Tigers |
| 65.9% | 12 | 24 | 47 | Bulls |
| 52.7% | 12 | 21 | 113 | Cyclones |
| 43.6% | 19 | 30 | 103 | Knights |
| 55.4% | 14 | 15 | 105 | Sharks |
| 33.9% | 26 | 2 | 34 | Dragons |
| 59.6% | 22 | 23 | 106 | Falcons |
| 33.1% | 11 | 1 | 100 | Wolves |

Question: How many Goals scored are listed for the Wolves?",100,"{""headers"": [""Possession"", ""Wins"", ""Losses"", ""Goals scored"", ""Team""], ""rows"": [[""53.8%"", ""10"", ""0"", ""104"", ""Tigers""], [""65.9%"", ""12"", ""24"", ""47"", ""Bulls""], [""52.7%"", ""12"", ""21"", ""113"", ""Cyclones""], [""43.6%"", ""19"", ""30"", ""103"", ""Knights""], [""55.4%"", ""14"", ""15"", ""105"", ""Sharks""], [""33.9%"", ""26"", ""2"", ""34"", ""Dragons""], [""59.6%"", ""22"", ""23"", ""106"", ""Falcons""], [""33.1%"", ""11"", ""1"", ""100"", ""Wolves""]]}","{""row_index"": 7, ""column_index"": 3, ""row_identifier_column"": ""Team"", ""row_identifier_value"": ""Wolves"", ""target_column"": ""Goals scored""}",lookup
A-L1-0047,1,sports,What is the Goals conceded value for the Wolves?,"| Team | Goals conceded | Losses | Possession | Points | Wins |
| --- | --- | --- | --- | --- | --- |
| Hawks | 28 | 13 | 35.3% | 67 | 3 |
| Knights | 54 | 0 | 43.0% | 47 | 25 |
| Wolves | 16 | 19 | 44.2% | 86 | 2 |
| Dragons | 15 | 23 | 45.5% | 81 | 13 |
| Bulls | 57 | 3 | 52.2% | 13 | 17 |","Answer the question using the table. Return only the requested value.

Table:
| Team | Goals conceded | Losses | Possession | Points | Wins |
| --- | --- | --- | --- | --- | --- |
| Hawks | 28 | 13 | 35.3% | 67 | 3 |
| Knights | 54 | 0 | 43.0% | 47 | 25 |
| Wolves | 16 | 19 | 44.2% | 86 | 2 |
| Dragons | 15 | 23 | 45.5% | 81 | 13 |
| Bulls | 57 | 3 | 52.2% | 13 | 17 |

Question: What is the Goals conceded value for the Wolves?",16,"{""headers"": [""Team"", ""Goals conceded"", ""Losses"", ""Possession"", ""Points"", ""Wins""], ""rows"": [[""Hawks"", ""28"", ""13"", ""35.3%"", ""67"", ""3""], [""Knights"", ""54"", ""0"", ""43.0%"", ""47"", ""25""], [""Wolves"", ""16"", ""19"", ""44.2%"", ""86"", ""2""], [""Dragons"", ""15"", ""23"", ""45.5%"", ""81"", ""13""], [""Bulls"", ""57"", ""3"", ""52.2%"", ""13"", ""17""]]}","{""row_index"": 2, ""column_index"": 1, ""row_identifier_column"": ""Team"", ""row_identifier_value"": ""Wolves"", ""target_column"": ""Goals conceded""}",lookup
A-L1-0048,1,ml_experiments,What Precision is reported for model Quartz?,"| Model | Precision | F1 score | Latency | Recall | Accuracy |
| --- | --- | --- | --- | --- | --- |
| Quartz | 73.9% | 68.6% | 148.9 ms | 71.6% | 93.6% |
| Helix | 72.4% | 72.4% | 152.1 ms | 50.3% | 65.3% |
| Pulse | 81.5% | 81.9% | 126.4 ms | 64.7% | 83.2% |
| Delta | 69.0% | 73.5% | 133.3 ms | 69.5% | 66.9% |","Answer the question using the table. Return only the requested value.

Table:
| Model | Precision | F1 score | Latency | Recall | Accuracy |
| --- | --- | --- | --- | --- | --- |
| Quartz | 73.9% | 68.6% | 148.9 ms | 71.6% | 93.6% |
| Helix | 72.4% | 72.4% | 152.1 ms | 50.3% | 65.3% |
| Pulse | 81.5% | 81.9% | 126.4 ms | 64.7% | 83.2% |
| Delta | 69.0% | 73.5% | 133.3 ms | 69.5% | 66.9% |

Question: What Precision is reported for model Quartz?",73.9%,"{""headers"": [""Model"", ""Precision"", ""F1 score"", ""Latency"", ""Recall"", ""Accuracy""], ""rows"": [[""Quartz"", ""73.9%"", ""68.6%"", ""148.9 ms"", ""71.6%"", ""93.6%""], [""Helix"", ""72.4%"", ""72.4%"", ""152.1 ms"", ""50.3%"", ""65.3%""], [""Pulse"", ""81.5%"", ""81.9%"", ""126.4 ms"", ""64.7%"", ""83.2%""], [""Delta"", ""69.0%"", ""73.5%"", ""133.3 ms"", ""69.5%"", ""66.9%""]]}","{""row_index"": 0, ""column_index"": 1, ""row_identifier_column"": ""Model"", ""row_identifier_value"": ""Quartz"", ""target_column"": ""Precision""}",lookup
A-L1-0049,1,lab,"For Sample-K, what Temperature does the table report?","| Sample | Volume | pH | Temperature | Mass | Conductivity | Density |
| --- | --- | --- | --- | --- | --- | --- |
| Sample-C | 10.2 mL | 11.68 | 58.4 °C | 406.5 g | 17.57 mS/cm | 1.96 g/mL |
| Sample-I | 149.9 mL | 7.82 | 83.3 °C | 461.9 g | 13.41 mS/cm | 2.07 g/mL |
| Sample-K | 28.2 mL | 4.48 | 60.1 °C | 84.8 g | 16.65 mS/cm | 3.70 g/mL |
| Sample-A | 161.6 mL | 8.47 | 76.7 °C | 167.1 g | 24.17 mS/cm | 2.47 g/mL |
| Sample-J | 76.4 mL | 4.53 | 38.9 °C | 212.7 g | 3.94 mS/cm | 0.99 g/mL |","Answer the question using the table. Return only the requested value.

Table:
| Sample | Volume | pH | Temperature | Mass | Conductivity | Density |
| --- | --- | --- | --- | --- | --- | --- |
| Sample-C | 10.2 mL | 11.68 | 58.4 °C | 406.5 g | 17.57 mS/cm | 1.96 g/mL |
| Sample-I | 149.9 mL | 7.82 | 83.3 °C | 461.9 g | 13.41 mS/cm | 2.07 g/mL |
| Sample-K | 28.2 mL | 4.48 | 60.1 °C | 84.8 g | 16.65 mS/cm | 3.70 g/mL |
| Sample-A | 161.6 mL | 8.47 | 76.7 °C | 167.1 g | 24.17 mS/cm | 2.47 g/mL |
| Sample-J | 76.4 mL | 4.53 | 38.9 °C | 212.7 g | 3.94 mS/cm | 0.99 g/mL |

Question: For Sample-K, what Temperature does the table report?",60.1 °C,"{""headers"": [""Sample"", ""Volume"", ""pH"", ""Temperature"", ""Mass"", ""Conductivity"", ""Density""], ""rows"": [[""Sample-C"", ""10.2 mL"", ""11.68"", ""58.4 °C"", ""406.5 g"", ""17.57 mS/cm"", ""1.96 g/mL""], [""Sample-I"", ""149.9 mL"", ""7.82"", ""83.3 °C"", ""461.9 g"", ""13.41 mS/cm"", ""2.07 g/mL""], [""Sample-K"", ""28.2 mL"", ""4.48"", ""60.1 °C"", ""84.8 g"", ""16.65 mS/cm"", ""3.70 g/mL""], [""Sample-A"", ""161.6 mL"", ""8.47"", ""76.7 °C"", ""167.1 g"", ""24.17 mS/cm"", ""2.47 g/mL""], [""Sample-J"", ""76.4 mL"", ""4.53"", ""38.9 °C"", ""212.7 g"", ""3.94 mS/cm"", ""0.99 g/mL""]]}","{""row_index"": 2, ""column_index"": 3, ""row_identifier_column"": ""Sample"", ""row_identifier_value"": ""Sample-K"", ""target_column"": ""Temperature""}",lookup
A-L1-0050,1,weather,"According to the weather table, what is the Humidity at Riverton?","| Humidity | Station | Wind speed | Temperature |
| --- | --- | --- | --- |
| 51% | Oakridge | 24.4 m/s | 10.2 °C |
| 95% | Fairview | 8.1 m/s | 14.7 °C |
| 40% | Maple | 28.4 m/s | 1.9 °C |
| 32% | Pinehurst | 16.9 m/s | 9.1 °C |
| 29% | Riverton | 5.6 m/s | -2.1 °C |
| 17% | Hillcrest | 21.5 m/s | 7.9 °C |
| 29% | Orion | 34.4 m/s | 20.9 °C |
| 30% | Clearwater | 22.4 m/s | 6.5 °C |
| 85% | Brookfield | 22.7 m/s | -8.9 °C |","Answer the question using the table. Return only the requested value.

Table:
| Humidity | Station | Wind speed | Temperature |
| --- | --- | --- | --- |
| 51% | Oakridge | 24.4 m/s | 10.2 °C |
| 95% | Fairview | 8.1 m/s | 14.7 °C |
| 40% | Maple | 28.4 m/s | 1.9 °C |
| 32% | Pinehurst | 16.9 m/s | 9.1 °C |
| 29% | Riverton | 5.6 m/s | -2.1 °C |
| 17% | Hillcrest | 21.5 m/s | 7.9 °C |
| 29% | Orion | 34.4 m/s | 20.9 °C |
| 30% | Clearwater | 22.4 m/s | 6.5 °C |
| 85% | Brookfield | 22.7 m/s | -8.9 °C |

Question: According to the weather table, what is the Humidity at Riverton?",29%,"{""headers"": [""Humidity"", ""Station"", ""Wind speed"", ""Temperature""], ""rows"": [[""51%"", ""Oakridge"", ""24.4 m/s"", ""10.2 °C""], [""95%"", ""Fairview"", ""8.1 m/s"", ""14.7 °C""], [""40%"", ""Maple"", ""28.4 m/s"", ""1.9 °C""], [""32%"", ""Pinehurst"", ""16.9 m/s"", ""9.1 °C""], [""29%"", ""Riverton"", ""5.6 m/s"", ""-2.1 °C""], [""17%"", ""Hillcrest"", ""21.5 m/s"", ""7.9 °C""], [""29%"", ""Orion"", ""34.4 m/s"", ""20.9 °C""], [""30%"", ""Clearwater"", ""22.4 m/s"", ""6.5 °C""], [""85%"", ""Brookfield"", ""22.7 m/s"", ""-8.9 °C""]]}","{""row_index"": 4, ""column_index"": 0, ""row_identifier_column"": ""Station"", ""row_identifier_value"": ""Riverton"", ""target_column"": ""Humidity""}",lookup
A-L1-0051,1,skydiving,Find Sofia. What Heart rate is listed?,"| Altitude | Person | Air pressure | Air temperature | Heart rate | Elapsed time |
| --- | --- | --- | --- | --- | --- |
| 2070 m | Sofia | 24.3 kPa | -44.4 °C | 108 bpm | 45.6 s |
| 855 m | Nora | 87.2 kPa | -39.8 °C | 121 bpm | 42.4 s |
| 4118 m | Ryan | 64.4 kPa | -36.2 °C | 121 bpm | 95.0 s |
| 4012 m | Jisoo | 26.8 kPa | -37.6 °C | 84 bpm | 60.3 s |
| 8374 m | Oliver | 97.1 kPa | -13.8 °C | 123 bpm | 78.4 s |
| 3921 m | Hana | 69.4 kPa | -0.5 °C | 155 bpm | 81.1 s |
| 2085 m | Leo | 75.5 kPa | -18.7 °C | 124 bpm | 21.5 s |
| 7920 m | Noah | 34.9 kPa | -1.3 °C | 137 bpm | 39.5 s |","Answer the question using the table. Return only the requested value.

Table:
| Altitude | Person | Air pressure | Air temperature | Heart rate | Elapsed time |
| --- | --- | --- | --- | --- | --- |
| 2070 m | Sofia | 24.3 kPa | -44.4 °C | 108 bpm | 45.6 s |
| 855 m | Nora | 87.2 kPa | -39.8 °C | 121 bpm | 42.4 s |
| 4118 m | Ryan | 64.4 kPa | -36.2 °C | 121 bpm | 95.0 s |
| 4012 m | Jisoo | 26.8 kPa | -37.6 °C | 84 bpm | 60.3 s |
| 8374 m | Oliver | 97.1 kPa | -13.8 °C | 123 bpm | 78.4 s |
| 3921 m | Hana | 69.4 kPa | -0.5 °C | 155 bpm | 81.1 s |
| 2085 m | Leo | 75.5 kPa | -18.7 °C | 124 bpm | 21.5 s |
| 7920 m | Noah | 34.9 kPa | -1.3 °C | 137 bpm | 39.5 s |

Question: Find Sofia. What Heart rate is listed?",108 bpm,"{""headers"": [""Altitude"", ""Person"", ""Air pressure"", ""Air temperature"", ""Heart rate"", ""Elapsed time""], ""rows"": [[""2070 m"", ""Sofia"", ""24.3 kPa"", ""-44.4 °C"", ""108 bpm"", ""45.6 s""], [""855 m"", ""Nora"", ""87.2 kPa"", ""-39.8 °C"", ""121 bpm"", ""42.4 s""], [""4118 m"", ""Ryan"", ""64.4 kPa"", ""-36.2 °C"", ""121 bpm"", ""95.0 s""], [""4012 m"", ""Jisoo"", ""26.8 kPa"", ""-37.6 °C"", ""84 bpm"", ""60.3 s""], [""8374 m"", ""Oliver"", ""97.1 kPa"", ""-13.8 °C"", ""123 bpm"", ""78.4 s""], [""3921 m"", ""Hana"", ""69.4 kPa"", ""-0.5 °C"", ""155 bpm"", ""81.1 s""], [""2085 m"", ""Leo"", ""75.5 kPa"", ""-18.7 °C"", ""124 bpm"", ""21.5 s""], [""7920 m"", ""Noah"", ""34.9 kPa"", ""-1.3 °C"", ""137 bpm"", ""39.5 s""]]}","{""row_index"": 0, ""column_index"": 4, ""row_identifier_column"": ""Person"", ""row_identifier_value"": ""Sofia"", ""target_column"": ""Heart rate""}",lookup
A-L1-0052,1,skydiving,What is Mina's Air pressure?,"| Falling speed | Person | Heart rate | Air pressure | Altitude |
| --- | --- | --- | --- | --- |
| 61.6 m/s | Julia | 115 bpm | 75.1 kPa | 10402 m |
| 59.4 m/s | Iris | 170 bpm | 98.3 kPa | 3865 m |
| 73.8 m/s | Mina | 155 bpm | 69.3 kPa | 9526 m |
| 37.6 m/s | Jisoo | 147 bpm | 29.4 kPa | 9837 m |
| 30.2 m/s | Maya | 161 bpm | 41.0 kPa | 10415 m |
| 60.8 m/s | Ryan | 88 bpm | 65.6 kPa | 6621 m |","Answer the question using the table. Return only the requested value.

Table:
| Falling speed | Person | Heart rate | Air pressure | Altitude |
| --- | --- | --- | --- | --- |
| 61.6 m/s | Julia | 115 bpm | 75.1 kPa | 10402 m |
| 59.4 m/s | Iris | 170 bpm | 98.3 kPa | 3865 m |
| 73.8 m/s | Mina | 155 bpm | 69.3 kPa | 9526 m |
| 37.6 m/s | Jisoo | 147 bpm | 29.4 kPa | 9837 m |
| 30.2 m/s | Maya | 161 bpm | 41.0 kPa | 10415 m |
| 60.8 m/s | Ryan | 88 bpm | 65.6 kPa | 6621 m |

Question: What is Mina's Air pressure?",69.3 kPa,"{""headers"": [""Falling speed"", ""Person"", ""Heart rate"", ""Air pressure"", ""Altitude""], ""rows"": [[""61.6 m/s"", ""Julia"", ""115 bpm"", ""75.1 kPa"", ""10402 m""], [""59.4 m/s"", ""Iris"", ""170 bpm"", ""98.3 kPa"", ""3865 m""], [""73.8 m/s"", ""Mina"", ""155 bpm"", ""69.3 kPa"", ""9526 m""], [""37.6 m/s"", ""Jisoo"", ""147 bpm"", ""29.4 kPa"", ""9837 m""], [""30.2 m/s"", ""Maya"", ""161 bpm"", ""41.0 kPa"", ""10415 m""], [""60.8 m/s"", ""Ryan"", ""88 bpm"", ""65.6 kPa"", ""6621 m""]]}","{""row_index"": 2, ""column_index"": 3, ""row_identifier_column"": ""Person"", ""row_identifier_value"": ""Mina"", ""target_column"": ""Air pressure""}",lookup
A-L1-0053,1,ml_experiments,Look up model Sigma. What is its Precision?,"| Memory | Accuracy | F1 score | Precision | Recall | Model | Latency |
| --- | --- | --- | --- | --- | --- | --- |
| 15.3 GB | 64.8% | 72.5% | 74.4% | 50.0% | Helix | 154.9 ms |
| 9.3 GB | 70.5% | 60.4% | 69.9% | 78.3% | Quartz | 149.8 ms |
| 7.6 GB | 60.1% | 66.0% | 87.2% | 85.8% | Nimbus | 140.2 ms |
| 0.6 GB | 78.6% | 50.1% | 65.0% | 83.3% | Delta | 27.4 ms |
| 11.4 GB | 71.9% | 69.4% | 65.3% | 82.1% | Sigma | 127.1 ms |
| 12.7 GB | 73.4% | 73.8% | 57.1% | 54.9% | Echo | 124.1 ms |
| 3.1 GB | 85.5% | 63.4% | 71.4% | 94.3% | Zenith | 48.1 ms |
| 7.2 GB | 74.0% | 82.5% | 78.5% | 60.7% | Vertex | 15.1 ms |
| 15.0 GB | 86.9% | 59.9% | 83.6% | 57.8% | Pulse | 27.2 ms |","Answer the question using the table. Return only the requested value.

Table:
| Memory | Accuracy | F1 score | Precision | Recall | Model | Latency |
| --- | --- | --- | --- | --- | --- | --- |
| 15.3 GB | 64.8% | 72.5% | 74.4% | 50.0% | Helix | 154.9 ms |
| 9.3 GB | 70.5% | 60.4% | 69.9% | 78.3% | Quartz | 149.8 ms |
| 7.6 GB | 60.1% | 66.0% | 87.2% | 85.8% | Nimbus | 140.2 ms |
| 0.6 GB | 78.6% | 50.1% | 65.0% | 83.3% | Delta | 27.4 ms |
| 11.4 GB | 71.9% | 69.4% | 65.3% | 82.1% | Sigma | 127.1 ms |
| 12.7 GB | 73.4% | 73.8% | 57.1% | 54.9% | Echo | 124.1 ms |
| 3.1 GB | 85.5% | 63.4% | 71.4% | 94.3% | Zenith | 48.1 ms |
| 7.2 GB | 74.0% | 82.5% | 78.5% | 60.7% | Vertex | 15.1 ms |
| 15.0 GB | 86.9% | 59.9% | 83.6% | 57.8% | Pulse | 27.2 ms |

Question: Look up model Sigma. What is its Precision?",65.3%,"{""headers"": [""Memory"", ""Accuracy"", ""F1 score"", ""Precision"", ""Recall"", ""Model"", ""Latency""], ""rows"": [[""15.3 GB"", ""64.8%"", ""72.5%"", ""74.4%"", ""50.0%"", ""Helix"", ""154.9 ms""], [""9.3 GB"", ""70.5%"", ""60.4%"", ""69.9%"", ""78.3%"", ""Quartz"", ""149.8 ms""], [""7.6 GB"", ""60.1%"", ""66.0%"", ""87.2%"", ""85.8%"", ""Nimbus"", ""140.2 ms""], [""0.6 GB"", ""78.6%"", ""50.1%"", ""65.0%"", ""83.3%"", ""Delta"", ""27.4 ms""], [""11.4 GB"", ""71.9%"", ""69.4%"", ""65.3%"", ""82.1%"", ""Sigma"", ""127.1 ms""], [""12.7 GB"", ""73.4%"", ""73.8%"", ""57.1%"", ""54.9%"", ""Echo"", ""124.1 ms""], [""3.1 GB"", ""85.5%"", ""63.4%"", ""71.4%"", ""94.3%"", ""Zenith"", ""48.1 ms""], [""7.2 GB"", ""74.0%"", ""82.5%"", ""78.5%"", ""60.7%"", ""Vertex"", ""15.1 ms""], [""15.0 GB"", ""86.9%"", ""59.9%"", ""83.6%"", ""57.8%"", ""Pulse"", ""27.2 ms""]]}","{""row_index"": 4, ""column_index"": 3, ""row_identifier_column"": ""Model"", ""row_identifier_value"": ""Sigma"", ""target_column"": ""Precision""}",lookup
A-L1-0054,1,ml_experiments,What Recall is reported for model Nova?,"| Precision | Recall | F1 score | Model | Latency |
| --- | --- | --- | --- | --- |
| 92.3% | 51.3% | 96.1% | Atlas | 158.1 ms |
| 63.3% | 79.7% | 60.1% | Pulse | 72.9 ms |
| 65.9% | 88.8% | 71.0% | Zenith | 117.5 ms |
| 89.9% | 88.4% | 81.7% | Nimbus | 46.1 ms |
| 87.1% | 56.0% | 56.9% | Delta | 65.9 ms |
| 64.6% | 71.7% | 80.2% | Helix | 161.8 ms |
| 86.7% | 79.4% | 62.2% | Nova | 54.1 ms |","Answer the question using the table. Return only the requested value.

Table:
| Precision | Recall | F1 score | Model | Latency |
| --- | --- | --- | --- | --- |
| 92.3% | 51.3% | 96.1% | Atlas | 158.1 ms |
| 63.3% | 79.7% | 60.1% | Pulse | 72.9 ms |
| 65.9% | 88.8% | 71.0% | Zenith | 117.5 ms |
| 89.9% | 88.4% | 81.7% | Nimbus | 46.1 ms |
| 87.1% | 56.0% | 56.9% | Delta | 65.9 ms |
| 64.6% | 71.7% | 80.2% | Helix | 161.8 ms |
| 86.7% | 79.4% | 62.2% | Nova | 54.1 ms |

Question: What Recall is reported for model Nova?",79.4%,"{""headers"": [""Precision"", ""Recall"", ""F1 score"", ""Model"", ""Latency""], ""rows"": [[""92.3%"", ""51.3%"", ""96.1%"", ""Atlas"", ""158.1 ms""], [""63.3%"", ""79.7%"", ""60.1%"", ""Pulse"", ""72.9 ms""], [""65.9%"", ""88.8%"", ""71.0%"", ""Zenith"", ""117.5 ms""], [""89.9%"", ""88.4%"", ""81.7%"", ""Nimbus"", ""46.1 ms""], [""87.1%"", ""56.0%"", ""56.9%"", ""Delta"", ""65.9 ms""], [""64.6%"", ""71.7%"", ""80.2%"", ""Helix"", ""161.8 ms""], [""86.7%"", ""79.4%"", ""62.2%"", ""Nova"", ""54.1 ms""]]}","{""row_index"": 6, ""column_index"": 1, ""row_identifier_column"": ""Model"", ""row_identifier_value"": ""Nova"", ""target_column"": ""Recall""}",lookup
A-L1-0055,1,weather,What Temperature was recorded at station Hillcrest?,"| Temperature | Station | Humidity | Wind speed |
| --- | --- | --- | --- |
| 22.8 °C | Brookfield | 50% | 26.8 m/s |
| 33.8 °C | Fairview | 28% | 34.1 m/s |
| 6.3 °C | Oakridge | 60% | 22.4 m/s |
| 2.3 °C | Clearwater | 78% | 20.5 m/s |
| 19.4 °C | Orion | 41% | 22.5 m/s |
| 8.2 °C | Westhaven | 35% | 33.4 m/s |
| 35.3 °C | Hillcrest | 39% | 13.9 m/s |
| -6.9 °C | Maple | 22% | 2.9 m/s |","Answer the question using the table. Return only the requested value.

Table:
| Temperature | Station | Humidity | Wind speed |
| --- | --- | --- | --- |
| 22.8 °C | Brookfield | 50% | 26.8 m/s |
| 33.8 °C | Fairview | 28% | 34.1 m/s |
| 6.3 °C | Oakridge | 60% | 22.4 m/s |
| 2.3 °C | Clearwater | 78% | 20.5 m/s |
| 19.4 °C | Orion | 41% | 22.5 m/s |
| 8.2 °C | Westhaven | 35% | 33.4 m/s |
| 35.3 °C | Hillcrest | 39% | 13.9 m/s |
| -6.9 °C | Maple | 22% | 2.9 m/s |

Question: What Temperature was recorded at station Hillcrest?",35.3 °C,"{""headers"": [""Temperature"", ""Station"", ""Humidity"", ""Wind speed""], ""rows"": [[""22.8 °C"", ""Brookfield"", ""50%"", ""26.8 m/s""], [""33.8 °C"", ""Fairview"", ""28%"", ""34.1 m/s""], [""6.3 °C"", ""Oakridge"", ""60%"", ""22.4 m/s""], [""2.3 °C"", ""Clearwater"", ""78%"", ""20.5 m/s""], [""19.4 °C"", ""Orion"", ""41%"", ""22.5 m/s""], [""8.2 °C"", ""Westhaven"", ""35%"", ""33.4 m/s""], [""35.3 °C"", ""Hillcrest"", ""39%"", ""13.9 m/s""], [""-6.9 °C"", ""Maple"", ""22%"", ""2.9 m/s""]]}","{""row_index"": 6, ""column_index"": 0, ""row_identifier_column"": ""Station"", ""row_identifier_value"": ""Hillcrest"", ""target_column"": ""Temperature""}",lookup
A-L1-0056,1,skydiving,Find Ethan. What Air temperature is listed?,"| Heart rate | Person | Air temperature | Air pressure | Falling speed |
| --- | --- | --- | --- | --- |
| 96 bpm | Maya | -3.7 °C | 93.3 kPa | 38.5 m/s |
| 154 bpm | Alex | 15.5 °C | 77.1 kPa | 27.1 m/s |
| 167 bpm | Jisoo | -42.1 °C | 34.3 kPa | 46.8 m/s |
| 141 bpm | Hana | 3.7 °C | 29.2 kPa | 78.7 m/s |
| 130 bpm | Oliver | -24.8 °C | 29.6 kPa | 74.6 m/s |
| 160 bpm | Nora | 1.7 °C | 21.0 kPa | 25.2 m/s |
| 122 bpm | Sam | 16.4 °C | 60.9 kPa | 62.7 m/s |
| 88 bpm | David | -41.5 °C | 32.6 kPa | 76.6 m/s |
| 125 bpm | Ethan | -23.9 °C | 41.0 kPa | 50.8 m/s |","Answer the question using the table. Return only the requested value.

Table:
| Heart rate | Person | Air temperature | Air pressure | Falling speed |
| --- | --- | --- | --- | --- |
| 96 bpm | Maya | -3.7 °C | 93.3 kPa | 38.5 m/s |
| 154 bpm | Alex | 15.5 °C | 77.1 kPa | 27.1 m/s |
| 167 bpm | Jisoo | -42.1 °C | 34.3 kPa | 46.8 m/s |
| 141 bpm | Hana | 3.7 °C | 29.2 kPa | 78.7 m/s |
| 130 bpm | Oliver | -24.8 °C | 29.6 kPa | 74.6 m/s |
| 160 bpm | Nora | 1.7 °C | 21.0 kPa | 25.2 m/s |
| 122 bpm | Sam | 16.4 °C | 60.9 kPa | 62.7 m/s |
| 88 bpm | David | -41.5 °C | 32.6 kPa | 76.6 m/s |
| 125 bpm | Ethan | -23.9 °C | 41.0 kPa | 50.8 m/s |

Question: Find Ethan. What Air temperature is listed?",-23.9 °C,"{""headers"": [""Heart rate"", ""Person"", ""Air temperature"", ""Air pressure"", ""Falling speed""], ""rows"": [[""96 bpm"", ""Maya"", ""-3.7 °C"", ""93.3 kPa"", ""38.5 m/s""], [""154 bpm"", ""Alex"", ""15.5 °C"", ""77.1 kPa"", ""27.1 m/s""], [""167 bpm"", ""Jisoo"", ""-42.1 °C"", ""34.3 kPa"", ""46.8 m/s""], [""141 bpm"", ""Hana"", ""3.7 °C"", ""29.2 kPa"", ""78.7 m/s""], [""130 bpm"", ""Oliver"", ""-24.8 °C"", ""29.6 kPa"", ""74.6 m/s""], [""160 bpm"", ""Nora"", ""1.7 °C"", ""21.0 kPa"", ""25.2 m/s""], [""122 bpm"", ""Sam"", ""16.4 °C"", ""60.9 kPa"", ""62.7 m/s""], [""88 bpm"", ""David"", ""-41.5 °C"", ""32.6 kPa"", ""76.6 m/s""], [""125 bpm"", ""Ethan"", ""-23.9 °C"", ""41.0 kPa"", ""50.8 m/s""]]}","{""row_index"": 8, ""column_index"": 2, ""row_identifier_column"": ""Person"", ""row_identifier_value"": ""Ethan"", ""target_column"": ""Air temperature""}",lookup
A-L1-0057,1,weather,"According to the weather table, what is the Wind speed at Riverton?","| Wind speed | Pressure | Visibility | Temperature | Station |
| --- | --- | --- | --- | --- |
| 14.4 m/s | 930.7 hPa | 7.4 km | 3.4 °C | Brookfield |
| 8.3 m/s | 988.3 hPa | 15.0 km | -11.8 °C | Pinehurst |
| 29.7 m/s | 1002.3 hPa | 22.0 km | -9.5 °C | Lakeside |
| 30.7 m/s | 1022.4 hPa | 28.6 km | -14.9 °C | Riverton |","Answer the question using the table. Return only the requested value.

Table:
| Wind speed | Pressure | Visibility | Temperature | Station |
| --- | --- | --- | --- | --- |
| 14.4 m/s | 930.7 hPa | 7.4 km | 3.4 °C | Brookfield |
| 8.3 m/s | 988.3 hPa | 15.0 km | -11.8 °C | Pinehurst |
| 29.7 m/s | 1002.3 hPa | 22.0 km | -9.5 °C | Lakeside |
| 30.7 m/s | 1022.4 hPa | 28.6 km | -14.9 °C | Riverton |

Question: According to the weather table, what is the Wind speed at Riverton?",30.7 m/s,"{""headers"": [""Wind speed"", ""Pressure"", ""Visibility"", ""Temperature"", ""Station""], ""rows"": [[""14.4 m/s"", ""930.7 hPa"", ""7.4 km"", ""3.4 °C"", ""Brookfield""], [""8.3 m/s"", ""988.3 hPa"", ""15.0 km"", ""-11.8 °C"", ""Pinehurst""], [""29.7 m/s"", ""1002.3 hPa"", ""22.0 km"", ""-9.5 °C"", ""Lakeside""], [""30.7 m/s"", ""1022.4 hPa"", ""28.6 km"", ""-14.9 °C"", ""Riverton""]]}","{""row_index"": 3, ""column_index"": 0, ""row_identifier_column"": ""Station"", ""row_identifier_value"": ""Riverton"", ""target_column"": ""Wind speed""}",lookup
A-L1-0058,1,sports,What is the Possession value for the Dragons?,"| Team | Possession | Wins | Goals conceded |
| --- | --- | --- | --- |
| Wolves | 33.0% | 6 | 34 |
| Tigers | 42.6% | 25 | 113 |
| Knights | 39.5% | 8 | 21 |
| Dragons | 61.2% | 18 | 22 |
| Cyclones | 58.0% | 23 | 55 |
| Comets | 36.2% | 5 | 18 |
| Bulls | 42.7% | 8 | 46 |","Answer the question using the table. Return only the requested value.

Table:
| Team | Possession | Wins | Goals conceded |
| --- | --- | --- | --- |
| Wolves | 33.0% | 6 | 34 |
| Tigers | 42.6% | 25 | 113 |
| Knights | 39.5% | 8 | 21 |
| Dragons | 61.2% | 18 | 22 |
| Cyclones | 58.0% | 23 | 55 |
| Comets | 36.2% | 5 | 18 |
| Bulls | 42.7% | 8 | 46 |

Question: What is the Possession value for the Dragons?",61.2%,"{""headers"": [""Team"", ""Possession"", ""Wins"", ""Goals conceded""], ""rows"": [[""Wolves"", ""33.0%"", ""6"", ""34""], [""Tigers"", ""42.6%"", ""25"", ""113""], [""Knights"", ""39.5%"", ""8"", ""21""], [""Dragons"", ""61.2%"", ""18"", ""22""], [""Cyclones"", ""58.0%"", ""23"", ""55""], [""Comets"", ""36.2%"", ""5"", ""18""], [""Bulls"", ""42.7%"", ""8"", ""46""]]}","{""row_index"": 3, ""column_index"": 1, ""row_identifier_column"": ""Team"", ""row_identifier_value"": ""Dragons"", ""target_column"": ""Possession""}",lookup
A-L1-0059,1,sports,What is the Losses value for the Sharks?,"| Wins | Losses | Possession | Points | Team |
| --- | --- | --- | --- | --- |
| 3 | 7 | 48.5% | 80 | Falcons |
| 14 | 27 | 52.2% | 61 | Sharks |
| 1 | 16 | 57.1% | 60 | Tigers |
| 5 | 26 | 31.2% | 43 | Wolves |","Answer the question using the table. Return only the requested value.

Table:
| Wins | Losses | Possession | Points | Team |
| --- | --- | --- | --- | --- |
| 3 | 7 | 48.5% | 80 | Falcons |
| 14 | 27 | 52.2% | 61 | Sharks |
| 1 | 16 | 57.1% | 60 | Tigers |
| 5 | 26 | 31.2% | 43 | Wolves |

Question: What is the Losses value for the Sharks?",27,"{""headers"": [""Wins"", ""Losses"", ""Possession"", ""Points"", ""Team""], ""rows"": [[""3"", ""7"", ""48.5%"", ""80"", ""Falcons""], [""14"", ""27"", ""52.2%"", ""61"", ""Sharks""], [""1"", ""16"", ""57.1%"", ""60"", ""Tigers""], [""5"", ""26"", ""31.2%"", ""43"", ""Wolves""]]}","{""row_index"": 1, ""column_index"": 1, ""row_identifier_column"": ""Team"", ""row_identifier_value"": ""Sharks"", ""target_column"": ""Losses""}",lookup
A-L1-0060,1,sports,How many Goals scored are listed for the Bulls?,"| Team | Possession | Wins | Goals scored | Points |
| --- | --- | --- | --- | --- |
| Panthers | 46.8% | 12 | 87 | 27 |
| Knights | 31.2% | 12 | 92 | 73 |
| Cyclones | 54.8% | 1 | 36 | 88 |
| Hawks | 32.4% | 17 | 40 | 71 |
| Tigers | 44.2% | 13 | 28 | 32 |
| Falcons | 50.0% | 20 | 117 | 47 |
| Sharks | 47.8% | 8 | 24 | 45 |
| Bulls | 47.3% | 5 | 97 | 83 |
| Comets | 40.0% | 28 | 107 | 77 |","Answer the question using the table. Return only the requested value.

Table:
| Team | Possession | Wins | Goals scored | Points |
| --- | --- | --- | --- | --- |
| Panthers | 46.8% | 12 | 87 | 27 |
| Knights | 31.2% | 12 | 92 | 73 |
| Cyclones | 54.8% | 1 | 36 | 88 |
| Hawks | 32.4% | 17 | 40 | 71 |
| Tigers | 44.2% | 13 | 28 | 32 |
| Falcons | 50.0% | 20 | 117 | 47 |
| Sharks | 47.8% | 8 | 24 | 45 |
| Bulls | 47.3% | 5 | 97 | 83 |
| Comets | 40.0% | 28 | 107 | 77 |

Question: How many Goals scored are listed for the Bulls?",97,"{""headers"": [""Team"", ""Possession"", ""Wins"", ""Goals scored"", ""Points""], ""rows"": [[""Panthers"", ""46.8%"", ""12"", ""87"", ""27""], [""Knights"", ""31.2%"", ""12"", ""92"", ""73""], [""Cyclones"", ""54.8%"", ""1"", ""36"", ""88""], [""Hawks"", ""32.4%"", ""17"", ""40"", ""71""], [""Tigers"", ""44.2%"", ""13"", ""28"", ""32""], [""Falcons"", ""50.0%"", ""20"", ""117"", ""47""], [""Sharks"", ""47.8%"", ""8"", ""24"", ""45""], [""Bulls"", ""47.3%"", ""5"", ""97"", ""83""], [""Comets"", ""40.0%"", ""28"", ""107"", ""77""]]}","{""row_index"": 7, ""column_index"": 3, ""row_identifier_column"": ""Team"", ""row_identifier_value"": ""Bulls"", ""target_column"": ""Goals scored""}",lookup
A-L1-0061,1,skydiving,What is David's Falling speed?,"| Altitude | Person | Heart rate | Air temperature | Falling speed | Elapsed time |
| --- | --- | --- | --- | --- | --- |
| 11255 m | Yuna | 111 bpm | 17.5 °C | 84.0 m/s | 56.8 s |
| 11659 m | Mina | 155 bpm | -10.8 °C | 75.2 m/s | 90.4 s |
| 7419 m | Nora | 76 bpm | -43.7 °C | 27.3 m/s | 20.8 s |
| 8988 m | David | 103 bpm | -22.4 °C | 39.2 m/s | 20.6 s |
| 9287 m | Lena | 147 bpm | 14.7 °C | 72.5 m/s | 53.0 s |
| 7028 m | Oliver | 107 bpm | -36.0 °C | 67.2 m/s | 58.2 s |","Answer the question using the table. Return only the requested value.

Table:
| Altitude | Person | Heart rate | Air temperature | Falling speed | Elapsed time |
| --- | --- | --- | --- | --- | --- |
| 11255 m | Yuna | 111 bpm | 17.5 °C | 84.0 m/s | 56.8 s |
| 11659 m | Mina | 155 bpm | -10.8 °C | 75.2 m/s | 90.4 s |
| 7419 m | Nora | 76 bpm | -43.7 °C | 27.3 m/s | 20.8 s |
| 8988 m | David | 103 bpm | -22.4 °C | 39.2 m/s | 20.6 s |
| 9287 m | Lena | 147 bpm | 14.7 °C | 72.5 m/s | 53.0 s |
| 7028 m | Oliver | 107 bpm | -36.0 °C | 67.2 m/s | 58.2 s |

Question: What is David's Falling speed?",39.2 m/s,"{""headers"": [""Altitude"", ""Person"", ""Heart rate"", ""Air temperature"", ""Falling speed"", ""Elapsed time""], ""rows"": [[""11255 m"", ""Yuna"", ""111 bpm"", ""17.5 °C"", ""84.0 m/s"", ""56.8 s""], [""11659 m"", ""Mina"", ""155 bpm"", ""-10.8 °C"", ""75.2 m/s"", ""90.4 s""], [""7419 m"", ""Nora"", ""76 bpm"", ""-43.7 °C"", ""27.3 m/s"", ""20.8 s""], [""8988 m"", ""David"", ""103 bpm"", ""-22.4 °C"", ""39.2 m/s"", ""20.6 s""], [""9287 m"", ""Lena"", ""147 bpm"", ""14.7 °C"", ""72.5 m/s"", ""53.0 s""], [""7028 m"", ""Oliver"", ""107 bpm"", ""-36.0 °C"", ""67.2 m/s"", ""58.2 s""]]}","{""row_index"": 3, ""column_index"": 4, ""row_identifier_column"": ""Person"", ""row_identifier_value"": ""David"", ""target_column"": ""Falling speed""}",lookup
A-L1-0062,1,ml_experiments,Look up model Nova. What is its Recall?,"| Memory | Recall | Latency | Model |
| --- | --- | --- | --- |
| 14.3 GB | 77.5% | 112.0 ms | Nova |
| 5.4 GB | 73.9% | 128.5 ms | Helix |
| 13.7 GB | 78.1% | 139.7 ms | Delta |
| 3.3 GB | 77.8% | 60.0 ms | Vertex |
| 7.3 GB | 85.9% | 116.5 ms | Zenith |
| 11.9 GB | 68.5% | 55.8 ms | Nimbus |
| 0.5 GB | 58.7% | 127.6 ms | Atlas |
| 10.8 GB | 67.5% | 147.3 ms | Sigma |","Answer the question using the table. Return only the requested value.

Table:
| Memory | Recall | Latency | Model |
| --- | --- | --- | --- |
| 14.3 GB | 77.5% | 112.0 ms | Nova |
| 5.4 GB | 73.9% | 128.5 ms | Helix |
| 13.7 GB | 78.1% | 139.7 ms | Delta |
| 3.3 GB | 77.8% | 60.0 ms | Vertex |
| 7.3 GB | 85.9% | 116.5 ms | Zenith |
| 11.9 GB | 68.5% | 55.8 ms | Nimbus |
| 0.5 GB | 58.7% | 127.6 ms | Atlas |
| 10.8 GB | 67.5% | 147.3 ms | Sigma |

Question: Look up model Nova. What is its Recall?",77.5%,"{""headers"": [""Memory"", ""Recall"", ""Latency"", ""Model""], ""rows"": [[""14.3 GB"", ""77.5%"", ""112.0 ms"", ""Nova""], [""5.4 GB"", ""73.9%"", ""128.5 ms"", ""Helix""], [""13.7 GB"", ""78.1%"", ""139.7 ms"", ""Delta""], [""3.3 GB"", ""77.8%"", ""60.0 ms"", ""Vertex""], [""7.3 GB"", ""85.9%"", ""116.5 ms"", ""Zenith""], [""11.9 GB"", ""68.5%"", ""55.8 ms"", ""Nimbus""], [""0.5 GB"", ""58.7%"", ""127.6 ms"", ""Atlas""], [""10.8 GB"", ""67.5%"", ""147.3 ms"", ""Sigma""]]}","{""row_index"": 0, ""column_index"": 1, ""row_identifier_column"": ""Model"", ""row_identifier_value"": ""Nova"", ""target_column"": ""Recall""}",lookup
A-L1-0063,1,ml_experiments,What F1 score is reported for model Zenith?,"| Precision | Latency | Accuracy | F1 score | Recall | Model |
| --- | --- | --- | --- | --- | --- |
| 65.5% | 50.7 ms | 88.5% | 63.8% | 85.4% | Aurora |
| 70.9% | 151.8 ms | 82.3% | 57.5% | 52.4% | Sigma |
| 79.0% | 90.8 ms | 94.5% | 68.6% | 97.5% | Nova |
| 87.2% | 33.9 ms | 62.9% | 68.4% | 96.6% | Echo |
| 82.0% | 20.4 ms | 95.0% | 79.1% | 76.8% | Atlas |
| 94.1% | 169.9 ms | 61.2% | 58.1% | 73.7% | Helix |
| 69.0% | 152.9 ms | 62.9% | 64.5% | 58.0% | Nimbus |
| 85.2% | 156.1 ms | 78.7% | 81.9% | 55.0% | Delta |
| 85.7% | 40.2 ms | 63.9% | 59.3% | 57.7% | Zenith |","Answer the question using the table. Return only the requested value.

Table:
| Precision | Latency | Accuracy | F1 score | Recall | Model |
| --- | --- | --- | --- | --- | --- |
| 65.5% | 50.7 ms | 88.5% | 63.8% | 85.4% | Aurora |
| 70.9% | 151.8 ms | 82.3% | 57.5% | 52.4% | Sigma |
| 79.0% | 90.8 ms | 94.5% | 68.6% | 97.5% | Nova |
| 87.2% | 33.9 ms | 62.9% | 68.4% | 96.6% | Echo |
| 82.0% | 20.4 ms | 95.0% | 79.1% | 76.8% | Atlas |
| 94.1% | 169.9 ms | 61.2% | 58.1% | 73.7% | Helix |
| 69.0% | 152.9 ms | 62.9% | 64.5% | 58.0% | Nimbus |
| 85.2% | 156.1 ms | 78.7% | 81.9% | 55.0% | Delta |
| 85.7% | 40.2 ms | 63.9% | 59.3% | 57.7% | Zenith |

Question: What F1 score is reported for model Zenith?",59.3%,"{""headers"": [""Precision"", ""Latency"", ""Accuracy"", ""F1 score"", ""Recall"", ""Model""], ""rows"": [[""65.5%"", ""50.7 ms"", ""88.5%"", ""63.8%"", ""85.4%"", ""Aurora""], [""70.9%"", ""151.8 ms"", ""82.3%"", ""57.5%"", ""52.4%"", ""Sigma""], [""79.0%"", ""90.8 ms"", ""94.5%"", ""68.6%"", ""97.5%"", ""Nova""], [""87.2%"", ""33.9 ms"", ""62.9%"", ""68.4%"", ""96.6%"", ""Echo""], [""82.0%"", ""20.4 ms"", ""95.0%"", ""79.1%"", ""76.8%"", ""Atlas""], [""94.1%"", ""169.9 ms"", ""61.2%"", ""58.1%"", ""73.7%"", ""Helix""], [""69.0%"", ""152.9 ms"", ""62.9%"", ""64.5%"", ""58.0%"", ""Nimbus""], [""85.2%"", ""156.1 ms"", ""78.7%"", ""81.9%"", ""55.0%"", ""Delta""], [""85.7%"", ""40.2 ms"", ""63.9%"", ""59.3%"", ""57.7%"", ""Zenith""]]}","{""row_index"": 8, ""column_index"": 3, ""row_identifier_column"": ""Model"", ""row_identifier_value"": ""Zenith"", ""target_column"": ""F1 score""}",lookup
A-L1-0064,1,weather,What Visibility was recorded at station Fairview?,"| Temperature | Visibility | Rainfall | Humidity | Pressure | Station |
| --- | --- | --- | --- | --- | --- |
| -5.1 °C | 8.3 km | 3.8 mm | 84% | 978.4 hPa | Lakeside |
| 27.8 °C | 7.2 km | 35.2 mm | 20% | 1013.2 hPa | Fairview |
| 5.5 °C | 20.8 km | 44.4 mm | 93% | 1036.2 hPa | Pinehurst |
| 14.9 °C | 3.4 km | 12.8 mm | 70% | 1006.6 hPa | Hillcrest |","Answer the question using the table. Return only the requested value.

Table:
| Temperature | Visibility | Rainfall | Humidity | Pressure | Station |
| --- | --- | --- | --- | --- | --- |
| -5.1 °C | 8.3 km | 3.8 mm | 84% | 978.4 hPa | Lakeside |
| 27.8 °C | 7.2 km | 35.2 mm | 20% | 1013.2 hPa | Fairview |
| 5.5 °C | 20.8 km | 44.4 mm | 93% | 1036.2 hPa | Pinehurst |
| 14.9 °C | 3.4 km | 12.8 mm | 70% | 1006.6 hPa | Hillcrest |

Question: What Visibility was recorded at station Fairview?",7.2 km,"{""headers"": [""Temperature"", ""Visibility"", ""Rainfall"", ""Humidity"", ""Pressure"", ""Station""], ""rows"": [[""-5.1 °C"", ""8.3 km"", ""3.8 mm"", ""84%"", ""978.4 hPa"", ""Lakeside""], [""27.8 °C"", ""7.2 km"", ""35.2 mm"", ""20%"", ""1013.2 hPa"", ""Fairview""], [""5.5 °C"", ""20.8 km"", ""44.4 mm"", ""93%"", ""1036.2 hPa"", ""Pinehurst""], [""14.9 °C"", ""3.4 km"", ""12.8 mm"", ""70%"", ""1006.6 hPa"", ""Hillcrest""]]}","{""row_index"": 1, ""column_index"": 1, ""row_identifier_column"": ""Station"", ""row_identifier_value"": ""Fairview"", ""target_column"": ""Visibility""}",lookup
A-L1-0065,1,weather,What Humidity was recorded at station Maple?,"| Wind speed | Pressure | Rainfall | Humidity | Station | Temperature | Visibility |
| --- | --- | --- | --- | --- | --- | --- |
| 14.1 m/s | 982.0 hPa | 57.9 mm | 29% | Orion | 15.3 °C | 18.7 km |
| 3.5 m/s | 994.1 hPa | 66.3 mm | 95% | Westhaven | 15.0 °C | 3.6 km |
| 27.4 m/s | 1007.0 hPa | 12.7 mm | 64% | Riverton | -14.3 °C | 3.8 km |
| 30.0 m/s | 991.2 hPa | 78.0 mm | 61% | Maple | -10.4 °C | 15.8 km |
| 30.7 m/s | 1025.4 hPa | 55.7 mm | 88% | Clearwater | 26.6 °C | 8.3 km |","Answer the question using the table. Return only the requested value.

Table:
| Wind speed | Pressure | Rainfall | Humidity | Station | Temperature | Visibility |
| --- | --- | --- | --- | --- | --- | --- |
| 14.1 m/s | 982.0 hPa | 57.9 mm | 29% | Orion | 15.3 °C | 18.7 km |
| 3.5 m/s | 994.1 hPa | 66.3 mm | 95% | Westhaven | 15.0 °C | 3.6 km |
| 27.4 m/s | 1007.0 hPa | 12.7 mm | 64% | Riverton | -14.3 °C | 3.8 km |
| 30.0 m/s | 991.2 hPa | 78.0 mm | 61% | Maple | -10.4 °C | 15.8 km |
| 30.7 m/s | 1025.4 hPa | 55.7 mm | 88% | Clearwater | 26.6 °C | 8.3 km |

Question: What Humidity was recorded at station Maple?",61%,"{""headers"": [""Wind speed"", ""Pressure"", ""Rainfall"", ""Humidity"", ""Station"", ""Temperature"", ""Visibility""], ""rows"": [[""14.1 m/s"", ""982.0 hPa"", ""57.9 mm"", ""29%"", ""Orion"", ""15.3 °C"", ""18.7 km""], [""3.5 m/s"", ""994.1 hPa"", ""66.3 mm"", ""95%"", ""Westhaven"", ""15.0 °C"", ""3.6 km""], [""27.4 m/s"", ""1007.0 hPa"", ""12.7 mm"", ""64%"", ""Riverton"", ""-14.3 °C"", ""3.8 km""], [""30.0 m/s"", ""991.2 hPa"", ""78.0 mm"", ""61%"", ""Maple"", ""-10.4 °C"", ""15.8 km""], [""30.7 m/s"", ""1025.4 hPa"", ""55.7 mm"", ""88%"", ""Clearwater"", ""26.6 °C"", ""8.3 km""]]}","{""row_index"": 3, ""column_index"": 3, ""row_identifier_column"": ""Station"", ""row_identifier_value"": ""Maple"", ""target_column"": ""Humidity""}",lookup
A-L1-0066,1,sports,"In the table, what Goals conceded do the Ravens have?","| Team | Possession | Losses | Points | Goals conceded | Goals scored |
| --- | --- | --- | --- | --- | --- |
| Knights | 46.3% | 27 | 76 | 52 | 67 |
| Comets | 51.0% | 5 | 13 | 29 | 77 |
| Ravens | 65.0% | 7 | 17 | 9 | 30 |
| Panthers | 62.8% | 2 | 30 | 44 | 70 |
| Sharks | 33.6% | 29 | 37 | 110 | 61 |
| Tigers | 58.4% | 24 | 27 | 113 | 56 |","Answer the question using the table. Return only the requested value.

Table:
| Team | Possession | Losses | Points | Goals conceded | Goals scored |
| --- | --- | --- | --- | --- | --- |
| Knights | 46.3% | 27 | 76 | 52 | 67 |
| Comets | 51.0% | 5 | 13 | 29 | 77 |
| Ravens | 65.0% | 7 | 17 | 9 | 30 |
| Panthers | 62.8% | 2 | 30 | 44 | 70 |
| Sharks | 33.6% | 29 | 37 | 110 | 61 |
| Tigers | 58.4% | 24 | 27 | 113 | 56 |

Question: In the table, what Goals conceded do the Ravens have?",9,"{""headers"": [""Team"", ""Possession"", ""Losses"", ""Points"", ""Goals conceded"", ""Goals scored""], ""rows"": [[""Knights"", ""46.3%"", ""27"", ""76"", ""52"", ""67""], [""Comets"", ""51.0%"", ""5"", ""13"", ""29"", ""77""], [""Ravens"", ""65.0%"", ""7"", ""17"", ""9"", ""30""], [""Panthers"", ""62.8%"", ""2"", ""30"", ""44"", ""70""], [""Sharks"", ""33.6%"", ""29"", ""37"", ""110"", ""61""], [""Tigers"", ""58.4%"", ""24"", ""27"", ""113"", ""56""]]}","{""row_index"": 2, ""column_index"": 4, ""row_identifier_column"": ""Team"", ""row_identifier_value"": ""Ravens"", ""target_column"": ""Goals conceded""}",lookup
A-L1-0067,1,skydiving,Find David. What Heart rate is listed?,"| Altitude | Person | Heart rate | Falling speed | Air temperature | Air pressure |
| --- | --- | --- | --- | --- | --- |
| 1743 m | Theo | 77 bpm | 61.5 m/s | -26.2 °C | 99.1 kPa |
| 9980 m | Ryan | 112 bpm | 53.0 m/s | -2.3 °C | 28.2 kPa |
| 10982 m | Jisoo | 138 bpm | 71.1 m/s | -44.4 °C | 68.1 kPa |
| 11597 m | David | 160 bpm | 34.8 m/s | -8.9 °C | 71.8 kPa |
| 10198 m | Hana | 109 bpm | 55.7 m/s | -3.3 °C | 71.8 kPa |
| 3503 m | Iris | 145 bpm | 63.4 m/s | 9.3 °C | 91.4 kPa |
| 5209 m | Yuna | 72 bpm | 65.7 m/s | -28.0 °C | 82.4 kPa |
| 9758 m | Nora | 102 bpm | 25.5 m/s | -29.1 °C | 97.4 kPa |
| 4829 m | Lena | 107 bpm | 63.6 m/s | -18.3 °C | 40.2 kPa |","Answer the question using the table. Return only the requested value.

Table:
| Altitude | Person | Heart rate | Falling speed | Air temperature | Air pressure |
| --- | --- | --- | --- | --- | --- |
| 1743 m | Theo | 77 bpm | 61.5 m/s | -26.2 °C | 99.1 kPa |
| 9980 m | Ryan | 112 bpm | 53.0 m/s | -2.3 °C | 28.2 kPa |
| 10982 m | Jisoo | 138 bpm | 71.1 m/s | -44.4 °C | 68.1 kPa |
| 11597 m | David | 160 bpm | 34.8 m/s | -8.9 °C | 71.8 kPa |
| 10198 m | Hana | 109 bpm | 55.7 m/s | -3.3 °C | 71.8 kPa |
| 3503 m | Iris | 145 bpm | 63.4 m/s | 9.3 °C | 91.4 kPa |
| 5209 m | Yuna | 72 bpm | 65.7 m/s | -28.0 °C | 82.4 kPa |
| 9758 m | Nora | 102 bpm | 25.5 m/s | -29.1 °C | 97.4 kPa |
| 4829 m | Lena | 107 bpm | 63.6 m/s | -18.3 °C | 40.2 kPa |

Question: Find David. What Heart rate is listed?",160 bpm,"{""headers"": [""Altitude"", ""Person"", ""Heart rate"", ""Falling speed"", ""Air temperature"", ""Air pressure""], ""rows"": [[""1743 m"", ""Theo"", ""77 bpm"", ""61.5 m/s"", ""-26.2 °C"", ""99.1 kPa""], [""9980 m"", ""Ryan"", ""112 bpm"", ""53.0 m/s"", ""-2.3 °C"", ""28.2 kPa""], [""10982 m"", ""Jisoo"", ""138 bpm"", ""71.1 m/s"", ""-44.4 °C"", ""68.1 kPa""], [""11597 m"", ""David"", ""160 bpm"", ""34.8 m/s"", ""-8.9 °C"", ""71.8 kPa""], [""10198 m"", ""Hana"", ""109 bpm"", ""55.7 m/s"", ""-3.3 °C"", ""71.8 kPa""], [""3503 m"", ""Iris"", ""145 bpm"", ""63.4 m/s"", ""9.3 °C"", ""91.4 kPa""], [""5209 m"", ""Yuna"", ""72 bpm"", ""65.7 m/s"", ""-28.0 °C"", ""82.4 kPa""], [""9758 m"", ""Nora"", ""102 bpm"", ""25.5 m/s"", ""-29.1 °C"", ""97.4 kPa""], [""4829 m"", ""Lena"", ""107 bpm"", ""63.6 m/s"", ""-18.3 °C"", ""40.2 kPa""]]}","{""row_index"": 3, ""column_index"": 2, ""row_identifier_column"": ""Person"", ""row_identifier_value"": ""David"", ""target_column"": ""Heart rate""}",lookup
A-L1-0068,1,weather,"According to the weather table, what is the Pressure at Orion?","| Pressure | Wind speed | Humidity | Station | Visibility |
| --- | --- | --- | --- | --- |
| 1034.2 hPa | 19.6 m/s | 91% | Westhaven | 27.0 km |
| 954.6 hPa | 22.9 m/s | 33% | Pinehurst | 26.2 km |
| 1011.5 hPa | 10.3 m/s | 54% | Hillcrest | 21.9 km |
| 1002.3 hPa | 10.5 m/s | 29% | Lakeside | 17.0 km |
| 935.9 hPa | 16.2 m/s | 25% | Clearwater | 19.2 km |
| 970.9 hPa | 14.7 m/s | 89% | Orion | 17.8 km |","Answer the question using the table. Return only the requested value.

Table:
| Pressure | Wind speed | Humidity | Station | Visibility |
| --- | --- | --- | --- | --- |
| 1034.2 hPa | 19.6 m/s | 91% | Westhaven | 27.0 km |
| 954.6 hPa | 22.9 m/s | 33% | Pinehurst | 26.2 km |
| 1011.5 hPa | 10.3 m/s | 54% | Hillcrest | 21.9 km |
| 1002.3 hPa | 10.5 m/s | 29% | Lakeside | 17.0 km |
| 935.9 hPa | 16.2 m/s | 25% | Clearwater | 19.2 km |
| 970.9 hPa | 14.7 m/s | 89% | Orion | 17.8 km |

Question: According to the weather table, what is the Pressure at Orion?",970.9 hPa,"{""headers"": [""Pressure"", ""Wind speed"", ""Humidity"", ""Station"", ""Visibility""], ""rows"": [[""1034.2 hPa"", ""19.6 m/s"", ""91%"", ""Westhaven"", ""27.0 km""], [""954.6 hPa"", ""22.9 m/s"", ""33%"", ""Pinehurst"", ""26.2 km""], [""1011.5 hPa"", ""10.3 m/s"", ""54%"", ""Hillcrest"", ""21.9 km""], [""1002.3 hPa"", ""10.5 m/s"", ""29%"", ""Lakeside"", ""17.0 km""], [""935.9 hPa"", ""16.2 m/s"", ""25%"", ""Clearwater"", ""19.2 km""], [""970.9 hPa"", ""14.7 m/s"", ""89%"", ""Orion"", ""17.8 km""]]}","{""row_index"": 5, ""column_index"": 0, ""row_identifier_column"": ""Station"", ""row_identifier_value"": ""Orion"", ""target_column"": ""Pressure""}",lookup
A-L1-0069,1,sports,What is the Goals conceded value for the Wolves?,"| Goals scored | Possession | Losses | Wins | Points | Team | Goals conceded |
| --- | --- | --- | --- | --- | --- | --- |
| 49 | 39.1% | 23 | 28 | 41 | Sharks | 44 |
| 6 | 59.2% | 17 | 30 | 35 | Dragons | 119 |
| 5 | 37.6% | 10 | 21 | 77 | Ravens | 85 |
| 86 | 35.2% | 24 | 13 | 21 | Bulls | 59 |
| 5 | 68.6% | 12 | 12 | 64 | Comets | 9 |
| 40 | 32.3% | 10 | 14 | 91 | Falcons | 31 |
| 67 | 53.1% | 24 | 5 | 31 | Wolves | 105 |","Answer the question using the table. Return only the requested value.

Table:
| Goals scored | Possession | Losses | Wins | Points | Team | Goals conceded |
| --- | --- | --- | --- | --- | --- | --- |
| 49 | 39.1% | 23 | 28 | 41 | Sharks | 44 |
| 6 | 59.2% | 17 | 30 | 35 | Dragons | 119 |
| 5 | 37.6% | 10 | 21 | 77 | Ravens | 85 |
| 86 | 35.2% | 24 | 13 | 21 | Bulls | 59 |
| 5 | 68.6% | 12 | 12 | 64 | Comets | 9 |
| 40 | 32.3% | 10 | 14 | 91 | Falcons | 31 |
| 67 | 53.1% | 24 | 5 | 31 | Wolves | 105 |

Question: What is the Goals conceded value for the Wolves?",105,"{""headers"": [""Goals scored"", ""Possession"", ""Losses"", ""Wins"", ""Points"", ""Team"", ""Goals conceded""], ""rows"": [[""49"", ""39.1%"", ""23"", ""28"", ""41"", ""Sharks"", ""44""], [""6"", ""59.2%"", ""17"", ""30"", ""35"", ""Dragons"", ""119""], [""5"", ""37.6%"", ""10"", ""21"", ""77"", ""Ravens"", ""85""], [""86"", ""35.2%"", ""24"", ""13"", ""21"", ""Bulls"", ""59""], [""5"", ""68.6%"", ""12"", ""12"", ""64"", ""Comets"", ""9""], [""40"", ""32.3%"", ""10"", ""14"", ""91"", ""Falcons"", ""31""], [""67"", ""53.1%"", ""24"", ""5"", ""31"", ""Wolves"", ""105""]]}","{""row_index"": 6, ""column_index"": 6, ""row_identifier_column"": ""Team"", ""row_identifier_value"": ""Wolves"", ""target_column"": ""Goals conceded""}",lookup
A-L1-0070,1,race,Find Leo's row. What is the Tire temperature?,"| Fuel remaining | Pit time | Top speed | Lap time | Position | Driver | Tire temperature |
| --- | --- | --- | --- | --- | --- | --- |
| 34.5 L | 17.11 s | 183.6 km/h | 110.55 s | 4 | Jisoo | 101.0 °C |
| 25.5 L | 29.77 s | 207.6 km/h | 95.32 s | 1 | Noah | 109.7 °C |
| 5.8 L | 44.76 s | 318.8 km/h | 109.43 s | 20 | Nora | 109.6 °C |
| 57.5 L | 35.65 s | 210.4 km/h | 105.12 s | 12 | Leo | 88.1 °C |
| 34.7 L | 40.44 s | 289.0 km/h | 77.95 s | 5 | Hana | 98.4 °C |","Answer the question using the table. Return only the requested value.

Table:
| Fuel remaining | Pit time | Top speed | Lap time | Position | Driver | Tire temperature |
| --- | --- | --- | --- | --- | --- | --- |
| 34.5 L | 17.11 s | 183.6 km/h | 110.55 s | 4 | Jisoo | 101.0 °C |
| 25.5 L | 29.77 s | 207.6 km/h | 95.32 s | 1 | Noah | 109.7 °C |
| 5.8 L | 44.76 s | 318.8 km/h | 109.43 s | 20 | Nora | 109.6 °C |
| 57.5 L | 35.65 s | 210.4 km/h | 105.12 s | 12 | Leo | 88.1 °C |
| 34.7 L | 40.44 s | 289.0 km/h | 77.95 s | 5 | Hana | 98.4 °C |

Question: Find Leo's row. What is the Tire temperature?",88.1 °C,"{""headers"": [""Fuel remaining"", ""Pit time"", ""Top speed"", ""Lap time"", ""Position"", ""Driver"", ""Tire temperature""], ""rows"": [[""34.5 L"", ""17.11 s"", ""183.6 km/h"", ""110.55 s"", ""4"", ""Jisoo"", ""101.0 °C""], [""25.5 L"", ""29.77 s"", ""207.6 km/h"", ""95.32 s"", ""1"", ""Noah"", ""109.7 °C""], [""5.8 L"", ""44.76 s"", ""318.8 km/h"", ""109.43 s"", ""20"", ""Nora"", ""109.6 °C""], [""57.5 L"", ""35.65 s"", ""210.4 km/h"", ""105.12 s"", ""12"", ""Leo"", ""88.1 °C""], [""34.7 L"", ""40.44 s"", ""289.0 km/h"", ""77.95 s"", ""5"", ""Hana"", ""98.4 °C""]]}","{""row_index"": 3, ""column_index"": 6, ""row_identifier_column"": ""Driver"", ""row_identifier_value"": ""Leo"", ""target_column"": ""Tire temperature""}",lookup
A-L1-0071,1,lab,Look at Sample-F. What is its recorded Density?,"| Density | pH | Volume | Mass | Conductivity | Temperature | Sample |
| --- | --- | --- | --- | --- | --- | --- |
| 3.48 g/mL | 9.39 | 78.9 mL | 379.6 g | 1.24 mS/cm | 13.5 °C | Sample-C |
| 3.57 g/mL | 3.71 | 166.2 mL | 220.0 g | 15.58 mS/cm | 37.2 °C | Sample-A |
| 1.54 g/mL | 3.01 | 181.2 mL | 117.1 g | 24.72 mS/cm | 28.0 °C | Sample-G |
| 3.31 g/mL | 3.00 | 116.6 mL | 21.6 g | 7.34 mS/cm | 20.7 °C | Sample-E |
| 2.29 g/mL | 10.35 | 226.8 mL | 76.3 g | 2.34 mS/cm | 65.2 °C | Sample-F |","Answer the question using the table. Return only the requested value.

Table:
| Density | pH | Volume | Mass | Conductivity | Temperature | Sample |
| --- | --- | --- | --- | --- | --- | --- |
| 3.48 g/mL | 9.39 | 78.9 mL | 379.6 g | 1.24 mS/cm | 13.5 °C | Sample-C |
| 3.57 g/mL | 3.71 | 166.2 mL | 220.0 g | 15.58 mS/cm | 37.2 °C | Sample-A |
| 1.54 g/mL | 3.01 | 181.2 mL | 117.1 g | 24.72 mS/cm | 28.0 °C | Sample-G |
| 3.31 g/mL | 3.00 | 116.6 mL | 21.6 g | 7.34 mS/cm | 20.7 °C | Sample-E |
| 2.29 g/mL | 10.35 | 226.8 mL | 76.3 g | 2.34 mS/cm | 65.2 °C | Sample-F |

Question: Look at Sample-F. What is its recorded Density?",2.29 g/mL,"{""headers"": [""Density"", ""pH"", ""Volume"", ""Mass"", ""Conductivity"", ""Temperature"", ""Sample""], ""rows"": [[""3.48 g/mL"", ""9.39"", ""78.9 mL"", ""379.6 g"", ""1.24 mS/cm"", ""13.5 °C"", ""Sample-C""], [""3.57 g/mL"", ""3.71"", ""166.2 mL"", ""220.0 g"", ""15.58 mS/cm"", ""37.2 °C"", ""Sample-A""], [""1.54 g/mL"", ""3.01"", ""181.2 mL"", ""117.1 g"", ""24.72 mS/cm"", ""28.0 °C"", ""Sample-G""], [""3.31 g/mL"", ""3.00"", ""116.6 mL"", ""21.6 g"", ""7.34 mS/cm"", ""20.7 °C"", ""Sample-E""], [""2.29 g/mL"", ""10.35"", ""226.8 mL"", ""76.3 g"", ""2.34 mS/cm"", ""65.2 °C"", ""Sample-F""]]}","{""row_index"": 4, ""column_index"": 0, ""row_identifier_column"": ""Sample"", ""row_identifier_value"": ""Sample-F"", ""target_column"": ""Density""}",lookup
A-L1-0072,1,weather,What Visibility was recorded at station Hillcrest?,"| Station | Rainfall | Pressure | Visibility |
| --- | --- | --- | --- |
| Hillcrest | 44.6 mm | 1025.5 hPa | 22.4 km |
| Clearwater | 75.4 mm | 983.7 hPa | 13.5 km |
| Maple | 73.3 mm | 997.2 hPa | 26.5 km |
| Westhaven | 52.0 mm | 978.2 hPa | 23.5 km |
| Orion | 55.7 mm | 937.0 hPa | 0.9 km |
| Cedar | 75.8 mm | 1010.0 hPa | 14.8 km |
| Pinehurst | 19.0 mm | 1009.6 hPa | 28.7 km |","Answer the question using the table. Return only the requested value.

Table:
| Station | Rainfall | Pressure | Visibility |
| --- | --- | --- | --- |
| Hillcrest | 44.6 mm | 1025.5 hPa | 22.4 km |
| Clearwater | 75.4 mm | 983.7 hPa | 13.5 km |
| Maple | 73.3 mm | 997.2 hPa | 26.5 km |
| Westhaven | 52.0 mm | 978.2 hPa | 23.5 km |
| Orion | 55.7 mm | 937.0 hPa | 0.9 km |
| Cedar | 75.8 mm | 1010.0 hPa | 14.8 km |
| Pinehurst | 19.0 mm | 1009.6 hPa | 28.7 km |

Question: What Visibility was recorded at station Hillcrest?",22.4 km,"{""headers"": [""Station"", ""Rainfall"", ""Pressure"", ""Visibility""], ""rows"": [[""Hillcrest"", ""44.6 mm"", ""1025.5 hPa"", ""22.4 km""], [""Clearwater"", ""75.4 mm"", ""983.7 hPa"", ""13.5 km""], [""Maple"", ""73.3 mm"", ""997.2 hPa"", ""26.5 km""], [""Westhaven"", ""52.0 mm"", ""978.2 hPa"", ""23.5 km""], [""Orion"", ""55.7 mm"", ""937.0 hPa"", ""0.9 km""], [""Cedar"", ""75.8 mm"", ""1010.0 hPa"", ""14.8 km""], [""Pinehurst"", ""19.0 mm"", ""1009.6 hPa"", ""28.7 km""]]}","{""row_index"": 0, ""column_index"": 3, ""row_identifier_column"": ""Station"", ""row_identifier_value"": ""Hillcrest"", ""target_column"": ""Visibility""}",lookup
A-L1-0073,1,lab,What is the Temperature of Sample-H?,"| Sample | pH | Volume | Temperature |
| --- | --- | --- | --- |
| Sample-B | 7.08 | 168.2 mL | 23.6 °C |
| Sample-D | 8.04 | 76.8 mL | 60.7 °C |
| Sample-H | 8.53 | 103.7 mL | 14.2 °C |
| Sample-I | 6.47 | 124.8 mL | 15.7 °C |
| Sample-L | 6.03 | 115.3 mL | 26.1 °C |
| Sample-A | 2.50 | 161.2 mL | 25.0 °C |
| Sample-C | 10.01 | 214.3 mL | 45.3 °C |
| Sample-G | 7.57 | 23.6 mL | 5.0 °C |","Answer the question using the table. Return only the requested value.

Table:
| Sample | pH | Volume | Temperature |
| --- | --- | --- | --- |
| Sample-B | 7.08 | 168.2 mL | 23.6 °C |
| Sample-D | 8.04 | 76.8 mL | 60.7 °C |
| Sample-H | 8.53 | 103.7 mL | 14.2 °C |
| Sample-I | 6.47 | 124.8 mL | 15.7 °C |
| Sample-L | 6.03 | 115.3 mL | 26.1 °C |
| Sample-A | 2.50 | 161.2 mL | 25.0 °C |
| Sample-C | 10.01 | 214.3 mL | 45.3 °C |
| Sample-G | 7.57 | 23.6 mL | 5.0 °C |

Question: What is the Temperature of Sample-H?",14.2 °C,"{""headers"": [""Sample"", ""pH"", ""Volume"", ""Temperature""], ""rows"": [[""Sample-B"", ""7.08"", ""168.2 mL"", ""23.6 °C""], [""Sample-D"", ""8.04"", ""76.8 mL"", ""60.7 °C""], [""Sample-H"", ""8.53"", ""103.7 mL"", ""14.2 °C""], [""Sample-I"", ""6.47"", ""124.8 mL"", ""15.7 °C""], [""Sample-L"", ""6.03"", ""115.3 mL"", ""26.1 °C""], [""Sample-A"", ""2.50"", ""161.2 mL"", ""25.0 °C""], [""Sample-C"", ""10.01"", ""214.3 mL"", ""45.3 °C""], [""Sample-G"", ""7.57"", ""23.6 mL"", ""5.0 °C""]]}","{""row_index"": 2, ""column_index"": 3, ""row_identifier_column"": ""Sample"", ""row_identifier_value"": ""Sample-H"", ""target_column"": ""Temperature""}",lookup
A-L1-0074,1,skydiving,"According to the table, what is the Heart rate for Alex?","| Falling speed | Person | Air pressure | Heart rate |
| --- | --- | --- | --- |
| 54.9 m/s | Alex | 62.4 kPa | 75 bpm |
| 80.8 m/s | David | 51.4 kPa | 118 bpm |
| 64.5 m/s | Maya | 96.5 kPa | 84 bpm |
| 81.1 m/s | Theo | 87.1 kPa | 121 bpm |
| 60.3 m/s | Emma | 81.8 kPa | 117 bpm |
| 49.9 m/s | Jisoo | 94.1 kPa | 158 bpm |
| 31.4 m/s | Yuna | 68.9 kPa | 90 bpm |
| 55.5 m/s | Sofia | 93.7 kPa | 89 bpm |
| 71.9 m/s | Leo | 77.3 kPa | 81 bpm |","Answer the question using the table. Return only the requested value.

Table:
| Falling speed | Person | Air pressure | Heart rate |
| --- | --- | --- | --- |
| 54.9 m/s | Alex | 62.4 kPa | 75 bpm |
| 80.8 m/s | David | 51.4 kPa | 118 bpm |
| 64.5 m/s | Maya | 96.5 kPa | 84 bpm |
| 81.1 m/s | Theo | 87.1 kPa | 121 bpm |
| 60.3 m/s | Emma | 81.8 kPa | 117 bpm |
| 49.9 m/s | Jisoo | 94.1 kPa | 158 bpm |
| 31.4 m/s | Yuna | 68.9 kPa | 90 bpm |
| 55.5 m/s | Sofia | 93.7 kPa | 89 bpm |
| 71.9 m/s | Leo | 77.3 kPa | 81 bpm |

Question: According to the table, what is the Heart rate for Alex?",75 bpm,"{""headers"": [""Falling speed"", ""Person"", ""Air pressure"", ""Heart rate""], ""rows"": [[""54.9 m/s"", ""Alex"", ""62.4 kPa"", ""75 bpm""], [""80.8 m/s"", ""David"", ""51.4 kPa"", ""118 bpm""], [""64.5 m/s"", ""Maya"", ""96.5 kPa"", ""84 bpm""], [""81.1 m/s"", ""Theo"", ""87.1 kPa"", ""121 bpm""], [""60.3 m/s"", ""Emma"", ""81.8 kPa"", ""117 bpm""], [""49.9 m/s"", ""Jisoo"", ""94.1 kPa"", ""158 bpm""], [""31.4 m/s"", ""Yuna"", ""68.9 kPa"", ""90 bpm""], [""55.5 m/s"", ""Sofia"", ""93.7 kPa"", ""89 bpm""], [""71.9 m/s"", ""Leo"", ""77.3 kPa"", ""81 bpm""]]}","{""row_index"": 0, ""column_index"": 3, ""row_identifier_column"": ""Person"", ""row_identifier_value"": ""Alex"", ""target_column"": ""Heart rate""}",lookup
A-L1-0075,1,weather,"According to the weather table, what is the Rainfall at Fairview?","| Visibility | Pressure | Temperature | Station | Wind speed | Rainfall |
| --- | --- | --- | --- | --- | --- |
| 12.8 km | 961.5 hPa | 29.9 °C | Pinehurst | 29.4 m/s | 63.6 mm |
| 6.4 km | 961.5 hPa | -1.7 °C | Clearwater | 5.6 m/s | 63.8 mm |
| 24.3 km | 946.0 hPa | 20.5 °C | Hillcrest | 0.9 m/s | 44.4 mm |
| 19.7 km | 1006.4 hPa | 2.1 °C | Fairview | 17.6 m/s | 81.5 mm |
| 3.9 km | 992.8 hPa | 20.4 °C | Maple | 16.8 m/s | 29.9 mm |
| 18.9 km | 1004.0 hPa | 37.0 °C | Lakeside | 12.1 m/s | 24.7 mm |","Answer the question using the table. Return only the requested value.

Table:
| Visibility | Pressure | Temperature | Station | Wind speed | Rainfall |
| --- | --- | --- | --- | --- | --- |
| 12.8 km | 961.5 hPa | 29.9 °C | Pinehurst | 29.4 m/s | 63.6 mm |
| 6.4 km | 961.5 hPa | -1.7 °C | Clearwater | 5.6 m/s | 63.8 mm |
| 24.3 km | 946.0 hPa | 20.5 °C | Hillcrest | 0.9 m/s | 44.4 mm |
| 19.7 km | 1006.4 hPa | 2.1 °C | Fairview | 17.6 m/s | 81.5 mm |
| 3.9 km | 992.8 hPa | 20.4 °C | Maple | 16.8 m/s | 29.9 mm |
| 18.9 km | 1004.0 hPa | 37.0 °C | Lakeside | 12.1 m/s | 24.7 mm |

Question: According to the weather table, what is the Rainfall at Fairview?",81.5 mm,"{""headers"": [""Visibility"", ""Pressure"", ""Temperature"", ""Station"", ""Wind speed"", ""Rainfall""], ""rows"": [[""12.8 km"", ""961.5 hPa"", ""29.9 °C"", ""Pinehurst"", ""29.4 m/s"", ""63.6 mm""], [""6.4 km"", ""961.5 hPa"", ""-1.7 °C"", ""Clearwater"", ""5.6 m/s"", ""63.8 mm""], [""24.3 km"", ""946.0 hPa"", ""20.5 °C"", ""Hillcrest"", ""0.9 m/s"", ""44.4 mm""], [""19.7 km"", ""1006.4 hPa"", ""2.1 °C"", ""Fairview"", ""17.6 m/s"", ""81.5 mm""], [""3.9 km"", ""992.8 hPa"", ""20.4 °C"", ""Maple"", ""16.8 m/s"", ""29.9 mm""], [""18.9 km"", ""1004.0 hPa"", ""37.0 °C"", ""Lakeside"", ""12.1 m/s"", ""24.7 mm""]]}","{""row_index"": 3, ""column_index"": 5, ""row_identifier_column"": ""Station"", ""row_identifier_value"": ""Fairview"", ""target_column"": ""Rainfall""}",lookup
A-L1-0076,1,race,Find Ava's row. What is the Lap time?,"| Fuel remaining | Pit time | Top speed | Position | Lap time | Driver |
| --- | --- | --- | --- | --- | --- |
| 52.5 L | 31.71 s | 315.9 km/h | 8 | 132.48 s | Daniel |
| 48.6 L | 41.79 s | 319.3 km/h | 5 | 58.39 s | Julia |
| 16.6 L | 30.72 s | 211.3 km/h | 15 | 70.08 s | Alex |
| 23.8 L | 1.83 s | 227.6 km/h | 17 | 65.15 s | Emma |
| 19.2 L | 14.30 s | 213.1 km/h | 3 | 121.64 s | Ava |
| 27.8 L | 11.48 s | 307.7 km/h | 6 | 104.64 s | Mina |
| 63.6 L | 13.55 s | 279.0 km/h | 20 | 126.67 s | Chris |
| 58.5 L | 8.84 s | 214.8 km/h | 18 | 117.77 s | Yuna |","Answer the question using the table. Return only the requested value.

Table:
| Fuel remaining | Pit time | Top speed | Position | Lap time | Driver |
| --- | --- | --- | --- | --- | --- |
| 52.5 L | 31.71 s | 315.9 km/h | 8 | 132.48 s | Daniel |
| 48.6 L | 41.79 s | 319.3 km/h | 5 | 58.39 s | Julia |
| 16.6 L | 30.72 s | 211.3 km/h | 15 | 70.08 s | Alex |
| 23.8 L | 1.83 s | 227.6 km/h | 17 | 65.15 s | Emma |
| 19.2 L | 14.30 s | 213.1 km/h | 3 | 121.64 s | Ava |
| 27.8 L | 11.48 s | 307.7 km/h | 6 | 104.64 s | Mina |
| 63.6 L | 13.55 s | 279.0 km/h | 20 | 126.67 s | Chris |
| 58.5 L | 8.84 s | 214.8 km/h | 18 | 117.77 s | Yuna |

Question: Find Ava's row. What is the Lap time?",121.64 s,"{""headers"": [""Fuel remaining"", ""Pit time"", ""Top speed"", ""Position"", ""Lap time"", ""Driver""], ""rows"": [[""52.5 L"", ""31.71 s"", ""315.9 km/h"", ""8"", ""132.48 s"", ""Daniel""], [""48.6 L"", ""41.79 s"", ""319.3 km/h"", ""5"", ""58.39 s"", ""Julia""], [""16.6 L"", ""30.72 s"", ""211.3 km/h"", ""15"", ""70.08 s"", ""Alex""], [""23.8 L"", ""1.83 s"", ""227.6 km/h"", ""17"", ""65.15 s"", ""Emma""], [""19.2 L"", ""14.30 s"", ""213.1 km/h"", ""3"", ""121.64 s"", ""Ava""], [""27.8 L"", ""11.48 s"", ""307.7 km/h"", ""6"", ""104.64 s"", ""Mina""], [""63.6 L"", ""13.55 s"", ""279.0 km/h"", ""20"", ""126.67 s"", ""Chris""], [""58.5 L"", ""8.84 s"", ""214.8 km/h"", ""18"", ""117.77 s"", ""Yuna""]]}","{""row_index"": 4, ""column_index"": 4, ""row_identifier_column"": ""Driver"", ""row_identifier_value"": ""Ava"", ""target_column"": ""Lap time""}",lookup
A-L1-0077,1,sports,"In the table, what Wins do the Comets have?","| Losses | Goals conceded | Wins | Goals scored | Team | Possession |
| --- | --- | --- | --- | --- | --- |
| 14 | 67 | 1 | 70 | Ravens | 41.9% |
| 2 | 31 | 21 | 85 | Bulls | 55.2% |
| 5 | 103 | 17 | 17 | Falcons | 51.3% |
| 8 | 74 | 23 | 54 | Comets | 41.3% |
| 6 | 46 | 16 | 88 | Panthers | 33.3% |
| 26 | 103 | 11 | 71 | Cyclones | 50.6% |","Answer the question using the table. Return only the requested value.

Table:
| Losses | Goals conceded | Wins | Goals scored | Team | Possession |
| --- | --- | --- | --- | --- | --- |
| 14 | 67 | 1 | 70 | Ravens | 41.9% |
| 2 | 31 | 21 | 85 | Bulls | 55.2% |
| 5 | 103 | 17 | 17 | Falcons | 51.3% |
| 8 | 74 | 23 | 54 | Comets | 41.3% |
| 6 | 46 | 16 | 88 | Panthers | 33.3% |
| 26 | 103 | 11 | 71 | Cyclones | 50.6% |

Question: In the table, what Wins do the Comets have?",23,"{""headers"": [""Losses"", ""Goals conceded"", ""Wins"", ""Goals scored"", ""Team"", ""Possession""], ""rows"": [[""14"", ""67"", ""1"", ""70"", ""Ravens"", ""41.9%""], [""2"", ""31"", ""21"", ""85"", ""Bulls"", ""55.2%""], [""5"", ""103"", ""17"", ""17"", ""Falcons"", ""51.3%""], [""8"", ""74"", ""23"", ""54"", ""Comets"", ""41.3%""], [""6"", ""46"", ""16"", ""88"", ""Panthers"", ""33.3%""], [""26"", ""103"", ""11"", ""71"", ""Cyclones"", ""50.6%""]]}","{""row_index"": 3, ""column_index"": 2, ""row_identifier_column"": ""Team"", ""row_identifier_value"": ""Comets"", ""target_column"": ""Wins""}",lookup
A-L1-0078,1,sports,What is the Goals scored value for the Wolves?,"| Points | Losses | Goals conceded | Wins | Team | Goals scored |
| --- | --- | --- | --- | --- | --- |
| 55 | 27 | 10 | 22 | Wolves | 14 |
| 84 | 19 | 87 | 23 | Falcons | 13 |
| 10 | 3 | 54 | 21 | Knights | 73 |
| 12 | 13 | 85 | 12 | Tigers | 45 |","Answer the question using the table. Return only the requested value.

Table:
| Points | Losses | Goals conceded | Wins | Team | Goals scored |
| --- | --- | --- | --- | --- | --- |
| 55 | 27 | 10 | 22 | Wolves | 14 |
| 84 | 19 | 87 | 23 | Falcons | 13 |
| 10 | 3 | 54 | 21 | Knights | 73 |
| 12 | 13 | 85 | 12 | Tigers | 45 |

Question: What is the Goals scored value for the Wolves?",14,"{""headers"": [""Points"", ""Losses"", ""Goals conceded"", ""Wins"", ""Team"", ""Goals scored""], ""rows"": [[""55"", ""27"", ""10"", ""22"", ""Wolves"", ""14""], [""84"", ""19"", ""87"", ""23"", ""Falcons"", ""13""], [""10"", ""3"", ""54"", ""21"", ""Knights"", ""73""], [""12"", ""13"", ""85"", ""12"", ""Tigers"", ""45""]]}","{""row_index"": 0, ""column_index"": 5, ""row_identifier_column"": ""Team"", ""row_identifier_value"": ""Wolves"", ""target_column"": ""Goals scored""}",lookup
A-L1-0079,1,race,What Tire temperature is shown for driver Maya?,"| Tire temperature | Fuel remaining | Driver | Position | Pit time |
| --- | --- | --- | --- | --- |
| 60.4 °C | 48.5 L | Maya | 18 | 5.55 s |
| 128.6 °C | 64.0 L | Nora | 12 | 30.48 s |
| 66.4 °C | 18.4 L | Yuna | 12 | 24.64 s |
| 60.8 °C | 70.2 L | Hana | 5 | 43.08 s |","Answer the question using the table. Return only the requested value.

Table:
| Tire temperature | Fuel remaining | Driver | Position | Pit time |
| --- | --- | --- | --- | --- |
| 60.4 °C | 48.5 L | Maya | 18 | 5.55 s |
| 128.6 °C | 64.0 L | Nora | 12 | 30.48 s |
| 66.4 °C | 18.4 L | Yuna | 12 | 24.64 s |
| 60.8 °C | 70.2 L | Hana | 5 | 43.08 s |

Question: What Tire temperature is shown for driver Maya?",60.4 °C,"{""headers"": [""Tire temperature"", ""Fuel remaining"", ""Driver"", ""Position"", ""Pit time""], ""rows"": [[""60.4 °C"", ""48.5 L"", ""Maya"", ""18"", ""5.55 s""], [""128.6 °C"", ""64.0 L"", ""Nora"", ""12"", ""30.48 s""], [""66.4 °C"", ""18.4 L"", ""Yuna"", ""12"", ""24.64 s""], [""60.8 °C"", ""70.2 L"", ""Hana"", ""5"", ""43.08 s""]]}","{""row_index"": 0, ""column_index"": 0, ""row_identifier_column"": ""Driver"", ""row_identifier_value"": ""Maya"", ""target_column"": ""Tire temperature""}",lookup
A-L1-0080,1,skydiving,Find Chris. What Air temperature is listed?,"| Air temperature | Heart rate | Person | Altitude |
| --- | --- | --- | --- |
| -36.9 °C | 81 bpm | Chris | 8038 m |
| -8.2 °C | 108 bpm | Ryan | 7004 m |
| 0.7 °C | 105 bpm | Iris | 6103 m |
| -16.6 °C | 102 bpm | Maya | 7588 m |
| -6.0 °C | 103 bpm | Mina | 10851 m |","Answer the question using the table. Return only the requested value.

Table:
| Air temperature | Heart rate | Person | Altitude |
| --- | --- | --- | --- |
| -36.9 °C | 81 bpm | Chris | 8038 m |
| -8.2 °C | 108 bpm | Ryan | 7004 m |
| 0.7 °C | 105 bpm | Iris | 6103 m |
| -16.6 °C | 102 bpm | Maya | 7588 m |
| -6.0 °C | 103 bpm | Mina | 10851 m |

Question: Find Chris. What Air temperature is listed?",-36.9 °C,"{""headers"": [""Air temperature"", ""Heart rate"", ""Person"", ""Altitude""], ""rows"": [[""-36.9 °C"", ""81 bpm"", ""Chris"", ""8038 m""], [""-8.2 °C"", ""108 bpm"", ""Ryan"", ""7004 m""], [""0.7 °C"", ""105 bpm"", ""Iris"", ""6103 m""], [""-16.6 °C"", ""102 bpm"", ""Maya"", ""7588 m""], [""-6.0 °C"", ""103 bpm"", ""Mina"", ""10851 m""]]}","{""row_index"": 0, ""column_index"": 0, ""row_identifier_column"": ""Person"", ""row_identifier_value"": ""Chris"", ""target_column"": ""Air temperature""}",lookup
A-L1-0081,1,race,What Lap time is shown for driver Jisoo?,"| Driver | Fuel remaining | Tire temperature | Lap time | Position | Pit time |
| --- | --- | --- | --- | --- | --- |
| Leo | 38.2 L | 76.7 °C | 117.32 s | 19 | 13.09 s |
| Iris | 61.4 L | 115.2 °C | 134.83 s | 16 | 1.82 s |
| Nora | 20.6 L | 98.3 °C | 85.93 s | 13 | 0.48 s |
| Ava | 8.0 L | 126.8 °C | 77.37 s | 7 | 39.89 s |
| Maya | 77.5 L | 71.9 °C | 135.64 s | 19 | 29.67 s |
| Ryan | 12.9 L | 132.3 °C | 113.15 s | 20 | 34.07 s |
| Jisoo | 22.3 L | 103.4 °C | 73.08 s | 19 | 1.65 s |
| Oliver | 65.4 L | 65.7 °C | 127.21 s | 1 | 28.42 s |
| Ethan | 30.5 L | 127.0 °C | 95.13 s | 18 | 34.88 s |","Answer the question using the table. Return only the requested value.

Table:
| Driver | Fuel remaining | Tire temperature | Lap time | Position | Pit time |
| --- | --- | --- | --- | --- | --- |
| Leo | 38.2 L | 76.7 °C | 117.32 s | 19 | 13.09 s |
| Iris | 61.4 L | 115.2 °C | 134.83 s | 16 | 1.82 s |
| Nora | 20.6 L | 98.3 °C | 85.93 s | 13 | 0.48 s |
| Ava | 8.0 L | 126.8 °C | 77.37 s | 7 | 39.89 s |
| Maya | 77.5 L | 71.9 °C | 135.64 s | 19 | 29.67 s |
| Ryan | 12.9 L | 132.3 °C | 113.15 s | 20 | 34.07 s |
| Jisoo | 22.3 L | 103.4 °C | 73.08 s | 19 | 1.65 s |
| Oliver | 65.4 L | 65.7 °C | 127.21 s | 1 | 28.42 s |
| Ethan | 30.5 L | 127.0 °C | 95.13 s | 18 | 34.88 s |

Question: What Lap time is shown for driver Jisoo?",73.08 s,"{""headers"": [""Driver"", ""Fuel remaining"", ""Tire temperature"", ""Lap time"", ""Position"", ""Pit time""], ""rows"": [[""Leo"", ""38.2 L"", ""76.7 °C"", ""117.32 s"", ""19"", ""13.09 s""], [""Iris"", ""61.4 L"", ""115.2 °C"", ""134.83 s"", ""16"", ""1.82 s""], [""Nora"", ""20.6 L"", ""98.3 °C"", ""85.93 s"", ""13"", ""0.48 s""], [""Ava"", ""8.0 L"", ""126.8 °C"", ""77.37 s"", ""7"", ""39.89 s""], [""Maya"", ""77.5 L"", ""71.9 °C"", ""135.64 s"", ""19"", ""29.67 s""], [""Ryan"", ""12.9 L"", ""132.3 °C"", ""113.15 s"", ""20"", ""34.07 s""], [""Jisoo"", ""22.3 L"", ""103.4 °C"", ""73.08 s"", ""19"", ""1.65 s""], [""Oliver"", ""65.4 L"", ""65.7 °C"", ""127.21 s"", ""1"", ""28.42 s""], [""Ethan"", ""30.5 L"", ""127.0 °C"", ""95.13 s"", ""18"", ""34.88 s""]]}","{""row_index"": 6, ""column_index"": 3, ""row_identifier_column"": ""Driver"", ""row_identifier_value"": ""Jisoo"", ""target_column"": ""Lap time""}",lookup
A-L1-0082,1,skydiving,What is Daniel's Elapsed time?,"| Air pressure | Elapsed time | Person | Altitude | Falling speed | Heart rate | Air temperature |
| --- | --- | --- | --- | --- | --- | --- |
| 91.3 kPa | 16.5 s | Oliver | 7312 m | 55.8 m/s | 84 bpm | -29.6 °C |
| 46.4 kPa | 59.2 s | Alex | 9895 m | 49.9 m/s | 139 bpm | -35.1 °C |
| 20.5 kPa | 78.6 s | Leo | 4468 m | 78.2 m/s | 153 bpm | -19.4 °C |
| 37.3 kPa | 84.1 s | Maya | 8872 m | 81.8 m/s | 156 bpm | -4.8 °C |
| 97.5 kPa | 20.0 s | Lena | 11108 m | 49.3 m/s | 124 bpm | -35.7 °C |
| 52.9 kPa | 65.8 s | Theo | 6009 m | 63.8 m/s | 132 bpm | -37.9 °C |
| 74.8 kPa | 74.1 s | Daniel | 7667 m | 35.1 m/s | 124 bpm | -8.3 °C |
| 32.0 kPa | 44.6 s | Sofia | 3145 m | 41.8 m/s | 124 bpm | 10.6 °C |
| 31.4 kPa | 47.4 s | Hana | 6039 m | 49.6 m/s | 93 bpm | -6.8 °C |","Answer the question using the table. Return only the requested value.

Table:
| Air pressure | Elapsed time | Person | Altitude | Falling speed | Heart rate | Air temperature |
| --- | --- | --- | --- | --- | --- | --- |
| 91.3 kPa | 16.5 s | Oliver | 7312 m | 55.8 m/s | 84 bpm | -29.6 °C |
| 46.4 kPa | 59.2 s | Alex | 9895 m | 49.9 m/s | 139 bpm | -35.1 °C |
| 20.5 kPa | 78.6 s | Leo | 4468 m | 78.2 m/s | 153 bpm | -19.4 °C |
| 37.3 kPa | 84.1 s | Maya | 8872 m | 81.8 m/s | 156 bpm | -4.8 °C |
| 97.5 kPa | 20.0 s | Lena | 11108 m | 49.3 m/s | 124 bpm | -35.7 °C |
| 52.9 kPa | 65.8 s | Theo | 6009 m | 63.8 m/s | 132 bpm | -37.9 °C |
| 74.8 kPa | 74.1 s | Daniel | 7667 m | 35.1 m/s | 124 bpm | -8.3 °C |
| 32.0 kPa | 44.6 s | Sofia | 3145 m | 41.8 m/s | 124 bpm | 10.6 °C |
| 31.4 kPa | 47.4 s | Hana | 6039 m | 49.6 m/s | 93 bpm | -6.8 °C |

Question: What is Daniel's Elapsed time?",74.1 s,"{""headers"": [""Air pressure"", ""Elapsed time"", ""Person"", ""Altitude"", ""Falling speed"", ""Heart rate"", ""Air temperature""], ""rows"": [[""91.3 kPa"", ""16.5 s"", ""Oliver"", ""7312 m"", ""55.8 m/s"", ""84 bpm"", ""-29.6 °C""], [""46.4 kPa"", ""59.2 s"", ""Alex"", ""9895 m"", ""49.9 m/s"", ""139 bpm"", ""-35.1 °C""], [""20.5 kPa"", ""78.6 s"", ""Leo"", ""4468 m"", ""78.2 m/s"", ""153 bpm"", ""-19.4 °C""], [""37.3 kPa"", ""84.1 s"", ""Maya"", ""8872 m"", ""81.8 m/s"", ""156 bpm"", ""-4.8 °C""], [""97.5 kPa"", ""20.0 s"", ""Lena"", ""11108 m"", ""49.3 m/s"", ""124 bpm"", ""-35.7 °C""], [""52.9 kPa"", ""65.8 s"", ""Theo"", ""6009 m"", ""63.8 m/s"", ""132 bpm"", ""-37.9 °C""], [""74.8 kPa"", ""74.1 s"", ""Daniel"", ""7667 m"", ""35.1 m/s"", ""124 bpm"", ""-8.3 °C""], [""32.0 kPa"", ""44.6 s"", ""Sofia"", ""3145 m"", ""41.8 m/s"", ""124 bpm"", ""10.6 °C""], [""31.4 kPa"", ""47.4 s"", ""Hana"", ""6039 m"", ""49.6 m/s"", ""93 bpm"", ""-6.8 °C""]]}","{""row_index"": 6, ""column_index"": 1, ""row_identifier_column"": ""Person"", ""row_identifier_value"": ""Daniel"", ""target_column"": ""Elapsed time""}",lookup
A-L1-0083,1,weather,Find station Pinehurst. What is its Pressure?,"| Station | Visibility | Pressure | Rainfall |
| --- | --- | --- | --- |
| Orion | 14.7 km | 1014.6 hPa | 29.8 mm |
| Cedar | 23.1 km | 1030.1 hPa | 7.1 mm |
| Pinehurst | 21.1 km | 977.2 hPa | 79.8 mm |
| Riverton | 0.7 km | 1011.8 hPa | 0.6 mm |
| Fairview | 15.9 km | 987.2 hPa | 31.9 mm |
| Oakridge | 24.2 km | 1029.9 hPa | 71.2 mm |
| Westhaven | 18.1 km | 989.8 hPa | 21.9 mm |
| Clearwater | 17.5 km | 976.8 hPa | 21.6 mm |","Answer the question using the table. Return only the requested value.

Table:
| Station | Visibility | Pressure | Rainfall |
| --- | --- | --- | --- |
| Orion | 14.7 km | 1014.6 hPa | 29.8 mm |
| Cedar | 23.1 km | 1030.1 hPa | 7.1 mm |
| Pinehurst | 21.1 km | 977.2 hPa | 79.8 mm |
| Riverton | 0.7 km | 1011.8 hPa | 0.6 mm |
| Fairview | 15.9 km | 987.2 hPa | 31.9 mm |
| Oakridge | 24.2 km | 1029.9 hPa | 71.2 mm |
| Westhaven | 18.1 km | 989.8 hPa | 21.9 mm |
| Clearwater | 17.5 km | 976.8 hPa | 21.6 mm |

Question: Find station Pinehurst. What is its Pressure?",977.2 hPa,"{""headers"": [""Station"", ""Visibility"", ""Pressure"", ""Rainfall""], ""rows"": [[""Orion"", ""14.7 km"", ""1014.6 hPa"", ""29.8 mm""], [""Cedar"", ""23.1 km"", ""1030.1 hPa"", ""7.1 mm""], [""Pinehurst"", ""21.1 km"", ""977.2 hPa"", ""79.8 mm""], [""Riverton"", ""0.7 km"", ""1011.8 hPa"", ""0.6 mm""], [""Fairview"", ""15.9 km"", ""987.2 hPa"", ""31.9 mm""], [""Oakridge"", ""24.2 km"", ""1029.9 hPa"", ""71.2 mm""], [""Westhaven"", ""18.1 km"", ""989.8 hPa"", ""21.9 mm""], [""Clearwater"", ""17.5 km"", ""976.8 hPa"", ""21.6 mm""]]}","{""row_index"": 2, ""column_index"": 2, ""row_identifier_column"": ""Station"", ""row_identifier_value"": ""Pinehurst"", ""target_column"": ""Pressure""}",lookup
A-L1-0084,1,lab,"For Sample-L, what pH does the table report?","| Temperature | pH | Mass | Volume | Sample | Conductivity | Density |
| --- | --- | --- | --- | --- | --- | --- |
| 28.7 °C | 6.72 | 300.9 g | 22.9 mL | Sample-E | 20.13 mS/cm | 3.38 g/mL |
| 15.7 °C | 5.98 | 70.8 g | 216.1 mL | Sample-J | 14.48 mS/cm | 3.21 g/mL |
| 62.2 °C | 8.85 | 27.9 g | 97.9 mL | Sample-L | 20.04 mS/cm | 2.65 g/mL |
| 49.5 °C | 2.57 | 387.3 g | 44.6 mL | Sample-H | 7.23 mS/cm | 3.87 g/mL |
| 75.7 °C | 11.49 | 51.9 g | 127.6 mL | Sample-F | 5.82 mS/cm | 3.24 g/mL |
| 75.6 °C | 11.31 | 260.0 g | 49.5 mL | Sample-B | 0.37 mS/cm | 3.48 g/mL |
| 64.1 °C | 9.24 | 465.5 g | 100.8 mL | Sample-G | 9.33 mS/cm | 2.63 g/mL |","Answer the question using the table. Return only the requested value.

Table:
| Temperature | pH | Mass | Volume | Sample | Conductivity | Density |
| --- | --- | --- | --- | --- | --- | --- |
| 28.7 °C | 6.72 | 300.9 g | 22.9 mL | Sample-E | 20.13 mS/cm | 3.38 g/mL |
| 15.7 °C | 5.98 | 70.8 g | 216.1 mL | Sample-J | 14.48 mS/cm | 3.21 g/mL |
| 62.2 °C | 8.85 | 27.9 g | 97.9 mL | Sample-L | 20.04 mS/cm | 2.65 g/mL |
| 49.5 °C | 2.57 | 387.3 g | 44.6 mL | Sample-H | 7.23 mS/cm | 3.87 g/mL |
| 75.7 °C | 11.49 | 51.9 g | 127.6 mL | Sample-F | 5.82 mS/cm | 3.24 g/mL |
| 75.6 °C | 11.31 | 260.0 g | 49.5 mL | Sample-B | 0.37 mS/cm | 3.48 g/mL |
| 64.1 °C | 9.24 | 465.5 g | 100.8 mL | Sample-G | 9.33 mS/cm | 2.63 g/mL |

Question: For Sample-L, what pH does the table report?",8.85,"{""headers"": [""Temperature"", ""pH"", ""Mass"", ""Volume"", ""Sample"", ""Conductivity"", ""Density""], ""rows"": [[""28.7 °C"", ""6.72"", ""300.9 g"", ""22.9 mL"", ""Sample-E"", ""20.13 mS/cm"", ""3.38 g/mL""], [""15.7 °C"", ""5.98"", ""70.8 g"", ""216.1 mL"", ""Sample-J"", ""14.48 mS/cm"", ""3.21 g/mL""], [""62.2 °C"", ""8.85"", ""27.9 g"", ""97.9 mL"", ""Sample-L"", ""20.04 mS/cm"", ""2.65 g/mL""], [""49.5 °C"", ""2.57"", ""387.3 g"", ""44.6 mL"", ""Sample-H"", ""7.23 mS/cm"", ""3.87 g/mL""], [""75.7 °C"", ""11.49"", ""51.9 g"", ""127.6 mL"", ""Sample-F"", ""5.82 mS/cm"", ""3.24 g/mL""], [""75.6 °C"", ""11.31"", ""260.0 g"", ""49.5 mL"", ""Sample-B"", ""0.37 mS/cm"", ""3.48 g/mL""], [""64.1 °C"", ""9.24"", ""465.5 g"", ""100.8 mL"", ""Sample-G"", ""9.33 mS/cm"", ""2.63 g/mL""]]}","{""row_index"": 2, ""column_index"": 1, ""row_identifier_column"": ""Sample"", ""row_identifier_value"": ""Sample-L"", ""target_column"": ""pH""}",lookup
A-L1-0085,1,sports,How many Goals conceded are listed for the Comets?,"| Points | Losses | Goals scored | Team | Goals conceded | Possession |
| --- | --- | --- | --- | --- | --- |
| 97 | 14 | 119 | Bulls | 63 | 68.4% |
| 23 | 17 | 14 | Knights | 69 | 37.0% |
| 71 | 3 | 38 | Panthers | 8 | 53.5% |
| 83 | 0 | 38 | Hawks | 56 | 48.2% |
| 66 | 30 | 53 | Falcons | 93 | 53.0% |
| 24 | 25 | 70 | Cyclones | 48 | 50.1% |
| 38 | 21 | 94 | Sharks | 86 | 32.7% |
| 41 | 24 | 48 | Dragons | 103 | 52.5% |
| 78 | 26 | 106 | Comets | 117 | 68.3% |","Answer the question using the table. Return only the requested value.

Table:
| Points | Losses | Goals scored | Team | Goals conceded | Possession |
| --- | --- | --- | --- | --- | --- |
| 97 | 14 | 119 | Bulls | 63 | 68.4% |
| 23 | 17 | 14 | Knights | 69 | 37.0% |
| 71 | 3 | 38 | Panthers | 8 | 53.5% |
| 83 | 0 | 38 | Hawks | 56 | 48.2% |
| 66 | 30 | 53 | Falcons | 93 | 53.0% |
| 24 | 25 | 70 | Cyclones | 48 | 50.1% |
| 38 | 21 | 94 | Sharks | 86 | 32.7% |
| 41 | 24 | 48 | Dragons | 103 | 52.5% |
| 78 | 26 | 106 | Comets | 117 | 68.3% |

Question: How many Goals conceded are listed for the Comets?",117,"{""headers"": [""Points"", ""Losses"", ""Goals scored"", ""Team"", ""Goals conceded"", ""Possession""], ""rows"": [[""97"", ""14"", ""119"", ""Bulls"", ""63"", ""68.4%""], [""23"", ""17"", ""14"", ""Knights"", ""69"", ""37.0%""], [""71"", ""3"", ""38"", ""Panthers"", ""8"", ""53.5%""], [""83"", ""0"", ""38"", ""Hawks"", ""56"", ""48.2%""], [""66"", ""30"", ""53"", ""Falcons"", ""93"", ""53.0%""], [""24"", ""25"", ""70"", ""Cyclones"", ""48"", ""50.1%""], [""38"", ""21"", ""94"", ""Sharks"", ""86"", ""32.7%""], [""41"", ""24"", ""48"", ""Dragons"", ""103"", ""52.5%""], [""78"", ""26"", ""106"", ""Comets"", ""117"", ""68.3%""]]}","{""row_index"": 8, ""column_index"": 4, ""row_identifier_column"": ""Team"", ""row_identifier_value"": ""Comets"", ""target_column"": ""Goals conceded""}",lookup
A-L1-0086,1,lab,What is the Volume of Sample-F?,"| Temperature | Sample | Volume | Density | pH |
| --- | --- | --- | --- | --- |
| 85.7 °C | Sample-E | 123.6 mL | 2.67 g/mL | 11.85 |
| 14.6 °C | Sample-F | 155.0 mL | 1.37 g/mL | 3.56 |
| 23.2 °C | Sample-H | 218.3 mL | 3.07 g/mL | 4.07 |
| 48.4 °C | Sample-D | 135.8 mL | 3.17 g/mL | 2.42 |
| 60.2 °C | Sample-K | 169.3 mL | 3.72 g/mL | 8.63 |","Answer the question using the table. Return only the requested value.

Table:
| Temperature | Sample | Volume | Density | pH |
| --- | --- | --- | --- | --- |
| 85.7 °C | Sample-E | 123.6 mL | 2.67 g/mL | 11.85 |
| 14.6 °C | Sample-F | 155.0 mL | 1.37 g/mL | 3.56 |
| 23.2 °C | Sample-H | 218.3 mL | 3.07 g/mL | 4.07 |
| 48.4 °C | Sample-D | 135.8 mL | 3.17 g/mL | 2.42 |
| 60.2 °C | Sample-K | 169.3 mL | 3.72 g/mL | 8.63 |

Question: What is the Volume of Sample-F?",155.0 mL,"{""headers"": [""Temperature"", ""Sample"", ""Volume"", ""Density"", ""pH""], ""rows"": [[""85.7 °C"", ""Sample-E"", ""123.6 mL"", ""2.67 g/mL"", ""11.85""], [""14.6 °C"", ""Sample-F"", ""155.0 mL"", ""1.37 g/mL"", ""3.56""], [""23.2 °C"", ""Sample-H"", ""218.3 mL"", ""3.07 g/mL"", ""4.07""], [""48.4 °C"", ""Sample-D"", ""135.8 mL"", ""3.17 g/mL"", ""2.42""], [""60.2 °C"", ""Sample-K"", ""169.3 mL"", ""3.72 g/mL"", ""8.63""]]}","{""row_index"": 1, ""column_index"": 2, ""row_identifier_column"": ""Sample"", ""row_identifier_value"": ""Sample-F"", ""target_column"": ""Volume""}",lookup
A-L1-0087,1,lab,"For Sample-H, what pH does the table report?","| Sample | Density | pH | Mass | Volume |
| --- | --- | --- | --- | --- |
| Sample-A | 1.14 g/mL | 11.59 | 172.9 g | 106.6 mL |
| Sample-D | 3.31 g/mL | 10.14 | 361.0 g | 139.3 mL |
| Sample-F | 3.93 g/mL | 6.51 | 286.6 g | 171.8 mL |
| Sample-L | 3.30 g/mL | 10.56 | 99.6 g | 184.9 mL |
| Sample-I | 1.42 g/mL | 10.62 | 95.2 g | 68.1 mL |
| Sample-H | 0.85 g/mL | 8.74 | 191.0 g | 91.0 mL |
| Sample-K | 1.78 g/mL | 6.19 | 376.6 g | 100.7 mL |","Answer the question using the table. Return only the requested value.

Table:
| Sample | Density | pH | Mass | Volume |
| --- | --- | --- | --- | --- |
| Sample-A | 1.14 g/mL | 11.59 | 172.9 g | 106.6 mL |
| Sample-D | 3.31 g/mL | 10.14 | 361.0 g | 139.3 mL |
| Sample-F | 3.93 g/mL | 6.51 | 286.6 g | 171.8 mL |
| Sample-L | 3.30 g/mL | 10.56 | 99.6 g | 184.9 mL |
| Sample-I | 1.42 g/mL | 10.62 | 95.2 g | 68.1 mL |
| Sample-H | 0.85 g/mL | 8.74 | 191.0 g | 91.0 mL |
| Sample-K | 1.78 g/mL | 6.19 | 376.6 g | 100.7 mL |

Question: For Sample-H, what pH does the table report?",8.74,"{""headers"": [""Sample"", ""Density"", ""pH"", ""Mass"", ""Volume""], ""rows"": [[""Sample-A"", ""1.14 g/mL"", ""11.59"", ""172.9 g"", ""106.6 mL""], [""Sample-D"", ""3.31 g/mL"", ""10.14"", ""361.0 g"", ""139.3 mL""], [""Sample-F"", ""3.93 g/mL"", ""6.51"", ""286.6 g"", ""171.8 mL""], [""Sample-L"", ""3.30 g/mL"", ""10.56"", ""99.6 g"", ""184.9 mL""], [""Sample-I"", ""1.42 g/mL"", ""10.62"", ""95.2 g"", ""68.1 mL""], [""Sample-H"", ""0.85 g/mL"", ""8.74"", ""191.0 g"", ""91.0 mL""], [""Sample-K"", ""1.78 g/mL"", ""6.19"", ""376.6 g"", ""100.7 mL""]]}","{""row_index"": 5, ""column_index"": 2, ""row_identifier_column"": ""Sample"", ""row_identifier_value"": ""Sample-H"", ""target_column"": ""pH""}",lookup
A-L1-0088,1,lab,Look at Sample-J. What is its recorded Temperature?,"| Sample | Conductivity | pH | Temperature |
| --- | --- | --- | --- |
| Sample-B | 14.44 mS/cm | 11.63 | 22.9 °C |
| Sample-L | 12.24 mS/cm | 5.55 | 65.6 °C |
| Sample-C | 19.53 mS/cm | 8.49 | 20.7 °C |
| Sample-G | 21.70 mS/cm | 2.20 | 15.9 °C |
| Sample-J | 9.59 mS/cm | 9.37 | 85.1 °C |
| Sample-A | 6.52 mS/cm | 7.60 | 88.9 °C |
| Sample-D | 8.50 mS/cm | 3.68 | 77.7 °C |
| Sample-I | 3.71 mS/cm | 4.87 | 61.9 °C |","Answer the question using the table. Return only the requested value.

Table:
| Sample | Conductivity | pH | Temperature |
| --- | --- | --- | --- |
| Sample-B | 14.44 mS/cm | 11.63 | 22.9 °C |
| Sample-L | 12.24 mS/cm | 5.55 | 65.6 °C |
| Sample-C | 19.53 mS/cm | 8.49 | 20.7 °C |
| Sample-G | 21.70 mS/cm | 2.20 | 15.9 °C |
| Sample-J | 9.59 mS/cm | 9.37 | 85.1 °C |
| Sample-A | 6.52 mS/cm | 7.60 | 88.9 °C |
| Sample-D | 8.50 mS/cm | 3.68 | 77.7 °C |
| Sample-I | 3.71 mS/cm | 4.87 | 61.9 °C |

Question: Look at Sample-J. What is its recorded Temperature?",85.1 °C,"{""headers"": [""Sample"", ""Conductivity"", ""pH"", ""Temperature""], ""rows"": [[""Sample-B"", ""14.44 mS/cm"", ""11.63"", ""22.9 °C""], [""Sample-L"", ""12.24 mS/cm"", ""5.55"", ""65.6 °C""], [""Sample-C"", ""19.53 mS/cm"", ""8.49"", ""20.7 °C""], [""Sample-G"", ""21.70 mS/cm"", ""2.20"", ""15.9 °C""], [""Sample-J"", ""9.59 mS/cm"", ""9.37"", ""85.1 °C""], [""Sample-A"", ""6.52 mS/cm"", ""7.60"", ""88.9 °C""], [""Sample-D"", ""8.50 mS/cm"", ""3.68"", ""77.7 °C""], [""Sample-I"", ""3.71 mS/cm"", ""4.87"", ""61.9 °C""]]}","{""row_index"": 4, ""column_index"": 3, ""row_identifier_column"": ""Sample"", ""row_identifier_value"": ""Sample-J"", ""target_column"": ""Temperature""}",lookup
A-L1-0089,1,sports,What is the Possession value for the Dragons?,"| Possession | Points | Team | Goals scored | Wins | Goals conceded | Losses |
| --- | --- | --- | --- | --- | --- | --- |
| 36.7% | 36 | Bulls | 100 | 2 | 100 | 22 |
| 51.9% | 70 | Hawks | 18 | 29 | 13 | 3 |
| 35.4% | 66 | Knights | 116 | 17 | 39 | 17 |
| 56.5% | 14 | Ravens | 72 | 0 | 26 | 26 |
| 42.4% | 59 | Panthers | 84 | 20 | 15 | 4 |
| 48.7% | 70 | Cyclones | 115 | 27 | 46 | 29 |
| 35.1% | 90 | Dragons | 36 | 14 | 41 | 23 |
| 34.2% | 20 | Sharks | 8 | 16 | 55 | 24 |","Answer the question using the table. Return only the requested value.

Table:
| Possession | Points | Team | Goals scored | Wins | Goals conceded | Losses |
| --- | --- | --- | --- | --- | --- | --- |
| 36.7% | 36 | Bulls | 100 | 2 | 100 | 22 |
| 51.9% | 70 | Hawks | 18 | 29 | 13 | 3 |
| 35.4% | 66 | Knights | 116 | 17 | 39 | 17 |
| 56.5% | 14 | Ravens | 72 | 0 | 26 | 26 |
| 42.4% | 59 | Panthers | 84 | 20 | 15 | 4 |
| 48.7% | 70 | Cyclones | 115 | 27 | 46 | 29 |
| 35.1% | 90 | Dragons | 36 | 14 | 41 | 23 |
| 34.2% | 20 | Sharks | 8 | 16 | 55 | 24 |

Question: What is the Possession value for the Dragons?",35.1%,"{""headers"": [""Possession"", ""Points"", ""Team"", ""Goals scored"", ""Wins"", ""Goals conceded"", ""Losses""], ""rows"": [[""36.7%"", ""36"", ""Bulls"", ""100"", ""2"", ""100"", ""22""], [""51.9%"", ""70"", ""Hawks"", ""18"", ""29"", ""13"", ""3""], [""35.4%"", ""66"", ""Knights"", ""116"", ""17"", ""39"", ""17""], [""56.5%"", ""14"", ""Ravens"", ""72"", ""0"", ""26"", ""26""], [""42.4%"", ""59"", ""Panthers"", ""84"", ""20"", ""15"", ""4""], [""48.7%"", ""70"", ""Cyclones"", ""115"", ""27"", ""46"", ""29""], [""35.1%"", ""90"", ""Dragons"", ""36"", ""14"", ""41"", ""23""], [""34.2%"", ""20"", ""Sharks"", ""8"", ""16"", ""55"", ""24""]]}","{""row_index"": 6, ""column_index"": 0, ""row_identifier_column"": ""Team"", ""row_identifier_value"": ""Dragons"", ""target_column"": ""Possession""}",lookup
A-L1-0090,1,sports,"In the table, what Possession do the Knights have?","| Wins | Losses | Possession | Team | Goals scored | Points |
| --- | --- | --- | --- | --- | --- |
| 8 | 23 | 41.4% | Tigers | 92 | 98 |
| 24 | 19 | 62.0% | Cyclones | 71 | 40 |
| 13 | 19 | 61.9% | Sharks | 103 | 11 |
| 0 | 6 | 51.9% | Wolves | 106 | 39 |
| 23 | 26 | 55.8% | Falcons | 96 | 30 |
| 17 | 7 | 47.5% | Knights | 117 | 62 |
| 8 | 20 | 33.2% | Ravens | 33 | 58 |","Answer the question using the table. Return only the requested value.

Table:
| Wins | Losses | Possession | Team | Goals scored | Points |
| --- | --- | --- | --- | --- | --- |
| 8 | 23 | 41.4% | Tigers | 92 | 98 |
| 24 | 19 | 62.0% | Cyclones | 71 | 40 |
| 13 | 19 | 61.9% | Sharks | 103 | 11 |
| 0 | 6 | 51.9% | Wolves | 106 | 39 |
| 23 | 26 | 55.8% | Falcons | 96 | 30 |
| 17 | 7 | 47.5% | Knights | 117 | 62 |
| 8 | 20 | 33.2% | Ravens | 33 | 58 |

Question: In the table, what Possession do the Knights have?",47.5%,"{""headers"": [""Wins"", ""Losses"", ""Possession"", ""Team"", ""Goals scored"", ""Points""], ""rows"": [[""8"", ""23"", ""41.4%"", ""Tigers"", ""92"", ""98""], [""24"", ""19"", ""62.0%"", ""Cyclones"", ""71"", ""40""], [""13"", ""19"", ""61.9%"", ""Sharks"", ""103"", ""11""], [""0"", ""6"", ""51.9%"", ""Wolves"", ""106"", ""39""], [""23"", ""26"", ""55.8%"", ""Falcons"", ""96"", ""30""], [""17"", ""7"", ""47.5%"", ""Knights"", ""117"", ""62""], [""8"", ""20"", ""33.2%"", ""Ravens"", ""33"", ""58""]]}","{""row_index"": 5, ""column_index"": 2, ""row_identifier_column"": ""Team"", ""row_identifier_value"": ""Knights"", ""target_column"": ""Possession""}",lookup
A-L1-0091,1,weather,"According to the weather table, what is the Temperature at Fairview?","| Rainfall | Pressure | Visibility | Temperature | Station |
| --- | --- | --- | --- | --- |
| 84.8 mm | 1017.1 hPa | 14.2 km | 27.4 °C | Fairview |
| 60.8 mm | 955.6 hPa | 21.9 km | -0.7 °C | Clearwater |
| 6.1 mm | 951.1 hPa | 14.4 km | 26.1 °C | Brookfield |
| 71.7 mm | 936.2 hPa | 28.6 km | 2.5 °C | Riverton |
| 42.0 mm | 964.3 hPa | 10.6 km | -7.0 °C | Pinehurst |
| 69.5 mm | 943.4 hPa | 24.9 km | 29.6 °C | Orion |","Answer the question using the table. Return only the requested value.

Table:
| Rainfall | Pressure | Visibility | Temperature | Station |
| --- | --- | --- | --- | --- |
| 84.8 mm | 1017.1 hPa | 14.2 km | 27.4 °C | Fairview |
| 60.8 mm | 955.6 hPa | 21.9 km | -0.7 °C | Clearwater |
| 6.1 mm | 951.1 hPa | 14.4 km | 26.1 °C | Brookfield |
| 71.7 mm | 936.2 hPa | 28.6 km | 2.5 °C | Riverton |
| 42.0 mm | 964.3 hPa | 10.6 km | -7.0 °C | Pinehurst |
| 69.5 mm | 943.4 hPa | 24.9 km | 29.6 °C | Orion |

Question: According to the weather table, what is the Temperature at Fairview?",27.4 °C,"{""headers"": [""Rainfall"", ""Pressure"", ""Visibility"", ""Temperature"", ""Station""], ""rows"": [[""84.8 mm"", ""1017.1 hPa"", ""14.2 km"", ""27.4 °C"", ""Fairview""], [""60.8 mm"", ""955.6 hPa"", ""21.9 km"", ""-0.7 °C"", ""Clearwater""], [""6.1 mm"", ""951.1 hPa"", ""14.4 km"", ""26.1 °C"", ""Brookfield""], [""71.7 mm"", ""936.2 hPa"", ""28.6 km"", ""2.5 °C"", ""Riverton""], [""42.0 mm"", ""964.3 hPa"", ""10.6 km"", ""-7.0 °C"", ""Pinehurst""], [""69.5 mm"", ""943.4 hPa"", ""24.9 km"", ""29.6 °C"", ""Orion""]]}","{""row_index"": 0, ""column_index"": 3, ""row_identifier_column"": ""Station"", ""row_identifier_value"": ""Fairview"", ""target_column"": ""Temperature""}",lookup
A-L1-0092,1,race,"According to the race table, what is Iris's Top speed?","| Pit time | Top speed | Position | Lap time | Driver |
| --- | --- | --- | --- | --- |
| 10.62 s | 210.1 km/h | 1 | 91.90 s | Daniel |
| 6.97 s | 208.4 km/h | 8 | 120.52 s | Leo |
| 1.89 s | 303.9 km/h | 16 | 121.60 s | Emma |
| 12.42 s | 181.6 km/h | 8 | 65.17 s | Iris |
| 8.94 s | 355.2 km/h | 7 | 130.44 s | Nora |","Answer the question using the table. Return only the requested value.

Table:
| Pit time | Top speed | Position | Lap time | Driver |
| --- | --- | --- | --- | --- |
| 10.62 s | 210.1 km/h | 1 | 91.90 s | Daniel |
| 6.97 s | 208.4 km/h | 8 | 120.52 s | Leo |
| 1.89 s | 303.9 km/h | 16 | 121.60 s | Emma |
| 12.42 s | 181.6 km/h | 8 | 65.17 s | Iris |
| 8.94 s | 355.2 km/h | 7 | 130.44 s | Nora |

Question: According to the race table, what is Iris's Top speed?",181.6 km/h,"{""headers"": [""Pit time"", ""Top speed"", ""Position"", ""Lap time"", ""Driver""], ""rows"": [[""10.62 s"", ""210.1 km/h"", ""1"", ""91.90 s"", ""Daniel""], [""6.97 s"", ""208.4 km/h"", ""8"", ""120.52 s"", ""Leo""], [""1.89 s"", ""303.9 km/h"", ""16"", ""121.60 s"", ""Emma""], [""12.42 s"", ""181.6 km/h"", ""8"", ""65.17 s"", ""Iris""], [""8.94 s"", ""355.2 km/h"", ""7"", ""130.44 s"", ""Nora""]]}","{""row_index"": 3, ""column_index"": 1, ""row_identifier_column"": ""Driver"", ""row_identifier_value"": ""Iris"", ""target_column"": ""Top speed""}",lookup
A-L1-0093,1,lab,"For Sample-H, what Mass does the table report?","| pH | Conductivity | Mass | Volume | Temperature | Sample |
| --- | --- | --- | --- | --- | --- |
| 6.90 | 11.76 mS/cm | 272.7 g | 142.1 mL | 34.1 °C | Sample-H |
| 4.51 | 13.61 mS/cm | 353.9 g | 10.8 mL | 55.3 °C | Sample-C |
| 10.68 | 13.33 mS/cm | 430.6 g | 150.1 mL | 19.4 °C | Sample-D |
| 6.49 | 19.42 mS/cm | 271.7 g | 205.0 mL | 45.9 °C | Sample-F |","Answer the question using the table. Return only the requested value.

Table:
| pH | Conductivity | Mass | Volume | Temperature | Sample |
| --- | --- | --- | --- | --- | --- |
| 6.90 | 11.76 mS/cm | 272.7 g | 142.1 mL | 34.1 °C | Sample-H |
| 4.51 | 13.61 mS/cm | 353.9 g | 10.8 mL | 55.3 °C | Sample-C |
| 10.68 | 13.33 mS/cm | 430.6 g | 150.1 mL | 19.4 °C | Sample-D |
| 6.49 | 19.42 mS/cm | 271.7 g | 205.0 mL | 45.9 °C | Sample-F |

Question: For Sample-H, what Mass does the table report?",272.7 g,"{""headers"": [""pH"", ""Conductivity"", ""Mass"", ""Volume"", ""Temperature"", ""Sample""], ""rows"": [[""6.90"", ""11.76 mS/cm"", ""272.7 g"", ""142.1 mL"", ""34.1 °C"", ""Sample-H""], [""4.51"", ""13.61 mS/cm"", ""353.9 g"", ""10.8 mL"", ""55.3 °C"", ""Sample-C""], [""10.68"", ""13.33 mS/cm"", ""430.6 g"", ""150.1 mL"", ""19.4 °C"", ""Sample-D""], [""6.49"", ""19.42 mS/cm"", ""271.7 g"", ""205.0 mL"", ""45.9 °C"", ""Sample-F""]]}","{""row_index"": 0, ""column_index"": 2, ""row_identifier_column"": ""Sample"", ""row_identifier_value"": ""Sample-H"", ""target_column"": ""Mass""}",lookup
A-L1-0094,1,race,"According to the race table, what is Iris's Position?","| Position | Pit time | Fuel remaining | Tire temperature | Driver | Top speed | Lap time |
| --- | --- | --- | --- | --- | --- | --- |
| 1 | 22.11 s | 18.3 L | 126.7 °C | Noah | 347.4 km/h | 61.80 s |
| 17 | 2.21 s | 48.0 L | 76.6 °C | Daniel | 292.3 km/h | 116.02 s |
| 4 | 25.70 s | 9.7 L | 122.7 °C | Maya | 267.4 km/h | 110.92 s |
| 17 | 42.20 s | 5.4 L | 73.4 °C | Iris | 298.6 km/h | 57.66 s |","Answer the question using the table. Return only the requested value.

Table:
| Position | Pit time | Fuel remaining | Tire temperature | Driver | Top speed | Lap time |
| --- | --- | --- | --- | --- | --- | --- |
| 1 | 22.11 s | 18.3 L | 126.7 °C | Noah | 347.4 km/h | 61.80 s |
| 17 | 2.21 s | 48.0 L | 76.6 °C | Daniel | 292.3 km/h | 116.02 s |
| 4 | 25.70 s | 9.7 L | 122.7 °C | Maya | 267.4 km/h | 110.92 s |
| 17 | 42.20 s | 5.4 L | 73.4 °C | Iris | 298.6 km/h | 57.66 s |

Question: According to the race table, what is Iris's Position?",17,"{""headers"": [""Position"", ""Pit time"", ""Fuel remaining"", ""Tire temperature"", ""Driver"", ""Top speed"", ""Lap time""], ""rows"": [[""1"", ""22.11 s"", ""18.3 L"", ""126.7 °C"", ""Noah"", ""347.4 km/h"", ""61.80 s""], [""17"", ""2.21 s"", ""48.0 L"", ""76.6 °C"", ""Daniel"", ""292.3 km/h"", ""116.02 s""], [""4"", ""25.70 s"", ""9.7 L"", ""122.7 °C"", ""Maya"", ""267.4 km/h"", ""110.92 s""], [""17"", ""42.20 s"", ""5.4 L"", ""73.4 °C"", ""Iris"", ""298.6 km/h"", ""57.66 s""]]}","{""row_index"": 3, ""column_index"": 0, ""row_identifier_column"": ""Driver"", ""row_identifier_value"": ""Iris"", ""target_column"": ""Position""}",lookup
A-L1-0095,1,skydiving,"According to the table, what is the Air pressure for Lucas?","| Elapsed time | Heart rate | Person | Falling speed | Altitude | Air pressure | Air temperature |
| --- | --- | --- | --- | --- | --- | --- |
| 34.1 s | 157 bpm | Sofia | 63.0 m/s | 6775 m | 50.0 kPa | -29.8 °C |
| 37.4 s | 148 bpm | Theo | 58.0 m/s | 11538 m | 20.0 kPa | -16.5 °C |
| 65.7 s | 131 bpm | Lucas | 71.0 m/s | 5411 m | 28.3 kPa | -0.7 °C |
| 54.5 s | 165 bpm | Alex | 81.0 m/s | 10216 m | 53.0 kPa | 17.8 °C |
| 6.5 s | 100 bpm | Yuna | 27.1 m/s | 10739 m | 20.5 kPa | -36.5 °C |
| 50.4 s | 128 bpm | Noah | 72.5 m/s | 6640 m | 68.0 kPa | -3.6 °C |","Answer the question using the table. Return only the requested value.

Table:
| Elapsed time | Heart rate | Person | Falling speed | Altitude | Air pressure | Air temperature |
| --- | --- | --- | --- | --- | --- | --- |
| 34.1 s | 157 bpm | Sofia | 63.0 m/s | 6775 m | 50.0 kPa | -29.8 °C |
| 37.4 s | 148 bpm | Theo | 58.0 m/s | 11538 m | 20.0 kPa | -16.5 °C |
| 65.7 s | 131 bpm | Lucas | 71.0 m/s | 5411 m | 28.3 kPa | -0.7 °C |
| 54.5 s | 165 bpm | Alex | 81.0 m/s | 10216 m | 53.0 kPa | 17.8 °C |
| 6.5 s | 100 bpm | Yuna | 27.1 m/s | 10739 m | 20.5 kPa | -36.5 °C |
| 50.4 s | 128 bpm | Noah | 72.5 m/s | 6640 m | 68.0 kPa | -3.6 °C |

Question: According to the table, what is the Air pressure for Lucas?",28.3 kPa,"{""headers"": [""Elapsed time"", ""Heart rate"", ""Person"", ""Falling speed"", ""Altitude"", ""Air pressure"", ""Air temperature""], ""rows"": [[""34.1 s"", ""157 bpm"", ""Sofia"", ""63.0 m/s"", ""6775 m"", ""50.0 kPa"", ""-29.8 °C""], [""37.4 s"", ""148 bpm"", ""Theo"", ""58.0 m/s"", ""11538 m"", ""20.0 kPa"", ""-16.5 °C""], [""65.7 s"", ""131 bpm"", ""Lucas"", ""71.0 m/s"", ""5411 m"", ""28.3 kPa"", ""-0.7 °C""], [""54.5 s"", ""165 bpm"", ""Alex"", ""81.0 m/s"", ""10216 m"", ""53.0 kPa"", ""17.8 °C""], [""6.5 s"", ""100 bpm"", ""Yuna"", ""27.1 m/s"", ""10739 m"", ""20.5 kPa"", ""-36.5 °C""], [""50.4 s"", ""128 bpm"", ""Noah"", ""72.5 m/s"", ""6640 m"", ""68.0 kPa"", ""-3.6 °C""]]}","{""row_index"": 2, ""column_index"": 5, ""row_identifier_column"": ""Person"", ""row_identifier_value"": ""Lucas"", ""target_column"": ""Air pressure""}",lookup
A-L1-0096,1,sports,What is the Points value for the Dragons?,"| Wins | Possession | Points | Team | Goals scored | Goals conceded |
| --- | --- | --- | --- | --- | --- |
| 2 | 32.2% | 58 | Comets | 104 | 103 |
| 11 | 62.7% | 52 | Ravens | 117 | 58 |
| 9 | 59.2% | 92 | Dragons | 9 | 78 |
| 18 | 66.3% | 99 | Sharks | 109 | 81 |
| 5 | 63.0% | 71 | Wolves | 67 | 93 |","Answer the question using the table. Return only the requested value.

Table:
| Wins | Possession | Points | Team | Goals scored | Goals conceded |
| --- | --- | --- | --- | --- | --- |
| 2 | 32.2% | 58 | Comets | 104 | 103 |
| 11 | 62.7% | 52 | Ravens | 117 | 58 |
| 9 | 59.2% | 92 | Dragons | 9 | 78 |
| 18 | 66.3% | 99 | Sharks | 109 | 81 |
| 5 | 63.0% | 71 | Wolves | 67 | 93 |

Question: What is the Points value for the Dragons?",92,"{""headers"": [""Wins"", ""Possession"", ""Points"", ""Team"", ""Goals scored"", ""Goals conceded""], ""rows"": [[""2"", ""32.2%"", ""58"", ""Comets"", ""104"", ""103""], [""11"", ""62.7%"", ""52"", ""Ravens"", ""117"", ""58""], [""9"", ""59.2%"", ""92"", ""Dragons"", ""9"", ""78""], [""18"", ""66.3%"", ""99"", ""Sharks"", ""109"", ""81""], [""5"", ""63.0%"", ""71"", ""Wolves"", ""67"", ""93""]]}","{""row_index"": 2, ""column_index"": 2, ""row_identifier_column"": ""Team"", ""row_identifier_value"": ""Dragons"", ""target_column"": ""Points""}",lookup
A-L1-0097,1,lab,Look at Sample-I. What is its recorded pH?,"| Sample | Mass | Density | Temperature | Conductivity | pH | Volume |
| --- | --- | --- | --- | --- | --- | --- |
| Sample-K | 379.4 g | 1.81 g/mL | 9.9 °C | 5.07 mS/cm | 10.53 | 29.0 mL |
| Sample-L | 297.8 g | 1.62 g/mL | 93.9 °C | 8.77 mS/cm | 2.24 | 76.9 mL |
| Sample-J | 434.6 g | 3.74 g/mL | 67.4 °C | 23.73 mS/cm | 10.20 | 4.4 mL |
| Sample-C | 286.6 g | 0.79 g/mL | 12.7 °C | 3.39 mS/cm | 2.49 | 100.4 mL |
| Sample-A | 222.2 g | 3.97 g/mL | 78.6 °C | 15.44 mS/cm | 3.46 | 12.2 mL |
| Sample-D | 462.2 g | 1.63 g/mL | 43.1 °C | 19.44 mS/cm | 2.90 | 168.3 mL |
| Sample-I | 308.8 g | 1.19 g/mL | 11.4 °C | 16.34 mS/cm | 9.36 | 62.3 mL |
| Sample-F | 66.9 g | 3.21 g/mL | 48.9 °C | 12.60 mS/cm | 3.35 | 140.3 mL |","Answer the question using the table. Return only the requested value.

Table:
| Sample | Mass | Density | Temperature | Conductivity | pH | Volume |
| --- | --- | --- | --- | --- | --- | --- |
| Sample-K | 379.4 g | 1.81 g/mL | 9.9 °C | 5.07 mS/cm | 10.53 | 29.0 mL |
| Sample-L | 297.8 g | 1.62 g/mL | 93.9 °C | 8.77 mS/cm | 2.24 | 76.9 mL |
| Sample-J | 434.6 g | 3.74 g/mL | 67.4 °C | 23.73 mS/cm | 10.20 | 4.4 mL |
| Sample-C | 286.6 g | 0.79 g/mL | 12.7 °C | 3.39 mS/cm | 2.49 | 100.4 mL |
| Sample-A | 222.2 g | 3.97 g/mL | 78.6 °C | 15.44 mS/cm | 3.46 | 12.2 mL |
| Sample-D | 462.2 g | 1.63 g/mL | 43.1 °C | 19.44 mS/cm | 2.90 | 168.3 mL |
| Sample-I | 308.8 g | 1.19 g/mL | 11.4 °C | 16.34 mS/cm | 9.36 | 62.3 mL |
| Sample-F | 66.9 g | 3.21 g/mL | 48.9 °C | 12.60 mS/cm | 3.35 | 140.3 mL |

Question: Look at Sample-I. What is its recorded pH?",9.36,"{""headers"": [""Sample"", ""Mass"", ""Density"", ""Temperature"", ""Conductivity"", ""pH"", ""Volume""], ""rows"": [[""Sample-K"", ""379.4 g"", ""1.81 g/mL"", ""9.9 °C"", ""5.07 mS/cm"", ""10.53"", ""29.0 mL""], [""Sample-L"", ""297.8 g"", ""1.62 g/mL"", ""93.9 °C"", ""8.77 mS/cm"", ""2.24"", ""76.9 mL""], [""Sample-J"", ""434.6 g"", ""3.74 g/mL"", ""67.4 °C"", ""23.73 mS/cm"", ""10.20"", ""4.4 mL""], [""Sample-C"", ""286.6 g"", ""0.79 g/mL"", ""12.7 °C"", ""3.39 mS/cm"", ""2.49"", ""100.4 mL""], [""Sample-A"", ""222.2 g"", ""3.97 g/mL"", ""78.6 °C"", ""15.44 mS/cm"", ""3.46"", ""12.2 mL""], [""Sample-D"", ""462.2 g"", ""1.63 g/mL"", ""43.1 °C"", ""19.44 mS/cm"", ""2.90"", ""168.3 mL""], [""Sample-I"", ""308.8 g"", ""1.19 g/mL"", ""11.4 °C"", ""16.34 mS/cm"", ""9.36"", ""62.3 mL""], [""Sample-F"", ""66.9 g"", ""3.21 g/mL"", ""48.9 °C"", ""12.60 mS/cm"", ""3.35"", ""140.3 mL""]]}","{""row_index"": 6, ""column_index"": 5, ""row_identifier_column"": ""Sample"", ""row_identifier_value"": ""Sample-I"", ""target_column"": ""pH""}",lookup
A-L1-0098,1,weather,"According to the weather table, what is the Humidity at Maple?","| Station | Rainfall | Visibility | Temperature | Humidity | Wind speed |
| --- | --- | --- | --- | --- | --- |
| Fairview | 2.5 mm | 5.0 km | -0.1 °C | 83% | 19.4 m/s |
| Pinehurst | 45.0 mm | 5.1 km | 5.9 °C | 36% | 11.7 m/s |
| Orion | 8.5 mm | 16.2 km | 30.9 °C | 96% | 11.0 m/s |
| Hillcrest | 42.6 mm | 1.1 km | 34.1 °C | 30% | 16.0 m/s |
| Clearwater | 23.1 mm | 26.0 km | 20.0 °C | 47% | 29.8 m/s |
| Maple | 73.7 mm | 11.7 km | -2.7 °C | 17% | 22.7 m/s |
| Westhaven | 29.9 mm | 29.4 km | -2.5 °C | 44% | 21.9 m/s |
| Cedar | 69.0 mm | 26.8 km | 31.6 °C | 57% | 21.9 m/s |","Answer the question using the table. Return only the requested value.

Table:
| Station | Rainfall | Visibility | Temperature | Humidity | Wind speed |
| --- | --- | --- | --- | --- | --- |
| Fairview | 2.5 mm | 5.0 km | -0.1 °C | 83% | 19.4 m/s |
| Pinehurst | 45.0 mm | 5.1 km | 5.9 °C | 36% | 11.7 m/s |
| Orion | 8.5 mm | 16.2 km | 30.9 °C | 96% | 11.0 m/s |
| Hillcrest | 42.6 mm | 1.1 km | 34.1 °C | 30% | 16.0 m/s |
| Clearwater | 23.1 mm | 26.0 km | 20.0 °C | 47% | 29.8 m/s |
| Maple | 73.7 mm | 11.7 km | -2.7 °C | 17% | 22.7 m/s |
| Westhaven | 29.9 mm | 29.4 km | -2.5 °C | 44% | 21.9 m/s |
| Cedar | 69.0 mm | 26.8 km | 31.6 °C | 57% | 21.9 m/s |

Question: According to the weather table, what is the Humidity at Maple?",17%,"{""headers"": [""Station"", ""Rainfall"", ""Visibility"", ""Temperature"", ""Humidity"", ""Wind speed""], ""rows"": [[""Fairview"", ""2.5 mm"", ""5.0 km"", ""-0.1 °C"", ""83%"", ""19.4 m/s""], [""Pinehurst"", ""45.0 mm"", ""5.1 km"", ""5.9 °C"", ""36%"", ""11.7 m/s""], [""Orion"", ""8.5 mm"", ""16.2 km"", ""30.9 °C"", ""96%"", ""11.0 m/s""], [""Hillcrest"", ""42.6 mm"", ""1.1 km"", ""34.1 °C"", ""30%"", ""16.0 m/s""], [""Clearwater"", ""23.1 mm"", ""26.0 km"", ""20.0 °C"", ""47%"", ""29.8 m/s""], [""Maple"", ""73.7 mm"", ""11.7 km"", ""-2.7 °C"", ""17%"", ""22.7 m/s""], [""Westhaven"", ""29.9 mm"", ""29.4 km"", ""-2.5 °C"", ""44%"", ""21.9 m/s""], [""Cedar"", ""69.0 mm"", ""26.8 km"", ""31.6 °C"", ""57%"", ""21.9 m/s""]]}","{""row_index"": 5, ""column_index"": 4, ""row_identifier_column"": ""Station"", ""row_identifier_value"": ""Maple"", ""target_column"": ""Humidity""}",lookup
A-L1-0099,1,sports,"In the table, what Wins do the Wolves have?","| Wins | Possession | Goals scored | Losses | Team | Goals conceded |
| --- | --- | --- | --- | --- | --- |
| 28 | 46.5% | 110 | 23 | Bulls | 61 |
| 30 | 31.2% | 57 | 28 | Comets | 45 |
| 3 | 42.7% | 97 | 17 | Ravens | 76 |
| 24 | 37.5% | 8 | 5 | Hawks | 21 |
| 18 | 69.4% | 82 | 8 | Tigers | 83 |
| 23 | 37.4% | 23 | 28 | Wolves | 112 |
| 24 | 55.5% | 24 | 8 | Cyclones | 99 |","Answer the question using the table. Return only the requested value.

Table:
| Wins | Possession | Goals scored | Losses | Team | Goals conceded |
| --- | --- | --- | --- | --- | --- |
| 28 | 46.5% | 110 | 23 | Bulls | 61 |
| 30 | 31.2% | 57 | 28 | Comets | 45 |
| 3 | 42.7% | 97 | 17 | Ravens | 76 |
| 24 | 37.5% | 8 | 5 | Hawks | 21 |
| 18 | 69.4% | 82 | 8 | Tigers | 83 |
| 23 | 37.4% | 23 | 28 | Wolves | 112 |
| 24 | 55.5% | 24 | 8 | Cyclones | 99 |

Question: In the table, what Wins do the Wolves have?",23,"{""headers"": [""Wins"", ""Possession"", ""Goals scored"", ""Losses"", ""Team"", ""Goals conceded""], ""rows"": [[""28"", ""46.5%"", ""110"", ""23"", ""Bulls"", ""61""], [""30"", ""31.2%"", ""57"", ""28"", ""Comets"", ""45""], [""3"", ""42.7%"", ""97"", ""17"", ""Ravens"", ""76""], [""24"", ""37.5%"", ""8"", ""5"", ""Hawks"", ""21""], [""18"", ""69.4%"", ""82"", ""8"", ""Tigers"", ""83""], [""23"", ""37.4%"", ""23"", ""28"", ""Wolves"", ""112""], [""24"", ""55.5%"", ""24"", ""8"", ""Cyclones"", ""99""]]}","{""row_index"": 5, ""column_index"": 0, ""row_identifier_column"": ""Team"", ""row_identifier_value"": ""Wolves"", ""target_column"": ""Wins""}",lookup
A-L1-0100,1,race,"According to the race table, what is Iris's Tire temperature?","| Position | Driver | Lap time | Tire temperature | Top speed |
| --- | --- | --- | --- | --- |
| 8 | Nora | 82.62 s | 94.3 °C | 268.2 km/h |
| 2 | Julia | 99.64 s | 125.7 °C | 286.9 km/h |
| 20 | Daniel | 133.80 s | 133.9 °C | 191.9 km/h |
| 13 | Iris | 120.98 s | 105.6 °C | 257.0 km/h |
| 7 | Hana | 112.06 s | 75.2 °C | 220.1 km/h |
| 19 | Ethan | 88.50 s | 130.4 °C | 309.6 km/h |","Answer the question using the table. Return only the requested value.

Table:
| Position | Driver | Lap time | Tire temperature | Top speed |
| --- | --- | --- | --- | --- |
| 8 | Nora | 82.62 s | 94.3 °C | 268.2 km/h |
| 2 | Julia | 99.64 s | 125.7 °C | 286.9 km/h |
| 20 | Daniel | 133.80 s | 133.9 °C | 191.9 km/h |
| 13 | Iris | 120.98 s | 105.6 °C | 257.0 km/h |
| 7 | Hana | 112.06 s | 75.2 °C | 220.1 km/h |
| 19 | Ethan | 88.50 s | 130.4 °C | 309.6 km/h |

Question: According to the race table, what is Iris's Tire temperature?",105.6 °C,"{""headers"": [""Position"", ""Driver"", ""Lap time"", ""Tire temperature"", ""Top speed""], ""rows"": [[""8"", ""Nora"", ""82.62 s"", ""94.3 °C"", ""268.2 km/h""], [""2"", ""Julia"", ""99.64 s"", ""125.7 °C"", ""286.9 km/h""], [""20"", ""Daniel"", ""133.80 s"", ""133.9 °C"", ""191.9 km/h""], [""13"", ""Iris"", ""120.98 s"", ""105.6 °C"", ""257.0 km/h""], [""7"", ""Hana"", ""112.06 s"", ""75.2 °C"", ""220.1 km/h""], [""19"", ""Ethan"", ""88.50 s"", ""130.4 °C"", ""309.6 km/h""]]}","{""row_index"": 3, ""column_index"": 3, ""row_identifier_column"": ""Driver"", ""row_identifier_value"": ""Iris"", ""target_column"": ""Tire temperature""}",lookup
A-L1-0101,1,weather,Find station Brookfield. What is its Rainfall?,"| Station | Pressure | Temperature | Wind speed | Rainfall | Visibility | Humidity |
| --- | --- | --- | --- | --- | --- | --- |
| Pinehurst | 966.9 hPa | -6.4 °C | 30.5 m/s | 73.3 mm | 4.8 km | 29% |
| Orion | 965.6 hPa | 32.5 °C | 0.9 m/s | 38.6 mm | 26.9 km | 48% |
| Riverton | 939.9 hPa | 22.7 °C | 11.3 m/s | 55.1 mm | 5.3 km | 88% |
| Westhaven | 985.1 hPa | 32.4 °C | 6.3 m/s | 49.8 mm | 16.6 km | 23% |
| Fairview | 1037.3 hPa | 14.2 °C | 21.4 m/s | 13.6 mm | 1.8 km | 75% |
| Lakeside | 940.0 hPa | -10.5 °C | 24.7 m/s | 53.9 mm | 21.4 km | 76% |
| Maple | 935.6 hPa | 35.9 °C | 10.8 m/s | 62.1 mm | 9.0 km | 79% |
| Brookfield | 1028.8 hPa | 25.6 °C | 33.6 m/s | 0.3 mm | 0.9 km | 30% |","Answer the question using the table. Return only the requested value.

Table:
| Station | Pressure | Temperature | Wind speed | Rainfall | Visibility | Humidity |
| --- | --- | --- | --- | --- | --- | --- |
| Pinehurst | 966.9 hPa | -6.4 °C | 30.5 m/s | 73.3 mm | 4.8 km | 29% |
| Orion | 965.6 hPa | 32.5 °C | 0.9 m/s | 38.6 mm | 26.9 km | 48% |
| Riverton | 939.9 hPa | 22.7 °C | 11.3 m/s | 55.1 mm | 5.3 km | 88% |
| Westhaven | 985.1 hPa | 32.4 °C | 6.3 m/s | 49.8 mm | 16.6 km | 23% |
| Fairview | 1037.3 hPa | 14.2 °C | 21.4 m/s | 13.6 mm | 1.8 km | 75% |
| Lakeside | 940.0 hPa | -10.5 °C | 24.7 m/s | 53.9 mm | 21.4 km | 76% |
| Maple | 935.6 hPa | 35.9 °C | 10.8 m/s | 62.1 mm | 9.0 km | 79% |
| Brookfield | 1028.8 hPa | 25.6 °C | 33.6 m/s | 0.3 mm | 0.9 km | 30% |

Question: Find station Brookfield. What is its Rainfall?",0.3 mm,"{""headers"": [""Station"", ""Pressure"", ""Temperature"", ""Wind speed"", ""Rainfall"", ""Visibility"", ""Humidity""], ""rows"": [[""Pinehurst"", ""966.9 hPa"", ""-6.4 °C"", ""30.5 m/s"", ""73.3 mm"", ""4.8 km"", ""29%""], [""Orion"", ""965.6 hPa"", ""32.5 °C"", ""0.9 m/s"", ""38.6 mm"", ""26.9 km"", ""48%""], [""Riverton"", ""939.9 hPa"", ""22.7 °C"", ""11.3 m/s"", ""55.1 mm"", ""5.3 km"", ""88%""], [""Westhaven"", ""985.1 hPa"", ""32.4 °C"", ""6.3 m/s"", ""49.8 mm"", ""16.6 km"", ""23%""], [""Fairview"", ""1037.3 hPa"", ""14.2 °C"", ""21.4 m/s"", ""13.6 mm"", ""1.8 km"", ""75%""], [""Lakeside"", ""940.0 hPa"", ""-10.5 °C"", ""24.7 m/s"", ""53.9 mm"", ""21.4 km"", ""76%""], [""Maple"", ""935.6 hPa"", ""35.9 °C"", ""10.8 m/s"", ""62.1 mm"", ""9.0 km"", ""79%""], [""Brookfield"", ""1028.8 hPa"", ""25.6 °C"", ""33.6 m/s"", ""0.3 mm"", ""0.9 km"", ""30%""]]}","{""row_index"": 7, ""column_index"": 4, ""row_identifier_column"": ""Station"", ""row_identifier_value"": ""Brookfield"", ""target_column"": ""Rainfall""}",lookup
A-L1-0102,1,skydiving,Find Lena. What Altitude is listed?,"| Air temperature | Falling speed | Person | Elapsed time | Altitude |
| --- | --- | --- | --- | --- |
| -26.2 °C | 65.0 m/s | Lena | 87.8 s | 10137 m |
| -27.7 °C | 33.1 m/s | Noah | 52.4 s | 8488 m |
| -6.4 °C | 56.5 m/s | Mina | 14.8 s | 8502 m |
| -7.5 °C | 61.7 m/s | Yuna | 75.9 s | 8452 m |
| -21.8 °C | 30.6 m/s | Oliver | 39.1 s | 3942 m |
| -10.3 °C | 29.1 m/s | Theo | 31.4 s | 5414 m |
| -8.5 °C | 35.6 m/s | Maya | 88.8 s | 5736 m |
| -33.8 °C | 27.9 m/s | David | 65.5 s | 5295 m |","Answer the question using the table. Return only the requested value.

Table:
| Air temperature | Falling speed | Person | Elapsed time | Altitude |
| --- | --- | --- | --- | --- |
| -26.2 °C | 65.0 m/s | Lena | 87.8 s | 10137 m |
| -27.7 °C | 33.1 m/s | Noah | 52.4 s | 8488 m |
| -6.4 °C | 56.5 m/s | Mina | 14.8 s | 8502 m |
| -7.5 °C | 61.7 m/s | Yuna | 75.9 s | 8452 m |
| -21.8 °C | 30.6 m/s | Oliver | 39.1 s | 3942 m |
| -10.3 °C | 29.1 m/s | Theo | 31.4 s | 5414 m |
| -8.5 °C | 35.6 m/s | Maya | 88.8 s | 5736 m |
| -33.8 °C | 27.9 m/s | David | 65.5 s | 5295 m |

Question: Find Lena. What Altitude is listed?",10137 m,"{""headers"": [""Air temperature"", ""Falling speed"", ""Person"", ""Elapsed time"", ""Altitude""], ""rows"": [[""-26.2 °C"", ""65.0 m/s"", ""Lena"", ""87.8 s"", ""10137 m""], [""-27.7 °C"", ""33.1 m/s"", ""Noah"", ""52.4 s"", ""8488 m""], [""-6.4 °C"", ""56.5 m/s"", ""Mina"", ""14.8 s"", ""8502 m""], [""-7.5 °C"", ""61.7 m/s"", ""Yuna"", ""75.9 s"", ""8452 m""], [""-21.8 °C"", ""30.6 m/s"", ""Oliver"", ""39.1 s"", ""3942 m""], [""-10.3 °C"", ""29.1 m/s"", ""Theo"", ""31.4 s"", ""5414 m""], [""-8.5 °C"", ""35.6 m/s"", ""Maya"", ""88.8 s"", ""5736 m""], [""-33.8 °C"", ""27.9 m/s"", ""David"", ""65.5 s"", ""5295 m""]]}","{""row_index"": 0, ""column_index"": 4, ""row_identifier_column"": ""Person"", ""row_identifier_value"": ""Lena"", ""target_column"": ""Altitude""}",lookup
A-L1-0103,1,race,Find Noah's row. What is the Top speed?,"| Lap time | Tire temperature | Top speed | Driver |
| --- | --- | --- | --- |
| 84.02 s | 111.4 °C | 310.4 km/h | Yuna |
| 55.96 s | 107.8 °C | 216.2 km/h | Julia |
| 122.77 s | 128.7 °C | 296.2 km/h | David |
| 122.17 s | 81.1 °C | 235.4 km/h | Hana |
| 83.37 s | 91.1 °C | 280.9 km/h | Nora |
| 83.72 s | 84.8 °C | 301.0 km/h | Noah |
| 82.53 s | 98.0 °C | 181.1 km/h | Lena |
| 57.47 s | 106.2 °C | 211.6 km/h | Emma |
| 108.31 s | 96.1 °C | 340.6 km/h | Sofia |","Answer the question using the table. Return only the requested value.

Table:
| Lap time | Tire temperature | Top speed | Driver |
| --- | --- | --- | --- |
| 84.02 s | 111.4 °C | 310.4 km/h | Yuna |
| 55.96 s | 107.8 °C | 216.2 km/h | Julia |
| 122.77 s | 128.7 °C | 296.2 km/h | David |
| 122.17 s | 81.1 °C | 235.4 km/h | Hana |
| 83.37 s | 91.1 °C | 280.9 km/h | Nora |
| 83.72 s | 84.8 °C | 301.0 km/h | Noah |
| 82.53 s | 98.0 °C | 181.1 km/h | Lena |
| 57.47 s | 106.2 °C | 211.6 km/h | Emma |
| 108.31 s | 96.1 °C | 340.6 km/h | Sofia |

Question: Find Noah's row. What is the Top speed?",301.0 km/h,"{""headers"": [""Lap time"", ""Tire temperature"", ""Top speed"", ""Driver""], ""rows"": [[""84.02 s"", ""111.4 °C"", ""310.4 km/h"", ""Yuna""], [""55.96 s"", ""107.8 °C"", ""216.2 km/h"", ""Julia""], [""122.77 s"", ""128.7 °C"", ""296.2 km/h"", ""David""], [""122.17 s"", ""81.1 °C"", ""235.4 km/h"", ""Hana""], [""83.37 s"", ""91.1 °C"", ""280.9 km/h"", ""Nora""], [""83.72 s"", ""84.8 °C"", ""301.0 km/h"", ""Noah""], [""82.53 s"", ""98.0 °C"", ""181.1 km/h"", ""Lena""], [""57.47 s"", ""106.2 °C"", ""211.6 km/h"", ""Emma""], [""108.31 s"", ""96.1 °C"", ""340.6 km/h"", ""Sofia""]]}","{""row_index"": 5, ""column_index"": 2, ""row_identifier_column"": ""Driver"", ""row_identifier_value"": ""Noah"", ""target_column"": ""Top speed""}",lookup
A-L1-0104,1,skydiving,"According to the table, what is the Elapsed time for Leo?","| Air pressure | Heart rate | Altitude | Elapsed time | Person |
| --- | --- | --- | --- | --- |
| 55.5 kPa | 166 bpm | 787 m | 75.0 s | Daniel |
| 22.5 kPa | 103 bpm | 5260 m | 68.5 s | Oliver |
| 56.2 kPa | 95 bpm | 11433 m | 49.7 s | David |
| 29.0 kPa | 102 bpm | 9527 m | 24.5 s | Leo |
| 35.2 kPa | 123 bpm | 11122 m | 48.4 s | Theo |","Answer the question using the table. Return only the requested value.

Table:
| Air pressure | Heart rate | Altitude | Elapsed time | Person |
| --- | --- | --- | --- | --- |
| 55.5 kPa | 166 bpm | 787 m | 75.0 s | Daniel |
| 22.5 kPa | 103 bpm | 5260 m | 68.5 s | Oliver |
| 56.2 kPa | 95 bpm | 11433 m | 49.7 s | David |
| 29.0 kPa | 102 bpm | 9527 m | 24.5 s | Leo |
| 35.2 kPa | 123 bpm | 11122 m | 48.4 s | Theo |

Question: According to the table, what is the Elapsed time for Leo?",24.5 s,"{""headers"": [""Air pressure"", ""Heart rate"", ""Altitude"", ""Elapsed time"", ""Person""], ""rows"": [[""55.5 kPa"", ""166 bpm"", ""787 m"", ""75.0 s"", ""Daniel""], [""22.5 kPa"", ""103 bpm"", ""5260 m"", ""68.5 s"", ""Oliver""], [""56.2 kPa"", ""95 bpm"", ""11433 m"", ""49.7 s"", ""David""], [""29.0 kPa"", ""102 bpm"", ""9527 m"", ""24.5 s"", ""Leo""], [""35.2 kPa"", ""123 bpm"", ""11122 m"", ""48.4 s"", ""Theo""]]}","{""row_index"": 3, ""column_index"": 3, ""row_identifier_column"": ""Person"", ""row_identifier_value"": ""Leo"", ""target_column"": ""Elapsed time""}",lookup
A-L1-0105,1,weather,Find station Lakeside. What is its Wind speed?,"| Rainfall | Visibility | Temperature | Humidity | Wind speed | Pressure | Station |
| --- | --- | --- | --- | --- | --- | --- |
| 37.5 mm | 8.7 km | -4.8 °C | 25% | 11.2 m/s | 946.4 hPa | Oakridge |
| 11.1 mm | 10.5 km | 17.5 °C | 54% | 15.5 m/s | 1004.3 hPa | Lakeside |
| 43.7 mm | 1.0 km | -0.5 °C | 32% | 21.8 m/s | 968.5 hPa | Cedar |
| 15.2 mm | 2.1 km | -9.4 °C | 64% | 14.9 m/s | 995.2 hPa | Pinehurst |
| 38.7 mm | 27.6 km | 28.1 °C | 72% | 16.4 m/s | 1008.1 hPa | Fairview |
| 73.2 mm | 7.3 km | 9.7 °C | 66% | 7.8 m/s | 1030.4 hPa | Maple |
| 26.6 mm | 21.1 km | 29.3 °C | 83% | 21.6 m/s | 1008.4 hPa | Brookfield |
| 24.1 mm | 4.7 km | 1.9 °C | 35% | 24.7 m/s | 937.8 hPa | Orion |
| 64.2 mm | 16.2 km | 20.6 °C | 54% | 34.1 m/s | 944.5 hPa | Clearwater |","Answer the question using the table. Return only the requested value.

Table:
| Rainfall | Visibility | Temperature | Humidity | Wind speed | Pressure | Station |
| --- | --- | --- | --- | --- | --- | --- |
| 37.5 mm | 8.7 km | -4.8 °C | 25% | 11.2 m/s | 946.4 hPa | Oakridge |
| 11.1 mm | 10.5 km | 17.5 °C | 54% | 15.5 m/s | 1004.3 hPa | Lakeside |
| 43.7 mm | 1.0 km | -0.5 °C | 32% | 21.8 m/s | 968.5 hPa | Cedar |
| 15.2 mm | 2.1 km | -9.4 °C | 64% | 14.9 m/s | 995.2 hPa | Pinehurst |
| 38.7 mm | 27.6 km | 28.1 °C | 72% | 16.4 m/s | 1008.1 hPa | Fairview |
| 73.2 mm | 7.3 km | 9.7 °C | 66% | 7.8 m/s | 1030.4 hPa | Maple |
| 26.6 mm | 21.1 km | 29.3 °C | 83% | 21.6 m/s | 1008.4 hPa | Brookfield |
| 24.1 mm | 4.7 km | 1.9 °C | 35% | 24.7 m/s | 937.8 hPa | Orion |
| 64.2 mm | 16.2 km | 20.6 °C | 54% | 34.1 m/s | 944.5 hPa | Clearwater |

Question: Find station Lakeside. What is its Wind speed?",15.5 m/s,"{""headers"": [""Rainfall"", ""Visibility"", ""Temperature"", ""Humidity"", ""Wind speed"", ""Pressure"", ""Station""], ""rows"": [[""37.5 mm"", ""8.7 km"", ""-4.8 °C"", ""25%"", ""11.2 m/s"", ""946.4 hPa"", ""Oakridge""], [""11.1 mm"", ""10.5 km"", ""17.5 °C"", ""54%"", ""15.5 m/s"", ""1004.3 hPa"", ""Lakeside""], [""43.7 mm"", ""1.0 km"", ""-0.5 °C"", ""32%"", ""21.8 m/s"", ""968.5 hPa"", ""Cedar""], [""15.2 mm"", ""2.1 km"", ""-9.4 °C"", ""64%"", ""14.9 m/s"", ""995.2 hPa"", ""Pinehurst""], [""38.7 mm"", ""27.6 km"", ""28.1 °C"", ""72%"", ""16.4 m/s"", ""1008.1 hPa"", ""Fairview""], [""73.2 mm"", ""7.3 km"", ""9.7 °C"", ""66%"", ""7.8 m/s"", ""1030.4 hPa"", ""Maple""], [""26.6 mm"", ""21.1 km"", ""29.3 °C"", ""83%"", ""21.6 m/s"", ""1008.4 hPa"", ""Brookfield""], [""24.1 mm"", ""4.7 km"", ""1.9 °C"", ""35%"", ""24.7 m/s"", ""937.8 hPa"", ""Orion""], [""64.2 mm"", ""16.2 km"", ""20.6 °C"", ""54%"", ""34.1 m/s"", ""944.5 hPa"", ""Clearwater""]]}","{""row_index"": 1, ""column_index"": 4, ""row_identifier_column"": ""Station"", ""row_identifier_value"": ""Lakeside"", ""target_column"": ""Wind speed""}",lookup
A-L1-0106,1,ml_experiments,Look up model Nova. What is its Latency?,"| Latency | Recall | Model | Accuracy |
| --- | --- | --- | --- |
| 40.6 ms | 53.2% | Delta | 87.1% |
| 126.2 ms | 66.8% | Nova | 66.8% |
| 32.0 ms | 61.9% | Aurora | 78.8% |
| 134.1 ms | 82.8% | Vertex | 87.8% |
| 107.9 ms | 72.6% | Nimbus | 69.3% |
| 176.5 ms | 71.1% | Helix | 82.1% |","Answer the question using the table. Return only the requested value.

Table:
| Latency | Recall | Model | Accuracy |
| --- | --- | --- | --- |
| 40.6 ms | 53.2% | Delta | 87.1% |
| 126.2 ms | 66.8% | Nova | 66.8% |
| 32.0 ms | 61.9% | Aurora | 78.8% |
| 134.1 ms | 82.8% | Vertex | 87.8% |
| 107.9 ms | 72.6% | Nimbus | 69.3% |
| 176.5 ms | 71.1% | Helix | 82.1% |

Question: Look up model Nova. What is its Latency?",126.2 ms,"{""headers"": [""Latency"", ""Recall"", ""Model"", ""Accuracy""], ""rows"": [[""40.6 ms"", ""53.2%"", ""Delta"", ""87.1%""], [""126.2 ms"", ""66.8%"", ""Nova"", ""66.8%""], [""32.0 ms"", ""61.9%"", ""Aurora"", ""78.8%""], [""134.1 ms"", ""82.8%"", ""Vertex"", ""87.8%""], [""107.9 ms"", ""72.6%"", ""Nimbus"", ""69.3%""], [""176.5 ms"", ""71.1%"", ""Helix"", ""82.1%""]]}","{""row_index"": 1, ""column_index"": 0, ""row_identifier_column"": ""Model"", ""row_identifier_value"": ""Nova"", ""target_column"": ""Latency""}",lookup
A-L1-0107,1,skydiving,What is Lucas's Elapsed time?,"| Person | Elapsed time | Air pressure | Altitude | Falling speed |
| --- | --- | --- | --- | --- |
| Lena | 89.9 s | 98.6 kPa | 5499 m | 43.3 m/s |
| Sofia | 40.1 s | 35.7 kPa | 7146 m | 56.9 m/s |
| Lucas | 40.5 s | 50.6 kPa | 4158 m | 67.1 m/s |
| Nora | 9.8 s | 85.7 kPa | 8589 m | 57.9 m/s |
| Iris | 33.5 s | 93.1 kPa | 7058 m | 65.9 m/s |
| Leo | 16.5 s | 49.5 kPa | 3883 m | 49.3 m/s |
| Daniel | 13.0 s | 98.9 kPa | 593 m | 45.7 m/s |
| Mina | 82.5 s | 38.8 kPa | 10455 m | 46.6 m/s |","Answer the question using the table. Return only the requested value.

Table:
| Person | Elapsed time | Air pressure | Altitude | Falling speed |
| --- | --- | --- | --- | --- |
| Lena | 89.9 s | 98.6 kPa | 5499 m | 43.3 m/s |
| Sofia | 40.1 s | 35.7 kPa | 7146 m | 56.9 m/s |
| Lucas | 40.5 s | 50.6 kPa | 4158 m | 67.1 m/s |
| Nora | 9.8 s | 85.7 kPa | 8589 m | 57.9 m/s |
| Iris | 33.5 s | 93.1 kPa | 7058 m | 65.9 m/s |
| Leo | 16.5 s | 49.5 kPa | 3883 m | 49.3 m/s |
| Daniel | 13.0 s | 98.9 kPa | 593 m | 45.7 m/s |
| Mina | 82.5 s | 38.8 kPa | 10455 m | 46.6 m/s |

Question: What is Lucas's Elapsed time?",40.5 s,"{""headers"": [""Person"", ""Elapsed time"", ""Air pressure"", ""Altitude"", ""Falling speed""], ""rows"": [[""Lena"", ""89.9 s"", ""98.6 kPa"", ""5499 m"", ""43.3 m/s""], [""Sofia"", ""40.1 s"", ""35.7 kPa"", ""7146 m"", ""56.9 m/s""], [""Lucas"", ""40.5 s"", ""50.6 kPa"", ""4158 m"", ""67.1 m/s""], [""Nora"", ""9.8 s"", ""85.7 kPa"", ""8589 m"", ""57.9 m/s""], [""Iris"", ""33.5 s"", ""93.1 kPa"", ""7058 m"", ""65.9 m/s""], [""Leo"", ""16.5 s"", ""49.5 kPa"", ""3883 m"", ""49.3 m/s""], [""Daniel"", ""13.0 s"", ""98.9 kPa"", ""593 m"", ""45.7 m/s""], [""Mina"", ""82.5 s"", ""38.8 kPa"", ""10455 m"", ""46.6 m/s""]]}","{""row_index"": 2, ""column_index"": 1, ""row_identifier_column"": ""Person"", ""row_identifier_value"": ""Lucas"", ""target_column"": ""Elapsed time""}",lookup
A-L1-0108,1,sports,What is the Goals conceded value for the Falcons?,"| Wins | Goals conceded | Goals scored | Losses | Team |
| --- | --- | --- | --- | --- |
| 18 | 15 | 93 | 15 | Sharks |
| 26 | 50 | 54 | 14 | Knights |
| 11 | 77 | 9 | 1 | Dragons |
| 8 | 78 | 74 | 13 | Ravens |
| 14 | 75 | 59 | 16 | Wolves |
| 15 | 19 | 52 | 22 | Comets |
| 0 | 113 | 68 | 18 | Tigers |
| 23 | 69 | 96 | 7 | Cyclones |
| 7 | 82 | 59 | 5 | Falcons |","Answer the question using the table. Return only the requested value.

Table:
| Wins | Goals conceded | Goals scored | Losses | Team |
| --- | --- | --- | --- | --- |
| 18 | 15 | 93 | 15 | Sharks |
| 26 | 50 | 54 | 14 | Knights |
| 11 | 77 | 9 | 1 | Dragons |
| 8 | 78 | 74 | 13 | Ravens |
| 14 | 75 | 59 | 16 | Wolves |
| 15 | 19 | 52 | 22 | Comets |
| 0 | 113 | 68 | 18 | Tigers |
| 23 | 69 | 96 | 7 | Cyclones |
| 7 | 82 | 59 | 5 | Falcons |

Question: What is the Goals conceded value for the Falcons?",82,"{""headers"": [""Wins"", ""Goals conceded"", ""Goals scored"", ""Losses"", ""Team""], ""rows"": [[""18"", ""15"", ""93"", ""15"", ""Sharks""], [""26"", ""50"", ""54"", ""14"", ""Knights""], [""11"", ""77"", ""9"", ""1"", ""Dragons""], [""8"", ""78"", ""74"", ""13"", ""Ravens""], [""14"", ""75"", ""59"", ""16"", ""Wolves""], [""15"", ""19"", ""52"", ""22"", ""Comets""], [""0"", ""113"", ""68"", ""18"", ""Tigers""], [""23"", ""69"", ""96"", ""7"", ""Cyclones""], [""7"", ""82"", ""59"", ""5"", ""Falcons""]]}","{""row_index"": 8, ""column_index"": 1, ""row_identifier_column"": ""Team"", ""row_identifier_value"": ""Falcons"", ""target_column"": ""Goals conceded""}",lookup
A-L1-0109,1,lab,"For Sample-I, what pH does the table report?","| Volume | Sample | Conductivity | Mass | pH | Temperature |
| --- | --- | --- | --- | --- | --- |
| 118.8 mL | Sample-H | 1.63 mS/cm | 86.2 g | 9.27 | 55.7 °C |
| 28.8 mL | Sample-K | 0.45 mS/cm | 89.0 g | 4.81 | 82.2 °C |
| 70.2 mL | Sample-I | 21.30 mS/cm | 68.0 g | 2.83 | 50.5 °C |
| 156.5 mL | Sample-L | 20.24 mS/cm | 144.8 g | 2.52 | 94.1 °C |","Answer the question using the table. Return only the requested value.

Table:
| Volume | Sample | Conductivity | Mass | pH | Temperature |
| --- | --- | --- | --- | --- | --- |
| 118.8 mL | Sample-H | 1.63 mS/cm | 86.2 g | 9.27 | 55.7 °C |
| 28.8 mL | Sample-K | 0.45 mS/cm | 89.0 g | 4.81 | 82.2 °C |
| 70.2 mL | Sample-I | 21.30 mS/cm | 68.0 g | 2.83 | 50.5 °C |
| 156.5 mL | Sample-L | 20.24 mS/cm | 144.8 g | 2.52 | 94.1 °C |

Question: For Sample-I, what pH does the table report?",2.83,"{""headers"": [""Volume"", ""Sample"", ""Conductivity"", ""Mass"", ""pH"", ""Temperature""], ""rows"": [[""118.8 mL"", ""Sample-H"", ""1.63 mS/cm"", ""86.2 g"", ""9.27"", ""55.7 °C""], [""28.8 mL"", ""Sample-K"", ""0.45 mS/cm"", ""89.0 g"", ""4.81"", ""82.2 °C""], [""70.2 mL"", ""Sample-I"", ""21.30 mS/cm"", ""68.0 g"", ""2.83"", ""50.5 °C""], [""156.5 mL"", ""Sample-L"", ""20.24 mS/cm"", ""144.8 g"", ""2.52"", ""94.1 °C""]]}","{""row_index"": 2, ""column_index"": 4, ""row_identifier_column"": ""Sample"", ""row_identifier_value"": ""Sample-I"", ""target_column"": ""pH""}",lookup
A-L1-0110,1,ml_experiments,Look up model Sigma. What is its Recall?,"| Precision | F1 score | Memory | Recall | Model | Latency | Accuracy |
| --- | --- | --- | --- | --- | --- | --- |
| 88.1% | 76.1% | 6.4 GB | 57.1% | Nimbus | 87.5 ms | 87.5% |
| 93.3% | 50.6% | 14.9 GB | 97.1% | Nova | 123.4 ms | 77.5% |
| 55.5% | 54.8% | 2.1 GB | 63.9% | Delta | 42.6 ms | 77.4% |
| 72.2% | 87.9% | 12.1 GB | 59.6% | Quartz | 107.6 ms | 88.6% |
| 95.4% | 92.1% | 5.7 GB | 82.1% | Sigma | 21.3 ms | 70.4% |
| 69.8% | 83.8% | 3.3 GB | 90.8% | Vertex | 122.4 ms | 81.4% |
| 88.2% | 55.7% | 3.1 GB | 86.6% | Atlas | 57.0 ms | 75.6% |
| 85.0% | 52.0% | 14.7 GB | 71.2% | Helix | 172.3 ms | 84.9% |","Answer the question using the table. Return only the requested value.

Table:
| Precision | F1 score | Memory | Recall | Model | Latency | Accuracy |
| --- | --- | --- | --- | --- | --- | --- |
| 88.1% | 76.1% | 6.4 GB | 57.1% | Nimbus | 87.5 ms | 87.5% |
| 93.3% | 50.6% | 14.9 GB | 97.1% | Nova | 123.4 ms | 77.5% |
| 55.5% | 54.8% | 2.1 GB | 63.9% | Delta | 42.6 ms | 77.4% |
| 72.2% | 87.9% | 12.1 GB | 59.6% | Quartz | 107.6 ms | 88.6% |
| 95.4% | 92.1% | 5.7 GB | 82.1% | Sigma | 21.3 ms | 70.4% |
| 69.8% | 83.8% | 3.3 GB | 90.8% | Vertex | 122.4 ms | 81.4% |
| 88.2% | 55.7% | 3.1 GB | 86.6% | Atlas | 57.0 ms | 75.6% |
| 85.0% | 52.0% | 14.7 GB | 71.2% | Helix | 172.3 ms | 84.9% |

Question: Look up model Sigma. What is its Recall?",82.1%,"{""headers"": [""Precision"", ""F1 score"", ""Memory"", ""Recall"", ""Model"", ""Latency"", ""Accuracy""], ""rows"": [[""88.1%"", ""76.1%"", ""6.4 GB"", ""57.1%"", ""Nimbus"", ""87.5 ms"", ""87.5%""], [""93.3%"", ""50.6%"", ""14.9 GB"", ""97.1%"", ""Nova"", ""123.4 ms"", ""77.5%""], [""55.5%"", ""54.8%"", ""2.1 GB"", ""63.9%"", ""Delta"", ""42.6 ms"", ""77.4%""], [""72.2%"", ""87.9%"", ""12.1 GB"", ""59.6%"", ""Quartz"", ""107.6 ms"", ""88.6%""], [""95.4%"", ""92.1%"", ""5.7 GB"", ""82.1%"", ""Sigma"", ""21.3 ms"", ""70.4%""], [""69.8%"", ""83.8%"", ""3.3 GB"", ""90.8%"", ""Vertex"", ""122.4 ms"", ""81.4%""], [""88.2%"", ""55.7%"", ""3.1 GB"", ""86.6%"", ""Atlas"", ""57.0 ms"", ""75.6%""], [""85.0%"", ""52.0%"", ""14.7 GB"", ""71.2%"", ""Helix"", ""172.3 ms"", ""84.9%""]]}","{""row_index"": 4, ""column_index"": 3, ""row_identifier_column"": ""Model"", ""row_identifier_value"": ""Sigma"", ""target_column"": ""Recall""}",lookup
A-L1-0111,1,race,Find Chris's row. What is the Position?,"| Position | Tire temperature | Driver | Pit time | Lap time | Fuel remaining |
| --- | --- | --- | --- | --- | --- |
| 7 | 73.3 °C | Hana | 8.03 s | 106.88 s | 7.4 L |
| 1 | 114.6 °C | Oliver | 6.70 s | 131.20 s | 62.6 L |
| 17 | 127.8 °C | Ryan | 34.69 s | 115.15 s | 46.8 L |
| 2 | 88.7 °C | Chris | 36.58 s | 76.95 s | 27.9 L |
| 4 | 128.4 °C | Sam | 3.17 s | 57.96 s | 57.8 L |
| 14 | 96.9 °C | Sofia | 28.95 s | 73.56 s | 13.2 L |
| 3 | 95.9 °C | Lucas | 0.15 s | 100.91 s | 33.5 L |
| 16 | 131.6 °C | Maya | 24.09 s | 65.30 s | 65.8 L |
| 13 | 108.0 °C | Emma | 31.50 s | 77.65 s | 74.8 L |","Answer the question using the table. Return only the requested value.

Table:
| Position | Tire temperature | Driver | Pit time | Lap time | Fuel remaining |
| --- | --- | --- | --- | --- | --- |
| 7 | 73.3 °C | Hana | 8.03 s | 106.88 s | 7.4 L |
| 1 | 114.6 °C | Oliver | 6.70 s | 131.20 s | 62.6 L |
| 17 | 127.8 °C | Ryan | 34.69 s | 115.15 s | 46.8 L |
| 2 | 88.7 °C | Chris | 36.58 s | 76.95 s | 27.9 L |
| 4 | 128.4 °C | Sam | 3.17 s | 57.96 s | 57.8 L |
| 14 | 96.9 °C | Sofia | 28.95 s | 73.56 s | 13.2 L |
| 3 | 95.9 °C | Lucas | 0.15 s | 100.91 s | 33.5 L |
| 16 | 131.6 °C | Maya | 24.09 s | 65.30 s | 65.8 L |
| 13 | 108.0 °C | Emma | 31.50 s | 77.65 s | 74.8 L |

Question: Find Chris's row. What is the Position?",2,"{""headers"": [""Position"", ""Tire temperature"", ""Driver"", ""Pit time"", ""Lap time"", ""Fuel remaining""], ""rows"": [[""7"", ""73.3 °C"", ""Hana"", ""8.03 s"", ""106.88 s"", ""7.4 L""], [""1"", ""114.6 °C"", ""Oliver"", ""6.70 s"", ""131.20 s"", ""62.6 L""], [""17"", ""127.8 °C"", ""Ryan"", ""34.69 s"", ""115.15 s"", ""46.8 L""], [""2"", ""88.7 °C"", ""Chris"", ""36.58 s"", ""76.95 s"", ""27.9 L""], [""4"", ""128.4 °C"", ""Sam"", ""3.17 s"", ""57.96 s"", ""57.8 L""], [""14"", ""96.9 °C"", ""Sofia"", ""28.95 s"", ""73.56 s"", ""13.2 L""], [""3"", ""95.9 °C"", ""Lucas"", ""0.15 s"", ""100.91 s"", ""33.5 L""], [""16"", ""131.6 °C"", ""Maya"", ""24.09 s"", ""65.30 s"", ""65.8 L""], [""13"", ""108.0 °C"", ""Emma"", ""31.50 s"", ""77.65 s"", ""74.8 L""]]}","{""row_index"": 3, ""column_index"": 0, ""row_identifier_column"": ""Driver"", ""row_identifier_value"": ""Chris"", ""target_column"": ""Position""}",lookup
A-L1-0112,1,race,"According to the race table, what is Daniel's Lap time?","| Lap time | Tire temperature | Driver | Fuel remaining | Pit time |
| --- | --- | --- | --- | --- |
| 105.40 s | 114.0 °C | Maya | 17.1 L | 22.02 s |
| 117.50 s | 107.5 °C | Hana | 8.6 L | 6.30 s |
| 81.16 s | 100.5 °C | Mina | 6.9 L | 24.03 s |
| 139.65 s | 93.7 °C | Daniel | 67.1 L | 1.67 s |
| 58.64 s | 119.1 °C | Iris | 6.4 L | 5.32 s |","Answer the question using the table. Return only the requested value.

Table:
| Lap time | Tire temperature | Driver | Fuel remaining | Pit time |
| --- | --- | --- | --- | --- |
| 105.40 s | 114.0 °C | Maya | 17.1 L | 22.02 s |
| 117.50 s | 107.5 °C | Hana | 8.6 L | 6.30 s |
| 81.16 s | 100.5 °C | Mina | 6.9 L | 24.03 s |
| 139.65 s | 93.7 °C | Daniel | 67.1 L | 1.67 s |
| 58.64 s | 119.1 °C | Iris | 6.4 L | 5.32 s |

Question: According to the race table, what is Daniel's Lap time?",139.65 s,"{""headers"": [""Lap time"", ""Tire temperature"", ""Driver"", ""Fuel remaining"", ""Pit time""], ""rows"": [[""105.40 s"", ""114.0 °C"", ""Maya"", ""17.1 L"", ""22.02 s""], [""117.50 s"", ""107.5 °C"", ""Hana"", ""8.6 L"", ""6.30 s""], [""81.16 s"", ""100.5 °C"", ""Mina"", ""6.9 L"", ""24.03 s""], [""139.65 s"", ""93.7 °C"", ""Daniel"", ""67.1 L"", ""1.67 s""], [""58.64 s"", ""119.1 °C"", ""Iris"", ""6.4 L"", ""5.32 s""]]}","{""row_index"": 3, ""column_index"": 0, ""row_identifier_column"": ""Driver"", ""row_identifier_value"": ""Daniel"", ""target_column"": ""Lap time""}",lookup
A-L1-0113,1,ml_experiments,What Accuracy is reported for model Zenith?,"| Precision | Memory | Latency | Model | Accuracy |
| --- | --- | --- | --- | --- |
| 60.3% | 11.1 GB | 100.1 ms | Zenith | 75.7% |
| 71.3% | 3.1 GB | 46.9 ms | Quartz | 66.6% |
| 69.8% | 13.5 GB | 133.9 ms | Echo | 67.9% |
| 57.8% | 4.7 GB | 137.3 ms | Nimbus | 66.8% |
| 81.2% | 10.0 GB | 15.1 ms | Atlas | 64.5% |
| 91.8% | 1.5 GB | 147.9 ms | Delta | 83.8% |
| 97.4% | 3.8 GB | 12.0 ms | Vertex | 72.5% |","Answer the question using the table. Return only the requested value.

Table:
| Precision | Memory | Latency | Model | Accuracy |
| --- | --- | --- | --- | --- |
| 60.3% | 11.1 GB | 100.1 ms | Zenith | 75.7% |
| 71.3% | 3.1 GB | 46.9 ms | Quartz | 66.6% |
| 69.8% | 13.5 GB | 133.9 ms | Echo | 67.9% |
| 57.8% | 4.7 GB | 137.3 ms | Nimbus | 66.8% |
| 81.2% | 10.0 GB | 15.1 ms | Atlas | 64.5% |
| 91.8% | 1.5 GB | 147.9 ms | Delta | 83.8% |
| 97.4% | 3.8 GB | 12.0 ms | Vertex | 72.5% |

Question: What Accuracy is reported for model Zenith?",75.7%,"{""headers"": [""Precision"", ""Memory"", ""Latency"", ""Model"", ""Accuracy""], ""rows"": [[""60.3%"", ""11.1 GB"", ""100.1 ms"", ""Zenith"", ""75.7%""], [""71.3%"", ""3.1 GB"", ""46.9 ms"", ""Quartz"", ""66.6%""], [""69.8%"", ""13.5 GB"", ""133.9 ms"", ""Echo"", ""67.9%""], [""57.8%"", ""4.7 GB"", ""137.3 ms"", ""Nimbus"", ""66.8%""], [""81.2%"", ""10.0 GB"", ""15.1 ms"", ""Atlas"", ""64.5%""], [""91.8%"", ""1.5 GB"", ""147.9 ms"", ""Delta"", ""83.8%""], [""97.4%"", ""3.8 GB"", ""12.0 ms"", ""Vertex"", ""72.5%""]]}","{""row_index"": 0, ""column_index"": 4, ""row_identifier_column"": ""Model"", ""row_identifier_value"": ""Zenith"", ""target_column"": ""Accuracy""}",lookup
A-L1-0114,1,skydiving,Find Chris. What Air temperature is listed?,"| Heart rate | Air temperature | Person | Falling speed | Altitude | Elapsed time | Air pressure |
| --- | --- | --- | --- | --- | --- | --- |
| 93 bpm | -32.8 °C | Chris | 64.6 m/s | 3679 m | 76.7 s | 81.6 kPa |
| 170 bpm | -44.7 °C | Sam | 72.0 m/s | 4500 m | 26.2 s | 70.2 kPa |
| 113 bpm | -33.7 °C | Lucas | 61.6 m/s | 933 m | 50.0 s | 95.0 kPa |
| 142 bpm | -2.8 °C | Emma | 53.5 m/s | 2528 m | 8.9 s | 97.5 kPa |
| 82 bpm | 3.0 °C | Theo | 30.7 m/s | 4662 m | 53.6 s | 62.4 kPa |","Answer the question using the table. Return only the requested value.

Table:
| Heart rate | Air temperature | Person | Falling speed | Altitude | Elapsed time | Air pressure |
| --- | --- | --- | --- | --- | --- | --- |
| 93 bpm | -32.8 °C | Chris | 64.6 m/s | 3679 m | 76.7 s | 81.6 kPa |
| 170 bpm | -44.7 °C | Sam | 72.0 m/s | 4500 m | 26.2 s | 70.2 kPa |
| 113 bpm | -33.7 °C | Lucas | 61.6 m/s | 933 m | 50.0 s | 95.0 kPa |
| 142 bpm | -2.8 °C | Emma | 53.5 m/s | 2528 m | 8.9 s | 97.5 kPa |
| 82 bpm | 3.0 °C | Theo | 30.7 m/s | 4662 m | 53.6 s | 62.4 kPa |

Question: Find Chris. What Air temperature is listed?",-32.8 °C,"{""headers"": [""Heart rate"", ""Air temperature"", ""Person"", ""Falling speed"", ""Altitude"", ""Elapsed time"", ""Air pressure""], ""rows"": [[""93 bpm"", ""-32.8 °C"", ""Chris"", ""64.6 m/s"", ""3679 m"", ""76.7 s"", ""81.6 kPa""], [""170 bpm"", ""-44.7 °C"", ""Sam"", ""72.0 m/s"", ""4500 m"", ""26.2 s"", ""70.2 kPa""], [""113 bpm"", ""-33.7 °C"", ""Lucas"", ""61.6 m/s"", ""933 m"", ""50.0 s"", ""95.0 kPa""], [""142 bpm"", ""-2.8 °C"", ""Emma"", ""53.5 m/s"", ""2528 m"", ""8.9 s"", ""97.5 kPa""], [""82 bpm"", ""3.0 °C"", ""Theo"", ""30.7 m/s"", ""4662 m"", ""53.6 s"", ""62.4 kPa""]]}","{""row_index"": 0, ""column_index"": 1, ""row_identifier_column"": ""Person"", ""row_identifier_value"": ""Chris"", ""target_column"": ""Air temperature""}",lookup
A-L1-0115,1,skydiving,"According to the table, what is the Heart rate for Julia?","| Air pressure | Elapsed time | Heart rate | Air temperature | Person | Falling speed | Altitude |
| --- | --- | --- | --- | --- | --- | --- |
| 67.3 kPa | 71.3 s | 96 bpm | -24.4 °C | Yuna | 59.8 m/s | 10756 m |
| 56.4 kPa | 47.4 s | 121 bpm | 11.1 °C | Julia | 33.7 m/s | 11171 m |
| 78.4 kPa | 49.0 s | 175 bpm | -7.7 °C | Lucas | 75.2 m/s | 3710 m |
| 88.6 kPa | 60.0 s | 88 bpm | 16.1 °C | Sofia | 76.3 m/s | 1494 m |
| 56.7 kPa | 16.4 s | 143 bpm | -41.2 °C | Nora | 33.2 m/s | 10294 m |
| 37.7 kPa | 34.4 s | 80 bpm | 1.5 °C | Hana | 77.2 m/s | 4819 m |
| 71.0 kPa | 20.4 s | 106 bpm | 10.8 °C | Alex | 61.2 m/s | 9580 m |
| 36.2 kPa | 39.9 s | 84 bpm | 0.3 °C | David | 62.9 m/s | 11719 m |","Answer the question using the table. Return only the requested value.

Table:
| Air pressure | Elapsed time | Heart rate | Air temperature | Person | Falling speed | Altitude |
| --- | --- | --- | --- | --- | --- | --- |
| 67.3 kPa | 71.3 s | 96 bpm | -24.4 °C | Yuna | 59.8 m/s | 10756 m |
| 56.4 kPa | 47.4 s | 121 bpm | 11.1 °C | Julia | 33.7 m/s | 11171 m |
| 78.4 kPa | 49.0 s | 175 bpm | -7.7 °C | Lucas | 75.2 m/s | 3710 m |
| 88.6 kPa | 60.0 s | 88 bpm | 16.1 °C | Sofia | 76.3 m/s | 1494 m |
| 56.7 kPa | 16.4 s | 143 bpm | -41.2 °C | Nora | 33.2 m/s | 10294 m |
| 37.7 kPa | 34.4 s | 80 bpm | 1.5 °C | Hana | 77.2 m/s | 4819 m |
| 71.0 kPa | 20.4 s | 106 bpm | 10.8 °C | Alex | 61.2 m/s | 9580 m |
| 36.2 kPa | 39.9 s | 84 bpm | 0.3 °C | David | 62.9 m/s | 11719 m |

Question: According to the table, what is the Heart rate for Julia?",121 bpm,"{""headers"": [""Air pressure"", ""Elapsed time"", ""Heart rate"", ""Air temperature"", ""Person"", ""Falling speed"", ""Altitude""], ""rows"": [[""67.3 kPa"", ""71.3 s"", ""96 bpm"", ""-24.4 °C"", ""Yuna"", ""59.8 m/s"", ""10756 m""], [""56.4 kPa"", ""47.4 s"", ""121 bpm"", ""11.1 °C"", ""Julia"", ""33.7 m/s"", ""11171 m""], [""78.4 kPa"", ""49.0 s"", ""175 bpm"", ""-7.7 °C"", ""Lucas"", ""75.2 m/s"", ""3710 m""], [""88.6 kPa"", ""60.0 s"", ""88 bpm"", ""16.1 °C"", ""Sofia"", ""76.3 m/s"", ""1494 m""], [""56.7 kPa"", ""16.4 s"", ""143 bpm"", ""-41.2 °C"", ""Nora"", ""33.2 m/s"", ""10294 m""], [""37.7 kPa"", ""34.4 s"", ""80 bpm"", ""1.5 °C"", ""Hana"", ""77.2 m/s"", ""4819 m""], [""71.0 kPa"", ""20.4 s"", ""106 bpm"", ""10.8 °C"", ""Alex"", ""61.2 m/s"", ""9580 m""], [""36.2 kPa"", ""39.9 s"", ""84 bpm"", ""0.3 °C"", ""David"", ""62.9 m/s"", ""11719 m""]]}","{""row_index"": 1, ""column_index"": 2, ""row_identifier_column"": ""Person"", ""row_identifier_value"": ""Julia"", ""target_column"": ""Heart rate""}",lookup
A-L1-0116,1,race,"According to the race table, what is Yuna's Pit time?","| Pit time | Driver | Tire temperature | Top speed |
| --- | --- | --- | --- |
| 38.61 s | Yuna | 116.0 °C | 184.4 km/h |
| 21.59 s | Nora | 82.9 °C | 306.6 km/h |
| 13.31 s | Ryan | 108.6 °C | 196.3 km/h |
| 20.47 s | Lucas | 117.9 °C | 337.4 km/h |","Answer the question using the table. Return only the requested value.

Table:
| Pit time | Driver | Tire temperature | Top speed |
| --- | --- | --- | --- |
| 38.61 s | Yuna | 116.0 °C | 184.4 km/h |
| 21.59 s | Nora | 82.9 °C | 306.6 km/h |
| 13.31 s | Ryan | 108.6 °C | 196.3 km/h |
| 20.47 s | Lucas | 117.9 °C | 337.4 km/h |

Question: According to the race table, what is Yuna's Pit time?",38.61 s,"{""headers"": [""Pit time"", ""Driver"", ""Tire temperature"", ""Top speed""], ""rows"": [[""38.61 s"", ""Yuna"", ""116.0 °C"", ""184.4 km/h""], [""21.59 s"", ""Nora"", ""82.9 °C"", ""306.6 km/h""], [""13.31 s"", ""Ryan"", ""108.6 °C"", ""196.3 km/h""], [""20.47 s"", ""Lucas"", ""117.9 °C"", ""337.4 km/h""]]}","{""row_index"": 0, ""column_index"": 0, ""row_identifier_column"": ""Driver"", ""row_identifier_value"": ""Yuna"", ""target_column"": ""Pit time""}",lookup
A-L1-0117,1,skydiving,What is Emma's Heart rate?,"| Heart rate | Person | Air pressure | Altitude | Air temperature |
| --- | --- | --- | --- | --- |
| 141 bpm | Oliver | 47.6 kPa | 3687 m | -41.0 °C |
| 129 bpm | Alex | 36.4 kPa | 1271 m | -0.3 °C |
| 108 bpm | Leo | 34.0 kPa | 7620 m | -22.0 °C |
| 169 bpm | Sam | 28.9 kPa | 8259 m | 10.9 °C |
| 148 bpm | Ava | 41.4 kPa | 3093 m | -22.8 °C |
| 169 bpm | Emma | 36.8 kPa | 7171 m | 15.4 °C |
| 173 bpm | Mina | 58.3 kPa | 3244 m | -37.8 °C |","Answer the question using the table. Return only the requested value.

Table:
| Heart rate | Person | Air pressure | Altitude | Air temperature |
| --- | --- | --- | --- | --- |
| 141 bpm | Oliver | 47.6 kPa | 3687 m | -41.0 °C |
| 129 bpm | Alex | 36.4 kPa | 1271 m | -0.3 °C |
| 108 bpm | Leo | 34.0 kPa | 7620 m | -22.0 °C |
| 169 bpm | Sam | 28.9 kPa | 8259 m | 10.9 °C |
| 148 bpm | Ava | 41.4 kPa | 3093 m | -22.8 °C |
| 169 bpm | Emma | 36.8 kPa | 7171 m | 15.4 °C |
| 173 bpm | Mina | 58.3 kPa | 3244 m | -37.8 °C |

Question: What is Emma's Heart rate?",169 bpm,"{""headers"": [""Heart rate"", ""Person"", ""Air pressure"", ""Altitude"", ""Air temperature""], ""rows"": [[""141 bpm"", ""Oliver"", ""47.6 kPa"", ""3687 m"", ""-41.0 °C""], [""129 bpm"", ""Alex"", ""36.4 kPa"", ""1271 m"", ""-0.3 °C""], [""108 bpm"", ""Leo"", ""34.0 kPa"", ""7620 m"", ""-22.0 °C""], [""169 bpm"", ""Sam"", ""28.9 kPa"", ""8259 m"", ""10.9 °C""], [""148 bpm"", ""Ava"", ""41.4 kPa"", ""3093 m"", ""-22.8 °C""], [""169 bpm"", ""Emma"", ""36.8 kPa"", ""7171 m"", ""15.4 °C""], [""173 bpm"", ""Mina"", ""58.3 kPa"", ""3244 m"", ""-37.8 °C""]]}","{""row_index"": 5, ""column_index"": 0, ""row_identifier_column"": ""Person"", ""row_identifier_value"": ""Emma"", ""target_column"": ""Heart rate""}",lookup
A-L1-0118,1,weather,"According to the weather table, what is the Temperature at Hillcrest?","| Station | Wind speed | Temperature | Humidity |
| --- | --- | --- | --- |
| Hillcrest | 33.9 m/s | 18.2 °C | 39% |
| Maple | 12.1 m/s | 13.7 °C | 26% |
| Lakeside | 10.2 m/s | 8.5 °C | 69% |
| Cedar | 18.2 m/s | 11.3 °C | 88% |","Answer the question using the table. Return only the requested value.

Table:
| Station | Wind speed | Temperature | Humidity |
| --- | --- | --- | --- |
| Hillcrest | 33.9 m/s | 18.2 °C | 39% |
| Maple | 12.1 m/s | 13.7 °C | 26% |
| Lakeside | 10.2 m/s | 8.5 °C | 69% |
| Cedar | 18.2 m/s | 11.3 °C | 88% |

Question: According to the weather table, what is the Temperature at Hillcrest?",18.2 °C,"{""headers"": [""Station"", ""Wind speed"", ""Temperature"", ""Humidity""], ""rows"": [[""Hillcrest"", ""33.9 m/s"", ""18.2 °C"", ""39%""], [""Maple"", ""12.1 m/s"", ""13.7 °C"", ""26%""], [""Lakeside"", ""10.2 m/s"", ""8.5 °C"", ""69%""], [""Cedar"", ""18.2 m/s"", ""11.3 °C"", ""88%""]]}","{""row_index"": 0, ""column_index"": 2, ""row_identifier_column"": ""Station"", ""row_identifier_value"": ""Hillcrest"", ""target_column"": ""Temperature""}",lookup
A-L1-0119,1,race,Find Alex's row. What is the Position?,"| Driver | Pit time | Lap time | Fuel remaining | Tire temperature | Position | Top speed |
| --- | --- | --- | --- | --- | --- | --- |
| Nora | 20.52 s | 85.02 s | 31.0 L | 63.5 °C | 10 | 318.6 km/h |
| Chris | 37.77 s | 137.72 s | 15.0 L | 81.4 °C | 6 | 308.1 km/h |
| Alex | 14.26 s | 57.95 s | 36.4 L | 102.2 °C | 12 | 213.2 km/h |
| Iris | 25.85 s | 139.47 s | 56.0 L | 68.8 °C | 5 | 209.0 km/h |
| Maya | 5.47 s | 100.36 s | 28.8 L | 133.2 °C | 12 | 260.7 km/h |
| Ryan | 7.02 s | 133.86 s | 3.9 L | 131.1 °C | 16 | 318.3 km/h |","Answer the question using the table. Return only the requested value.

Table:
| Driver | Pit time | Lap time | Fuel remaining | Tire temperature | Position | Top speed |
| --- | --- | --- | --- | --- | --- | --- |
| Nora | 20.52 s | 85.02 s | 31.0 L | 63.5 °C | 10 | 318.6 km/h |
| Chris | 37.77 s | 137.72 s | 15.0 L | 81.4 °C | 6 | 308.1 km/h |
| Alex | 14.26 s | 57.95 s | 36.4 L | 102.2 °C | 12 | 213.2 km/h |
| Iris | 25.85 s | 139.47 s | 56.0 L | 68.8 °C | 5 | 209.0 km/h |
| Maya | 5.47 s | 100.36 s | 28.8 L | 133.2 °C | 12 | 260.7 km/h |
| Ryan | 7.02 s | 133.86 s | 3.9 L | 131.1 °C | 16 | 318.3 km/h |

Question: Find Alex's row. What is the Position?",12,"{""headers"": [""Driver"", ""Pit time"", ""Lap time"", ""Fuel remaining"", ""Tire temperature"", ""Position"", ""Top speed""], ""rows"": [[""Nora"", ""20.52 s"", ""85.02 s"", ""31.0 L"", ""63.5 °C"", ""10"", ""318.6 km/h""], [""Chris"", ""37.77 s"", ""137.72 s"", ""15.0 L"", ""81.4 °C"", ""6"", ""308.1 km/h""], [""Alex"", ""14.26 s"", ""57.95 s"", ""36.4 L"", ""102.2 °C"", ""12"", ""213.2 km/h""], [""Iris"", ""25.85 s"", ""139.47 s"", ""56.0 L"", ""68.8 °C"", ""5"", ""209.0 km/h""], [""Maya"", ""5.47 s"", ""100.36 s"", ""28.8 L"", ""133.2 °C"", ""12"", ""260.7 km/h""], [""Ryan"", ""7.02 s"", ""133.86 s"", ""3.9 L"", ""131.1 °C"", ""16"", ""318.3 km/h""]]}","{""row_index"": 2, ""column_index"": 5, ""row_identifier_column"": ""Driver"", ""row_identifier_value"": ""Alex"", ""target_column"": ""Position""}",lookup
A-L1-0120,1,race,"According to the race table, what is Nora's Tire temperature?","| Driver | Lap time | Tire temperature | Fuel remaining |
| --- | --- | --- | --- |
| Ethan | 92.86 s | 110.4 °C | 44.0 L |
| Nora | 104.59 s | 76.7 °C | 52.0 L |
| Mina | 78.62 s | 61.7 °C | 75.0 L |
| Julia | 62.86 s | 64.1 °C | 36.8 L |","Answer the question using the table. Return only the requested value.

Table:
| Driver | Lap time | Tire temperature | Fuel remaining |
| --- | --- | --- | --- |
| Ethan | 92.86 s | 110.4 °C | 44.0 L |
| Nora | 104.59 s | 76.7 °C | 52.0 L |
| Mina | 78.62 s | 61.7 °C | 75.0 L |
| Julia | 62.86 s | 64.1 °C | 36.8 L |

Question: According to the race table, what is Nora's Tire temperature?",76.7 °C,"{""headers"": [""Driver"", ""Lap time"", ""Tire temperature"", ""Fuel remaining""], ""rows"": [[""Ethan"", ""92.86 s"", ""110.4 °C"", ""44.0 L""], [""Nora"", ""104.59 s"", ""76.7 °C"", ""52.0 L""], [""Mina"", ""78.62 s"", ""61.7 °C"", ""75.0 L""], [""Julia"", ""62.86 s"", ""64.1 °C"", ""36.8 L""]]}","{""row_index"": 1, ""column_index"": 2, ""row_identifier_column"": ""Driver"", ""row_identifier_value"": ""Nora"", ""target_column"": ""Tire temperature""}",lookup
A-L1-0121,1,lab,Look at Sample-K. What is its recorded Volume?,"| Sample | Mass | Temperature | pH | Conductivity | Density | Volume |
| --- | --- | --- | --- | --- | --- | --- |
| Sample-C | 284.8 g | 46.6 °C | 10.32 | 7.31 mS/cm | 3.70 g/mL | 50.6 mL |
| Sample-K | 449.1 g | 70.5 °C | 10.36 | 14.99 mS/cm | 3.05 g/mL | 104.1 mL |
| Sample-J | 411.8 g | 49.2 °C | 6.94 | 18.52 mS/cm | 1.56 g/mL | 146.7 mL |
| Sample-D | 396.0 g | 25.2 °C | 8.41 | 15.95 mS/cm | 1.04 g/mL | 75.7 mL |
| Sample-G | 189.1 g | 58.2 °C | 4.73 | 4.45 mS/cm | 0.52 g/mL | 160.1 mL |
| Sample-F | 153.0 g | 17.9 °C | 5.35 | 23.34 mS/cm | 3.96 g/mL | 131.8 mL |
| Sample-H | 333.6 g | 16.2 °C | 11.07 | 16.16 mS/cm | 1.51 g/mL | 45.7 mL |
| Sample-A | 444.1 g | 24.4 °C | 6.43 | 4.18 mS/cm | 3.10 g/mL | 104.5 mL |","Answer the question using the table. Return only the requested value.

Table:
| Sample | Mass | Temperature | pH | Conductivity | Density | Volume |
| --- | --- | --- | --- | --- | --- | --- |
| Sample-C | 284.8 g | 46.6 °C | 10.32 | 7.31 mS/cm | 3.70 g/mL | 50.6 mL |
| Sample-K | 449.1 g | 70.5 °C | 10.36 | 14.99 mS/cm | 3.05 g/mL | 104.1 mL |
| Sample-J | 411.8 g | 49.2 °C | 6.94 | 18.52 mS/cm | 1.56 g/mL | 146.7 mL |
| Sample-D | 396.0 g | 25.2 °C | 8.41 | 15.95 mS/cm | 1.04 g/mL | 75.7 mL |
| Sample-G | 189.1 g | 58.2 °C | 4.73 | 4.45 mS/cm | 0.52 g/mL | 160.1 mL |
| Sample-F | 153.0 g | 17.9 °C | 5.35 | 23.34 mS/cm | 3.96 g/mL | 131.8 mL |
| Sample-H | 333.6 g | 16.2 °C | 11.07 | 16.16 mS/cm | 1.51 g/mL | 45.7 mL |
| Sample-A | 444.1 g | 24.4 °C | 6.43 | 4.18 mS/cm | 3.10 g/mL | 104.5 mL |

Question: Look at Sample-K. What is its recorded Volume?",104.1 mL,"{""headers"": [""Sample"", ""Mass"", ""Temperature"", ""pH"", ""Conductivity"", ""Density"", ""Volume""], ""rows"": [[""Sample-C"", ""284.8 g"", ""46.6 °C"", ""10.32"", ""7.31 mS/cm"", ""3.70 g/mL"", ""50.6 mL""], [""Sample-K"", ""449.1 g"", ""70.5 °C"", ""10.36"", ""14.99 mS/cm"", ""3.05 g/mL"", ""104.1 mL""], [""Sample-J"", ""411.8 g"", ""49.2 °C"", ""6.94"", ""18.52 mS/cm"", ""1.56 g/mL"", ""146.7 mL""], [""Sample-D"", ""396.0 g"", ""25.2 °C"", ""8.41"", ""15.95 mS/cm"", ""1.04 g/mL"", ""75.7 mL""], [""Sample-G"", ""189.1 g"", ""58.2 °C"", ""4.73"", ""4.45 mS/cm"", ""0.52 g/mL"", ""160.1 mL""], [""Sample-F"", ""153.0 g"", ""17.9 °C"", ""5.35"", ""23.34 mS/cm"", ""3.96 g/mL"", ""131.8 mL""], [""Sample-H"", ""333.6 g"", ""16.2 °C"", ""11.07"", ""16.16 mS/cm"", ""1.51 g/mL"", ""45.7 mL""], [""Sample-A"", ""444.1 g"", ""24.4 °C"", ""6.43"", ""4.18 mS/cm"", ""3.10 g/mL"", ""104.5 mL""]]}","{""row_index"": 1, ""column_index"": 6, ""row_identifier_column"": ""Sample"", ""row_identifier_value"": ""Sample-K"", ""target_column"": ""Volume""}",lookup
A-L1-0122,1,skydiving,Find Chris. What Air pressure is listed?,"| Air pressure | Air temperature | Person | Falling speed |
| --- | --- | --- | --- |
| 81.2 kPa | -5.4 °C | Oliver | 36.6 m/s |
| 23.9 kPa | 15.2 °C | Chris | 63.2 m/s |
| 45.8 kPa | -34.5 °C | Hana | 60.9 m/s |
| 48.9 kPa | -41.7 °C | Alex | 46.4 m/s |
| 84.0 kPa | 8.2 °C | Sam | 44.0 m/s |
| 26.1 kPa | -4.7 °C | David | 42.5 m/s |","Answer the question using the table. Return only the requested value.

Table:
| Air pressure | Air temperature | Person | Falling speed |
| --- | --- | --- | --- |
| 81.2 kPa | -5.4 °C | Oliver | 36.6 m/s |
| 23.9 kPa | 15.2 °C | Chris | 63.2 m/s |
| 45.8 kPa | -34.5 °C | Hana | 60.9 m/s |
| 48.9 kPa | -41.7 °C | Alex | 46.4 m/s |
| 84.0 kPa | 8.2 °C | Sam | 44.0 m/s |
| 26.1 kPa | -4.7 °C | David | 42.5 m/s |

Question: Find Chris. What Air pressure is listed?",23.9 kPa,"{""headers"": [""Air pressure"", ""Air temperature"", ""Person"", ""Falling speed""], ""rows"": [[""81.2 kPa"", ""-5.4 °C"", ""Oliver"", ""36.6 m/s""], [""23.9 kPa"", ""15.2 °C"", ""Chris"", ""63.2 m/s""], [""45.8 kPa"", ""-34.5 °C"", ""Hana"", ""60.9 m/s""], [""48.9 kPa"", ""-41.7 °C"", ""Alex"", ""46.4 m/s""], [""84.0 kPa"", ""8.2 °C"", ""Sam"", ""44.0 m/s""], [""26.1 kPa"", ""-4.7 °C"", ""David"", ""42.5 m/s""]]}","{""row_index"": 1, ""column_index"": 0, ""row_identifier_column"": ""Person"", ""row_identifier_value"": ""Chris"", ""target_column"": ""Air pressure""}",lookup
A-L1-0123,1,sports,How many Goals conceded are listed for the Wolves?,"| Losses | Possession | Points | Team | Goals conceded |
| --- | --- | --- | --- | --- |
| 9 | 31.2% | 25 | Tigers | 95 |
| 24 | 68.8% | 32 | Wolves | 71 |
| 29 | 33.1% | 26 | Panthers | 63 |
| 4 | 62.7% | 86 | Dragons | 51 |
| 15 | 43.9% | 98 | Hawks | 7 |
| 4 | 64.3% | 28 | Knights | 33 |","Answer the question using the table. Return only the requested value.

Table:
| Losses | Possession | Points | Team | Goals conceded |
| --- | --- | --- | --- | --- |
| 9 | 31.2% | 25 | Tigers | 95 |
| 24 | 68.8% | 32 | Wolves | 71 |
| 29 | 33.1% | 26 | Panthers | 63 |
| 4 | 62.7% | 86 | Dragons | 51 |
| 15 | 43.9% | 98 | Hawks | 7 |
| 4 | 64.3% | 28 | Knights | 33 |

Question: How many Goals conceded are listed for the Wolves?",71,"{""headers"": [""Losses"", ""Possession"", ""Points"", ""Team"", ""Goals conceded""], ""rows"": [[""9"", ""31.2%"", ""25"", ""Tigers"", ""95""], [""24"", ""68.8%"", ""32"", ""Wolves"", ""71""], [""29"", ""33.1%"", ""26"", ""Panthers"", ""63""], [""4"", ""62.7%"", ""86"", ""Dragons"", ""51""], [""15"", ""43.9%"", ""98"", ""Hawks"", ""7""], [""4"", ""64.3%"", ""28"", ""Knights"", ""33""]]}","{""row_index"": 1, ""column_index"": 4, ""row_identifier_column"": ""Team"", ""row_identifier_value"": ""Wolves"", ""target_column"": ""Goals conceded""}",lookup
A-L1-0124,1,skydiving,Find Lena. What Altitude is listed?,"| Falling speed | Air pressure | Altitude | Air temperature | Elapsed time | Person | Heart rate |
| --- | --- | --- | --- | --- | --- | --- |
| 53.5 m/s | 88.1 kPa | 8842 m | 13.2 °C | 67.8 s | Sam | 167 bpm |
| 46.1 m/s | 66.4 kPa | 2174 m | 2.0 °C | 82.0 s | Mina | 99 bpm |
| 53.0 m/s | 45.1 kPa | 6414 m | -19.3 °C | 51.8 s | Lena | 150 bpm |
| 65.2 m/s | 36.0 kPa | 1924 m | -7.1 °C | 7.6 s | Ava | 132 bpm |
| 83.9 m/s | 86.8 kPa | 2629 m | -2.6 °C | 43.2 s | Alex | 81 bpm |
| 74.2 m/s | 25.5 kPa | 9479 m | -6.4 °C | 73.7 s | Noah | 123 bpm |
| 70.2 m/s | 33.7 kPa | 6582 m | 0.1 °C | 5.4 s | Sofia | 171 bpm |","Answer the question using the table. Return only the requested value.

Table:
| Falling speed | Air pressure | Altitude | Air temperature | Elapsed time | Person | Heart rate |
| --- | --- | --- | --- | --- | --- | --- |
| 53.5 m/s | 88.1 kPa | 8842 m | 13.2 °C | 67.8 s | Sam | 167 bpm |
| 46.1 m/s | 66.4 kPa | 2174 m | 2.0 °C | 82.0 s | Mina | 99 bpm |
| 53.0 m/s | 45.1 kPa | 6414 m | -19.3 °C | 51.8 s | Lena | 150 bpm |
| 65.2 m/s | 36.0 kPa | 1924 m | -7.1 °C | 7.6 s | Ava | 132 bpm |
| 83.9 m/s | 86.8 kPa | 2629 m | -2.6 °C | 43.2 s | Alex | 81 bpm |
| 74.2 m/s | 25.5 kPa | 9479 m | -6.4 °C | 73.7 s | Noah | 123 bpm |
| 70.2 m/s | 33.7 kPa | 6582 m | 0.1 °C | 5.4 s | Sofia | 171 bpm |

Question: Find Lena. What Altitude is listed?",6414 m,"{""headers"": [""Falling speed"", ""Air pressure"", ""Altitude"", ""Air temperature"", ""Elapsed time"", ""Person"", ""Heart rate""], ""rows"": [[""53.5 m/s"", ""88.1 kPa"", ""8842 m"", ""13.2 °C"", ""67.8 s"", ""Sam"", ""167 bpm""], [""46.1 m/s"", ""66.4 kPa"", ""2174 m"", ""2.0 °C"", ""82.0 s"", ""Mina"", ""99 bpm""], [""53.0 m/s"", ""45.1 kPa"", ""6414 m"", ""-19.3 °C"", ""51.8 s"", ""Lena"", ""150 bpm""], [""65.2 m/s"", ""36.0 kPa"", ""1924 m"", ""-7.1 °C"", ""7.6 s"", ""Ava"", ""132 bpm""], [""83.9 m/s"", ""86.8 kPa"", ""2629 m"", ""-2.6 °C"", ""43.2 s"", ""Alex"", ""81 bpm""], [""74.2 m/s"", ""25.5 kPa"", ""9479 m"", ""-6.4 °C"", ""73.7 s"", ""Noah"", ""123 bpm""], [""70.2 m/s"", ""33.7 kPa"", ""6582 m"", ""0.1 °C"", ""5.4 s"", ""Sofia"", ""171 bpm""]]}","{""row_index"": 2, ""column_index"": 2, ""row_identifier_column"": ""Person"", ""row_identifier_value"": ""Lena"", ""target_column"": ""Altitude""}",lookup
A-L1-0125,1,weather,"According to the weather table, what is the Pressure at Westhaven?","| Station | Wind speed | Pressure | Humidity |
| --- | --- | --- | --- |
| Lakeside | 34.2 m/s | 1006.5 hPa | 77% |
| Hillcrest | 4.2 m/s | 1004.4 hPa | 48% |
| Riverton | 7.0 m/s | 951.9 hPa | 85% |
| Oakridge | 13.9 m/s | 1003.9 hPa | 58% |
| Westhaven | 5.9 m/s | 1028.2 hPa | 45% |","Answer the question using the table. Return only the requested value.

Table:
| Station | Wind speed | Pressure | Humidity |
| --- | --- | --- | --- |
| Lakeside | 34.2 m/s | 1006.5 hPa | 77% |
| Hillcrest | 4.2 m/s | 1004.4 hPa | 48% |
| Riverton | 7.0 m/s | 951.9 hPa | 85% |
| Oakridge | 13.9 m/s | 1003.9 hPa | 58% |
| Westhaven | 5.9 m/s | 1028.2 hPa | 45% |

Question: According to the weather table, what is the Pressure at Westhaven?",1028.2 hPa,"{""headers"": [""Station"", ""Wind speed"", ""Pressure"", ""Humidity""], ""rows"": [[""Lakeside"", ""34.2 m/s"", ""1006.5 hPa"", ""77%""], [""Hillcrest"", ""4.2 m/s"", ""1004.4 hPa"", ""48%""], [""Riverton"", ""7.0 m/s"", ""951.9 hPa"", ""85%""], [""Oakridge"", ""13.9 m/s"", ""1003.9 hPa"", ""58%""], [""Westhaven"", ""5.9 m/s"", ""1028.2 hPa"", ""45%""]]}","{""row_index"": 4, ""column_index"": 2, ""row_identifier_column"": ""Station"", ""row_identifier_value"": ""Westhaven"", ""target_column"": ""Pressure""}",lookup
A-L1-0126,1,weather,What Rainfall was recorded at station Hillcrest?,"| Station | Visibility | Temperature | Humidity | Pressure | Rainfall |
| --- | --- | --- | --- | --- | --- |
| Westhaven | 10.1 km | -5.5 °C | 56% | 932.9 hPa | 51.4 mm |
| Pinehurst | 15.8 km | 25.3 °C | 40% | 998.6 hPa | 56.2 mm |
| Clearwater | 23.0 km | 13.6 °C | 60% | 1019.0 hPa | 1.5 mm |
| Fairview | 25.0 km | -13.4 °C | 34% | 1033.7 hPa | 62.7 mm |
| Lakeside | 25.7 km | -8.7 °C | 97% | 1026.8 hPa | 38.3 mm |
| Hillcrest | 15.4 km | 0.6 °C | 56% | 981.3 hPa | 42.3 mm |","Answer the question using the table. Return only the requested value.

Table:
| Station | Visibility | Temperature | Humidity | Pressure | Rainfall |
| --- | --- | --- | --- | --- | --- |
| Westhaven | 10.1 km | -5.5 °C | 56% | 932.9 hPa | 51.4 mm |
| Pinehurst | 15.8 km | 25.3 °C | 40% | 998.6 hPa | 56.2 mm |
| Clearwater | 23.0 km | 13.6 °C | 60% | 1019.0 hPa | 1.5 mm |
| Fairview | 25.0 km | -13.4 °C | 34% | 1033.7 hPa | 62.7 mm |
| Lakeside | 25.7 km | -8.7 °C | 97% | 1026.8 hPa | 38.3 mm |
| Hillcrest | 15.4 km | 0.6 °C | 56% | 981.3 hPa | 42.3 mm |

Question: What Rainfall was recorded at station Hillcrest?",42.3 mm,"{""headers"": [""Station"", ""Visibility"", ""Temperature"", ""Humidity"", ""Pressure"", ""Rainfall""], ""rows"": [[""Westhaven"", ""10.1 km"", ""-5.5 °C"", ""56%"", ""932.9 hPa"", ""51.4 mm""], [""Pinehurst"", ""15.8 km"", ""25.3 °C"", ""40%"", ""998.6 hPa"", ""56.2 mm""], [""Clearwater"", ""23.0 km"", ""13.6 °C"", ""60%"", ""1019.0 hPa"", ""1.5 mm""], [""Fairview"", ""25.0 km"", ""-13.4 °C"", ""34%"", ""1033.7 hPa"", ""62.7 mm""], [""Lakeside"", ""25.7 km"", ""-8.7 °C"", ""97%"", ""1026.8 hPa"", ""38.3 mm""], [""Hillcrest"", ""15.4 km"", ""0.6 °C"", ""56%"", ""981.3 hPa"", ""42.3 mm""]]}","{""row_index"": 5, ""column_index"": 5, ""row_identifier_column"": ""Station"", ""row_identifier_value"": ""Hillcrest"", ""target_column"": ""Rainfall""}",lookup
A-L1-0127,1,sports,What is the Goals conceded value for the Hawks?,"| Goals conceded | Team | Wins | Losses | Goals scored | Possession | Points |
| --- | --- | --- | --- | --- | --- | --- |
| 10 | Hawks | 11 | 11 | 80 | 35.1% | 13 |
| 36 | Bulls | 9 | 20 | 89 | 39.9% | 17 |
| 93 | Ravens | 3 | 9 | 15 | 32.6% | 85 |
| 49 | Tigers | 11 | 13 | 59 | 69.7% | 22 |
| 54 | Falcons | 25 | 3 | 78 | 42.9% | 58 |
| 59 | Sharks | 13 | 28 | 115 | 52.7% | 94 |
| 7 | Comets | 14 | 1 | 26 | 51.5% | 53 |
| 102 | Panthers | 12 | 10 | 8 | 65.7% | 84 |
| 94 | Cyclones | 10 | 0 | 7 | 48.8% | 44 |","Answer the question using the table. Return only the requested value.

Table:
| Goals conceded | Team | Wins | Losses | Goals scored | Possession | Points |
| --- | --- | --- | --- | --- | --- | --- |
| 10 | Hawks | 11 | 11 | 80 | 35.1% | 13 |
| 36 | Bulls | 9 | 20 | 89 | 39.9% | 17 |
| 93 | Ravens | 3 | 9 | 15 | 32.6% | 85 |
| 49 | Tigers | 11 | 13 | 59 | 69.7% | 22 |
| 54 | Falcons | 25 | 3 | 78 | 42.9% | 58 |
| 59 | Sharks | 13 | 28 | 115 | 52.7% | 94 |
| 7 | Comets | 14 | 1 | 26 | 51.5% | 53 |
| 102 | Panthers | 12 | 10 | 8 | 65.7% | 84 |
| 94 | Cyclones | 10 | 0 | 7 | 48.8% | 44 |

Question: What is the Goals conceded value for the Hawks?",10,"{""headers"": [""Goals conceded"", ""Team"", ""Wins"", ""Losses"", ""Goals scored"", ""Possession"", ""Points""], ""rows"": [[""10"", ""Hawks"", ""11"", ""11"", ""80"", ""35.1%"", ""13""], [""36"", ""Bulls"", ""9"", ""20"", ""89"", ""39.9%"", ""17""], [""93"", ""Ravens"", ""3"", ""9"", ""15"", ""32.6%"", ""85""], [""49"", ""Tigers"", ""11"", ""13"", ""59"", ""69.7%"", ""22""], [""54"", ""Falcons"", ""25"", ""3"", ""78"", ""42.9%"", ""58""], [""59"", ""Sharks"", ""13"", ""28"", ""115"", ""52.7%"", ""94""], [""7"", ""Comets"", ""14"", ""1"", ""26"", ""51.5%"", ""53""], [""102"", ""Panthers"", ""12"", ""10"", ""8"", ""65.7%"", ""84""], [""94"", ""Cyclones"", ""10"", ""0"", ""7"", ""48.8%"", ""44""]]}","{""row_index"": 0, ""column_index"": 0, ""row_identifier_column"": ""Team"", ""row_identifier_value"": ""Hawks"", ""target_column"": ""Goals conceded""}",lookup
A-L1-0128,1,race,Find Maya's row. What is the Fuel remaining?,"| Driver | Position | Tire temperature | Fuel remaining |
| --- | --- | --- | --- |
| Maya | 19 | 67.1 °C | 58.0 L |
| Oliver | 10 | 97.8 °C | 64.1 L |
| Noah | 3 | 102.5 °C | 28.3 L |
| Emma | 14 | 75.7 °C | 43.4 L |","Answer the question using the table. Return only the requested value.

Table:
| Driver | Position | Tire temperature | Fuel remaining |
| --- | --- | --- | --- |
| Maya | 19 | 67.1 °C | 58.0 L |
| Oliver | 10 | 97.8 °C | 64.1 L |
| Noah | 3 | 102.5 °C | 28.3 L |
| Emma | 14 | 75.7 °C | 43.4 L |

Question: Find Maya's row. What is the Fuel remaining?",58.0 L,"{""headers"": [""Driver"", ""Position"", ""Tire temperature"", ""Fuel remaining""], ""rows"": [[""Maya"", ""19"", ""67.1 °C"", ""58.0 L""], [""Oliver"", ""10"", ""97.8 °C"", ""64.1 L""], [""Noah"", ""3"", ""102.5 °C"", ""28.3 L""], [""Emma"", ""14"", ""75.7 °C"", ""43.4 L""]]}","{""row_index"": 0, ""column_index"": 3, ""row_identifier_column"": ""Driver"", ""row_identifier_value"": ""Maya"", ""target_column"": ""Fuel remaining""}",lookup
A-L1-0129,1,lab,Look at Sample-A. What is its recorded Temperature?,"| Volume | Sample | Temperature | Conductivity | pH |
| --- | --- | --- | --- | --- |
| 103.7 mL | Sample-A | 79.1 °C | 1.70 mS/cm | 4.04 |
| 80.3 mL | Sample-C | 79.7 °C | 7.58 mS/cm | 6.35 |
| 109.6 mL | Sample-E | 63.2 °C | 11.66 mS/cm | 7.60 |
| 150.7 mL | Sample-F | 41.5 °C | 16.19 mS/cm | 4.56 |
| 38.5 mL | Sample-I | 66.7 °C | 9.17 mS/cm | 3.48 |
| 62.2 mL | Sample-G | 79.5 °C | 2.93 mS/cm | 3.92 |
| 157.1 mL | Sample-K | 52.0 °C | 10.90 mS/cm | 7.66 |
| 154.0 mL | Sample-H | 74.2 °C | 23.44 mS/cm | 7.33 |","Answer the question using the table. Return only the requested value.

Table:
| Volume | Sample | Temperature | Conductivity | pH |
| --- | --- | --- | --- | --- |
| 103.7 mL | Sample-A | 79.1 °C | 1.70 mS/cm | 4.04 |
| 80.3 mL | Sample-C | 79.7 °C | 7.58 mS/cm | 6.35 |
| 109.6 mL | Sample-E | 63.2 °C | 11.66 mS/cm | 7.60 |
| 150.7 mL | Sample-F | 41.5 °C | 16.19 mS/cm | 4.56 |
| 38.5 mL | Sample-I | 66.7 °C | 9.17 mS/cm | 3.48 |
| 62.2 mL | Sample-G | 79.5 °C | 2.93 mS/cm | 3.92 |
| 157.1 mL | Sample-K | 52.0 °C | 10.90 mS/cm | 7.66 |
| 154.0 mL | Sample-H | 74.2 °C | 23.44 mS/cm | 7.33 |

Question: Look at Sample-A. What is its recorded Temperature?",79.1 °C,"{""headers"": [""Volume"", ""Sample"", ""Temperature"", ""Conductivity"", ""pH""], ""rows"": [[""103.7 mL"", ""Sample-A"", ""79.1 °C"", ""1.70 mS/cm"", ""4.04""], [""80.3 mL"", ""Sample-C"", ""79.7 °C"", ""7.58 mS/cm"", ""6.35""], [""109.6 mL"", ""Sample-E"", ""63.2 °C"", ""11.66 mS/cm"", ""7.60""], [""150.7 mL"", ""Sample-F"", ""41.5 °C"", ""16.19 mS/cm"", ""4.56""], [""38.5 mL"", ""Sample-I"", ""66.7 °C"", ""9.17 mS/cm"", ""3.48""], [""62.2 mL"", ""Sample-G"", ""79.5 °C"", ""2.93 mS/cm"", ""3.92""], [""157.1 mL"", ""Sample-K"", ""52.0 °C"", ""10.90 mS/cm"", ""7.66""], [""154.0 mL"", ""Sample-H"", ""74.2 °C"", ""23.44 mS/cm"", ""7.33""]]}","{""row_index"": 0, ""column_index"": 2, ""row_identifier_column"": ""Sample"", ""row_identifier_value"": ""Sample-A"", ""target_column"": ""Temperature""}",lookup
A-L1-0130,1,weather,What Wind speed was recorded at station Cedar?,"| Wind speed | Station | Temperature | Pressure |
| --- | --- | --- | --- |
| 20.0 m/s | Orion | 11.5 °C | 956.0 hPa |
| 21.0 m/s | Lakeside | 26.0 °C | 939.9 hPa |
| 23.2 m/s | Cedar | 15.8 °C | 943.3 hPa |
| 18.4 m/s | Brookfield | 11.3 °C | 1015.3 hPa |","Answer the question using the table. Return only the requested value.

Table:
| Wind speed | Station | Temperature | Pressure |
| --- | --- | --- | --- |
| 20.0 m/s | Orion | 11.5 °C | 956.0 hPa |
| 21.0 m/s | Lakeside | 26.0 °C | 939.9 hPa |
| 23.2 m/s | Cedar | 15.8 °C | 943.3 hPa |
| 18.4 m/s | Brookfield | 11.3 °C | 1015.3 hPa |

Question: What Wind speed was recorded at station Cedar?",23.2 m/s,"{""headers"": [""Wind speed"", ""Station"", ""Temperature"", ""Pressure""], ""rows"": [[""20.0 m/s"", ""Orion"", ""11.5 °C"", ""956.0 hPa""], [""21.0 m/s"", ""Lakeside"", ""26.0 °C"", ""939.9 hPa""], [""23.2 m/s"", ""Cedar"", ""15.8 °C"", ""943.3 hPa""], [""18.4 m/s"", ""Brookfield"", ""11.3 °C"", ""1015.3 hPa""]]}","{""row_index"": 2, ""column_index"": 0, ""row_identifier_column"": ""Station"", ""row_identifier_value"": ""Cedar"", ""target_column"": ""Wind speed""}",lookup
A-L1-0131,1,skydiving,Find Noah. What Air temperature is listed?,"| Person | Air pressure | Air temperature | Elapsed time |
| --- | --- | --- | --- |
| Noah | 45.3 kPa | -2.0 °C | 43.1 s |
| Chris | 87.3 kPa | 14.3 °C | 64.6 s |
| Ava | 21.7 kPa | -6.8 °C | 92.0 s |
| Ryan | 49.0 kPa | 6.7 °C | 69.4 s |
| Oliver | 97.1 kPa | 14.0 °C | 84.1 s |","Answer the question using the table. Return only the requested value.

Table:
| Person | Air pressure | Air temperature | Elapsed time |
| --- | --- | --- | --- |
| Noah | 45.3 kPa | -2.0 °C | 43.1 s |
| Chris | 87.3 kPa | 14.3 °C | 64.6 s |
| Ava | 21.7 kPa | -6.8 °C | 92.0 s |
| Ryan | 49.0 kPa | 6.7 °C | 69.4 s |
| Oliver | 97.1 kPa | 14.0 °C | 84.1 s |

Question: Find Noah. What Air temperature is listed?",-2.0 °C,"{""headers"": [""Person"", ""Air pressure"", ""Air temperature"", ""Elapsed time""], ""rows"": [[""Noah"", ""45.3 kPa"", ""-2.0 °C"", ""43.1 s""], [""Chris"", ""87.3 kPa"", ""14.3 °C"", ""64.6 s""], [""Ava"", ""21.7 kPa"", ""-6.8 °C"", ""92.0 s""], [""Ryan"", ""49.0 kPa"", ""6.7 °C"", ""69.4 s""], [""Oliver"", ""97.1 kPa"", ""14.0 °C"", ""84.1 s""]]}","{""row_index"": 0, ""column_index"": 2, ""row_identifier_column"": ""Person"", ""row_identifier_value"": ""Noah"", ""target_column"": ""Air temperature""}",lookup
A-L1-0132,1,skydiving,"According to the table, what is the Elapsed time for Emma?","| Elapsed time | Air pressure | Person | Falling speed | Air temperature |
| --- | --- | --- | --- | --- |
| 12.2 s | 82.4 kPa | Yuna | 41.4 m/s | 4.7 °C |
| 44.9 s | 71.3 kPa | Oliver | 36.0 m/s | -4.6 °C |
| 88.4 s | 46.6 kPa | Ryan | 69.2 m/s | -14.0 °C |
| 69.2 s | 81.4 kPa | Lucas | 40.0 m/s | -38.0 °C |
| 42.9 s | 78.3 kPa | David | 29.0 m/s | -28.6 °C |
| 67.6 s | 81.0 kPa | Iris | 44.6 m/s | -10.5 °C |
| 32.5 s | 66.1 kPa | Emma | 37.0 m/s | -44.8 °C |
| 14.0 s | 32.8 kPa | Daniel | 80.1 m/s | -18.4 °C |","Answer the question using the table. Return only the requested value.

Table:
| Elapsed time | Air pressure | Person | Falling speed | Air temperature |
| --- | --- | --- | --- | --- |
| 12.2 s | 82.4 kPa | Yuna | 41.4 m/s | 4.7 °C |
| 44.9 s | 71.3 kPa | Oliver | 36.0 m/s | -4.6 °C |
| 88.4 s | 46.6 kPa | Ryan | 69.2 m/s | -14.0 °C |
| 69.2 s | 81.4 kPa | Lucas | 40.0 m/s | -38.0 °C |
| 42.9 s | 78.3 kPa | David | 29.0 m/s | -28.6 °C |
| 67.6 s | 81.0 kPa | Iris | 44.6 m/s | -10.5 °C |
| 32.5 s | 66.1 kPa | Emma | 37.0 m/s | -44.8 °C |
| 14.0 s | 32.8 kPa | Daniel | 80.1 m/s | -18.4 °C |

Question: According to the table, what is the Elapsed time for Emma?",32.5 s,"{""headers"": [""Elapsed time"", ""Air pressure"", ""Person"", ""Falling speed"", ""Air temperature""], ""rows"": [[""12.2 s"", ""82.4 kPa"", ""Yuna"", ""41.4 m/s"", ""4.7 °C""], [""44.9 s"", ""71.3 kPa"", ""Oliver"", ""36.0 m/s"", ""-4.6 °C""], [""88.4 s"", ""46.6 kPa"", ""Ryan"", ""69.2 m/s"", ""-14.0 °C""], [""69.2 s"", ""81.4 kPa"", ""Lucas"", ""40.0 m/s"", ""-38.0 °C""], [""42.9 s"", ""78.3 kPa"", ""David"", ""29.0 m/s"", ""-28.6 °C""], [""67.6 s"", ""81.0 kPa"", ""Iris"", ""44.6 m/s"", ""-10.5 °C""], [""32.5 s"", ""66.1 kPa"", ""Emma"", ""37.0 m/s"", ""-44.8 °C""], [""14.0 s"", ""32.8 kPa"", ""Daniel"", ""80.1 m/s"", ""-18.4 °C""]]}","{""row_index"": 6, ""column_index"": 0, ""row_identifier_column"": ""Person"", ""row_identifier_value"": ""Emma"", ""target_column"": ""Elapsed time""}",lookup
A-L1-0133,1,ml_experiments,Look up model Nimbus. What is its F1 score?,"| Precision | F1 score | Model | Recall | Memory | Latency | Accuracy |
| --- | --- | --- | --- | --- | --- | --- |
| 91.4% | 61.0% | Helix | 60.0% | 15.2 GB | 167.4 ms | 79.3% |
| 92.5% | 80.3% | Quartz | 79.4% | 2.8 GB | 50.1 ms | 61.9% |
| 66.7% | 68.7% | Zenith | 71.1% | 3.7 GB | 147.2 ms | 89.1% |
| 62.5% | 50.7% | Nimbus | 75.8% | 12.5 GB | 172.6 ms | 82.1% |","Answer the question using the table. Return only the requested value.

Table:
| Precision | F1 score | Model | Recall | Memory | Latency | Accuracy |
| --- | --- | --- | --- | --- | --- | --- |
| 91.4% | 61.0% | Helix | 60.0% | 15.2 GB | 167.4 ms | 79.3% |
| 92.5% | 80.3% | Quartz | 79.4% | 2.8 GB | 50.1 ms | 61.9% |
| 66.7% | 68.7% | Zenith | 71.1% | 3.7 GB | 147.2 ms | 89.1% |
| 62.5% | 50.7% | Nimbus | 75.8% | 12.5 GB | 172.6 ms | 82.1% |

Question: Look up model Nimbus. What is its F1 score?",50.7%,"{""headers"": [""Precision"", ""F1 score"", ""Model"", ""Recall"", ""Memory"", ""Latency"", ""Accuracy""], ""rows"": [[""91.4%"", ""61.0%"", ""Helix"", ""60.0%"", ""15.2 GB"", ""167.4 ms"", ""79.3%""], [""92.5%"", ""80.3%"", ""Quartz"", ""79.4%"", ""2.8 GB"", ""50.1 ms"", ""61.9%""], [""66.7%"", ""68.7%"", ""Zenith"", ""71.1%"", ""3.7 GB"", ""147.2 ms"", ""89.1%""], [""62.5%"", ""50.7%"", ""Nimbus"", ""75.8%"", ""12.5 GB"", ""172.6 ms"", ""82.1%""]]}","{""row_index"": 3, ""column_index"": 1, ""row_identifier_column"": ""Model"", ""row_identifier_value"": ""Nimbus"", ""target_column"": ""F1 score""}",lookup
A-L1-0134,1,ml_experiments,What Recall is reported for model Nova?,"| Precision | F1 score | Latency | Recall | Memory | Model |
| --- | --- | --- | --- | --- | --- |
| 57.3% | 77.3% | 86.9 ms | 95.6% | 1.6 GB | Echo |
| 69.9% | 74.1% | 19.8 ms | 72.9% | 3.1 GB | Nova |
| 66.5% | 71.2% | 176.2 ms | 65.4% | 11.5 GB | Atlas |
| 91.5% | 62.9% | 95.0 ms | 95.4% | 14.5 GB | Sigma |
| 94.3% | 56.5% | 35.6 ms | 52.0% | 10.9 GB | Zenith |
| 77.2% | 50.3% | 176.0 ms | 68.7% | 13.1 GB | Nimbus |
| 84.5% | 79.7% | 128.9 ms | 89.3% | 6.0 GB | Vertex |
| 67.4% | 97.7% | 79.7 ms | 67.7% | 8.2 GB | Delta |","Answer the question using the table. Return only the requested value.

Table:
| Precision | F1 score | Latency | Recall | Memory | Model |
| --- | --- | --- | --- | --- | --- |
| 57.3% | 77.3% | 86.9 ms | 95.6% | 1.6 GB | Echo |
| 69.9% | 74.1% | 19.8 ms | 72.9% | 3.1 GB | Nova |
| 66.5% | 71.2% | 176.2 ms | 65.4% | 11.5 GB | Atlas |
| 91.5% | 62.9% | 95.0 ms | 95.4% | 14.5 GB | Sigma |
| 94.3% | 56.5% | 35.6 ms | 52.0% | 10.9 GB | Zenith |
| 77.2% | 50.3% | 176.0 ms | 68.7% | 13.1 GB | Nimbus |
| 84.5% | 79.7% | 128.9 ms | 89.3% | 6.0 GB | Vertex |
| 67.4% | 97.7% | 79.7 ms | 67.7% | 8.2 GB | Delta |

Question: What Recall is reported for model Nova?",72.9%,"{""headers"": [""Precision"", ""F1 score"", ""Latency"", ""Recall"", ""Memory"", ""Model""], ""rows"": [[""57.3%"", ""77.3%"", ""86.9 ms"", ""95.6%"", ""1.6 GB"", ""Echo""], [""69.9%"", ""74.1%"", ""19.8 ms"", ""72.9%"", ""3.1 GB"", ""Nova""], [""66.5%"", ""71.2%"", ""176.2 ms"", ""65.4%"", ""11.5 GB"", ""Atlas""], [""91.5%"", ""62.9%"", ""95.0 ms"", ""95.4%"", ""14.5 GB"", ""Sigma""], [""94.3%"", ""56.5%"", ""35.6 ms"", ""52.0%"", ""10.9 GB"", ""Zenith""], [""77.2%"", ""50.3%"", ""176.0 ms"", ""68.7%"", ""13.1 GB"", ""Nimbus""], [""84.5%"", ""79.7%"", ""128.9 ms"", ""89.3%"", ""6.0 GB"", ""Vertex""], [""67.4%"", ""97.7%"", ""79.7 ms"", ""67.7%"", ""8.2 GB"", ""Delta""]]}","{""row_index"": 1, ""column_index"": 3, ""row_identifier_column"": ""Model"", ""row_identifier_value"": ""Nova"", ""target_column"": ""Recall""}",lookup
A-L1-0135,1,skydiving,What is Mina's Altitude?,"| Heart rate | Elapsed time | Air temperature | Person | Air pressure | Altitude | Falling speed |
| --- | --- | --- | --- | --- | --- | --- |
| 175 bpm | 55.7 s | 6.8 °C | Hana | 73.1 kPa | 547 m | 37.7 m/s |
| 109 bpm | 30.6 s | -24.3 °C | Ava | 98.5 kPa | 11185 m | 32.3 m/s |
| 75 bpm | 29.2 s | -5.4 °C | Nora | 72.6 kPa | 7657 m | 44.8 m/s |
| 144 bpm | 34.1 s | -38.3 °C | Sofia | 22.3 kPa | 6018 m | 52.6 m/s |
| 122 bpm | 21.3 s | 3.3 °C | Ryan | 93.6 kPa | 1585 m | 39.8 m/s |
| 158 bpm | 36.5 s | -35.7 °C | Oliver | 36.3 kPa | 9124 m | 42.0 m/s |
| 154 bpm | 90.3 s | -16.5 °C | Mina | 100.0 kPa | 1987 m | 79.4 m/s |","Answer the question using the table. Return only the requested value.

Table:
| Heart rate | Elapsed time | Air temperature | Person | Air pressure | Altitude | Falling speed |
| --- | --- | --- | --- | --- | --- | --- |
| 175 bpm | 55.7 s | 6.8 °C | Hana | 73.1 kPa | 547 m | 37.7 m/s |
| 109 bpm | 30.6 s | -24.3 °C | Ava | 98.5 kPa | 11185 m | 32.3 m/s |
| 75 bpm | 29.2 s | -5.4 °C | Nora | 72.6 kPa | 7657 m | 44.8 m/s |
| 144 bpm | 34.1 s | -38.3 °C | Sofia | 22.3 kPa | 6018 m | 52.6 m/s |
| 122 bpm | 21.3 s | 3.3 °C | Ryan | 93.6 kPa | 1585 m | 39.8 m/s |
| 158 bpm | 36.5 s | -35.7 °C | Oliver | 36.3 kPa | 9124 m | 42.0 m/s |
| 154 bpm | 90.3 s | -16.5 °C | Mina | 100.0 kPa | 1987 m | 79.4 m/s |

Question: What is Mina's Altitude?",1987 m,"{""headers"": [""Heart rate"", ""Elapsed time"", ""Air temperature"", ""Person"", ""Air pressure"", ""Altitude"", ""Falling speed""], ""rows"": [[""175 bpm"", ""55.7 s"", ""6.8 °C"", ""Hana"", ""73.1 kPa"", ""547 m"", ""37.7 m/s""], [""109 bpm"", ""30.6 s"", ""-24.3 °C"", ""Ava"", ""98.5 kPa"", ""11185 m"", ""32.3 m/s""], [""75 bpm"", ""29.2 s"", ""-5.4 °C"", ""Nora"", ""72.6 kPa"", ""7657 m"", ""44.8 m/s""], [""144 bpm"", ""34.1 s"", ""-38.3 °C"", ""Sofia"", ""22.3 kPa"", ""6018 m"", ""52.6 m/s""], [""122 bpm"", ""21.3 s"", ""3.3 °C"", ""Ryan"", ""93.6 kPa"", ""1585 m"", ""39.8 m/s""], [""158 bpm"", ""36.5 s"", ""-35.7 °C"", ""Oliver"", ""36.3 kPa"", ""9124 m"", ""42.0 m/s""], [""154 bpm"", ""90.3 s"", ""-16.5 °C"", ""Mina"", ""100.0 kPa"", ""1987 m"", ""79.4 m/s""]]}","{""row_index"": 6, ""column_index"": 5, ""row_identifier_column"": ""Person"", ""row_identifier_value"": ""Mina"", ""target_column"": ""Altitude""}",lookup
A-L1-0136,1,ml_experiments,"According to the experiment table, what is Echo's Latency?","| Precision | Memory | Model | Recall | Accuracy | Latency |
| --- | --- | --- | --- | --- | --- |
| 77.6% | 13.4 GB | Atlas | 73.3% | 79.1% | 159.8 ms |
| 60.6% | 2.8 GB | Aurora | 75.6% | 95.2% | 152.1 ms |
| 73.7% | 7.2 GB | Helix | 72.7% | 61.6% | 64.1 ms |
| 67.8% | 8.6 GB | Echo | 73.4% | 77.1% | 163.7 ms |
| 68.6% | 13.0 GB | Nova | 82.6% | 86.7% | 27.1 ms |
| 85.2% | 4.0 GB | Quartz | 80.8% | 66.0% | 91.2 ms |
| 73.6% | 9.2 GB | Vertex | 80.1% | 89.5% | 146.7 ms |","Answer the question using the table. Return only the requested value.

Table:
| Precision | Memory | Model | Recall | Accuracy | Latency |
| --- | --- | --- | --- | --- | --- |
| 77.6% | 13.4 GB | Atlas | 73.3% | 79.1% | 159.8 ms |
| 60.6% | 2.8 GB | Aurora | 75.6% | 95.2% | 152.1 ms |
| 73.7% | 7.2 GB | Helix | 72.7% | 61.6% | 64.1 ms |
| 67.8% | 8.6 GB | Echo | 73.4% | 77.1% | 163.7 ms |
| 68.6% | 13.0 GB | Nova | 82.6% | 86.7% | 27.1 ms |
| 85.2% | 4.0 GB | Quartz | 80.8% | 66.0% | 91.2 ms |
| 73.6% | 9.2 GB | Vertex | 80.1% | 89.5% | 146.7 ms |

Question: According to the experiment table, what is Echo's Latency?",163.7 ms,"{""headers"": [""Precision"", ""Memory"", ""Model"", ""Recall"", ""Accuracy"", ""Latency""], ""rows"": [[""77.6%"", ""13.4 GB"", ""Atlas"", ""73.3%"", ""79.1%"", ""159.8 ms""], [""60.6%"", ""2.8 GB"", ""Aurora"", ""75.6%"", ""95.2%"", ""152.1 ms""], [""73.7%"", ""7.2 GB"", ""Helix"", ""72.7%"", ""61.6%"", ""64.1 ms""], [""67.8%"", ""8.6 GB"", ""Echo"", ""73.4%"", ""77.1%"", ""163.7 ms""], [""68.6%"", ""13.0 GB"", ""Nova"", ""82.6%"", ""86.7%"", ""27.1 ms""], [""85.2%"", ""4.0 GB"", ""Quartz"", ""80.8%"", ""66.0%"", ""91.2 ms""], [""73.6%"", ""9.2 GB"", ""Vertex"", ""80.1%"", ""89.5%"", ""146.7 ms""]]}","{""row_index"": 3, ""column_index"": 5, ""row_identifier_column"": ""Model"", ""row_identifier_value"": ""Echo"", ""target_column"": ""Latency""}",lookup
A-L1-0137,1,race,"According to the race table, what is Lucas's Position?","| Pit time | Fuel remaining | Driver | Top speed | Lap time | Tire temperature | Position |
| --- | --- | --- | --- | --- | --- | --- |
| 13.54 s | 3.7 L | Sofia | 214.4 km/h | 95.29 s | 94.8 °C | 6 |
| 32.58 s | 65.0 L | Oliver | 236.5 km/h | 93.25 s | 116.8 °C | 11 |
| 39.21 s | 60.3 L | Jisoo | 354.0 km/h | 70.73 s | 74.0 °C | 20 |
| 13.63 s | 55.9 L | Lucas | 310.7 km/h | 107.42 s | 121.0 °C | 13 |
| 21.47 s | 77.3 L | Chris | 210.9 km/h | 128.85 s | 111.9 °C | 20 |
| 9.42 s | 36.0 L | David | 334.6 km/h | 110.23 s | 108.6 °C | 18 |
| 3.94 s | 65.6 L | Alex | 324.8 km/h | 71.22 s | 70.1 °C | 7 |
| 30.30 s | 32.8 L | Julia | 226.7 km/h | 56.52 s | 92.5 °C | 1 |","Answer the question using the table. Return only the requested value.

Table:
| Pit time | Fuel remaining | Driver | Top speed | Lap time | Tire temperature | Position |
| --- | --- | --- | --- | --- | --- | --- |
| 13.54 s | 3.7 L | Sofia | 214.4 km/h | 95.29 s | 94.8 °C | 6 |
| 32.58 s | 65.0 L | Oliver | 236.5 km/h | 93.25 s | 116.8 °C | 11 |
| 39.21 s | 60.3 L | Jisoo | 354.0 km/h | 70.73 s | 74.0 °C | 20 |
| 13.63 s | 55.9 L | Lucas | 310.7 km/h | 107.42 s | 121.0 °C | 13 |
| 21.47 s | 77.3 L | Chris | 210.9 km/h | 128.85 s | 111.9 °C | 20 |
| 9.42 s | 36.0 L | David | 334.6 km/h | 110.23 s | 108.6 °C | 18 |
| 3.94 s | 65.6 L | Alex | 324.8 km/h | 71.22 s | 70.1 °C | 7 |
| 30.30 s | 32.8 L | Julia | 226.7 km/h | 56.52 s | 92.5 °C | 1 |

Question: According to the race table, what is Lucas's Position?",13,"{""headers"": [""Pit time"", ""Fuel remaining"", ""Driver"", ""Top speed"", ""Lap time"", ""Tire temperature"", ""Position""], ""rows"": [[""13.54 s"", ""3.7 L"", ""Sofia"", ""214.4 km/h"", ""95.29 s"", ""94.8 °C"", ""6""], [""32.58 s"", ""65.0 L"", ""Oliver"", ""236.5 km/h"", ""93.25 s"", ""116.8 °C"", ""11""], [""39.21 s"", ""60.3 L"", ""Jisoo"", ""354.0 km/h"", ""70.73 s"", ""74.0 °C"", ""20""], [""13.63 s"", ""55.9 L"", ""Lucas"", ""310.7 km/h"", ""107.42 s"", ""121.0 °C"", ""13""], [""21.47 s"", ""77.3 L"", ""Chris"", ""210.9 km/h"", ""128.85 s"", ""111.9 °C"", ""20""], [""9.42 s"", ""36.0 L"", ""David"", ""334.6 km/h"", ""110.23 s"", ""108.6 °C"", ""18""], [""3.94 s"", ""65.6 L"", ""Alex"", ""324.8 km/h"", ""71.22 s"", ""70.1 °C"", ""7""], [""30.30 s"", ""32.8 L"", ""Julia"", ""226.7 km/h"", ""56.52 s"", ""92.5 °C"", ""1""]]}","{""row_index"": 3, ""column_index"": 6, ""row_identifier_column"": ""Driver"", ""row_identifier_value"": ""Lucas"", ""target_column"": ""Position""}",lookup
A-L1-0138,1,weather,Find station Hillcrest. What is its Temperature?,"| Pressure | Temperature | Station | Visibility | Rainfall | Humidity | Wind speed |
| --- | --- | --- | --- | --- | --- | --- |
| 955.5 hPa | 15.5 °C | Brookfield | 8.4 km | 5.2 mm | 61% | 0.7 m/s |
| 1001.3 hPa | 18.0 °C | Orion | 13.7 km | 75.6 mm | 69% | 4.1 m/s |
| 994.6 hPa | 30.2 °C | Hillcrest | 14.3 km | 58.2 mm | 74% | 32.3 m/s |
| 978.0 hPa | 9.9 °C | Cedar | 15.5 km | 13.7 mm | 51% | 25.4 m/s |","Answer the question using the table. Return only the requested value.

Table:
| Pressure | Temperature | Station | Visibility | Rainfall | Humidity | Wind speed |
| --- | --- | --- | --- | --- | --- | --- |
| 955.5 hPa | 15.5 °C | Brookfield | 8.4 km | 5.2 mm | 61% | 0.7 m/s |
| 1001.3 hPa | 18.0 °C | Orion | 13.7 km | 75.6 mm | 69% | 4.1 m/s |
| 994.6 hPa | 30.2 °C | Hillcrest | 14.3 km | 58.2 mm | 74% | 32.3 m/s |
| 978.0 hPa | 9.9 °C | Cedar | 15.5 km | 13.7 mm | 51% | 25.4 m/s |

Question: Find station Hillcrest. What is its Temperature?",30.2 °C,"{""headers"": [""Pressure"", ""Temperature"", ""Station"", ""Visibility"", ""Rainfall"", ""Humidity"", ""Wind speed""], ""rows"": [[""955.5 hPa"", ""15.5 °C"", ""Brookfield"", ""8.4 km"", ""5.2 mm"", ""61%"", ""0.7 m/s""], [""1001.3 hPa"", ""18.0 °C"", ""Orion"", ""13.7 km"", ""75.6 mm"", ""69%"", ""4.1 m/s""], [""994.6 hPa"", ""30.2 °C"", ""Hillcrest"", ""14.3 km"", ""58.2 mm"", ""74%"", ""32.3 m/s""], [""978.0 hPa"", ""9.9 °C"", ""Cedar"", ""15.5 km"", ""13.7 mm"", ""51%"", ""25.4 m/s""]]}","{""row_index"": 2, ""column_index"": 1, ""row_identifier_column"": ""Station"", ""row_identifier_value"": ""Hillcrest"", ""target_column"": ""Temperature""}",lookup
A-L1-0139,1,race,What Top speed is shown for driver Hana?,"| Lap time | Pit time | Driver | Tire temperature | Fuel remaining | Top speed | Position |
| --- | --- | --- | --- | --- | --- | --- |
| 63.85 s | 41.70 s | Ethan | 124.0 °C | 70.1 L | 288.8 km/h | 2 |
| 68.35 s | 31.87 s | Lena | 107.2 °C | 69.9 L | 344.0 km/h | 10 |
| 90.34 s | 11.04 s | Sofia | 70.3 °C | 68.2 L | 259.0 km/h | 1 |
| 131.03 s | 36.31 s | Lucas | 86.8 °C | 14.4 L | 329.0 km/h | 2 |
| 102.77 s | 11.60 s | Iris | 85.3 °C | 10.9 L | 220.8 km/h | 16 |
| 64.43 s | 35.17 s | Hana | 92.8 °C | 37.7 L | 331.5 km/h | 4 |
| 129.61 s | 40.33 s | Nora | 85.5 °C | 29.7 L | 188.4 km/h | 9 |
| 102.81 s | 4.74 s | Noah | 105.7 °C | 69.0 L | 198.3 km/h | 17 |
| 68.12 s | 15.06 s | Sam | 117.1 °C | 40.9 L | 336.7 km/h | 12 |","Answer the question using the table. Return only the requested value.

Table:
| Lap time | Pit time | Driver | Tire temperature | Fuel remaining | Top speed | Position |
| --- | --- | --- | --- | --- | --- | --- |
| 63.85 s | 41.70 s | Ethan | 124.0 °C | 70.1 L | 288.8 km/h | 2 |
| 68.35 s | 31.87 s | Lena | 107.2 °C | 69.9 L | 344.0 km/h | 10 |
| 90.34 s | 11.04 s | Sofia | 70.3 °C | 68.2 L | 259.0 km/h | 1 |
| 131.03 s | 36.31 s | Lucas | 86.8 °C | 14.4 L | 329.0 km/h | 2 |
| 102.77 s | 11.60 s | Iris | 85.3 °C | 10.9 L | 220.8 km/h | 16 |
| 64.43 s | 35.17 s | Hana | 92.8 °C | 37.7 L | 331.5 km/h | 4 |
| 129.61 s | 40.33 s | Nora | 85.5 °C | 29.7 L | 188.4 km/h | 9 |
| 102.81 s | 4.74 s | Noah | 105.7 °C | 69.0 L | 198.3 km/h | 17 |
| 68.12 s | 15.06 s | Sam | 117.1 °C | 40.9 L | 336.7 km/h | 12 |

Question: What Top speed is shown for driver Hana?",331.5 km/h,"{""headers"": [""Lap time"", ""Pit time"", ""Driver"", ""Tire temperature"", ""Fuel remaining"", ""Top speed"", ""Position""], ""rows"": [[""63.85 s"", ""41.70 s"", ""Ethan"", ""124.0 °C"", ""70.1 L"", ""288.8 km/h"", ""2""], [""68.35 s"", ""31.87 s"", ""Lena"", ""107.2 °C"", ""69.9 L"", ""344.0 km/h"", ""10""], [""90.34 s"", ""11.04 s"", ""Sofia"", ""70.3 °C"", ""68.2 L"", ""259.0 km/h"", ""1""], [""131.03 s"", ""36.31 s"", ""Lucas"", ""86.8 °C"", ""14.4 L"", ""329.0 km/h"", ""2""], [""102.77 s"", ""11.60 s"", ""Iris"", ""85.3 °C"", ""10.9 L"", ""220.8 km/h"", ""16""], [""64.43 s"", ""35.17 s"", ""Hana"", ""92.8 °C"", ""37.7 L"", ""331.5 km/h"", ""4""], [""129.61 s"", ""40.33 s"", ""Nora"", ""85.5 °C"", ""29.7 L"", ""188.4 km/h"", ""9""], [""102.81 s"", ""4.74 s"", ""Noah"", ""105.7 °C"", ""69.0 L"", ""198.3 km/h"", ""17""], [""68.12 s"", ""15.06 s"", ""Sam"", ""117.1 °C"", ""40.9 L"", ""336.7 km/h"", ""12""]]}","{""row_index"": 5, ""column_index"": 5, ""row_identifier_column"": ""Driver"", ""row_identifier_value"": ""Hana"", ""target_column"": ""Top speed""}",lookup
A-L1-0140,1,ml_experiments,"According to the experiment table, what is Echo's Memory?","| F1 score | Memory | Model | Latency | Accuracy |
| --- | --- | --- | --- | --- |
| 69.3% | 7.2 GB | Quartz | 139.9 ms | 75.7% |
| 78.2% | 2.8 GB | Zenith | 166.4 ms | 61.4% |
| 80.6% | 14.3 GB | Vertex | 117.3 ms | 75.8% |
| 92.9% | 12.9 GB | Echo | 176.5 ms | 98.1% |
| 84.3% | 14.2 GB | Sigma | 77.8 ms | 97.9% |
| 57.2% | 10.0 GB | Atlas | 162.4 ms | 92.3% |
| 66.9% | 5.4 GB | Nimbus | 131.0 ms | 94.1% |","Answer the question using the table. Return only the requested value.

Table:
| F1 score | Memory | Model | Latency | Accuracy |
| --- | --- | --- | --- | --- |
| 69.3% | 7.2 GB | Quartz | 139.9 ms | 75.7% |
| 78.2% | 2.8 GB | Zenith | 166.4 ms | 61.4% |
| 80.6% | 14.3 GB | Vertex | 117.3 ms | 75.8% |
| 92.9% | 12.9 GB | Echo | 176.5 ms | 98.1% |
| 84.3% | 14.2 GB | Sigma | 77.8 ms | 97.9% |
| 57.2% | 10.0 GB | Atlas | 162.4 ms | 92.3% |
| 66.9% | 5.4 GB | Nimbus | 131.0 ms | 94.1% |

Question: According to the experiment table, what is Echo's Memory?",12.9 GB,"{""headers"": [""F1 score"", ""Memory"", ""Model"", ""Latency"", ""Accuracy""], ""rows"": [[""69.3%"", ""7.2 GB"", ""Quartz"", ""139.9 ms"", ""75.7%""], [""78.2%"", ""2.8 GB"", ""Zenith"", ""166.4 ms"", ""61.4%""], [""80.6%"", ""14.3 GB"", ""Vertex"", ""117.3 ms"", ""75.8%""], [""92.9%"", ""12.9 GB"", ""Echo"", ""176.5 ms"", ""98.1%""], [""84.3%"", ""14.2 GB"", ""Sigma"", ""77.8 ms"", ""97.9%""], [""57.2%"", ""10.0 GB"", ""Atlas"", ""162.4 ms"", ""92.3%""], [""66.9%"", ""5.4 GB"", ""Nimbus"", ""131.0 ms"", ""94.1%""]]}","{""row_index"": 3, ""column_index"": 1, ""row_identifier_column"": ""Model"", ""row_identifier_value"": ""Echo"", ""target_column"": ""Memory""}",lookup
A-L1-0141,1,sports,What is the Possession value for the Sharks?,"| Points | Losses | Possession | Team | Goals conceded | Wins |
| --- | --- | --- | --- | --- | --- |
| 40 | 26 | 42.2% | Knights | 38 | 24 |
| 93 | 30 | 47.9% | Cyclones | 11 | 3 |
| 10 | 14 | 69.3% | Sharks | 78 | 10 |
| 74 | 3 | 32.4% | Wolves | 59 | 23 |
| 84 | 18 | 65.8% | Tigers | 108 | 22 |
| 95 | 17 | 53.8% | Falcons | 85 | 27 |
| 43 | 20 | 44.2% | Ravens | 52 | 16 |","Answer the question using the table. Return only the requested value.

Table:
| Points | Losses | Possession | Team | Goals conceded | Wins |
| --- | --- | --- | --- | --- | --- |
| 40 | 26 | 42.2% | Knights | 38 | 24 |
| 93 | 30 | 47.9% | Cyclones | 11 | 3 |
| 10 | 14 | 69.3% | Sharks | 78 | 10 |
| 74 | 3 | 32.4% | Wolves | 59 | 23 |
| 84 | 18 | 65.8% | Tigers | 108 | 22 |
| 95 | 17 | 53.8% | Falcons | 85 | 27 |
| 43 | 20 | 44.2% | Ravens | 52 | 16 |

Question: What is the Possession value for the Sharks?",69.3%,"{""headers"": [""Points"", ""Losses"", ""Possession"", ""Team"", ""Goals conceded"", ""Wins""], ""rows"": [[""40"", ""26"", ""42.2%"", ""Knights"", ""38"", ""24""], [""93"", ""30"", ""47.9%"", ""Cyclones"", ""11"", ""3""], [""10"", ""14"", ""69.3%"", ""Sharks"", ""78"", ""10""], [""74"", ""3"", ""32.4%"", ""Wolves"", ""59"", ""23""], [""84"", ""18"", ""65.8%"", ""Tigers"", ""108"", ""22""], [""95"", ""17"", ""53.8%"", ""Falcons"", ""85"", ""27""], [""43"", ""20"", ""44.2%"", ""Ravens"", ""52"", ""16""]]}","{""row_index"": 2, ""column_index"": 2, ""row_identifier_column"": ""Team"", ""row_identifier_value"": ""Sharks"", ""target_column"": ""Possession""}",lookup
A-L1-0142,1,weather,What Pressure was recorded at station Hillcrest?,"| Station | Pressure | Humidity | Temperature |
| --- | --- | --- | --- |
| Hillcrest | 987.1 hPa | 48% | 16.2 °C |
| Westhaven | 984.9 hPa | 50% | -1.0 °C |
| Maple | 970.6 hPa | 59% | 8.6 °C |
| Cedar | 1032.4 hPa | 56% | 8.3 °C |","Answer the question using the table. Return only the requested value.

Table:
| Station | Pressure | Humidity | Temperature |
| --- | --- | --- | --- |
| Hillcrest | 987.1 hPa | 48% | 16.2 °C |
| Westhaven | 984.9 hPa | 50% | -1.0 °C |
| Maple | 970.6 hPa | 59% | 8.6 °C |
| Cedar | 1032.4 hPa | 56% | 8.3 °C |

Question: What Pressure was recorded at station Hillcrest?",987.1 hPa,"{""headers"": [""Station"", ""Pressure"", ""Humidity"", ""Temperature""], ""rows"": [[""Hillcrest"", ""987.1 hPa"", ""48%"", ""16.2 °C""], [""Westhaven"", ""984.9 hPa"", ""50%"", ""-1.0 °C""], [""Maple"", ""970.6 hPa"", ""59%"", ""8.6 °C""], [""Cedar"", ""1032.4 hPa"", ""56%"", ""8.3 °C""]]}","{""row_index"": 0, ""column_index"": 1, ""row_identifier_column"": ""Station"", ""row_identifier_value"": ""Hillcrest"", ""target_column"": ""Pressure""}",lookup
A-L1-0143,1,race,Find Mina's row. What is the Position?,"| Driver | Lap time | Tire temperature | Position |
| --- | --- | --- | --- |
| Hana | 101.54 s | 60.2 °C | 16 |
| Alex | 99.44 s | 81.7 °C | 19 |
| Sofia | 139.24 s | 87.9 °C | 4 |
| Mina | 124.63 s | 76.2 °C | 10 |
| Noah | 57.38 s | 82.0 °C | 10 |
| Ryan | 105.12 s | 70.7 °C | 5 |
| Jisoo | 90.49 s | 125.3 °C | 3 |
| Nora | 80.94 s | 130.3 °C | 2 |","Answer the question using the table. Return only the requested value.

Table:
| Driver | Lap time | Tire temperature | Position |
| --- | --- | --- | --- |
| Hana | 101.54 s | 60.2 °C | 16 |
| Alex | 99.44 s | 81.7 °C | 19 |
| Sofia | 139.24 s | 87.9 °C | 4 |
| Mina | 124.63 s | 76.2 °C | 10 |
| Noah | 57.38 s | 82.0 °C | 10 |
| Ryan | 105.12 s | 70.7 °C | 5 |
| Jisoo | 90.49 s | 125.3 °C | 3 |
| Nora | 80.94 s | 130.3 °C | 2 |

Question: Find Mina's row. What is the Position?",10,"{""headers"": [""Driver"", ""Lap time"", ""Tire temperature"", ""Position""], ""rows"": [[""Hana"", ""101.54 s"", ""60.2 °C"", ""16""], [""Alex"", ""99.44 s"", ""81.7 °C"", ""19""], [""Sofia"", ""139.24 s"", ""87.9 °C"", ""4""], [""Mina"", ""124.63 s"", ""76.2 °C"", ""10""], [""Noah"", ""57.38 s"", ""82.0 °C"", ""10""], [""Ryan"", ""105.12 s"", ""70.7 °C"", ""5""], [""Jisoo"", ""90.49 s"", ""125.3 °C"", ""3""], [""Nora"", ""80.94 s"", ""130.3 °C"", ""2""]]}","{""row_index"": 3, ""column_index"": 3, ""row_identifier_column"": ""Driver"", ""row_identifier_value"": ""Mina"", ""target_column"": ""Position""}",lookup
A-L1-0144,1,race,What Position is shown for driver Ava?,"| Position | Fuel remaining | Tire temperature | Driver | Lap time |
| --- | --- | --- | --- | --- |
| 19 | 21.1 L | 119.0 °C | Daniel | 114.98 s |
| 9 | 43.5 L | 109.4 °C | Ava | 136.80 s |
| 18 | 64.1 L | 102.9 °C | Leo | 115.13 s |
| 20 | 52.2 L | 108.4 °C | Lucas | 62.24 s |
| 4 | 39.1 L | 74.2 °C | Theo | 131.23 s |
| 1 | 8.9 L | 80.8 °C | Ethan | 69.08 s |
| 17 | 61.1 L | 100.6 °C | Lena | 136.37 s |","Answer the question using the table. Return only the requested value.

Table:
| Position | Fuel remaining | Tire temperature | Driver | Lap time |
| --- | --- | --- | --- | --- |
| 19 | 21.1 L | 119.0 °C | Daniel | 114.98 s |
| 9 | 43.5 L | 109.4 °C | Ava | 136.80 s |
| 18 | 64.1 L | 102.9 °C | Leo | 115.13 s |
| 20 | 52.2 L | 108.4 °C | Lucas | 62.24 s |
| 4 | 39.1 L | 74.2 °C | Theo | 131.23 s |
| 1 | 8.9 L | 80.8 °C | Ethan | 69.08 s |
| 17 | 61.1 L | 100.6 °C | Lena | 136.37 s |

Question: What Position is shown for driver Ava?",9,"{""headers"": [""Position"", ""Fuel remaining"", ""Tire temperature"", ""Driver"", ""Lap time""], ""rows"": [[""19"", ""21.1 L"", ""119.0 °C"", ""Daniel"", ""114.98 s""], [""9"", ""43.5 L"", ""109.4 °C"", ""Ava"", ""136.80 s""], [""18"", ""64.1 L"", ""102.9 °C"", ""Leo"", ""115.13 s""], [""20"", ""52.2 L"", ""108.4 °C"", ""Lucas"", ""62.24 s""], [""4"", ""39.1 L"", ""74.2 °C"", ""Theo"", ""131.23 s""], [""1"", ""8.9 L"", ""80.8 °C"", ""Ethan"", ""69.08 s""], [""17"", ""61.1 L"", ""100.6 °C"", ""Lena"", ""136.37 s""]]}","{""row_index"": 1, ""column_index"": 0, ""row_identifier_column"": ""Driver"", ""row_identifier_value"": ""Ava"", ""target_column"": ""Position""}",lookup
A-L1-0145,1,weather,What Visibility was recorded at station Brookfield?,"| Temperature | Visibility | Humidity | Station |
| --- | --- | --- | --- |
| -5.3 °C | 23.2 km | 28% | Oakridge |
| 0.8 °C | 3.4 km | 27% | Lakeside |
| 35.5 °C | 20.5 km | 20% | Brookfield |
| 35.9 °C | 5.9 km | 74% | Hillcrest |","Answer the question using the table. Return only the requested value.

Table:
| Temperature | Visibility | Humidity | Station |
| --- | --- | --- | --- |
| -5.3 °C | 23.2 km | 28% | Oakridge |
| 0.8 °C | 3.4 km | 27% | Lakeside |
| 35.5 °C | 20.5 km | 20% | Brookfield |
| 35.9 °C | 5.9 km | 74% | Hillcrest |

Question: What Visibility was recorded at station Brookfield?",20.5 km,"{""headers"": [""Temperature"", ""Visibility"", ""Humidity"", ""Station""], ""rows"": [[""-5.3 °C"", ""23.2 km"", ""28%"", ""Oakridge""], [""0.8 °C"", ""3.4 km"", ""27%"", ""Lakeside""], [""35.5 °C"", ""20.5 km"", ""20%"", ""Brookfield""], [""35.9 °C"", ""5.9 km"", ""74%"", ""Hillcrest""]]}","{""row_index"": 2, ""column_index"": 1, ""row_identifier_column"": ""Station"", ""row_identifier_value"": ""Brookfield"", ""target_column"": ""Visibility""}",lookup
A-L1-0146,1,lab,Look at Sample-C. What is its recorded pH?,"| Sample | Mass | Volume | Conductivity | pH | Density |
| --- | --- | --- | --- | --- | --- |
| Sample-G | 480.6 g | 155.6 mL | 1.14 mS/cm | 7.55 | 3.34 g/mL |
| Sample-C | 421.5 g | 54.0 mL | 17.03 mS/cm | 4.51 | 4.00 g/mL |
| Sample-I | 391.9 g | 36.4 mL | 21.17 mS/cm | 6.46 | 2.25 g/mL |
| Sample-K | 268.0 g | 18.4 mL | 7.10 mS/cm | 10.41 | 1.06 g/mL |
| Sample-D | 277.9 g | 147.0 mL | 22.85 mS/cm | 8.34 | 0.57 g/mL |
| Sample-A | 461.1 g | 69.1 mL | 4.27 mS/cm | 8.53 | 0.71 g/mL |
| Sample-J | 476.4 g | 240.4 mL | 4.29 mS/cm | 7.40 | 1.36 g/mL |
| Sample-H | 64.5 g | 142.5 mL | 19.10 mS/cm | 3.02 | 2.78 g/mL |","Answer the question using the table. Return only the requested value.

Table:
| Sample | Mass | Volume | Conductivity | pH | Density |
| --- | --- | --- | --- | --- | --- |
| Sample-G | 480.6 g | 155.6 mL | 1.14 mS/cm | 7.55 | 3.34 g/mL |
| Sample-C | 421.5 g | 54.0 mL | 17.03 mS/cm | 4.51 | 4.00 g/mL |
| Sample-I | 391.9 g | 36.4 mL | 21.17 mS/cm | 6.46 | 2.25 g/mL |
| Sample-K | 268.0 g | 18.4 mL | 7.10 mS/cm | 10.41 | 1.06 g/mL |
| Sample-D | 277.9 g | 147.0 mL | 22.85 mS/cm | 8.34 | 0.57 g/mL |
| Sample-A | 461.1 g | 69.1 mL | 4.27 mS/cm | 8.53 | 0.71 g/mL |
| Sample-J | 476.4 g | 240.4 mL | 4.29 mS/cm | 7.40 | 1.36 g/mL |
| Sample-H | 64.5 g | 142.5 mL | 19.10 mS/cm | 3.02 | 2.78 g/mL |

Question: Look at Sample-C. What is its recorded pH?",4.51,"{""headers"": [""Sample"", ""Mass"", ""Volume"", ""Conductivity"", ""pH"", ""Density""], ""rows"": [[""Sample-G"", ""480.6 g"", ""155.6 mL"", ""1.14 mS/cm"", ""7.55"", ""3.34 g/mL""], [""Sample-C"", ""421.5 g"", ""54.0 mL"", ""17.03 mS/cm"", ""4.51"", ""4.00 g/mL""], [""Sample-I"", ""391.9 g"", ""36.4 mL"", ""21.17 mS/cm"", ""6.46"", ""2.25 g/mL""], [""Sample-K"", ""268.0 g"", ""18.4 mL"", ""7.10 mS/cm"", ""10.41"", ""1.06 g/mL""], [""Sample-D"", ""277.9 g"", ""147.0 mL"", ""22.85 mS/cm"", ""8.34"", ""0.57 g/mL""], [""Sample-A"", ""461.1 g"", ""69.1 mL"", ""4.27 mS/cm"", ""8.53"", ""0.71 g/mL""], [""Sample-J"", ""476.4 g"", ""240.4 mL"", ""4.29 mS/cm"", ""7.40"", ""1.36 g/mL""], [""Sample-H"", ""64.5 g"", ""142.5 mL"", ""19.10 mS/cm"", ""3.02"", ""2.78 g/mL""]]}","{""row_index"": 1, ""column_index"": 4, ""row_identifier_column"": ""Sample"", ""row_identifier_value"": ""Sample-C"", ""target_column"": ""pH""}",lookup
A-L1-0147,1,sports,What is the Wins value for the Bulls?,"| Wins | Team | Losses | Possession |
| --- | --- | --- | --- |
| 2 | Ravens | 20 | 65.1% |
| 21 | Cyclones | 14 | 62.6% |
| 26 | Tigers | 28 | 51.5% |
| 28 | Sharks | 17 | 36.9% |
| 12 | Wolves | 11 | 63.1% |
| 25 | Dragons | 2 | 45.7% |
| 12 | Bulls | 26 | 34.9% |
| 21 | Panthers | 0 | 30.2% |
| 24 | Comets | 15 | 57.9% |","Answer the question using the table. Return only the requested value.

Table:
| Wins | Team | Losses | Possession |
| --- | --- | --- | --- |
| 2 | Ravens | 20 | 65.1% |
| 21 | Cyclones | 14 | 62.6% |
| 26 | Tigers | 28 | 51.5% |
| 28 | Sharks | 17 | 36.9% |
| 12 | Wolves | 11 | 63.1% |
| 25 | Dragons | 2 | 45.7% |
| 12 | Bulls | 26 | 34.9% |
| 21 | Panthers | 0 | 30.2% |
| 24 | Comets | 15 | 57.9% |

Question: What is the Wins value for the Bulls?",12,"{""headers"": [""Wins"", ""Team"", ""Losses"", ""Possession""], ""rows"": [[""2"", ""Ravens"", ""20"", ""65.1%""], [""21"", ""Cyclones"", ""14"", ""62.6%""], [""26"", ""Tigers"", ""28"", ""51.5%""], [""28"", ""Sharks"", ""17"", ""36.9%""], [""12"", ""Wolves"", ""11"", ""63.1%""], [""25"", ""Dragons"", ""2"", ""45.7%""], [""12"", ""Bulls"", ""26"", ""34.9%""], [""21"", ""Panthers"", ""0"", ""30.2%""], [""24"", ""Comets"", ""15"", ""57.9%""]]}","{""row_index"": 6, ""column_index"": 0, ""row_identifier_column"": ""Team"", ""row_identifier_value"": ""Bulls"", ""target_column"": ""Wins""}",lookup
A-L1-0148,1,race,"According to the race table, what is Lena's Fuel remaining?","| Driver | Tire temperature | Fuel remaining | Top speed |
| --- | --- | --- | --- |
| Yuna | 126.1 °C | 68.7 L | 311.2 km/h |
| Nora | 110.8 °C | 77.6 L | 290.6 km/h |
| Noah | 97.5 °C | 23.6 L | 210.7 km/h |
| Emma | 69.6 °C | 60.2 L | 348.0 km/h |
| Lena | 73.2 °C | 49.0 L | 285.9 km/h |
| Lucas | 115.4 °C | 17.1 L | 301.0 km/h |
| Julia | 126.2 °C | 55.1 L | 180.4 km/h |
| Jisoo | 107.9 °C | 78.8 L | 200.0 km/h |
| Chris | 123.6 °C | 23.4 L | 184.2 km/h |","Answer the question using the table. Return only the requested value.

Table:
| Driver | Tire temperature | Fuel remaining | Top speed |
| --- | --- | --- | --- |
| Yuna | 126.1 °C | 68.7 L | 311.2 km/h |
| Nora | 110.8 °C | 77.6 L | 290.6 km/h |
| Noah | 97.5 °C | 23.6 L | 210.7 km/h |
| Emma | 69.6 °C | 60.2 L | 348.0 km/h |
| Lena | 73.2 °C | 49.0 L | 285.9 km/h |
| Lucas | 115.4 °C | 17.1 L | 301.0 km/h |
| Julia | 126.2 °C | 55.1 L | 180.4 km/h |
| Jisoo | 107.9 °C | 78.8 L | 200.0 km/h |
| Chris | 123.6 °C | 23.4 L | 184.2 km/h |

Question: According to the race table, what is Lena's Fuel remaining?",49.0 L,"{""headers"": [""Driver"", ""Tire temperature"", ""Fuel remaining"", ""Top speed""], ""rows"": [[""Yuna"", ""126.1 °C"", ""68.7 L"", ""311.2 km/h""], [""Nora"", ""110.8 °C"", ""77.6 L"", ""290.6 km/h""], [""Noah"", ""97.5 °C"", ""23.6 L"", ""210.7 km/h""], [""Emma"", ""69.6 °C"", ""60.2 L"", ""348.0 km/h""], [""Lena"", ""73.2 °C"", ""49.0 L"", ""285.9 km/h""], [""Lucas"", ""115.4 °C"", ""17.1 L"", ""301.0 km/h""], [""Julia"", ""126.2 °C"", ""55.1 L"", ""180.4 km/h""], [""Jisoo"", ""107.9 °C"", ""78.8 L"", ""200.0 km/h""], [""Chris"", ""123.6 °C"", ""23.4 L"", ""184.2 km/h""]]}","{""row_index"": 4, ""column_index"": 2, ""row_identifier_column"": ""Driver"", ""row_identifier_value"": ""Lena"", ""target_column"": ""Fuel remaining""}",lookup
A-L1-0149,1,skydiving,"According to the table, what is the Altitude for Leo?","| Air temperature | Altitude | Person | Elapsed time | Heart rate |
| --- | --- | --- | --- | --- |
| -37.1 °C | 11707 m | Leo | 87.5 s | 110 bpm |
| -7.2 °C | 5543 m | Ryan | 13.6 s | 117 bpm |
| 5.6 °C | 1130 m | Daniel | 60.0 s | 115 bpm |
| -29.4 °C | 5946 m | Ava | 91.3 s | 157 bpm |
| -43.5 °C | 9668 m | Oliver | 89.2 s | 158 bpm |
| 11.1 °C | 8474 m | David | 75.4 s | 77 bpm |
| 6.8 °C | 6476 m | Maya | 26.3 s | 78 bpm |
| 15.3 °C | 11045 m | Yuna | 22.7 s | 105 bpm |
| -41.0 °C | 7691 m | Mina | 7.5 s | 115 bpm |","Answer the question using the table. Return only the requested value.

Table:
| Air temperature | Altitude | Person | Elapsed time | Heart rate |
| --- | --- | --- | --- | --- |
| -37.1 °C | 11707 m | Leo | 87.5 s | 110 bpm |
| -7.2 °C | 5543 m | Ryan | 13.6 s | 117 bpm |
| 5.6 °C | 1130 m | Daniel | 60.0 s | 115 bpm |
| -29.4 °C | 5946 m | Ava | 91.3 s | 157 bpm |
| -43.5 °C | 9668 m | Oliver | 89.2 s | 158 bpm |
| 11.1 °C | 8474 m | David | 75.4 s | 77 bpm |
| 6.8 °C | 6476 m | Maya | 26.3 s | 78 bpm |
| 15.3 °C | 11045 m | Yuna | 22.7 s | 105 bpm |
| -41.0 °C | 7691 m | Mina | 7.5 s | 115 bpm |

Question: According to the table, what is the Altitude for Leo?",11707 m,"{""headers"": [""Air temperature"", ""Altitude"", ""Person"", ""Elapsed time"", ""Heart rate""], ""rows"": [[""-37.1 °C"", ""11707 m"", ""Leo"", ""87.5 s"", ""110 bpm""], [""-7.2 °C"", ""5543 m"", ""Ryan"", ""13.6 s"", ""117 bpm""], [""5.6 °C"", ""1130 m"", ""Daniel"", ""60.0 s"", ""115 bpm""], [""-29.4 °C"", ""5946 m"", ""Ava"", ""91.3 s"", ""157 bpm""], [""-43.5 °C"", ""9668 m"", ""Oliver"", ""89.2 s"", ""158 bpm""], [""11.1 °C"", ""8474 m"", ""David"", ""75.4 s"", ""77 bpm""], [""6.8 °C"", ""6476 m"", ""Maya"", ""26.3 s"", ""78 bpm""], [""15.3 °C"", ""11045 m"", ""Yuna"", ""22.7 s"", ""105 bpm""], [""-41.0 °C"", ""7691 m"", ""Mina"", ""7.5 s"", ""115 bpm""]]}","{""row_index"": 0, ""column_index"": 1, ""row_identifier_column"": ""Person"", ""row_identifier_value"": ""Leo"", ""target_column"": ""Altitude""}",lookup
A-L1-0150,1,weather,"According to the weather table, what is the Wind speed at Pinehurst?","| Wind speed | Station | Pressure | Rainfall |
| --- | --- | --- | --- |
| 25.0 m/s | Hillcrest | 941.9 hPa | 1.0 mm |
| 22.8 m/s | Fairview | 994.3 hPa | 43.6 mm |
| 4.5 m/s | Brookfield | 945.1 hPa | 3.7 mm |
| 12.4 m/s | Westhaven | 943.9 hPa | 43.3 mm |
| 6.5 m/s | Cedar | 983.0 hPa | 52.8 mm |
| 18.9 m/s | Clearwater | 969.4 hPa | 49.6 mm |
| 31.7 m/s | Pinehurst | 995.2 hPa | 71.5 mm |","Answer the question using the table. Return only the requested value.

Table:
| Wind speed | Station | Pressure | Rainfall |
| --- | --- | --- | --- |
| 25.0 m/s | Hillcrest | 941.9 hPa | 1.0 mm |
| 22.8 m/s | Fairview | 994.3 hPa | 43.6 mm |
| 4.5 m/s | Brookfield | 945.1 hPa | 3.7 mm |
| 12.4 m/s | Westhaven | 943.9 hPa | 43.3 mm |
| 6.5 m/s | Cedar | 983.0 hPa | 52.8 mm |
| 18.9 m/s | Clearwater | 969.4 hPa | 49.6 mm |
| 31.7 m/s | Pinehurst | 995.2 hPa | 71.5 mm |

Question: According to the weather table, what is the Wind speed at Pinehurst?",31.7 m/s,"{""headers"": [""Wind speed"", ""Station"", ""Pressure"", ""Rainfall""], ""rows"": [[""25.0 m/s"", ""Hillcrest"", ""941.9 hPa"", ""1.0 mm""], [""22.8 m/s"", ""Fairview"", ""994.3 hPa"", ""43.6 mm""], [""4.5 m/s"", ""Brookfield"", ""945.1 hPa"", ""3.7 mm""], [""12.4 m/s"", ""Westhaven"", ""943.9 hPa"", ""43.3 mm""], [""6.5 m/s"", ""Cedar"", ""983.0 hPa"", ""52.8 mm""], [""18.9 m/s"", ""Clearwater"", ""969.4 hPa"", ""49.6 mm""], [""31.7 m/s"", ""Pinehurst"", ""995.2 hPa"", ""71.5 mm""]]}","{""row_index"": 6, ""column_index"": 0, ""row_identifier_column"": ""Station"", ""row_identifier_value"": ""Pinehurst"", ""target_column"": ""Wind speed""}",lookup
A-L1-0151,1,lab,Look at Sample-B. What is its recorded Conductivity?,"| Conductivity | Volume | Sample | Temperature | Mass |
| --- | --- | --- | --- | --- |
| 6.05 mS/cm | 156.4 mL | Sample-D | 25.7 °C | 113.1 g |
| 22.15 mS/cm | 44.4 mL | Sample-E | 22.8 °C | 16.8 g |
| 24.08 mS/cm | 145.0 mL | Sample-K | 34.8 °C | 300.7 g |
| 1.19 mS/cm | 191.6 mL | Sample-B | 57.7 °C | 98.8 g |
| 11.41 mS/cm | 41.4 mL | Sample-C | 42.7 °C | 308.8 g |
| 18.53 mS/cm | 83.5 mL | Sample-J | 90.7 °C | 367.8 g |
| 7.34 mS/cm | 29.7 mL | Sample-L | 7.7 °C | 38.7 g |
| 9.13 mS/cm | 247.5 mL | Sample-I | 21.6 °C | 104.2 g |
| 0.19 mS/cm | 55.6 mL | Sample-A | 8.8 °C | 395.0 g |","Answer the question using the table. Return only the requested value.

Table:
| Conductivity | Volume | Sample | Temperature | Mass |
| --- | --- | --- | --- | --- |
| 6.05 mS/cm | 156.4 mL | Sample-D | 25.7 °C | 113.1 g |
| 22.15 mS/cm | 44.4 mL | Sample-E | 22.8 °C | 16.8 g |
| 24.08 mS/cm | 145.0 mL | Sample-K | 34.8 °C | 300.7 g |
| 1.19 mS/cm | 191.6 mL | Sample-B | 57.7 °C | 98.8 g |
| 11.41 mS/cm | 41.4 mL | Sample-C | 42.7 °C | 308.8 g |
| 18.53 mS/cm | 83.5 mL | Sample-J | 90.7 °C | 367.8 g |
| 7.34 mS/cm | 29.7 mL | Sample-L | 7.7 °C | 38.7 g |
| 9.13 mS/cm | 247.5 mL | Sample-I | 21.6 °C | 104.2 g |
| 0.19 mS/cm | 55.6 mL | Sample-A | 8.8 °C | 395.0 g |

Question: Look at Sample-B. What is its recorded Conductivity?",1.19 mS/cm,"{""headers"": [""Conductivity"", ""Volume"", ""Sample"", ""Temperature"", ""Mass""], ""rows"": [[""6.05 mS/cm"", ""156.4 mL"", ""Sample-D"", ""25.7 °C"", ""113.1 g""], [""22.15 mS/cm"", ""44.4 mL"", ""Sample-E"", ""22.8 °C"", ""16.8 g""], [""24.08 mS/cm"", ""145.0 mL"", ""Sample-K"", ""34.8 °C"", ""300.7 g""], [""1.19 mS/cm"", ""191.6 mL"", ""Sample-B"", ""57.7 °C"", ""98.8 g""], [""11.41 mS/cm"", ""41.4 mL"", ""Sample-C"", ""42.7 °C"", ""308.8 g""], [""18.53 mS/cm"", ""83.5 mL"", ""Sample-J"", ""90.7 °C"", ""367.8 g""], [""7.34 mS/cm"", ""29.7 mL"", ""Sample-L"", ""7.7 °C"", ""38.7 g""], [""9.13 mS/cm"", ""247.5 mL"", ""Sample-I"", ""21.6 °C"", ""104.2 g""], [""0.19 mS/cm"", ""55.6 mL"", ""Sample-A"", ""8.8 °C"", ""395.0 g""]]}","{""row_index"": 3, ""column_index"": 0, ""row_identifier_column"": ""Sample"", ""row_identifier_value"": ""Sample-B"", ""target_column"": ""Conductivity""}",lookup
A-L1-0152,1,ml_experiments,Look up model Nova. What is its Recall?,"| Precision | Model | F1 score | Memory | Accuracy | Recall |
| --- | --- | --- | --- | --- | --- |
| 73.9% | Nova | 81.2% | 14.8 GB | 89.8% | 65.6% |
| 60.8% | Delta | 59.3% | 8.8 GB | 87.1% | 93.3% |
| 87.0% | Pulse | 88.4% | 12.8 GB | 84.0% | 74.0% |
| 72.1% | Sigma | 93.2% | 12.1 GB | 74.6% | 58.2% |
| 92.6% | Nimbus | 64.4% | 2.8 GB | 69.6% | 78.8% |
| 62.9% | Zenith | 84.9% | 8.6 GB | 78.8% | 75.4% |
| 67.3% | Vertex | 56.2% | 8.4 GB | 82.8% | 80.8% |","Answer the question using the table. Return only the requested value.

Table:
| Precision | Model | F1 score | Memory | Accuracy | Recall |
| --- | --- | --- | --- | --- | --- |
| 73.9% | Nova | 81.2% | 14.8 GB | 89.8% | 65.6% |
| 60.8% | Delta | 59.3% | 8.8 GB | 87.1% | 93.3% |
| 87.0% | Pulse | 88.4% | 12.8 GB | 84.0% | 74.0% |
| 72.1% | Sigma | 93.2% | 12.1 GB | 74.6% | 58.2% |
| 92.6% | Nimbus | 64.4% | 2.8 GB | 69.6% | 78.8% |
| 62.9% | Zenith | 84.9% | 8.6 GB | 78.8% | 75.4% |
| 67.3% | Vertex | 56.2% | 8.4 GB | 82.8% | 80.8% |

Question: Look up model Nova. What is its Recall?",65.6%,"{""headers"": [""Precision"", ""Model"", ""F1 score"", ""Memory"", ""Accuracy"", ""Recall""], ""rows"": [[""73.9%"", ""Nova"", ""81.2%"", ""14.8 GB"", ""89.8%"", ""65.6%""], [""60.8%"", ""Delta"", ""59.3%"", ""8.8 GB"", ""87.1%"", ""93.3%""], [""87.0%"", ""Pulse"", ""88.4%"", ""12.8 GB"", ""84.0%"", ""74.0%""], [""72.1%"", ""Sigma"", ""93.2%"", ""12.1 GB"", ""74.6%"", ""58.2%""], [""92.6%"", ""Nimbus"", ""64.4%"", ""2.8 GB"", ""69.6%"", ""78.8%""], [""62.9%"", ""Zenith"", ""84.9%"", ""8.6 GB"", ""78.8%"", ""75.4%""], [""67.3%"", ""Vertex"", ""56.2%"", ""8.4 GB"", ""82.8%"", ""80.8%""]]}","{""row_index"": 0, ""column_index"": 5, ""row_identifier_column"": ""Model"", ""row_identifier_value"": ""Nova"", ""target_column"": ""Recall""}",lookup
A-L1-0153,1,ml_experiments,Look up model Nimbus. What is its Accuracy?,"| Precision | Recall | Model | Accuracy |
| --- | --- | --- | --- |
| 83.4% | 54.0% | Nimbus | 74.0% |
| 92.1% | 81.5% | Sigma | 80.0% |
| 71.8% | 61.5% | Helix | 67.0% |
| 70.5% | 72.8% | Quartz | 82.8% |
| 82.3% | 72.9% | Zenith | 76.6% |
| 73.0% | 65.5% | Aurora | 91.4% |","Answer the question using the table. Return only the requested value.

Table:
| Precision | Recall | Model | Accuracy |
| --- | --- | --- | --- |
| 83.4% | 54.0% | Nimbus | 74.0% |
| 92.1% | 81.5% | Sigma | 80.0% |
| 71.8% | 61.5% | Helix | 67.0% |
| 70.5% | 72.8% | Quartz | 82.8% |
| 82.3% | 72.9% | Zenith | 76.6% |
| 73.0% | 65.5% | Aurora | 91.4% |

Question: Look up model Nimbus. What is its Accuracy?",74.0%,"{""headers"": [""Precision"", ""Recall"", ""Model"", ""Accuracy""], ""rows"": [[""83.4%"", ""54.0%"", ""Nimbus"", ""74.0%""], [""92.1%"", ""81.5%"", ""Sigma"", ""80.0%""], [""71.8%"", ""61.5%"", ""Helix"", ""67.0%""], [""70.5%"", ""72.8%"", ""Quartz"", ""82.8%""], [""82.3%"", ""72.9%"", ""Zenith"", ""76.6%""], [""73.0%"", ""65.5%"", ""Aurora"", ""91.4%""]]}","{""row_index"": 0, ""column_index"": 3, ""row_identifier_column"": ""Model"", ""row_identifier_value"": ""Nimbus"", ""target_column"": ""Accuracy""}",lookup
A-L1-0154,1,ml_experiments,"According to the experiment table, what is Sigma's Memory?","| Model | Recall | Memory | Latency |
| --- | --- | --- | --- |
| Aurora | 60.3% | 4.1 GB | 107.3 ms |
| Pulse | 82.1% | 15.8 GB | 171.5 ms |
| Helix | 56.8% | 14.0 GB | 57.8 ms |
| Vertex | 77.1% | 7.8 GB | 147.3 ms |
| Delta | 92.4% | 4.0 GB | 131.3 ms |
| Zenith | 66.7% | 1.8 GB | 152.9 ms |
| Sigma | 71.0% | 15.1 GB | 77.5 ms |
| Nova | 71.5% | 13.7 GB | 9.3 ms |
| Nimbus | 90.3% | 12.2 GB | 6.1 ms |","Answer the question using the table. Return only the requested value.

Table:
| Model | Recall | Memory | Latency |
| --- | --- | --- | --- |
| Aurora | 60.3% | 4.1 GB | 107.3 ms |
| Pulse | 82.1% | 15.8 GB | 171.5 ms |
| Helix | 56.8% | 14.0 GB | 57.8 ms |
| Vertex | 77.1% | 7.8 GB | 147.3 ms |
| Delta | 92.4% | 4.0 GB | 131.3 ms |
| Zenith | 66.7% | 1.8 GB | 152.9 ms |
| Sigma | 71.0% | 15.1 GB | 77.5 ms |
| Nova | 71.5% | 13.7 GB | 9.3 ms |
| Nimbus | 90.3% | 12.2 GB | 6.1 ms |

Question: According to the experiment table, what is Sigma's Memory?",15.1 GB,"{""headers"": [""Model"", ""Recall"", ""Memory"", ""Latency""], ""rows"": [[""Aurora"", ""60.3%"", ""4.1 GB"", ""107.3 ms""], [""Pulse"", ""82.1%"", ""15.8 GB"", ""171.5 ms""], [""Helix"", ""56.8%"", ""14.0 GB"", ""57.8 ms""], [""Vertex"", ""77.1%"", ""7.8 GB"", ""147.3 ms""], [""Delta"", ""92.4%"", ""4.0 GB"", ""131.3 ms""], [""Zenith"", ""66.7%"", ""1.8 GB"", ""152.9 ms""], [""Sigma"", ""71.0%"", ""15.1 GB"", ""77.5 ms""], [""Nova"", ""71.5%"", ""13.7 GB"", ""9.3 ms""], [""Nimbus"", ""90.3%"", ""12.2 GB"", ""6.1 ms""]]}","{""row_index"": 6, ""column_index"": 2, ""row_identifier_column"": ""Model"", ""row_identifier_value"": ""Sigma"", ""target_column"": ""Memory""}",lookup
A-L1-0155,1,lab,Look at Sample-F. What is its recorded Volume?,"| Sample | Volume | Density | Conductivity | pH | Mass |
| --- | --- | --- | --- | --- | --- |
| Sample-F | 142.8 mL | 1.16 g/mL | 13.41 mS/cm | 3.09 | 226.9 g |
| Sample-A | 18.3 mL | 2.21 g/mL | 17.26 mS/cm | 3.87 | 481.6 g |
| Sample-K | 18.4 mL | 1.32 g/mL | 7.17 mS/cm | 8.60 | 30.6 g |
| Sample-C | 103.3 mL | 1.10 g/mL | 13.01 mS/cm | 10.60 | 80.2 g |
| Sample-B | 18.1 mL | 2.38 g/mL | 2.86 mS/cm | 6.78 | 477.6 g |
| Sample-J | 138.7 mL | 0.83 g/mL | 22.38 mS/cm | 3.04 | 18.0 g |","Answer the question using the table. Return only the requested value.

Table:
| Sample | Volume | Density | Conductivity | pH | Mass |
| --- | --- | --- | --- | --- | --- |
| Sample-F | 142.8 mL | 1.16 g/mL | 13.41 mS/cm | 3.09 | 226.9 g |
| Sample-A | 18.3 mL | 2.21 g/mL | 17.26 mS/cm | 3.87 | 481.6 g |
| Sample-K | 18.4 mL | 1.32 g/mL | 7.17 mS/cm | 8.60 | 30.6 g |
| Sample-C | 103.3 mL | 1.10 g/mL | 13.01 mS/cm | 10.60 | 80.2 g |
| Sample-B | 18.1 mL | 2.38 g/mL | 2.86 mS/cm | 6.78 | 477.6 g |
| Sample-J | 138.7 mL | 0.83 g/mL | 22.38 mS/cm | 3.04 | 18.0 g |

Question: Look at Sample-F. What is its recorded Volume?",142.8 mL,"{""headers"": [""Sample"", ""Volume"", ""Density"", ""Conductivity"", ""pH"", ""Mass""], ""rows"": [[""Sample-F"", ""142.8 mL"", ""1.16 g/mL"", ""13.41 mS/cm"", ""3.09"", ""226.9 g""], [""Sample-A"", ""18.3 mL"", ""2.21 g/mL"", ""17.26 mS/cm"", ""3.87"", ""481.6 g""], [""Sample-K"", ""18.4 mL"", ""1.32 g/mL"", ""7.17 mS/cm"", ""8.60"", ""30.6 g""], [""Sample-C"", ""103.3 mL"", ""1.10 g/mL"", ""13.01 mS/cm"", ""10.60"", ""80.2 g""], [""Sample-B"", ""18.1 mL"", ""2.38 g/mL"", ""2.86 mS/cm"", ""6.78"", ""477.6 g""], [""Sample-J"", ""138.7 mL"", ""0.83 g/mL"", ""22.38 mS/cm"", ""3.04"", ""18.0 g""]]}","{""row_index"": 0, ""column_index"": 1, ""row_identifier_column"": ""Sample"", ""row_identifier_value"": ""Sample-F"", ""target_column"": ""Volume""}",lookup
A-L1-0156,1,ml_experiments,"According to the experiment table, what is Atlas's Precision?","| Model | Latency | Precision | F1 score |
| --- | --- | --- | --- |
| Delta | 133.8 ms | 67.7% | 78.2% |
| Zenith | 158.7 ms | 75.2% | 94.6% |
| Pulse | 56.4 ms | 82.0% | 84.9% |
| Nova | 36.3 ms | 80.0% | 94.6% |
| Vertex | 34.8 ms | 66.0% | 89.7% |
| Atlas | 133.1 ms | 75.1% | 94.1% |
| Aurora | 170.4 ms | 65.5% | 69.3% |
| Echo | 84.3 ms | 85.8% | 93.2% |","Answer the question using the table. Return only the requested value.

Table:
| Model | Latency | Precision | F1 score |
| --- | --- | --- | --- |
| Delta | 133.8 ms | 67.7% | 78.2% |
| Zenith | 158.7 ms | 75.2% | 94.6% |
| Pulse | 56.4 ms | 82.0% | 84.9% |
| Nova | 36.3 ms | 80.0% | 94.6% |
| Vertex | 34.8 ms | 66.0% | 89.7% |
| Atlas | 133.1 ms | 75.1% | 94.1% |
| Aurora | 170.4 ms | 65.5% | 69.3% |
| Echo | 84.3 ms | 85.8% | 93.2% |

Question: According to the experiment table, what is Atlas's Precision?",75.1%,"{""headers"": [""Model"", ""Latency"", ""Precision"", ""F1 score""], ""rows"": [[""Delta"", ""133.8 ms"", ""67.7%"", ""78.2%""], [""Zenith"", ""158.7 ms"", ""75.2%"", ""94.6%""], [""Pulse"", ""56.4 ms"", ""82.0%"", ""84.9%""], [""Nova"", ""36.3 ms"", ""80.0%"", ""94.6%""], [""Vertex"", ""34.8 ms"", ""66.0%"", ""89.7%""], [""Atlas"", ""133.1 ms"", ""75.1%"", ""94.1%""], [""Aurora"", ""170.4 ms"", ""65.5%"", ""69.3%""], [""Echo"", ""84.3 ms"", ""85.8%"", ""93.2%""]]}","{""row_index"": 5, ""column_index"": 2, ""row_identifier_column"": ""Model"", ""row_identifier_value"": ""Atlas"", ""target_column"": ""Precision""}",lookup
A-L1-0157,1,skydiving,What is Lucas's Air temperature?,"| Person | Elapsed time | Altitude | Air temperature | Falling speed |
| --- | --- | --- | --- | --- |
| Ava | 19.5 s | 3710 m | -17.4 °C | 53.2 m/s |
| Alex | 46.8 s | 8208 m | -0.3 °C | 33.2 m/s |
| Lucas | 35.9 s | 5812 m | -4.8 °C | 65.5 m/s |
| Sofia | 27.6 s | 934 m | -19.8 °C | 36.7 m/s |
| Leo | 69.2 s | 8056 m | -15.9 °C | 30.0 m/s |
| Ryan | 16.2 s | 2538 m | 7.8 °C | 61.4 m/s |","Answer the question using the table. Return only the requested value.

Table:
| Person | Elapsed time | Altitude | Air temperature | Falling speed |
| --- | --- | --- | --- | --- |
| Ava | 19.5 s | 3710 m | -17.4 °C | 53.2 m/s |
| Alex | 46.8 s | 8208 m | -0.3 °C | 33.2 m/s |
| Lucas | 35.9 s | 5812 m | -4.8 °C | 65.5 m/s |
| Sofia | 27.6 s | 934 m | -19.8 °C | 36.7 m/s |
| Leo | 69.2 s | 8056 m | -15.9 °C | 30.0 m/s |
| Ryan | 16.2 s | 2538 m | 7.8 °C | 61.4 m/s |

Question: What is Lucas's Air temperature?",-4.8 °C,"{""headers"": [""Person"", ""Elapsed time"", ""Altitude"", ""Air temperature"", ""Falling speed""], ""rows"": [[""Ava"", ""19.5 s"", ""3710 m"", ""-17.4 °C"", ""53.2 m/s""], [""Alex"", ""46.8 s"", ""8208 m"", ""-0.3 °C"", ""33.2 m/s""], [""Lucas"", ""35.9 s"", ""5812 m"", ""-4.8 °C"", ""65.5 m/s""], [""Sofia"", ""27.6 s"", ""934 m"", ""-19.8 °C"", ""36.7 m/s""], [""Leo"", ""69.2 s"", ""8056 m"", ""-15.9 °C"", ""30.0 m/s""], [""Ryan"", ""16.2 s"", ""2538 m"", ""7.8 °C"", ""61.4 m/s""]]}","{""row_index"": 2, ""column_index"": 3, ""row_identifier_column"": ""Person"", ""row_identifier_value"": ""Lucas"", ""target_column"": ""Air temperature""}",lookup
A-L1-0158,1,ml_experiments,Look up model Vertex. What is its Accuracy?,"| F1 score | Recall | Latency | Memory | Model | Precision | Accuracy |
| --- | --- | --- | --- | --- | --- | --- |
| 97.6% | 83.2% | 62.4 ms | 11.3 GB | Quartz | 83.0% | 87.1% |
| 58.5% | 67.5% | 59.7 ms | 3.8 GB | Echo | 72.1% | 75.7% |
| 82.8% | 59.4% | 159.3 ms | 5.7 GB | Delta | 90.1% | 68.6% |
| 60.1% | 59.3% | 169.3 ms | 9.2 GB | Vertex | 60.3% | 81.1% |
| 79.3% | 64.8% | 21.9 ms | 3.9 GB | Zenith | 78.6% | 98.3% |
| 58.2% | 58.2% | 23.0 ms | 13.4 GB | Sigma | 69.4% | 76.2% |
| 61.7% | 68.4% | 78.2 ms | 14.9 GB | Atlas | 98.5% | 63.6% |
| 58.4% | 91.7% | 109.6 ms | 15.9 GB | Pulse | 98.2% | 97.4% |
| 89.9% | 53.2% | 68.9 ms | 7.6 GB | Nimbus | 58.0% | 85.3% |","Answer the question using the table. Return only the requested value.

Table:
| F1 score | Recall | Latency | Memory | Model | Precision | Accuracy |
| --- | --- | --- | --- | --- | --- | --- |
| 97.6% | 83.2% | 62.4 ms | 11.3 GB | Quartz | 83.0% | 87.1% |
| 58.5% | 67.5% | 59.7 ms | 3.8 GB | Echo | 72.1% | 75.7% |
| 82.8% | 59.4% | 159.3 ms | 5.7 GB | Delta | 90.1% | 68.6% |
| 60.1% | 59.3% | 169.3 ms | 9.2 GB | Vertex | 60.3% | 81.1% |
| 79.3% | 64.8% | 21.9 ms | 3.9 GB | Zenith | 78.6% | 98.3% |
| 58.2% | 58.2% | 23.0 ms | 13.4 GB | Sigma | 69.4% | 76.2% |
| 61.7% | 68.4% | 78.2 ms | 14.9 GB | Atlas | 98.5% | 63.6% |
| 58.4% | 91.7% | 109.6 ms | 15.9 GB | Pulse | 98.2% | 97.4% |
| 89.9% | 53.2% | 68.9 ms | 7.6 GB | Nimbus | 58.0% | 85.3% |

Question: Look up model Vertex. What is its Accuracy?",81.1%,"{""headers"": [""F1 score"", ""Recall"", ""Latency"", ""Memory"", ""Model"", ""Precision"", ""Accuracy""], ""rows"": [[""97.6%"", ""83.2%"", ""62.4 ms"", ""11.3 GB"", ""Quartz"", ""83.0%"", ""87.1%""], [""58.5%"", ""67.5%"", ""59.7 ms"", ""3.8 GB"", ""Echo"", ""72.1%"", ""75.7%""], [""82.8%"", ""59.4%"", ""159.3 ms"", ""5.7 GB"", ""Delta"", ""90.1%"", ""68.6%""], [""60.1%"", ""59.3%"", ""169.3 ms"", ""9.2 GB"", ""Vertex"", ""60.3%"", ""81.1%""], [""79.3%"", ""64.8%"", ""21.9 ms"", ""3.9 GB"", ""Zenith"", ""78.6%"", ""98.3%""], [""58.2%"", ""58.2%"", ""23.0 ms"", ""13.4 GB"", ""Sigma"", ""69.4%"", ""76.2%""], [""61.7%"", ""68.4%"", ""78.2 ms"", ""14.9 GB"", ""Atlas"", ""98.5%"", ""63.6%""], [""58.4%"", ""91.7%"", ""109.6 ms"", ""15.9 GB"", ""Pulse"", ""98.2%"", ""97.4%""], [""89.9%"", ""53.2%"", ""68.9 ms"", ""7.6 GB"", ""Nimbus"", ""58.0%"", ""85.3%""]]}","{""row_index"": 3, ""column_index"": 6, ""row_identifier_column"": ""Model"", ""row_identifier_value"": ""Vertex"", ""target_column"": ""Accuracy""}",lookup
A-L1-0159,1,ml_experiments,"According to the experiment table, what is Nova's Precision?","| F1 score | Model | Memory | Recall | Precision |
| --- | --- | --- | --- | --- |
| 97.9% | Aurora | 10.5 GB | 64.1% | 77.9% |
| 85.3% | Sigma | 9.9 GB | 68.7% | 85.2% |
| 63.6% | Vertex | 10.5 GB | 87.3% | 69.5% |
| 71.7% | Helix | 0.6 GB | 92.6% | 69.2% |
| 59.4% | Delta | 10.3 GB | 56.9% | 58.1% |
| 79.3% | Quartz | 15.2 GB | 86.2% | 95.6% |
| 94.4% | Atlas | 10.8 GB | 62.2% | 78.7% |
| 54.5% | Nimbus | 9.7 GB | 90.7% | 64.0% |
| 91.5% | Nova | 5.6 GB | 61.9% | 56.0% |","Answer the question using the table. Return only the requested value.

Table:
| F1 score | Model | Memory | Recall | Precision |
| --- | --- | --- | --- | --- |
| 97.9% | Aurora | 10.5 GB | 64.1% | 77.9% |
| 85.3% | Sigma | 9.9 GB | 68.7% | 85.2% |
| 63.6% | Vertex | 10.5 GB | 87.3% | 69.5% |
| 71.7% | Helix | 0.6 GB | 92.6% | 69.2% |
| 59.4% | Delta | 10.3 GB | 56.9% | 58.1% |
| 79.3% | Quartz | 15.2 GB | 86.2% | 95.6% |
| 94.4% | Atlas | 10.8 GB | 62.2% | 78.7% |
| 54.5% | Nimbus | 9.7 GB | 90.7% | 64.0% |
| 91.5% | Nova | 5.6 GB | 61.9% | 56.0% |

Question: According to the experiment table, what is Nova's Precision?",56.0%,"{""headers"": [""F1 score"", ""Model"", ""Memory"", ""Recall"", ""Precision""], ""rows"": [[""97.9%"", ""Aurora"", ""10.5 GB"", ""64.1%"", ""77.9%""], [""85.3%"", ""Sigma"", ""9.9 GB"", ""68.7%"", ""85.2%""], [""63.6%"", ""Vertex"", ""10.5 GB"", ""87.3%"", ""69.5%""], [""71.7%"", ""Helix"", ""0.6 GB"", ""92.6%"", ""69.2%""], [""59.4%"", ""Delta"", ""10.3 GB"", ""56.9%"", ""58.1%""], [""79.3%"", ""Quartz"", ""15.2 GB"", ""86.2%"", ""95.6%""], [""94.4%"", ""Atlas"", ""10.8 GB"", ""62.2%"", ""78.7%""], [""54.5%"", ""Nimbus"", ""9.7 GB"", ""90.7%"", ""64.0%""], [""91.5%"", ""Nova"", ""5.6 GB"", ""61.9%"", ""56.0%""]]}","{""row_index"": 8, ""column_index"": 4, ""row_identifier_column"": ""Model"", ""row_identifier_value"": ""Nova"", ""target_column"": ""Precision""}",lookup
A-L1-0160,1,ml_experiments,"According to the experiment table, what is Vertex's Precision?","| Model | Accuracy | Precision | F1 score | Latency | Memory | Recall |
| --- | --- | --- | --- | --- | --- | --- |
| Echo | 88.3% | 75.0% | 72.7% | 110.7 ms | 6.3 GB | 62.6% |
| Zenith | 79.5% | 95.7% | 74.1% | 174.8 ms | 15.1 GB | 85.5% |
| Quartz | 74.6% | 80.9% | 81.4% | 10.8 ms | 6.8 GB | 74.0% |
| Aurora | 74.9% | 95.5% | 87.2% | 30.9 ms | 9.7 GB | 91.8% |
| Vertex | 62.8% | 61.8% | 73.0% | 6.3 ms | 3.4 GB | 56.7% |
| Pulse | 79.7% | 91.1% | 87.3% | 7.5 ms | 12.8 GB | 86.0% |","Answer the question using the table. Return only the requested value.

Table:
| Model | Accuracy | Precision | F1 score | Latency | Memory | Recall |
| --- | --- | --- | --- | --- | --- | --- |
| Echo | 88.3% | 75.0% | 72.7% | 110.7 ms | 6.3 GB | 62.6% |
| Zenith | 79.5% | 95.7% | 74.1% | 174.8 ms | 15.1 GB | 85.5% |
| Quartz | 74.6% | 80.9% | 81.4% | 10.8 ms | 6.8 GB | 74.0% |
| Aurora | 74.9% | 95.5% | 87.2% | 30.9 ms | 9.7 GB | 91.8% |
| Vertex | 62.8% | 61.8% | 73.0% | 6.3 ms | 3.4 GB | 56.7% |
| Pulse | 79.7% | 91.1% | 87.3% | 7.5 ms | 12.8 GB | 86.0% |

Question: According to the experiment table, what is Vertex's Precision?",61.8%,"{""headers"": [""Model"", ""Accuracy"", ""Precision"", ""F1 score"", ""Latency"", ""Memory"", ""Recall""], ""rows"": [[""Echo"", ""88.3%"", ""75.0%"", ""72.7%"", ""110.7 ms"", ""6.3 GB"", ""62.6%""], [""Zenith"", ""79.5%"", ""95.7%"", ""74.1%"", ""174.8 ms"", ""15.1 GB"", ""85.5%""], [""Quartz"", ""74.6%"", ""80.9%"", ""81.4%"", ""10.8 ms"", ""6.8 GB"", ""74.0%""], [""Aurora"", ""74.9%"", ""95.5%"", ""87.2%"", ""30.9 ms"", ""9.7 GB"", ""91.8%""], [""Vertex"", ""62.8%"", ""61.8%"", ""73.0%"", ""6.3 ms"", ""3.4 GB"", ""56.7%""], [""Pulse"", ""79.7%"", ""91.1%"", ""87.3%"", ""7.5 ms"", ""12.8 GB"", ""86.0%""]]}","{""row_index"": 4, ""column_index"": 2, ""row_identifier_column"": ""Model"", ""row_identifier_value"": ""Vertex"", ""target_column"": ""Precision""}",lookup
A-L1-0161,1,skydiving,What is Yuna's Altitude?,"| Elapsed time | Altitude | Air pressure | Person | Heart rate | Falling speed |
| --- | --- | --- | --- | --- | --- |
| 78.5 s | 6537 m | 20.1 kPa | Jisoo | 143 bpm | 29.2 m/s |
| 22.8 s | 9865 m | 34.6 kPa | Ethan | 117 bpm | 81.9 m/s |
| 63.9 s | 8597 m | 78.6 kPa | David | 109 bpm | 35.2 m/s |
| 13.0 s | 2141 m | 70.9 kPa | Nora | 106 bpm | 71.6 m/s |
| 57.8 s | 5364 m | 92.1 kPa | Ava | 90 bpm | 56.1 m/s |
| 72.4 s | 11851 m | 94.4 kPa | Mina | 102 bpm | 48.9 m/s |
| 6.1 s | 5073 m | 81.7 kPa | Daniel | 166 bpm | 63.7 m/s |
| 39.5 s | 8868 m | 44.6 kPa | Iris | 162 bpm | 49.7 m/s |
| 79.7 s | 8073 m | 40.2 kPa | Yuna | 172 bpm | 43.1 m/s |","Answer the question using the table. Return only the requested value.

Table:
| Elapsed time | Altitude | Air pressure | Person | Heart rate | Falling speed |
| --- | --- | --- | --- | --- | --- |
| 78.5 s | 6537 m | 20.1 kPa | Jisoo | 143 bpm | 29.2 m/s |
| 22.8 s | 9865 m | 34.6 kPa | Ethan | 117 bpm | 81.9 m/s |
| 63.9 s | 8597 m | 78.6 kPa | David | 109 bpm | 35.2 m/s |
| 13.0 s | 2141 m | 70.9 kPa | Nora | 106 bpm | 71.6 m/s |
| 57.8 s | 5364 m | 92.1 kPa | Ava | 90 bpm | 56.1 m/s |
| 72.4 s | 11851 m | 94.4 kPa | Mina | 102 bpm | 48.9 m/s |
| 6.1 s | 5073 m | 81.7 kPa | Daniel | 166 bpm | 63.7 m/s |
| 39.5 s | 8868 m | 44.6 kPa | Iris | 162 bpm | 49.7 m/s |
| 79.7 s | 8073 m | 40.2 kPa | Yuna | 172 bpm | 43.1 m/s |

Question: What is Yuna's Altitude?",8073 m,"{""headers"": [""Elapsed time"", ""Altitude"", ""Air pressure"", ""Person"", ""Heart rate"", ""Falling speed""], ""rows"": [[""78.5 s"", ""6537 m"", ""20.1 kPa"", ""Jisoo"", ""143 bpm"", ""29.2 m/s""], [""22.8 s"", ""9865 m"", ""34.6 kPa"", ""Ethan"", ""117 bpm"", ""81.9 m/s""], [""63.9 s"", ""8597 m"", ""78.6 kPa"", ""David"", ""109 bpm"", ""35.2 m/s""], [""13.0 s"", ""2141 m"", ""70.9 kPa"", ""Nora"", ""106 bpm"", ""71.6 m/s""], [""57.8 s"", ""5364 m"", ""92.1 kPa"", ""Ava"", ""90 bpm"", ""56.1 m/s""], [""72.4 s"", ""11851 m"", ""94.4 kPa"", ""Mina"", ""102 bpm"", ""48.9 m/s""], [""6.1 s"", ""5073 m"", ""81.7 kPa"", ""Daniel"", ""166 bpm"", ""63.7 m/s""], [""39.5 s"", ""8868 m"", ""44.6 kPa"", ""Iris"", ""162 bpm"", ""49.7 m/s""], [""79.7 s"", ""8073 m"", ""40.2 kPa"", ""Yuna"", ""172 bpm"", ""43.1 m/s""]]}","{""row_index"": 8, ""column_index"": 1, ""row_identifier_column"": ""Person"", ""row_identifier_value"": ""Yuna"", ""target_column"": ""Altitude""}",lookup
A-L1-0162,1,sports,What is the Wins value for the Hawks?,"| Losses | Team | Wins | Goals scored | Points | Goals conceded |
| --- | --- | --- | --- | --- | --- |
| 24 | Hawks | 1 | 5 | 95 | 39 |
| 1 | Tigers | 18 | 17 | 37 | 106 |
| 8 | Bulls | 16 | 67 | 70 | 102 |
| 0 | Sharks | 16 | 53 | 87 | 106 |","Answer the question using the table. Return only the requested value.

Table:
| Losses | Team | Wins | Goals scored | Points | Goals conceded |
| --- | --- | --- | --- | --- | --- |
| 24 | Hawks | 1 | 5 | 95 | 39 |
| 1 | Tigers | 18 | 17 | 37 | 106 |
| 8 | Bulls | 16 | 67 | 70 | 102 |
| 0 | Sharks | 16 | 53 | 87 | 106 |

Question: What is the Wins value for the Hawks?",1,"{""headers"": [""Losses"", ""Team"", ""Wins"", ""Goals scored"", ""Points"", ""Goals conceded""], ""rows"": [[""24"", ""Hawks"", ""1"", ""5"", ""95"", ""39""], [""1"", ""Tigers"", ""18"", ""17"", ""37"", ""106""], [""8"", ""Bulls"", ""16"", ""67"", ""70"", ""102""], [""0"", ""Sharks"", ""16"", ""53"", ""87"", ""106""]]}","{""row_index"": 0, ""column_index"": 2, ""row_identifier_column"": ""Team"", ""row_identifier_value"": ""Hawks"", ""target_column"": ""Wins""}",lookup
A-L1-0163,1,race,"According to the race table, what is David's Position?","| Tire temperature | Lap time | Top speed | Driver | Fuel remaining | Position | Pit time |
| --- | --- | --- | --- | --- | --- | --- |
| 119.8 °C | 112.21 s | 234.2 km/h | David | 44.8 L | 15 | 5.75 s |
| 124.3 °C | 117.41 s | 342.9 km/h | Leo | 24.9 L | 7 | 44.41 s |
| 132.7 °C | 112.62 s | 312.4 km/h | Mina | 20.2 L | 16 | 39.30 s |
| 125.2 °C | 121.71 s | 337.7 km/h | Sofia | 57.9 L | 2 | 32.04 s |
| 87.6 °C | 111.00 s | 291.3 km/h | Daniel | 39.1 L | 14 | 36.68 s |
| 105.9 °C | 91.37 s | 194.6 km/h | Jisoo | 74.7 L | 16 | 18.01 s |
| 60.2 °C | 135.06 s | 294.9 km/h | Lena | 27.1 L | 12 | 29.71 s |","Answer the question using the table. Return only the requested value.

Table:
| Tire temperature | Lap time | Top speed | Driver | Fuel remaining | Position | Pit time |
| --- | --- | --- | --- | --- | --- | --- |
| 119.8 °C | 112.21 s | 234.2 km/h | David | 44.8 L | 15 | 5.75 s |
| 124.3 °C | 117.41 s | 342.9 km/h | Leo | 24.9 L | 7 | 44.41 s |
| 132.7 °C | 112.62 s | 312.4 km/h | Mina | 20.2 L | 16 | 39.30 s |
| 125.2 °C | 121.71 s | 337.7 km/h | Sofia | 57.9 L | 2 | 32.04 s |
| 87.6 °C | 111.00 s | 291.3 km/h | Daniel | 39.1 L | 14 | 36.68 s |
| 105.9 °C | 91.37 s | 194.6 km/h | Jisoo | 74.7 L | 16 | 18.01 s |
| 60.2 °C | 135.06 s | 294.9 km/h | Lena | 27.1 L | 12 | 29.71 s |

Question: According to the race table, what is David's Position?",15,"{""headers"": [""Tire temperature"", ""Lap time"", ""Top speed"", ""Driver"", ""Fuel remaining"", ""Position"", ""Pit time""], ""rows"": [[""119.8 °C"", ""112.21 s"", ""234.2 km/h"", ""David"", ""44.8 L"", ""15"", ""5.75 s""], [""124.3 °C"", ""117.41 s"", ""342.9 km/h"", ""Leo"", ""24.9 L"", ""7"", ""44.41 s""], [""132.7 °C"", ""112.62 s"", ""312.4 km/h"", ""Mina"", ""20.2 L"", ""16"", ""39.30 s""], [""125.2 °C"", ""121.71 s"", ""337.7 km/h"", ""Sofia"", ""57.9 L"", ""2"", ""32.04 s""], [""87.6 °C"", ""111.00 s"", ""291.3 km/h"", ""Daniel"", ""39.1 L"", ""14"", ""36.68 s""], [""105.9 °C"", ""91.37 s"", ""194.6 km/h"", ""Jisoo"", ""74.7 L"", ""16"", ""18.01 s""], [""60.2 °C"", ""135.06 s"", ""294.9 km/h"", ""Lena"", ""27.1 L"", ""12"", ""29.71 s""]]}","{""row_index"": 0, ""column_index"": 5, ""row_identifier_column"": ""Driver"", ""row_identifier_value"": ""David"", ""target_column"": ""Position""}",lookup
A-L1-0164,1,skydiving,"According to the table, what is the Elapsed time for Yuna?","| Person | Air pressure | Altitude | Heart rate | Elapsed time | Air temperature |
| --- | --- | --- | --- | --- | --- |
| Oliver | 71.4 kPa | 6962 m | 110 bpm | 77.8 s | 8.9 °C |
| Julia | 79.6 kPa | 1835 m | 168 bpm | 81.8 s | -21.8 °C |
| Daniel | 71.5 kPa | 4836 m | 133 bpm | 71.2 s | 0.2 °C |
| Leo | 75.3 kPa | 10527 m | 79 bpm | 74.0 s | 13.7 °C |
| Yuna | 29.3 kPa | 1508 m | 93 bpm | 71.7 s | -39.4 °C |","Answer the question using the table. Return only the requested value.

Table:
| Person | Air pressure | Altitude | Heart rate | Elapsed time | Air temperature |
| --- | --- | --- | --- | --- | --- |
| Oliver | 71.4 kPa | 6962 m | 110 bpm | 77.8 s | 8.9 °C |
| Julia | 79.6 kPa | 1835 m | 168 bpm | 81.8 s | -21.8 °C |
| Daniel | 71.5 kPa | 4836 m | 133 bpm | 71.2 s | 0.2 °C |
| Leo | 75.3 kPa | 10527 m | 79 bpm | 74.0 s | 13.7 °C |
| Yuna | 29.3 kPa | 1508 m | 93 bpm | 71.7 s | -39.4 °C |

Question: According to the table, what is the Elapsed time for Yuna?",71.7 s,"{""headers"": [""Person"", ""Air pressure"", ""Altitude"", ""Heart rate"", ""Elapsed time"", ""Air temperature""], ""rows"": [[""Oliver"", ""71.4 kPa"", ""6962 m"", ""110 bpm"", ""77.8 s"", ""8.9 °C""], [""Julia"", ""79.6 kPa"", ""1835 m"", ""168 bpm"", ""81.8 s"", ""-21.8 °C""], [""Daniel"", ""71.5 kPa"", ""4836 m"", ""133 bpm"", ""71.2 s"", ""0.2 °C""], [""Leo"", ""75.3 kPa"", ""10527 m"", ""79 bpm"", ""74.0 s"", ""13.7 °C""], [""Yuna"", ""29.3 kPa"", ""1508 m"", ""93 bpm"", ""71.7 s"", ""-39.4 °C""]]}","{""row_index"": 4, ""column_index"": 4, ""row_identifier_column"": ""Person"", ""row_identifier_value"": ""Yuna"", ""target_column"": ""Elapsed time""}",lookup
A-L1-0165,1,sports,"In the table, what Points do the Tigers have?","| Losses | Team | Possession | Goals conceded | Points | Goals scored |
| --- | --- | --- | --- | --- | --- |
| 22 | Tigers | 32.4% | 47 | 58 | 108 |
| 4 | Wolves | 64.0% | 94 | 95 | 110 |
| 1 | Ravens | 42.8% | 93 | 86 | 69 |
| 27 | Sharks | 59.1% | 109 | 72 | 43 |
| 3 | Cyclones | 69.9% | 78 | 45 | 95 |
| 15 | Comets | 63.1% | 42 | 90 | 68 |
| 21 | Hawks | 69.6% | 55 | 30 | 75 |
| 22 | Falcons | 66.9% | 27 | 16 | 104 |
| 4 | Bulls | 63.9% | 33 | 36 | 108 |","Answer the question using the table. Return only the requested value.

Table:
| Losses | Team | Possession | Goals conceded | Points | Goals scored |
| --- | --- | --- | --- | --- | --- |
| 22 | Tigers | 32.4% | 47 | 58 | 108 |
| 4 | Wolves | 64.0% | 94 | 95 | 110 |
| 1 | Ravens | 42.8% | 93 | 86 | 69 |
| 27 | Sharks | 59.1% | 109 | 72 | 43 |
| 3 | Cyclones | 69.9% | 78 | 45 | 95 |
| 15 | Comets | 63.1% | 42 | 90 | 68 |
| 21 | Hawks | 69.6% | 55 | 30 | 75 |
| 22 | Falcons | 66.9% | 27 | 16 | 104 |
| 4 | Bulls | 63.9% | 33 | 36 | 108 |

Question: In the table, what Points do the Tigers have?",58,"{""headers"": [""Losses"", ""Team"", ""Possession"", ""Goals conceded"", ""Points"", ""Goals scored""], ""rows"": [[""22"", ""Tigers"", ""32.4%"", ""47"", ""58"", ""108""], [""4"", ""Wolves"", ""64.0%"", ""94"", ""95"", ""110""], [""1"", ""Ravens"", ""42.8%"", ""93"", ""86"", ""69""], [""27"", ""Sharks"", ""59.1%"", ""109"", ""72"", ""43""], [""3"", ""Cyclones"", ""69.9%"", ""78"", ""45"", ""95""], [""15"", ""Comets"", ""63.1%"", ""42"", ""90"", ""68""], [""21"", ""Hawks"", ""69.6%"", ""55"", ""30"", ""75""], [""22"", ""Falcons"", ""66.9%"", ""27"", ""16"", ""104""], [""4"", ""Bulls"", ""63.9%"", ""33"", ""36"", ""108""]]}","{""row_index"": 0, ""column_index"": 4, ""row_identifier_column"": ""Team"", ""row_identifier_value"": ""Tigers"", ""target_column"": ""Points""}",lookup
A-L1-0166,1,lab,What is the Temperature of Sample-F?,"| Temperature | Sample | Conductivity | pH | Volume |
| --- | --- | --- | --- | --- |
| 32.2 °C | Sample-J | 6.20 mS/cm | 5.97 | 30.6 mL |
| 93.4 °C | Sample-F | 19.66 mS/cm | 5.77 | 214.7 mL |
| 70.0 °C | Sample-D | 8.53 mS/cm | 3.49 | 109.0 mL |
| 22.6 °C | Sample-B | 22.44 mS/cm | 10.04 | 53.2 mL |
| 37.0 °C | Sample-A | 17.02 mS/cm | 2.56 | 42.9 mL |
| 14.2 °C | Sample-C | 16.32 mS/cm | 10.56 | 91.2 mL |
| 51.4 °C | Sample-E | 11.90 mS/cm | 3.17 | 236.3 mL |","Answer the question using the table. Return only the requested value.

Table:
| Temperature | Sample | Conductivity | pH | Volume |
| --- | --- | --- | --- | --- |
| 32.2 °C | Sample-J | 6.20 mS/cm | 5.97 | 30.6 mL |
| 93.4 °C | Sample-F | 19.66 mS/cm | 5.77 | 214.7 mL |
| 70.0 °C | Sample-D | 8.53 mS/cm | 3.49 | 109.0 mL |
| 22.6 °C | Sample-B | 22.44 mS/cm | 10.04 | 53.2 mL |
| 37.0 °C | Sample-A | 17.02 mS/cm | 2.56 | 42.9 mL |
| 14.2 °C | Sample-C | 16.32 mS/cm | 10.56 | 91.2 mL |
| 51.4 °C | Sample-E | 11.90 mS/cm | 3.17 | 236.3 mL |

Question: What is the Temperature of Sample-F?",93.4 °C,"{""headers"": [""Temperature"", ""Sample"", ""Conductivity"", ""pH"", ""Volume""], ""rows"": [[""32.2 °C"", ""Sample-J"", ""6.20 mS/cm"", ""5.97"", ""30.6 mL""], [""93.4 °C"", ""Sample-F"", ""19.66 mS/cm"", ""5.77"", ""214.7 mL""], [""70.0 °C"", ""Sample-D"", ""8.53 mS/cm"", ""3.49"", ""109.0 mL""], [""22.6 °C"", ""Sample-B"", ""22.44 mS/cm"", ""10.04"", ""53.2 mL""], [""37.0 °C"", ""Sample-A"", ""17.02 mS/cm"", ""2.56"", ""42.9 mL""], [""14.2 °C"", ""Sample-C"", ""16.32 mS/cm"", ""10.56"", ""91.2 mL""], [""51.4 °C"", ""Sample-E"", ""11.90 mS/cm"", ""3.17"", ""236.3 mL""]]}","{""row_index"": 1, ""column_index"": 0, ""row_identifier_column"": ""Sample"", ""row_identifier_value"": ""Sample-F"", ""target_column"": ""Temperature""}",lookup
A-L1-0167,1,skydiving,"According to the table, what is the Altitude for Nora?","| Elapsed time | Air pressure | Person | Falling speed | Altitude |
| --- | --- | --- | --- | --- |
| 34.3 s | 77.1 kPa | Nora | 76.7 m/s | 1940 m |
| 41.5 s | 76.1 kPa | Theo | 48.6 m/s | 6681 m |
| 75.5 s | 62.4 kPa | Iris | 28.8 m/s | 9901 m |
| 95.0 s | 76.2 kPa | Sofia | 42.9 m/s | 4916 m |","Answer the question using the table. Return only the requested value.

Table:
| Elapsed time | Air pressure | Person | Falling speed | Altitude |
| --- | --- | --- | --- | --- |
| 34.3 s | 77.1 kPa | Nora | 76.7 m/s | 1940 m |
| 41.5 s | 76.1 kPa | Theo | 48.6 m/s | 6681 m |
| 75.5 s | 62.4 kPa | Iris | 28.8 m/s | 9901 m |
| 95.0 s | 76.2 kPa | Sofia | 42.9 m/s | 4916 m |

Question: According to the table, what is the Altitude for Nora?",1940 m,"{""headers"": [""Elapsed time"", ""Air pressure"", ""Person"", ""Falling speed"", ""Altitude""], ""rows"": [[""34.3 s"", ""77.1 kPa"", ""Nora"", ""76.7 m/s"", ""1940 m""], [""41.5 s"", ""76.1 kPa"", ""Theo"", ""48.6 m/s"", ""6681 m""], [""75.5 s"", ""62.4 kPa"", ""Iris"", ""28.8 m/s"", ""9901 m""], [""95.0 s"", ""76.2 kPa"", ""Sofia"", ""42.9 m/s"", ""4916 m""]]}","{""row_index"": 0, ""column_index"": 4, ""row_identifier_column"": ""Person"", ""row_identifier_value"": ""Nora"", ""target_column"": ""Altitude""}",lookup
A-L1-0168,1,skydiving,What is Ethan's Altitude?,"| Altitude | Elapsed time | Air temperature | Heart rate | Person |
| --- | --- | --- | --- | --- |
| 11370 m | 5.0 s | -26.1 °C | 169 bpm | Chris |
| 6321 m | 37.7 s | -10.7 °C | 114 bpm | Ethan |
| 7136 m | 67.6 s | -12.1 °C | 174 bpm | Theo |
| 6474 m | 75.5 s | -3.5 °C | 117 bpm | Noah |","Answer the question using the table. Return only the requested value.

Table:
| Altitude | Elapsed time | Air temperature | Heart rate | Person |
| --- | --- | --- | --- | --- |
| 11370 m | 5.0 s | -26.1 °C | 169 bpm | Chris |
| 6321 m | 37.7 s | -10.7 °C | 114 bpm | Ethan |
| 7136 m | 67.6 s | -12.1 °C | 174 bpm | Theo |
| 6474 m | 75.5 s | -3.5 °C | 117 bpm | Noah |

Question: What is Ethan's Altitude?",6321 m,"{""headers"": [""Altitude"", ""Elapsed time"", ""Air temperature"", ""Heart rate"", ""Person""], ""rows"": [[""11370 m"", ""5.0 s"", ""-26.1 °C"", ""169 bpm"", ""Chris""], [""6321 m"", ""37.7 s"", ""-10.7 °C"", ""114 bpm"", ""Ethan""], [""7136 m"", ""67.6 s"", ""-12.1 °C"", ""174 bpm"", ""Theo""], [""6474 m"", ""75.5 s"", ""-3.5 °C"", ""117 bpm"", ""Noah""]]}","{""row_index"": 1, ""column_index"": 0, ""row_identifier_column"": ""Person"", ""row_identifier_value"": ""Ethan"", ""target_column"": ""Altitude""}",lookup
A-L1-0169,1,ml_experiments,What F1 score is reported for model Sigma?,"| Precision | Latency | Accuracy | Recall | F1 score | Model |
| --- | --- | --- | --- | --- | --- |
| 72.9% | 164.0 ms | 63.5% | 83.5% | 66.1% | Pulse |
| 62.2% | 123.1 ms | 96.8% | 81.8% | 72.3% | Vertex |
| 62.2% | 142.6 ms | 72.3% | 75.1% | 90.3% | Sigma |
| 97.4% | 97.5 ms | 70.5% | 68.6% | 62.1% | Zenith |
| 61.3% | 51.4 ms | 84.6% | 96.1% | 60.0% | Helix |
| 83.4% | 118.0 ms | 82.0% | 81.0% | 85.0% | Aurora |","Answer the question using the table. Return only the requested value.

Table:
| Precision | Latency | Accuracy | Recall | F1 score | Model |
| --- | --- | --- | --- | --- | --- |
| 72.9% | 164.0 ms | 63.5% | 83.5% | 66.1% | Pulse |
| 62.2% | 123.1 ms | 96.8% | 81.8% | 72.3% | Vertex |
| 62.2% | 142.6 ms | 72.3% | 75.1% | 90.3% | Sigma |
| 97.4% | 97.5 ms | 70.5% | 68.6% | 62.1% | Zenith |
| 61.3% | 51.4 ms | 84.6% | 96.1% | 60.0% | Helix |
| 83.4% | 118.0 ms | 82.0% | 81.0% | 85.0% | Aurora |

Question: What F1 score is reported for model Sigma?",90.3%,"{""headers"": [""Precision"", ""Latency"", ""Accuracy"", ""Recall"", ""F1 score"", ""Model""], ""rows"": [[""72.9%"", ""164.0 ms"", ""63.5%"", ""83.5%"", ""66.1%"", ""Pulse""], [""62.2%"", ""123.1 ms"", ""96.8%"", ""81.8%"", ""72.3%"", ""Vertex""], [""62.2%"", ""142.6 ms"", ""72.3%"", ""75.1%"", ""90.3%"", ""Sigma""], [""97.4%"", ""97.5 ms"", ""70.5%"", ""68.6%"", ""62.1%"", ""Zenith""], [""61.3%"", ""51.4 ms"", ""84.6%"", ""96.1%"", ""60.0%"", ""Helix""], [""83.4%"", ""118.0 ms"", ""82.0%"", ""81.0%"", ""85.0%"", ""Aurora""]]}","{""row_index"": 2, ""column_index"": 4, ""row_identifier_column"": ""Model"", ""row_identifier_value"": ""Sigma"", ""target_column"": ""F1 score""}",lookup
A-L1-0170,1,ml_experiments,"According to the experiment table, what is Helix's Accuracy?","| Model | Recall | Accuracy | Latency | F1 score | Memory |
| --- | --- | --- | --- | --- | --- |
| Nova | 72.4% | 77.1% | 77.6 ms | 67.3% | 7.8 GB |
| Pulse | 69.7% | 83.1% | 159.2 ms | 62.7% | 11.1 GB |
| Helix | 81.1% | 63.4% | 44.3 ms | 65.0% | 12.4 GB |
| Echo | 81.3% | 74.4% | 165.6 ms | 88.1% | 11.0 GB |
| Aurora | 82.2% | 65.6% | 129.5 ms | 77.8% | 4.6 GB |
| Delta | 96.7% | 80.3% | 54.5 ms | 85.2% | 14.8 GB |
| Quartz | 81.1% | 63.0% | 152.8 ms | 61.8% | 2.0 GB |
| Zenith | 89.5% | 86.4% | 35.8 ms | 88.6% | 9.1 GB |","Answer the question using the table. Return only the requested value.

Table:
| Model | Recall | Accuracy | Latency | F1 score | Memory |
| --- | --- | --- | --- | --- | --- |
| Nova | 72.4% | 77.1% | 77.6 ms | 67.3% | 7.8 GB |
| Pulse | 69.7% | 83.1% | 159.2 ms | 62.7% | 11.1 GB |
| Helix | 81.1% | 63.4% | 44.3 ms | 65.0% | 12.4 GB |
| Echo | 81.3% | 74.4% | 165.6 ms | 88.1% | 11.0 GB |
| Aurora | 82.2% | 65.6% | 129.5 ms | 77.8% | 4.6 GB |
| Delta | 96.7% | 80.3% | 54.5 ms | 85.2% | 14.8 GB |
| Quartz | 81.1% | 63.0% | 152.8 ms | 61.8% | 2.0 GB |
| Zenith | 89.5% | 86.4% | 35.8 ms | 88.6% | 9.1 GB |

Question: According to the experiment table, what is Helix's Accuracy?",63.4%,"{""headers"": [""Model"", ""Recall"", ""Accuracy"", ""Latency"", ""F1 score"", ""Memory""], ""rows"": [[""Nova"", ""72.4%"", ""77.1%"", ""77.6 ms"", ""67.3%"", ""7.8 GB""], [""Pulse"", ""69.7%"", ""83.1%"", ""159.2 ms"", ""62.7%"", ""11.1 GB""], [""Helix"", ""81.1%"", ""63.4%"", ""44.3 ms"", ""65.0%"", ""12.4 GB""], [""Echo"", ""81.3%"", ""74.4%"", ""165.6 ms"", ""88.1%"", ""11.0 GB""], [""Aurora"", ""82.2%"", ""65.6%"", ""129.5 ms"", ""77.8%"", ""4.6 GB""], [""Delta"", ""96.7%"", ""80.3%"", ""54.5 ms"", ""85.2%"", ""14.8 GB""], [""Quartz"", ""81.1%"", ""63.0%"", ""152.8 ms"", ""61.8%"", ""2.0 GB""], [""Zenith"", ""89.5%"", ""86.4%"", ""35.8 ms"", ""88.6%"", ""9.1 GB""]]}","{""row_index"": 2, ""column_index"": 2, ""row_identifier_column"": ""Model"", ""row_identifier_value"": ""Helix"", ""target_column"": ""Accuracy""}",lookup
A-L1-0171,1,race,"According to the race table, what is Sofia's Fuel remaining?","| Pit time | Position | Driver | Fuel remaining | Lap time |
| --- | --- | --- | --- | --- |
| 41.81 s | 17 | Lena | 4.8 L | 125.19 s |
| 38.60 s | 10 | David | 24.9 L | 80.43 s |
| 0.27 s | 15 | Jisoo | 29.6 L | 82.93 s |
| 19.02 s | 13 | Sofia | 77.6 L | 69.49 s |
| 15.21 s | 8 | Daniel | 68.4 L | 125.70 s |
| 16.52 s | 5 | Sam | 76.3 L | 98.66 s |
| 20.84 s | 20 | Ava | 6.5 L | 127.11 s |
| 9.59 s | 19 | Noah | 74.0 L | 88.46 s |
| 30.35 s | 17 | Maya | 15.6 L | 131.82 s |","Answer the question using the table. Return only the requested value.

Table:
| Pit time | Position | Driver | Fuel remaining | Lap time |
| --- | --- | --- | --- | --- |
| 41.81 s | 17 | Lena | 4.8 L | 125.19 s |
| 38.60 s | 10 | David | 24.9 L | 80.43 s |
| 0.27 s | 15 | Jisoo | 29.6 L | 82.93 s |
| 19.02 s | 13 | Sofia | 77.6 L | 69.49 s |
| 15.21 s | 8 | Daniel | 68.4 L | 125.70 s |
| 16.52 s | 5 | Sam | 76.3 L | 98.66 s |
| 20.84 s | 20 | Ava | 6.5 L | 127.11 s |
| 9.59 s | 19 | Noah | 74.0 L | 88.46 s |
| 30.35 s | 17 | Maya | 15.6 L | 131.82 s |

Question: According to the race table, what is Sofia's Fuel remaining?",77.6 L,"{""headers"": [""Pit time"", ""Position"", ""Driver"", ""Fuel remaining"", ""Lap time""], ""rows"": [[""41.81 s"", ""17"", ""Lena"", ""4.8 L"", ""125.19 s""], [""38.60 s"", ""10"", ""David"", ""24.9 L"", ""80.43 s""], [""0.27 s"", ""15"", ""Jisoo"", ""29.6 L"", ""82.93 s""], [""19.02 s"", ""13"", ""Sofia"", ""77.6 L"", ""69.49 s""], [""15.21 s"", ""8"", ""Daniel"", ""68.4 L"", ""125.70 s""], [""16.52 s"", ""5"", ""Sam"", ""76.3 L"", ""98.66 s""], [""20.84 s"", ""20"", ""Ava"", ""6.5 L"", ""127.11 s""], [""9.59 s"", ""19"", ""Noah"", ""74.0 L"", ""88.46 s""], [""30.35 s"", ""17"", ""Maya"", ""15.6 L"", ""131.82 s""]]}","{""row_index"": 3, ""column_index"": 3, ""row_identifier_column"": ""Driver"", ""row_identifier_value"": ""Sofia"", ""target_column"": ""Fuel remaining""}",lookup
A-L1-0172,1,lab,What is the Conductivity of Sample-A?,"| Temperature | pH | Conductivity | Density | Sample | Volume |
| --- | --- | --- | --- | --- | --- |
| 64.1 °C | 7.36 | 6.81 mS/cm | 3.96 g/mL | Sample-G | 223.2 mL |
| 91.4 °C | 2.32 | 16.69 mS/cm | 3.82 g/mL | Sample-A | 83.5 mL |
| 66.4 °C | 3.19 | 12.28 mS/cm | 2.23 g/mL | Sample-C | 245.7 mL |
| 42.9 °C | 3.11 | 7.19 mS/cm | 0.97 g/mL | Sample-H | 177.6 mL |
| 84.5 °C | 3.40 | 18.70 mS/cm | 0.52 g/mL | Sample-B | 110.4 mL |","Answer the question using the table. Return only the requested value.

Table:
| Temperature | pH | Conductivity | Density | Sample | Volume |
| --- | --- | --- | --- | --- | --- |
| 64.1 °C | 7.36 | 6.81 mS/cm | 3.96 g/mL | Sample-G | 223.2 mL |
| 91.4 °C | 2.32 | 16.69 mS/cm | 3.82 g/mL | Sample-A | 83.5 mL |
| 66.4 °C | 3.19 | 12.28 mS/cm | 2.23 g/mL | Sample-C | 245.7 mL |
| 42.9 °C | 3.11 | 7.19 mS/cm | 0.97 g/mL | Sample-H | 177.6 mL |
| 84.5 °C | 3.40 | 18.70 mS/cm | 0.52 g/mL | Sample-B | 110.4 mL |

Question: What is the Conductivity of Sample-A?",16.69 mS/cm,"{""headers"": [""Temperature"", ""pH"", ""Conductivity"", ""Density"", ""Sample"", ""Volume""], ""rows"": [[""64.1 °C"", ""7.36"", ""6.81 mS/cm"", ""3.96 g/mL"", ""Sample-G"", ""223.2 mL""], [""91.4 °C"", ""2.32"", ""16.69 mS/cm"", ""3.82 g/mL"", ""Sample-A"", ""83.5 mL""], [""66.4 °C"", ""3.19"", ""12.28 mS/cm"", ""2.23 g/mL"", ""Sample-C"", ""245.7 mL""], [""42.9 °C"", ""3.11"", ""7.19 mS/cm"", ""0.97 g/mL"", ""Sample-H"", ""177.6 mL""], [""84.5 °C"", ""3.40"", ""18.70 mS/cm"", ""0.52 g/mL"", ""Sample-B"", ""110.4 mL""]]}","{""row_index"": 1, ""column_index"": 2, ""row_identifier_column"": ""Sample"", ""row_identifier_value"": ""Sample-A"", ""target_column"": ""Conductivity""}",lookup
A-L1-0173,1,sports,What is the Points value for the Comets?,"| Goals conceded | Losses | Goals scored | Possession | Points | Team | Wins |
| --- | --- | --- | --- | --- | --- | --- |
| 86 | 4 | 80 | 34.8% | 90 | Dragons | 7 |
| 94 | 7 | 115 | 62.8% | 43 | Bulls | 21 |
| 30 | 2 | 7 | 32.0% | 88 | Sharks | 27 |
| 28 | 7 | 98 | 60.7% | 75 | Falcons | 8 |
| 40 | 6 | 56 | 35.8% | 14 | Cyclones | 29 |
| 44 | 22 | 57 | 69.2% | 77 | Ravens | 20 |
| 95 | 25 | 30 | 34.1% | 70 | Comets | 25 |
| 83 | 5 | 98 | 69.7% | 74 | Knights | 6 |","Answer the question using the table. Return only the requested value.

Table:
| Goals conceded | Losses | Goals scored | Possession | Points | Team | Wins |
| --- | --- | --- | --- | --- | --- | --- |
| 86 | 4 | 80 | 34.8% | 90 | Dragons | 7 |
| 94 | 7 | 115 | 62.8% | 43 | Bulls | 21 |
| 30 | 2 | 7 | 32.0% | 88 | Sharks | 27 |
| 28 | 7 | 98 | 60.7% | 75 | Falcons | 8 |
| 40 | 6 | 56 | 35.8% | 14 | Cyclones | 29 |
| 44 | 22 | 57 | 69.2% | 77 | Ravens | 20 |
| 95 | 25 | 30 | 34.1% | 70 | Comets | 25 |
| 83 | 5 | 98 | 69.7% | 74 | Knights | 6 |

Question: What is the Points value for the Comets?",70,"{""headers"": [""Goals conceded"", ""Losses"", ""Goals scored"", ""Possession"", ""Points"", ""Team"", ""Wins""], ""rows"": [[""86"", ""4"", ""80"", ""34.8%"", ""90"", ""Dragons"", ""7""], [""94"", ""7"", ""115"", ""62.8%"", ""43"", ""Bulls"", ""21""], [""30"", ""2"", ""7"", ""32.0%"", ""88"", ""Sharks"", ""27""], [""28"", ""7"", ""98"", ""60.7%"", ""75"", ""Falcons"", ""8""], [""40"", ""6"", ""56"", ""35.8%"", ""14"", ""Cyclones"", ""29""], [""44"", ""22"", ""57"", ""69.2%"", ""77"", ""Ravens"", ""20""], [""95"", ""25"", ""30"", ""34.1%"", ""70"", ""Comets"", ""25""], [""83"", ""5"", ""98"", ""69.7%"", ""74"", ""Knights"", ""6""]]}","{""row_index"": 6, ""column_index"": 4, ""row_identifier_column"": ""Team"", ""row_identifier_value"": ""Comets"", ""target_column"": ""Points""}",lookup
A-L1-0174,1,sports,How many Points are listed for the Knights?,"| Points | Goals conceded | Team | Possession | Goals scored |
| --- | --- | --- | --- | --- |
| 36 | 118 | Knights | 45.4% | 79 |
| 52 | 90 | Comets | 34.5% | 43 |
| 11 | 115 | Dragons | 52.1% | 92 |
| 56 | 72 | Wolves | 61.2% | 100 |
| 33 | 51 | Hawks | 67.9% | 37 |
| 23 | 82 | Cyclones | 55.2% | 21 |
| 87 | 40 | Ravens | 39.5% | 52 |
| 25 | 118 | Panthers | 53.5% | 10 |
| 26 | 108 | Falcons | 44.4% | 47 |","Answer the question using the table. Return only the requested value.

Table:
| Points | Goals conceded | Team | Possession | Goals scored |
| --- | --- | --- | --- | --- |
| 36 | 118 | Knights | 45.4% | 79 |
| 52 | 90 | Comets | 34.5% | 43 |
| 11 | 115 | Dragons | 52.1% | 92 |
| 56 | 72 | Wolves | 61.2% | 100 |
| 33 | 51 | Hawks | 67.9% | 37 |
| 23 | 82 | Cyclones | 55.2% | 21 |
| 87 | 40 | Ravens | 39.5% | 52 |
| 25 | 118 | Panthers | 53.5% | 10 |
| 26 | 108 | Falcons | 44.4% | 47 |

Question: How many Points are listed for the Knights?",36,"{""headers"": [""Points"", ""Goals conceded"", ""Team"", ""Possession"", ""Goals scored""], ""rows"": [[""36"", ""118"", ""Knights"", ""45.4%"", ""79""], [""52"", ""90"", ""Comets"", ""34.5%"", ""43""], [""11"", ""115"", ""Dragons"", ""52.1%"", ""92""], [""56"", ""72"", ""Wolves"", ""61.2%"", ""100""], [""33"", ""51"", ""Hawks"", ""67.9%"", ""37""], [""23"", ""82"", ""Cyclones"", ""55.2%"", ""21""], [""87"", ""40"", ""Ravens"", ""39.5%"", ""52""], [""25"", ""118"", ""Panthers"", ""53.5%"", ""10""], [""26"", ""108"", ""Falcons"", ""44.4%"", ""47""]]}","{""row_index"": 0, ""column_index"": 0, ""row_identifier_column"": ""Team"", ""row_identifier_value"": ""Knights"", ""target_column"": ""Points""}",lookup
A-L1-0175,1,ml_experiments,"According to the experiment table, what is Nimbus's Latency?","| Model | Latency | Memory | Precision | F1 score | Accuracy |
| --- | --- | --- | --- | --- | --- |
| Quartz | 109.5 ms | 0.8 GB | 85.7% | 95.6% | 79.7% |
| Sigma | 143.8 ms | 9.3 GB | 85.5% | 56.3% | 61.8% |
| Pulse | 157.2 ms | 11.1 GB | 97.7% | 86.3% | 75.5% |
| Delta | 141.2 ms | 6.5 GB | 72.6% | 58.1% | 89.3% |
| Nimbus | 42.3 ms | 3.0 GB | 85.7% | 63.3% | 67.2% |","Answer the question using the table. Return only the requested value.

Table:
| Model | Latency | Memory | Precision | F1 score | Accuracy |
| --- | --- | --- | --- | --- | --- |
| Quartz | 109.5 ms | 0.8 GB | 85.7% | 95.6% | 79.7% |
| Sigma | 143.8 ms | 9.3 GB | 85.5% | 56.3% | 61.8% |
| Pulse | 157.2 ms | 11.1 GB | 97.7% | 86.3% | 75.5% |
| Delta | 141.2 ms | 6.5 GB | 72.6% | 58.1% | 89.3% |
| Nimbus | 42.3 ms | 3.0 GB | 85.7% | 63.3% | 67.2% |

Question: According to the experiment table, what is Nimbus's Latency?",42.3 ms,"{""headers"": [""Model"", ""Latency"", ""Memory"", ""Precision"", ""F1 score"", ""Accuracy""], ""rows"": [[""Quartz"", ""109.5 ms"", ""0.8 GB"", ""85.7%"", ""95.6%"", ""79.7%""], [""Sigma"", ""143.8 ms"", ""9.3 GB"", ""85.5%"", ""56.3%"", ""61.8%""], [""Pulse"", ""157.2 ms"", ""11.1 GB"", ""97.7%"", ""86.3%"", ""75.5%""], [""Delta"", ""141.2 ms"", ""6.5 GB"", ""72.6%"", ""58.1%"", ""89.3%""], [""Nimbus"", ""42.3 ms"", ""3.0 GB"", ""85.7%"", ""63.3%"", ""67.2%""]]}","{""row_index"": 4, ""column_index"": 1, ""row_identifier_column"": ""Model"", ""row_identifier_value"": ""Nimbus"", ""target_column"": ""Latency""}",lookup
A-L1-0176,1,skydiving,"According to the table, what is the Falling speed for Mina?","| Altitude | Person | Heart rate | Air temperature | Falling speed |
| --- | --- | --- | --- | --- |
| 3022 m | Emma | 157 bpm | -41.4 °C | 74.0 m/s |
| 6817 m | Mina | 144 bpm | -21.7 °C | 30.0 m/s |
| 4233 m | Maya | 134 bpm | 0.5 °C | 49.5 m/s |
| 7459 m | Yuna | 106 bpm | -11.3 °C | 25.1 m/s |
| 6680 m | Theo | 172 bpm | 15.8 °C | 35.6 m/s |","Answer the question using the table. Return only the requested value.

Table:
| Altitude | Person | Heart rate | Air temperature | Falling speed |
| --- | --- | --- | --- | --- |
| 3022 m | Emma | 157 bpm | -41.4 °C | 74.0 m/s |
| 6817 m | Mina | 144 bpm | -21.7 °C | 30.0 m/s |
| 4233 m | Maya | 134 bpm | 0.5 °C | 49.5 m/s |
| 7459 m | Yuna | 106 bpm | -11.3 °C | 25.1 m/s |
| 6680 m | Theo | 172 bpm | 15.8 °C | 35.6 m/s |

Question: According to the table, what is the Falling speed for Mina?",30.0 m/s,"{""headers"": [""Altitude"", ""Person"", ""Heart rate"", ""Air temperature"", ""Falling speed""], ""rows"": [[""3022 m"", ""Emma"", ""157 bpm"", ""-41.4 °C"", ""74.0 m/s""], [""6817 m"", ""Mina"", ""144 bpm"", ""-21.7 °C"", ""30.0 m/s""], [""4233 m"", ""Maya"", ""134 bpm"", ""0.5 °C"", ""49.5 m/s""], [""7459 m"", ""Yuna"", ""106 bpm"", ""-11.3 °C"", ""25.1 m/s""], [""6680 m"", ""Theo"", ""172 bpm"", ""15.8 °C"", ""35.6 m/s""]]}","{""row_index"": 1, ""column_index"": 4, ""row_identifier_column"": ""Person"", ""row_identifier_value"": ""Mina"", ""target_column"": ""Falling speed""}",lookup
A-L1-0177,1,sports,"In the table, what Wins do the Cyclones have?","| Possession | Goals scored | Team | Wins | Points |
| --- | --- | --- | --- | --- |
| 67.7% | 28 | Hawks | 9 | 92 |
| 30.8% | 25 | Wolves | 26 | 32 |
| 45.8% | 82 | Panthers | 2 | 34 |
| 49.8% | 63 | Cyclones | 26 | 33 |
| 64.5% | 29 | Bulls | 15 | 82 |","Answer the question using the table. Return only the requested value.

Table:
| Possession | Goals scored | Team | Wins | Points |
| --- | --- | --- | --- | --- |
| 67.7% | 28 | Hawks | 9 | 92 |
| 30.8% | 25 | Wolves | 26 | 32 |
| 45.8% | 82 | Panthers | 2 | 34 |
| 49.8% | 63 | Cyclones | 26 | 33 |
| 64.5% | 29 | Bulls | 15 | 82 |

Question: In the table, what Wins do the Cyclones have?",26,"{""headers"": [""Possession"", ""Goals scored"", ""Team"", ""Wins"", ""Points""], ""rows"": [[""67.7%"", ""28"", ""Hawks"", ""9"", ""92""], [""30.8%"", ""25"", ""Wolves"", ""26"", ""32""], [""45.8%"", ""82"", ""Panthers"", ""2"", ""34""], [""49.8%"", ""63"", ""Cyclones"", ""26"", ""33""], [""64.5%"", ""29"", ""Bulls"", ""15"", ""82""]]}","{""row_index"": 3, ""column_index"": 3, ""row_identifier_column"": ""Team"", ""row_identifier_value"": ""Cyclones"", ""target_column"": ""Wins""}",lookup
A-L1-0178,1,skydiving,What is Sofia's Altitude?,"| Falling speed | Altitude | Elapsed time | Person | Air temperature |
| --- | --- | --- | --- | --- |
| 44.9 m/s | 5610 m | 18.9 s | Sam | -34.7 °C |
| 64.3 m/s | 5412 m | 25.3 s | Mina | -35.7 °C |
| 42.8 m/s | 9987 m | 51.0 s | Julia | -38.5 °C |
| 79.7 m/s | 10120 m | 7.2 s | Theo | -36.1 °C |
| 69.2 m/s | 11513 m | 35.5 s | Sofia | -38.3 °C |
| 78.1 m/s | 10608 m | 79.1 s | Ethan | -20.8 °C |
| 62.6 m/s | 1143 m | 16.1 s | David | -1.4 °C |
| 53.8 m/s | 8636 m | 55.7 s | Daniel | -32.3 °C |","Answer the question using the table. Return only the requested value.

Table:
| Falling speed | Altitude | Elapsed time | Person | Air temperature |
| --- | --- | --- | --- | --- |
| 44.9 m/s | 5610 m | 18.9 s | Sam | -34.7 °C |
| 64.3 m/s | 5412 m | 25.3 s | Mina | -35.7 °C |
| 42.8 m/s | 9987 m | 51.0 s | Julia | -38.5 °C |
| 79.7 m/s | 10120 m | 7.2 s | Theo | -36.1 °C |
| 69.2 m/s | 11513 m | 35.5 s | Sofia | -38.3 °C |
| 78.1 m/s | 10608 m | 79.1 s | Ethan | -20.8 °C |
| 62.6 m/s | 1143 m | 16.1 s | David | -1.4 °C |
| 53.8 m/s | 8636 m | 55.7 s | Daniel | -32.3 °C |

Question: What is Sofia's Altitude?",11513 m,"{""headers"": [""Falling speed"", ""Altitude"", ""Elapsed time"", ""Person"", ""Air temperature""], ""rows"": [[""44.9 m/s"", ""5610 m"", ""18.9 s"", ""Sam"", ""-34.7 °C""], [""64.3 m/s"", ""5412 m"", ""25.3 s"", ""Mina"", ""-35.7 °C""], [""42.8 m/s"", ""9987 m"", ""51.0 s"", ""Julia"", ""-38.5 °C""], [""79.7 m/s"", ""10120 m"", ""7.2 s"", ""Theo"", ""-36.1 °C""], [""69.2 m/s"", ""11513 m"", ""35.5 s"", ""Sofia"", ""-38.3 °C""], [""78.1 m/s"", ""10608 m"", ""79.1 s"", ""Ethan"", ""-20.8 °C""], [""62.6 m/s"", ""1143 m"", ""16.1 s"", ""David"", ""-1.4 °C""], [""53.8 m/s"", ""8636 m"", ""55.7 s"", ""Daniel"", ""-32.3 °C""]]}","{""row_index"": 4, ""column_index"": 1, ""row_identifier_column"": ""Person"", ""row_identifier_value"": ""Sofia"", ""target_column"": ""Altitude""}",lookup
A-L1-0179,1,sports,How many Wins are listed for the Wolves?,"| Wins | Goals scored | Team | Goals conceded | Points | Losses | Possession |
| --- | --- | --- | --- | --- | --- | --- |
| 29 | 108 | Cyclones | 68 | 94 | 11 | 67.3% |
| 24 | 24 | Wolves | 96 | 19 | 25 | 30.1% |
| 29 | 39 | Falcons | 84 | 46 | 11 | 65.0% |
| 23 | 62 | Bulls | 88 | 28 | 10 | 35.9% |","Answer the question using the table. Return only the requested value.

Table:
| Wins | Goals scored | Team | Goals conceded | Points | Losses | Possession |
| --- | --- | --- | --- | --- | --- | --- |
| 29 | 108 | Cyclones | 68 | 94 | 11 | 67.3% |
| 24 | 24 | Wolves | 96 | 19 | 25 | 30.1% |
| 29 | 39 | Falcons | 84 | 46 | 11 | 65.0% |
| 23 | 62 | Bulls | 88 | 28 | 10 | 35.9% |

Question: How many Wins are listed for the Wolves?",24,"{""headers"": [""Wins"", ""Goals scored"", ""Team"", ""Goals conceded"", ""Points"", ""Losses"", ""Possession""], ""rows"": [[""29"", ""108"", ""Cyclones"", ""68"", ""94"", ""11"", ""67.3%""], [""24"", ""24"", ""Wolves"", ""96"", ""19"", ""25"", ""30.1%""], [""29"", ""39"", ""Falcons"", ""84"", ""46"", ""11"", ""65.0%""], [""23"", ""62"", ""Bulls"", ""88"", ""28"", ""10"", ""35.9%""]]}","{""row_index"": 1, ""column_index"": 0, ""row_identifier_column"": ""Team"", ""row_identifier_value"": ""Wolves"", ""target_column"": ""Wins""}",lookup
A-L1-0180,1,ml_experiments,Look up model Aurora. What is its Recall?,"| Recall | Memory | Model | Precision | Latency | F1 score |
| --- | --- | --- | --- | --- | --- |
| 54.3% | 12.5 GB | Zenith | 78.2% | 42.6 ms | 89.8% |
| 84.1% | 11.3 GB | Vertex | 60.2% | 133.0 ms | 57.0% |
| 86.6% | 7.0 GB | Delta | 96.0% | 43.5 ms | 60.3% |
| 77.0% | 2.7 GB | Aurora | 89.3% | 151.0 ms | 72.6% |
| 85.0% | 8.8 GB | Nimbus | 76.7% | 18.7 ms | 61.3% |
| 73.2% | 3.7 GB | Echo | 70.9% | 67.8 ms | 91.7% |
| 91.6% | 2.2 GB | Quartz | 60.9% | 67.5 ms | 94.7% |","Answer the question using the table. Return only the requested value.

Table:
| Recall | Memory | Model | Precision | Latency | F1 score |
| --- | --- | --- | --- | --- | --- |
| 54.3% | 12.5 GB | Zenith | 78.2% | 42.6 ms | 89.8% |
| 84.1% | 11.3 GB | Vertex | 60.2% | 133.0 ms | 57.0% |
| 86.6% | 7.0 GB | Delta | 96.0% | 43.5 ms | 60.3% |
| 77.0% | 2.7 GB | Aurora | 89.3% | 151.0 ms | 72.6% |
| 85.0% | 8.8 GB | Nimbus | 76.7% | 18.7 ms | 61.3% |
| 73.2% | 3.7 GB | Echo | 70.9% | 67.8 ms | 91.7% |
| 91.6% | 2.2 GB | Quartz | 60.9% | 67.5 ms | 94.7% |

Question: Look up model Aurora. What is its Recall?",77.0%,"{""headers"": [""Recall"", ""Memory"", ""Model"", ""Precision"", ""Latency"", ""F1 score""], ""rows"": [[""54.3%"", ""12.5 GB"", ""Zenith"", ""78.2%"", ""42.6 ms"", ""89.8%""], [""84.1%"", ""11.3 GB"", ""Vertex"", ""60.2%"", ""133.0 ms"", ""57.0%""], [""86.6%"", ""7.0 GB"", ""Delta"", ""96.0%"", ""43.5 ms"", ""60.3%""], [""77.0%"", ""2.7 GB"", ""Aurora"", ""89.3%"", ""151.0 ms"", ""72.6%""], [""85.0%"", ""8.8 GB"", ""Nimbus"", ""76.7%"", ""18.7 ms"", ""61.3%""], [""73.2%"", ""3.7 GB"", ""Echo"", ""70.9%"", ""67.8 ms"", ""91.7%""], [""91.6%"", ""2.2 GB"", ""Quartz"", ""60.9%"", ""67.5 ms"", ""94.7%""]]}","{""row_index"": 3, ""column_index"": 0, ""row_identifier_column"": ""Model"", ""row_identifier_value"": ""Aurora"", ""target_column"": ""Recall""}",lookup
A-L1-0181,1,ml_experiments,"According to the experiment table, what is Quartz's Memory?","| F1 score | Model | Recall | Precision | Memory |
| --- | --- | --- | --- | --- |
| 57.6% | Nova | 51.6% | 67.6% | 14.2 GB |
| 66.5% | Vertex | 84.1% | 73.1% | 12.6 GB |
| 92.9% | Quartz | 90.6% | 84.9% | 9.1 GB |
| 74.7% | Atlas | 90.8% | 88.0% | 0.7 GB |","Answer the question using the table. Return only the requested value.

Table:
| F1 score | Model | Recall | Precision | Memory |
| --- | --- | --- | --- | --- |
| 57.6% | Nova | 51.6% | 67.6% | 14.2 GB |
| 66.5% | Vertex | 84.1% | 73.1% | 12.6 GB |
| 92.9% | Quartz | 90.6% | 84.9% | 9.1 GB |
| 74.7% | Atlas | 90.8% | 88.0% | 0.7 GB |

Question: According to the experiment table, what is Quartz's Memory?",9.1 GB,"{""headers"": [""F1 score"", ""Model"", ""Recall"", ""Precision"", ""Memory""], ""rows"": [[""57.6%"", ""Nova"", ""51.6%"", ""67.6%"", ""14.2 GB""], [""66.5%"", ""Vertex"", ""84.1%"", ""73.1%"", ""12.6 GB""], [""92.9%"", ""Quartz"", ""90.6%"", ""84.9%"", ""9.1 GB""], [""74.7%"", ""Atlas"", ""90.8%"", ""88.0%"", ""0.7 GB""]]}","{""row_index"": 2, ""column_index"": 4, ""row_identifier_column"": ""Model"", ""row_identifier_value"": ""Quartz"", ""target_column"": ""Memory""}",lookup
A-L1-0182,1,weather,"According to the weather table, what is the Temperature at Orion?","| Temperature | Pressure | Wind speed | Station | Humidity | Rainfall | Visibility |
| --- | --- | --- | --- | --- | --- | --- |
| 27.6 °C | 941.9 hPa | 22.6 m/s | Clearwater | 84% | 14.0 mm | 6.2 km |
| 25.1 °C | 1000.2 hPa | 10.8 m/s | Hillcrest | 20% | 50.8 mm | 16.8 km |
| 35.0 °C | 961.1 hPa | 0.3 m/s | Westhaven | 19% | 26.7 mm | 11.0 km |
| 29.9 °C | 989.6 hPa | 1.0 m/s | Riverton | 21% | 51.3 mm | 8.8 km |
| 36.8 °C | 1016.9 hPa | 19.8 m/s | Orion | 18% | 22.9 mm | 17.1 km |","Answer the question using the table. Return only the requested value.

Table:
| Temperature | Pressure | Wind speed | Station | Humidity | Rainfall | Visibility |
| --- | --- | --- | --- | --- | --- | --- |
| 27.6 °C | 941.9 hPa | 22.6 m/s | Clearwater | 84% | 14.0 mm | 6.2 km |
| 25.1 °C | 1000.2 hPa | 10.8 m/s | Hillcrest | 20% | 50.8 mm | 16.8 km |
| 35.0 °C | 961.1 hPa | 0.3 m/s | Westhaven | 19% | 26.7 mm | 11.0 km |
| 29.9 °C | 989.6 hPa | 1.0 m/s | Riverton | 21% | 51.3 mm | 8.8 km |
| 36.8 °C | 1016.9 hPa | 19.8 m/s | Orion | 18% | 22.9 mm | 17.1 km |

Question: According to the weather table, what is the Temperature at Orion?",36.8 °C,"{""headers"": [""Temperature"", ""Pressure"", ""Wind speed"", ""Station"", ""Humidity"", ""Rainfall"", ""Visibility""], ""rows"": [[""27.6 °C"", ""941.9 hPa"", ""22.6 m/s"", ""Clearwater"", ""84%"", ""14.0 mm"", ""6.2 km""], [""25.1 °C"", ""1000.2 hPa"", ""10.8 m/s"", ""Hillcrest"", ""20%"", ""50.8 mm"", ""16.8 km""], [""35.0 °C"", ""961.1 hPa"", ""0.3 m/s"", ""Westhaven"", ""19%"", ""26.7 mm"", ""11.0 km""], [""29.9 °C"", ""989.6 hPa"", ""1.0 m/s"", ""Riverton"", ""21%"", ""51.3 mm"", ""8.8 km""], [""36.8 °C"", ""1016.9 hPa"", ""19.8 m/s"", ""Orion"", ""18%"", ""22.9 mm"", ""17.1 km""]]}","{""row_index"": 4, ""column_index"": 0, ""row_identifier_column"": ""Station"", ""row_identifier_value"": ""Orion"", ""target_column"": ""Temperature""}",lookup
A-L1-0183,1,lab,"For Sample-I, what Conductivity does the table report?","| pH | Temperature | Volume | Sample | Density | Mass | Conductivity |
| --- | --- | --- | --- | --- | --- | --- |
| 7.23 | 94.3 °C | 192.4 mL | Sample-C | 2.63 g/mL | 251.8 g | 24.84 mS/cm |
| 11.40 | 31.2 °C | 11.0 mL | Sample-A | 2.68 g/mL | 67.3 g | 11.24 mS/cm |
| 3.41 | 24.4 °C | 179.9 mL | Sample-I | 2.89 g/mL | 117.3 g | 23.83 mS/cm |
| 8.07 | 26.5 °C | 239.5 mL | Sample-G | 3.99 g/mL | 342.1 g | 17.85 mS/cm |","Answer the question using the table. Return only the requested value.

Table:
| pH | Temperature | Volume | Sample | Density | Mass | Conductivity |
| --- | --- | --- | --- | --- | --- | --- |
| 7.23 | 94.3 °C | 192.4 mL | Sample-C | 2.63 g/mL | 251.8 g | 24.84 mS/cm |
| 11.40 | 31.2 °C | 11.0 mL | Sample-A | 2.68 g/mL | 67.3 g | 11.24 mS/cm |
| 3.41 | 24.4 °C | 179.9 mL | Sample-I | 2.89 g/mL | 117.3 g | 23.83 mS/cm |
| 8.07 | 26.5 °C | 239.5 mL | Sample-G | 3.99 g/mL | 342.1 g | 17.85 mS/cm |

Question: For Sample-I, what Conductivity does the table report?",23.83 mS/cm,"{""headers"": [""pH"", ""Temperature"", ""Volume"", ""Sample"", ""Density"", ""Mass"", ""Conductivity""], ""rows"": [[""7.23"", ""94.3 °C"", ""192.4 mL"", ""Sample-C"", ""2.63 g/mL"", ""251.8 g"", ""24.84 mS/cm""], [""11.40"", ""31.2 °C"", ""11.0 mL"", ""Sample-A"", ""2.68 g/mL"", ""67.3 g"", ""11.24 mS/cm""], [""3.41"", ""24.4 °C"", ""179.9 mL"", ""Sample-I"", ""2.89 g/mL"", ""117.3 g"", ""23.83 mS/cm""], [""8.07"", ""26.5 °C"", ""239.5 mL"", ""Sample-G"", ""3.99 g/mL"", ""342.1 g"", ""17.85 mS/cm""]]}","{""row_index"": 2, ""column_index"": 6, ""row_identifier_column"": ""Sample"", ""row_identifier_value"": ""Sample-I"", ""target_column"": ""Conductivity""}",lookup
A-L1-0184,1,sports,"In the table, what Losses do the Knights have?","| Wins | Losses | Goals scored | Points | Team | Possession |
| --- | --- | --- | --- | --- | --- |
| 16 | 30 | 52 | 50 | Dragons | 63.8% |
| 30 | 18 | 10 | 72 | Wolves | 35.0% |
| 11 | 12 | 114 | 62 | Tigers | 64.4% |
| 19 | 4 | 51 | 66 | Knights | 66.7% |
| 8 | 14 | 22 | 93 | Sharks | 60.5% |","Answer the question using the table. Return only the requested value.

Table:
| Wins | Losses | Goals scored | Points | Team | Possession |
| --- | --- | --- | --- | --- | --- |
| 16 | 30 | 52 | 50 | Dragons | 63.8% |
| 30 | 18 | 10 | 72 | Wolves | 35.0% |
| 11 | 12 | 114 | 62 | Tigers | 64.4% |
| 19 | 4 | 51 | 66 | Knights | 66.7% |
| 8 | 14 | 22 | 93 | Sharks | 60.5% |

Question: In the table, what Losses do the Knights have?",4,"{""headers"": [""Wins"", ""Losses"", ""Goals scored"", ""Points"", ""Team"", ""Possession""], ""rows"": [[""16"", ""30"", ""52"", ""50"", ""Dragons"", ""63.8%""], [""30"", ""18"", ""10"", ""72"", ""Wolves"", ""35.0%""], [""11"", ""12"", ""114"", ""62"", ""Tigers"", ""64.4%""], [""19"", ""4"", ""51"", ""66"", ""Knights"", ""66.7%""], [""8"", ""14"", ""22"", ""93"", ""Sharks"", ""60.5%""]]}","{""row_index"": 3, ""column_index"": 1, ""row_identifier_column"": ""Team"", ""row_identifier_value"": ""Knights"", ""target_column"": ""Losses""}",lookup
A-L1-0185,1,lab,"For Sample-G, what Density does the table report?","| Conductivity | Density | pH | Sample | Mass |
| --- | --- | --- | --- | --- |
| 23.99 mS/cm | 1.91 g/mL | 5.97 | Sample-E | 217.7 g |
| 20.48 mS/cm | 0.88 g/mL | 3.09 | Sample-B | 91.8 g |
| 16.76 mS/cm | 2.37 g/mL | 5.49 | Sample-C | 235.3 g |
| 1.71 mS/cm | 1.24 g/mL | 5.42 | Sample-G | 303.0 g |","Answer the question using the table. Return only the requested value.

Table:
| Conductivity | Density | pH | Sample | Mass |
| --- | --- | --- | --- | --- |
| 23.99 mS/cm | 1.91 g/mL | 5.97 | Sample-E | 217.7 g |
| 20.48 mS/cm | 0.88 g/mL | 3.09 | Sample-B | 91.8 g |
| 16.76 mS/cm | 2.37 g/mL | 5.49 | Sample-C | 235.3 g |
| 1.71 mS/cm | 1.24 g/mL | 5.42 | Sample-G | 303.0 g |

Question: For Sample-G, what Density does the table report?",1.24 g/mL,"{""headers"": [""Conductivity"", ""Density"", ""pH"", ""Sample"", ""Mass""], ""rows"": [[""23.99 mS/cm"", ""1.91 g/mL"", ""5.97"", ""Sample-E"", ""217.7 g""], [""20.48 mS/cm"", ""0.88 g/mL"", ""3.09"", ""Sample-B"", ""91.8 g""], [""16.76 mS/cm"", ""2.37 g/mL"", ""5.49"", ""Sample-C"", ""235.3 g""], [""1.71 mS/cm"", ""1.24 g/mL"", ""5.42"", ""Sample-G"", ""303.0 g""]]}","{""row_index"": 3, ""column_index"": 1, ""row_identifier_column"": ""Sample"", ""row_identifier_value"": ""Sample-G"", ""target_column"": ""Density""}",lookup
A-L1-0186,1,ml_experiments,Look up model Quartz. What is its Recall?,"| Accuracy | Model | Recall | Precision | Memory |
| --- | --- | --- | --- | --- |
| 68.4% | Aurora | 52.6% | 94.3% | 3.4 GB |
| 67.7% | Zenith | 57.1% | 86.8% | 9.5 GB |
| 67.7% | Quartz | 76.2% | 96.4% | 8.0 GB |
| 85.9% | Pulse | 90.4% | 91.2% | 11.9 GB |
| 82.2% | Helix | 93.8% | 91.2% | 9.2 GB |
| 94.9% | Atlas | 64.5% | 73.9% | 15.4 GB |
| 63.2% | Nimbus | 70.6% | 93.4% | 7.5 GB |
| 69.8% | Vertex | 63.4% | 62.7% | 2.7 GB |
| 90.6% | Sigma | 94.7% | 97.5% | 7.3 GB |","Answer the question using the table. Return only the requested value.

Table:
| Accuracy | Model | Recall | Precision | Memory |
| --- | --- | --- | --- | --- |
| 68.4% | Aurora | 52.6% | 94.3% | 3.4 GB |
| 67.7% | Zenith | 57.1% | 86.8% | 9.5 GB |
| 67.7% | Quartz | 76.2% | 96.4% | 8.0 GB |
| 85.9% | Pulse | 90.4% | 91.2% | 11.9 GB |
| 82.2% | Helix | 93.8% | 91.2% | 9.2 GB |
| 94.9% | Atlas | 64.5% | 73.9% | 15.4 GB |
| 63.2% | Nimbus | 70.6% | 93.4% | 7.5 GB |
| 69.8% | Vertex | 63.4% | 62.7% | 2.7 GB |
| 90.6% | Sigma | 94.7% | 97.5% | 7.3 GB |

Question: Look up model Quartz. What is its Recall?",76.2%,"{""headers"": [""Accuracy"", ""Model"", ""Recall"", ""Precision"", ""Memory""], ""rows"": [[""68.4%"", ""Aurora"", ""52.6%"", ""94.3%"", ""3.4 GB""], [""67.7%"", ""Zenith"", ""57.1%"", ""86.8%"", ""9.5 GB""], [""67.7%"", ""Quartz"", ""76.2%"", ""96.4%"", ""8.0 GB""], [""85.9%"", ""Pulse"", ""90.4%"", ""91.2%"", ""11.9 GB""], [""82.2%"", ""Helix"", ""93.8%"", ""91.2%"", ""9.2 GB""], [""94.9%"", ""Atlas"", ""64.5%"", ""73.9%"", ""15.4 GB""], [""63.2%"", ""Nimbus"", ""70.6%"", ""93.4%"", ""7.5 GB""], [""69.8%"", ""Vertex"", ""63.4%"", ""62.7%"", ""2.7 GB""], [""90.6%"", ""Sigma"", ""94.7%"", ""97.5%"", ""7.3 GB""]]}","{""row_index"": 2, ""column_index"": 2, ""row_identifier_column"": ""Model"", ""row_identifier_value"": ""Quartz"", ""target_column"": ""Recall""}",lookup
A-L1-0187,1,ml_experiments,"According to the experiment table, what is Nova's F1 score?","| F1 score | Memory | Model | Latency | Precision |
| --- | --- | --- | --- | --- |
| 71.4% | 10.1 GB | Nimbus | 125.2 ms | 67.5% |
| 81.8% | 6.9 GB | Vertex | 22.3 ms | 82.1% |
| 81.8% | 6.9 GB | Aurora | 127.1 ms | 75.1% |
| 78.3% | 13.1 GB | Echo | 175.0 ms | 55.6% |
| 58.6% | 3.2 GB | Atlas | 24.0 ms | 73.8% |
| 76.6% | 12.4 GB | Nova | 66.0 ms | 78.0% |
| 76.6% | 13.6 GB | Sigma | 108.7 ms | 71.8% |
| 93.9% | 14.0 GB | Delta | 6.8 ms | 77.1% |
| 92.0% | 13.0 GB | Quartz | 166.8 ms | 98.8% |","Answer the question using the table. Return only the requested value.

Table:
| F1 score | Memory | Model | Latency | Precision |
| --- | --- | --- | --- | --- |
| 71.4% | 10.1 GB | Nimbus | 125.2 ms | 67.5% |
| 81.8% | 6.9 GB | Vertex | 22.3 ms | 82.1% |
| 81.8% | 6.9 GB | Aurora | 127.1 ms | 75.1% |
| 78.3% | 13.1 GB | Echo | 175.0 ms | 55.6% |
| 58.6% | 3.2 GB | Atlas | 24.0 ms | 73.8% |
| 76.6% | 12.4 GB | Nova | 66.0 ms | 78.0% |
| 76.6% | 13.6 GB | Sigma | 108.7 ms | 71.8% |
| 93.9% | 14.0 GB | Delta | 6.8 ms | 77.1% |
| 92.0% | 13.0 GB | Quartz | 166.8 ms | 98.8% |

Question: According to the experiment table, what is Nova's F1 score?",76.6%,"{""headers"": [""F1 score"", ""Memory"", ""Model"", ""Latency"", ""Precision""], ""rows"": [[""71.4%"", ""10.1 GB"", ""Nimbus"", ""125.2 ms"", ""67.5%""], [""81.8%"", ""6.9 GB"", ""Vertex"", ""22.3 ms"", ""82.1%""], [""81.8%"", ""6.9 GB"", ""Aurora"", ""127.1 ms"", ""75.1%""], [""78.3%"", ""13.1 GB"", ""Echo"", ""175.0 ms"", ""55.6%""], [""58.6%"", ""3.2 GB"", ""Atlas"", ""24.0 ms"", ""73.8%""], [""76.6%"", ""12.4 GB"", ""Nova"", ""66.0 ms"", ""78.0%""], [""76.6%"", ""13.6 GB"", ""Sigma"", ""108.7 ms"", ""71.8%""], [""93.9%"", ""14.0 GB"", ""Delta"", ""6.8 ms"", ""77.1%""], [""92.0%"", ""13.0 GB"", ""Quartz"", ""166.8 ms"", ""98.8%""]]}","{""row_index"": 5, ""column_index"": 0, ""row_identifier_column"": ""Model"", ""row_identifier_value"": ""Nova"", ""target_column"": ""F1 score""}",lookup
A-L1-0188,1,weather,What Temperature was recorded at station Cedar?,"| Rainfall | Station | Wind speed | Pressure | Humidity | Visibility | Temperature |
| --- | --- | --- | --- | --- | --- | --- |
| 44.1 mm | Fairview | 25.9 m/s | 933.6 hPa | 85% | 1.3 km | 26.9 °C |
| 0.4 mm | Riverton | 31.8 m/s | 963.8 hPa | 71% | 27.1 km | 33.2 °C |
| 47.2 mm | Cedar | 13.7 m/s | 964.9 hPa | 51% | 5.5 km | 15.3 °C |
| 36.5 mm | Brookfield | 32.9 m/s | 997.8 hPa | 92% | 12.1 km | -12.3 °C |","Answer the question using the table. Return only the requested value.

Table:
| Rainfall | Station | Wind speed | Pressure | Humidity | Visibility | Temperature |
| --- | --- | --- | --- | --- | --- | --- |
| 44.1 mm | Fairview | 25.9 m/s | 933.6 hPa | 85% | 1.3 km | 26.9 °C |
| 0.4 mm | Riverton | 31.8 m/s | 963.8 hPa | 71% | 27.1 km | 33.2 °C |
| 47.2 mm | Cedar | 13.7 m/s | 964.9 hPa | 51% | 5.5 km | 15.3 °C |
| 36.5 mm | Brookfield | 32.9 m/s | 997.8 hPa | 92% | 12.1 km | -12.3 °C |

Question: What Temperature was recorded at station Cedar?",15.3 °C,"{""headers"": [""Rainfall"", ""Station"", ""Wind speed"", ""Pressure"", ""Humidity"", ""Visibility"", ""Temperature""], ""rows"": [[""44.1 mm"", ""Fairview"", ""25.9 m/s"", ""933.6 hPa"", ""85%"", ""1.3 km"", ""26.9 °C""], [""0.4 mm"", ""Riverton"", ""31.8 m/s"", ""963.8 hPa"", ""71%"", ""27.1 km"", ""33.2 °C""], [""47.2 mm"", ""Cedar"", ""13.7 m/s"", ""964.9 hPa"", ""51%"", ""5.5 km"", ""15.3 °C""], [""36.5 mm"", ""Brookfield"", ""32.9 m/s"", ""997.8 hPa"", ""92%"", ""12.1 km"", ""-12.3 °C""]]}","{""row_index"": 2, ""column_index"": 6, ""row_identifier_column"": ""Station"", ""row_identifier_value"": ""Cedar"", ""target_column"": ""Temperature""}",lookup
A-L1-0189,1,race,Find Alex's row. What is the Position?,"| Top speed | Position | Fuel remaining | Tire temperature | Driver | Lap time |
| --- | --- | --- | --- | --- | --- |
| 357.0 km/h | 5 | 51.5 L | 74.0 °C | Theo | 121.10 s |
| 345.7 km/h | 18 | 8.1 L | 115.7 °C | Sofia | 87.50 s |
| 233.4 km/h | 8 | 43.8 L | 118.5 °C | Chris | 75.85 s |
| 318.7 km/h | 13 | 53.4 L | 130.1 °C | Daniel | 78.37 s |
| 182.1 km/h | 14 | 62.1 L | 106.4 °C | Alex | 68.01 s |","Answer the question using the table. Return only the requested value.

Table:
| Top speed | Position | Fuel remaining | Tire temperature | Driver | Lap time |
| --- | --- | --- | --- | --- | --- |
| 357.0 km/h | 5 | 51.5 L | 74.0 °C | Theo | 121.10 s |
| 345.7 km/h | 18 | 8.1 L | 115.7 °C | Sofia | 87.50 s |
| 233.4 km/h | 8 | 43.8 L | 118.5 °C | Chris | 75.85 s |
| 318.7 km/h | 13 | 53.4 L | 130.1 °C | Daniel | 78.37 s |
| 182.1 km/h | 14 | 62.1 L | 106.4 °C | Alex | 68.01 s |

Question: Find Alex's row. What is the Position?",14,"{""headers"": [""Top speed"", ""Position"", ""Fuel remaining"", ""Tire temperature"", ""Driver"", ""Lap time""], ""rows"": [[""357.0 km/h"", ""5"", ""51.5 L"", ""74.0 °C"", ""Theo"", ""121.10 s""], [""345.7 km/h"", ""18"", ""8.1 L"", ""115.7 °C"", ""Sofia"", ""87.50 s""], [""233.4 km/h"", ""8"", ""43.8 L"", ""118.5 °C"", ""Chris"", ""75.85 s""], [""318.7 km/h"", ""13"", ""53.4 L"", ""130.1 °C"", ""Daniel"", ""78.37 s""], [""182.1 km/h"", ""14"", ""62.1 L"", ""106.4 °C"", ""Alex"", ""68.01 s""]]}","{""row_index"": 4, ""column_index"": 1, ""row_identifier_column"": ""Driver"", ""row_identifier_value"": ""Alex"", ""target_column"": ""Position""}",lookup
A-L1-0190,1,ml_experiments,"According to the experiment table, what is Nova's Recall?","| Memory | Precision | Latency | Recall | F1 score | Model | Accuracy |
| --- | --- | --- | --- | --- | --- | --- |
| 15.9 GB | 81.4% | 4.9 ms | 75.6% | 67.0% | Nimbus | 73.4% |
| 14.3 GB | 82.9% | 83.4 ms | 57.9% | 70.6% | Nova | 68.2% |
| 9.9 GB | 78.6% | 95.2 ms | 87.3% | 56.0% | Vertex | 69.9% |
| 10.7 GB | 82.8% | 154.4 ms | 55.7% | 94.3% | Echo | 71.7% |","Answer the question using the table. Return only the requested value.

Table:
| Memory | Precision | Latency | Recall | F1 score | Model | Accuracy |
| --- | --- | --- | --- | --- | --- | --- |
| 15.9 GB | 81.4% | 4.9 ms | 75.6% | 67.0% | Nimbus | 73.4% |
| 14.3 GB | 82.9% | 83.4 ms | 57.9% | 70.6% | Nova | 68.2% |
| 9.9 GB | 78.6% | 95.2 ms | 87.3% | 56.0% | Vertex | 69.9% |
| 10.7 GB | 82.8% | 154.4 ms | 55.7% | 94.3% | Echo | 71.7% |

Question: According to the experiment table, what is Nova's Recall?",57.9%,"{""headers"": [""Memory"", ""Precision"", ""Latency"", ""Recall"", ""F1 score"", ""Model"", ""Accuracy""], ""rows"": [[""15.9 GB"", ""81.4%"", ""4.9 ms"", ""75.6%"", ""67.0%"", ""Nimbus"", ""73.4%""], [""14.3 GB"", ""82.9%"", ""83.4 ms"", ""57.9%"", ""70.6%"", ""Nova"", ""68.2%""], [""9.9 GB"", ""78.6%"", ""95.2 ms"", ""87.3%"", ""56.0%"", ""Vertex"", ""69.9%""], [""10.7 GB"", ""82.8%"", ""154.4 ms"", ""55.7%"", ""94.3%"", ""Echo"", ""71.7%""]]}","{""row_index"": 1, ""column_index"": 3, ""row_identifier_column"": ""Model"", ""row_identifier_value"": ""Nova"", ""target_column"": ""Recall""}",lookup
A-L1-0191,1,race,What Pit time is shown for driver Noah?,"| Position | Driver | Tire temperature | Top speed | Fuel remaining | Pit time |
| --- | --- | --- | --- | --- | --- |
| 9 | Oliver | 73.0 °C | 198.5 km/h | 77.0 L | 30.92 s |
| 6 | Nora | 119.5 °C | 351.7 km/h | 63.9 L | 26.44 s |
| 13 | Lucas | 83.9 °C | 282.1 km/h | 35.5 L | 4.84 s |
| 14 | Noah | 96.6 °C | 228.9 km/h | 48.5 L | 39.73 s |
| 3 | Jisoo | 88.0 °C | 340.1 km/h | 37.1 L | 28.47 s |","Answer the question using the table. Return only the requested value.

Table:
| Position | Driver | Tire temperature | Top speed | Fuel remaining | Pit time |
| --- | --- | --- | --- | --- | --- |
| 9 | Oliver | 73.0 °C | 198.5 km/h | 77.0 L | 30.92 s |
| 6 | Nora | 119.5 °C | 351.7 km/h | 63.9 L | 26.44 s |
| 13 | Lucas | 83.9 °C | 282.1 km/h | 35.5 L | 4.84 s |
| 14 | Noah | 96.6 °C | 228.9 km/h | 48.5 L | 39.73 s |
| 3 | Jisoo | 88.0 °C | 340.1 km/h | 37.1 L | 28.47 s |

Question: What Pit time is shown for driver Noah?",39.73 s,"{""headers"": [""Position"", ""Driver"", ""Tire temperature"", ""Top speed"", ""Fuel remaining"", ""Pit time""], ""rows"": [[""9"", ""Oliver"", ""73.0 °C"", ""198.5 km/h"", ""77.0 L"", ""30.92 s""], [""6"", ""Nora"", ""119.5 °C"", ""351.7 km/h"", ""63.9 L"", ""26.44 s""], [""13"", ""Lucas"", ""83.9 °C"", ""282.1 km/h"", ""35.5 L"", ""4.84 s""], [""14"", ""Noah"", ""96.6 °C"", ""228.9 km/h"", ""48.5 L"", ""39.73 s""], [""3"", ""Jisoo"", ""88.0 °C"", ""340.1 km/h"", ""37.1 L"", ""28.47 s""]]}","{""row_index"": 3, ""column_index"": 5, ""row_identifier_column"": ""Driver"", ""row_identifier_value"": ""Noah"", ""target_column"": ""Pit time""}",lookup
A-L1-0192,1,ml_experiments,Look up model Echo. What is its Memory?,"| F1 score | Accuracy | Precision | Model | Memory | Recall |
| --- | --- | --- | --- | --- | --- |
| 65.7% | 72.4% | 73.6% | Vertex | 12.2 GB | 93.7% |
| 78.2% | 74.9% | 62.5% | Echo | 5.6 GB | 56.1% |
| 55.0% | 80.6% | 72.0% | Helix | 9.8 GB | 77.5% |
| 70.6% | 98.6% | 90.3% | Nova | 8.2 GB | 59.7% |
| 94.0% | 91.0% | 69.5% | Quartz | 7.7 GB | 50.5% |
| 53.7% | 93.5% | 81.7% | Nimbus | 14.2 GB | 63.6% |","Answer the question using the table. Return only the requested value.

Table:
| F1 score | Accuracy | Precision | Model | Memory | Recall |
| --- | --- | --- | --- | --- | --- |
| 65.7% | 72.4% | 73.6% | Vertex | 12.2 GB | 93.7% |
| 78.2% | 74.9% | 62.5% | Echo | 5.6 GB | 56.1% |
| 55.0% | 80.6% | 72.0% | Helix | 9.8 GB | 77.5% |
| 70.6% | 98.6% | 90.3% | Nova | 8.2 GB | 59.7% |
| 94.0% | 91.0% | 69.5% | Quartz | 7.7 GB | 50.5% |
| 53.7% | 93.5% | 81.7% | Nimbus | 14.2 GB | 63.6% |

Question: Look up model Echo. What is its Memory?",5.6 GB,"{""headers"": [""F1 score"", ""Accuracy"", ""Precision"", ""Model"", ""Memory"", ""Recall""], ""rows"": [[""65.7%"", ""72.4%"", ""73.6%"", ""Vertex"", ""12.2 GB"", ""93.7%""], [""78.2%"", ""74.9%"", ""62.5%"", ""Echo"", ""5.6 GB"", ""56.1%""], [""55.0%"", ""80.6%"", ""72.0%"", ""Helix"", ""9.8 GB"", ""77.5%""], [""70.6%"", ""98.6%"", ""90.3%"", ""Nova"", ""8.2 GB"", ""59.7%""], [""94.0%"", ""91.0%"", ""69.5%"", ""Quartz"", ""7.7 GB"", ""50.5%""], [""53.7%"", ""93.5%"", ""81.7%"", ""Nimbus"", ""14.2 GB"", ""63.6%""]]}","{""row_index"": 1, ""column_index"": 4, ""row_identifier_column"": ""Model"", ""row_identifier_value"": ""Echo"", ""target_column"": ""Memory""}",lookup
A-L1-0193,1,race,What Lap time is shown for driver Sofia?,"| Fuel remaining | Position | Top speed | Pit time | Driver | Lap time |
| --- | --- | --- | --- | --- | --- |
| 68.2 L | 4 | 331.8 km/h | 43.52 s | Nora | 134.70 s |
| 40.5 L | 10 | 305.4 km/h | 2.12 s | Lucas | 93.64 s |
| 69.2 L | 8 | 210.6 km/h | 32.59 s | Ava | 71.25 s |
| 10.0 L | 1 | 205.0 km/h | 10.08 s | Sofia | 139.45 s |","Answer the question using the table. Return only the requested value.

Table:
| Fuel remaining | Position | Top speed | Pit time | Driver | Lap time |
| --- | --- | --- | --- | --- | --- |
| 68.2 L | 4 | 331.8 km/h | 43.52 s | Nora | 134.70 s |
| 40.5 L | 10 | 305.4 km/h | 2.12 s | Lucas | 93.64 s |
| 69.2 L | 8 | 210.6 km/h | 32.59 s | Ava | 71.25 s |
| 10.0 L | 1 | 205.0 km/h | 10.08 s | Sofia | 139.45 s |

Question: What Lap time is shown for driver Sofia?",139.45 s,"{""headers"": [""Fuel remaining"", ""Position"", ""Top speed"", ""Pit time"", ""Driver"", ""Lap time""], ""rows"": [[""68.2 L"", ""4"", ""331.8 km/h"", ""43.52 s"", ""Nora"", ""134.70 s""], [""40.5 L"", ""10"", ""305.4 km/h"", ""2.12 s"", ""Lucas"", ""93.64 s""], [""69.2 L"", ""8"", ""210.6 km/h"", ""32.59 s"", ""Ava"", ""71.25 s""], [""10.0 L"", ""1"", ""205.0 km/h"", ""10.08 s"", ""Sofia"", ""139.45 s""]]}","{""row_index"": 3, ""column_index"": 5, ""row_identifier_column"": ""Driver"", ""row_identifier_value"": ""Sofia"", ""target_column"": ""Lap time""}",lookup
A-L1-0194,1,sports,"In the table, what Possession do the Dragons have?","| Points | Goals conceded | Possession | Team | Goals scored | Losses |
| --- | --- | --- | --- | --- | --- |
| 91 | 57 | 64.0% | Dragons | 62 | 28 |
| 40 | 72 | 56.7% | Cyclones | 78 | 16 |
| 84 | 101 | 42.8% | Sharks | 118 | 4 |
| 51 | 40 | 49.1% | Hawks | 103 | 15 |","Answer the question using the table. Return only the requested value.

Table:
| Points | Goals conceded | Possession | Team | Goals scored | Losses |
| --- | --- | --- | --- | --- | --- |
| 91 | 57 | 64.0% | Dragons | 62 | 28 |
| 40 | 72 | 56.7% | Cyclones | 78 | 16 |
| 84 | 101 | 42.8% | Sharks | 118 | 4 |
| 51 | 40 | 49.1% | Hawks | 103 | 15 |

Question: In the table, what Possession do the Dragons have?",64.0%,"{""headers"": [""Points"", ""Goals conceded"", ""Possession"", ""Team"", ""Goals scored"", ""Losses""], ""rows"": [[""91"", ""57"", ""64.0%"", ""Dragons"", ""62"", ""28""], [""40"", ""72"", ""56.7%"", ""Cyclones"", ""78"", ""16""], [""84"", ""101"", ""42.8%"", ""Sharks"", ""118"", ""4""], [""51"", ""40"", ""49.1%"", ""Hawks"", ""103"", ""15""]]}","{""row_index"": 0, ""column_index"": 2, ""row_identifier_column"": ""Team"", ""row_identifier_value"": ""Dragons"", ""target_column"": ""Possession""}",lookup
A-L1-0195,1,race,Find Maya's row. What is the Position?,"| Position | Pit time | Fuel remaining | Tire temperature | Top speed | Driver | Lap time |
| --- | --- | --- | --- | --- | --- | --- |
| 20 | 13.23 s | 23.5 L | 114.9 °C | 256.1 km/h | David | 89.23 s |
| 8 | 4.91 s | 76.8 L | 105.6 °C | 273.4 km/h | Maya | 59.24 s |
| 5 | 3.78 s | 33.0 L | 79.9 °C | 346.8 km/h | Mina | 91.68 s |
| 6 | 8.46 s | 55.5 L | 98.5 °C | 320.4 km/h | Lucas | 78.62 s |
| 17 | 8.42 s | 37.3 L | 78.0 °C | 340.9 km/h | Nora | 57.43 s |
| 2 | 19.86 s | 52.6 L | 92.3 °C | 240.1 km/h | Julia | 86.43 s |
| 5 | 42.50 s | 68.1 L | 98.5 °C | 236.4 km/h | Noah | 115.22 s |
| 15 | 41.25 s | 69.7 L | 67.9 °C | 203.4 km/h | Sam | 87.77 s |
| 4 | 4.59 s | 60.1 L | 131.4 °C | 283.9 km/h | Iris | 94.18 s |","Answer the question using the table. Return only the requested value.

Table:
| Position | Pit time | Fuel remaining | Tire temperature | Top speed | Driver | Lap time |
| --- | --- | --- | --- | --- | --- | --- |
| 20 | 13.23 s | 23.5 L | 114.9 °C | 256.1 km/h | David | 89.23 s |
| 8 | 4.91 s | 76.8 L | 105.6 °C | 273.4 km/h | Maya | 59.24 s |
| 5 | 3.78 s | 33.0 L | 79.9 °C | 346.8 km/h | Mina | 91.68 s |
| 6 | 8.46 s | 55.5 L | 98.5 °C | 320.4 km/h | Lucas | 78.62 s |
| 17 | 8.42 s | 37.3 L | 78.0 °C | 340.9 km/h | Nora | 57.43 s |
| 2 | 19.86 s | 52.6 L | 92.3 °C | 240.1 km/h | Julia | 86.43 s |
| 5 | 42.50 s | 68.1 L | 98.5 °C | 236.4 km/h | Noah | 115.22 s |
| 15 | 41.25 s | 69.7 L | 67.9 °C | 203.4 km/h | Sam | 87.77 s |
| 4 | 4.59 s | 60.1 L | 131.4 °C | 283.9 km/h | Iris | 94.18 s |

Question: Find Maya's row. What is the Position?",8,"{""headers"": [""Position"", ""Pit time"", ""Fuel remaining"", ""Tire temperature"", ""Top speed"", ""Driver"", ""Lap time""], ""rows"": [[""20"", ""13.23 s"", ""23.5 L"", ""114.9 °C"", ""256.1 km/h"", ""David"", ""89.23 s""], [""8"", ""4.91 s"", ""76.8 L"", ""105.6 °C"", ""273.4 km/h"", ""Maya"", ""59.24 s""], [""5"", ""3.78 s"", ""33.0 L"", ""79.9 °C"", ""346.8 km/h"", ""Mina"", ""91.68 s""], [""6"", ""8.46 s"", ""55.5 L"", ""98.5 °C"", ""320.4 km/h"", ""Lucas"", ""78.62 s""], [""17"", ""8.42 s"", ""37.3 L"", ""78.0 °C"", ""340.9 km/h"", ""Nora"", ""57.43 s""], [""2"", ""19.86 s"", ""52.6 L"", ""92.3 °C"", ""240.1 km/h"", ""Julia"", ""86.43 s""], [""5"", ""42.50 s"", ""68.1 L"", ""98.5 °C"", ""236.4 km/h"", ""Noah"", ""115.22 s""], [""15"", ""41.25 s"", ""69.7 L"", ""67.9 °C"", ""203.4 km/h"", ""Sam"", ""87.77 s""], [""4"", ""4.59 s"", ""60.1 L"", ""131.4 °C"", ""283.9 km/h"", ""Iris"", ""94.18 s""]]}","{""row_index"": 1, ""column_index"": 0, ""row_identifier_column"": ""Driver"", ""row_identifier_value"": ""Maya"", ""target_column"": ""Position""}",lookup
A-L1-0196,1,weather,Find station Riverton. What is its Rainfall?,"| Rainfall | Pressure | Humidity | Wind speed | Station |
| --- | --- | --- | --- | --- |
| 20.3 mm | 964.7 hPa | 40% | 31.7 m/s | Lakeside |
| 28.4 mm | 949.5 hPa | 16% | 16.6 m/s | Clearwater |
| 59.5 mm | 982.4 hPa | 23% | 17.6 m/s | Riverton |
| 76.5 mm | 945.6 hPa | 21% | 6.6 m/s | Fairview |","Answer the question using the table. Return only the requested value.

Table:
| Rainfall | Pressure | Humidity | Wind speed | Station |
| --- | --- | --- | --- | --- |
| 20.3 mm | 964.7 hPa | 40% | 31.7 m/s | Lakeside |
| 28.4 mm | 949.5 hPa | 16% | 16.6 m/s | Clearwater |
| 59.5 mm | 982.4 hPa | 23% | 17.6 m/s | Riverton |
| 76.5 mm | 945.6 hPa | 21% | 6.6 m/s | Fairview |

Question: Find station Riverton. What is its Rainfall?",59.5 mm,"{""headers"": [""Rainfall"", ""Pressure"", ""Humidity"", ""Wind speed"", ""Station""], ""rows"": [[""20.3 mm"", ""964.7 hPa"", ""40%"", ""31.7 m/s"", ""Lakeside""], [""28.4 mm"", ""949.5 hPa"", ""16%"", ""16.6 m/s"", ""Clearwater""], [""59.5 mm"", ""982.4 hPa"", ""23%"", ""17.6 m/s"", ""Riverton""], [""76.5 mm"", ""945.6 hPa"", ""21%"", ""6.6 m/s"", ""Fairview""]]}","{""row_index"": 2, ""column_index"": 0, ""row_identifier_column"": ""Station"", ""row_identifier_value"": ""Riverton"", ""target_column"": ""Rainfall""}",lookup
A-L1-0197,1,ml_experiments,Look up model Pulse. What is its Latency?,"| Model | Accuracy | Latency | Precision | Memory |
| --- | --- | --- | --- | --- |
| Vertex | 65.8% | 76.2 ms | 83.2% | 3.9 GB |
| Atlas | 77.9% | 149.7 ms | 66.2% | 5.2 GB |
| Quartz | 76.8% | 40.3 ms | 85.6% | 1.9 GB |
| Delta | 80.2% | 120.9 ms | 69.7% | 13.9 GB |
| Nova | 73.7% | 100.0 ms | 76.6% | 10.8 GB |
| Sigma | 73.9% | 9.4 ms | 98.7% | 9.5 GB |
| Pulse | 78.9% | 51.5 ms | 92.1% | 8.5 GB |","Answer the question using the table. Return only the requested value.

Table:
| Model | Accuracy | Latency | Precision | Memory |
| --- | --- | --- | --- | --- |
| Vertex | 65.8% | 76.2 ms | 83.2% | 3.9 GB |
| Atlas | 77.9% | 149.7 ms | 66.2% | 5.2 GB |
| Quartz | 76.8% | 40.3 ms | 85.6% | 1.9 GB |
| Delta | 80.2% | 120.9 ms | 69.7% | 13.9 GB |
| Nova | 73.7% | 100.0 ms | 76.6% | 10.8 GB |
| Sigma | 73.9% | 9.4 ms | 98.7% | 9.5 GB |
| Pulse | 78.9% | 51.5 ms | 92.1% | 8.5 GB |

Question: Look up model Pulse. What is its Latency?",51.5 ms,"{""headers"": [""Model"", ""Accuracy"", ""Latency"", ""Precision"", ""Memory""], ""rows"": [[""Vertex"", ""65.8%"", ""76.2 ms"", ""83.2%"", ""3.9 GB""], [""Atlas"", ""77.9%"", ""149.7 ms"", ""66.2%"", ""5.2 GB""], [""Quartz"", ""76.8%"", ""40.3 ms"", ""85.6%"", ""1.9 GB""], [""Delta"", ""80.2%"", ""120.9 ms"", ""69.7%"", ""13.9 GB""], [""Nova"", ""73.7%"", ""100.0 ms"", ""76.6%"", ""10.8 GB""], [""Sigma"", ""73.9%"", ""9.4 ms"", ""98.7%"", ""9.5 GB""], [""Pulse"", ""78.9%"", ""51.5 ms"", ""92.1%"", ""8.5 GB""]]}","{""row_index"": 6, ""column_index"": 2, ""row_identifier_column"": ""Model"", ""row_identifier_value"": ""Pulse"", ""target_column"": ""Latency""}",lookup
A-L1-0198,1,weather,Find station Lakeside. What is its Visibility?,"| Pressure | Station | Visibility | Wind speed |
| --- | --- | --- | --- |
| 961.7 hPa | Riverton | 24.1 km | 0.5 m/s |
| 1002.6 hPa | Clearwater | 0.5 km | 8.8 m/s |
| 934.5 hPa | Orion | 8.8 km | 20.8 m/s |
| 981.3 hPa | Lakeside | 4.9 km | 33.8 m/s |
| 968.5 hPa | Maple | 8.9 km | 30.1 m/s |
| 935.9 hPa | Pinehurst | 9.5 km | 15.1 m/s |
| 1036.6 hPa | Hillcrest | 15.2 km | 24.0 m/s |
| 998.6 hPa | Westhaven | 20.1 km | 10.6 m/s |","Answer the question using the table. Return only the requested value.

Table:
| Pressure | Station | Visibility | Wind speed |
| --- | --- | --- | --- |
| 961.7 hPa | Riverton | 24.1 km | 0.5 m/s |
| 1002.6 hPa | Clearwater | 0.5 km | 8.8 m/s |
| 934.5 hPa | Orion | 8.8 km | 20.8 m/s |
| 981.3 hPa | Lakeside | 4.9 km | 33.8 m/s |
| 968.5 hPa | Maple | 8.9 km | 30.1 m/s |
| 935.9 hPa | Pinehurst | 9.5 km | 15.1 m/s |
| 1036.6 hPa | Hillcrest | 15.2 km | 24.0 m/s |
| 998.6 hPa | Westhaven | 20.1 km | 10.6 m/s |

Question: Find station Lakeside. What is its Visibility?",4.9 km,"{""headers"": [""Pressure"", ""Station"", ""Visibility"", ""Wind speed""], ""rows"": [[""961.7 hPa"", ""Riverton"", ""24.1 km"", ""0.5 m/s""], [""1002.6 hPa"", ""Clearwater"", ""0.5 km"", ""8.8 m/s""], [""934.5 hPa"", ""Orion"", ""8.8 km"", ""20.8 m/s""], [""981.3 hPa"", ""Lakeside"", ""4.9 km"", ""33.8 m/s""], [""968.5 hPa"", ""Maple"", ""8.9 km"", ""30.1 m/s""], [""935.9 hPa"", ""Pinehurst"", ""9.5 km"", ""15.1 m/s""], [""1036.6 hPa"", ""Hillcrest"", ""15.2 km"", ""24.0 m/s""], [""998.6 hPa"", ""Westhaven"", ""20.1 km"", ""10.6 m/s""]]}","{""row_index"": 3, ""column_index"": 2, ""row_identifier_column"": ""Station"", ""row_identifier_value"": ""Lakeside"", ""target_column"": ""Visibility""}",lookup
A-L1-0199,1,ml_experiments,What Memory is reported for model Quartz?,"| Precision | Memory | Accuracy | F1 score | Model | Recall | Latency |
| --- | --- | --- | --- | --- | --- | --- |
| 79.9% | 10.2 GB | 71.7% | 77.2% | Nimbus | 54.2% | 100.1 ms |
| 73.8% | 7.0 GB | 87.8% | 95.8% | Quartz | 73.0% | 76.2 ms |
| 61.1% | 7.3 GB | 94.2% | 68.4% | Vertex | 71.4% | 59.1 ms |
| 85.1% | 3.6 GB | 72.6% | 83.3% | Echo | 78.3% | 27.9 ms |","Answer the question using the table. Return only the requested value.

Table:
| Precision | Memory | Accuracy | F1 score | Model | Recall | Latency |
| --- | --- | --- | --- | --- | --- | --- |
| 79.9% | 10.2 GB | 71.7% | 77.2% | Nimbus | 54.2% | 100.1 ms |
| 73.8% | 7.0 GB | 87.8% | 95.8% | Quartz | 73.0% | 76.2 ms |
| 61.1% | 7.3 GB | 94.2% | 68.4% | Vertex | 71.4% | 59.1 ms |
| 85.1% | 3.6 GB | 72.6% | 83.3% | Echo | 78.3% | 27.9 ms |

Question: What Memory is reported for model Quartz?",7.0 GB,"{""headers"": [""Precision"", ""Memory"", ""Accuracy"", ""F1 score"", ""Model"", ""Recall"", ""Latency""], ""rows"": [[""79.9%"", ""10.2 GB"", ""71.7%"", ""77.2%"", ""Nimbus"", ""54.2%"", ""100.1 ms""], [""73.8%"", ""7.0 GB"", ""87.8%"", ""95.8%"", ""Quartz"", ""73.0%"", ""76.2 ms""], [""61.1%"", ""7.3 GB"", ""94.2%"", ""68.4%"", ""Vertex"", ""71.4%"", ""59.1 ms""], [""85.1%"", ""3.6 GB"", ""72.6%"", ""83.3%"", ""Echo"", ""78.3%"", ""27.9 ms""]]}","{""row_index"": 1, ""column_index"": 1, ""row_identifier_column"": ""Model"", ""row_identifier_value"": ""Quartz"", ""target_column"": ""Memory""}",lookup
A-L1-0200,1,lab,Look at Sample-F. What is its recorded Density?,"| Density | Sample | Volume | Temperature | Mass | Conductivity | pH |
| --- | --- | --- | --- | --- | --- | --- |
| 2.74 g/mL | Sample-I | 234.2 mL | 69.7 °C | 79.1 g | 20.16 mS/cm | 8.28 |
| 1.45 g/mL | Sample-F | 205.7 mL | 58.5 °C | 493.1 g | 14.18 mS/cm | 3.07 |
| 2.64 g/mL | Sample-B | 37.4 mL | 16.1 °C | 220.7 g | 0.64 mS/cm | 8.58 |
| 2.68 g/mL | Sample-E | 220.1 mL | 18.8 °C | 101.9 g | 13.04 mS/cm | 2.67 |
| 2.92 g/mL | Sample-C | 128.2 mL | 57.6 °C | 432.4 g | 17.95 mS/cm | 3.21 |
| 1.37 g/mL | Sample-A | 98.3 mL | 50.5 °C | 53.6 g | 23.16 mS/cm | 2.25 |
| 1.55 g/mL | Sample-D | 212.1 mL | 26.1 °C | 242.9 g | 6.58 mS/cm | 3.84 |
| 2.96 g/mL | Sample-J | 35.0 mL | 92.1 °C | 259.1 g | 22.39 mS/cm | 7.62 |","Answer the question using the table. Return only the requested value.

Table:
| Density | Sample | Volume | Temperature | Mass | Conductivity | pH |
| --- | --- | --- | --- | --- | --- | --- |
| 2.74 g/mL | Sample-I | 234.2 mL | 69.7 °C | 79.1 g | 20.16 mS/cm | 8.28 |
| 1.45 g/mL | Sample-F | 205.7 mL | 58.5 °C | 493.1 g | 14.18 mS/cm | 3.07 |
| 2.64 g/mL | Sample-B | 37.4 mL | 16.1 °C | 220.7 g | 0.64 mS/cm | 8.58 |
| 2.68 g/mL | Sample-E | 220.1 mL | 18.8 °C | 101.9 g | 13.04 mS/cm | 2.67 |
| 2.92 g/mL | Sample-C | 128.2 mL | 57.6 °C | 432.4 g | 17.95 mS/cm | 3.21 |
| 1.37 g/mL | Sample-A | 98.3 mL | 50.5 °C | 53.6 g | 23.16 mS/cm | 2.25 |
| 1.55 g/mL | Sample-D | 212.1 mL | 26.1 °C | 242.9 g | 6.58 mS/cm | 3.84 |
| 2.96 g/mL | Sample-J | 35.0 mL | 92.1 °C | 259.1 g | 22.39 mS/cm | 7.62 |

Question: Look at Sample-F. What is its recorded Density?",1.45 g/mL,"{""headers"": [""Density"", ""Sample"", ""Volume"", ""Temperature"", ""Mass"", ""Conductivity"", ""pH""], ""rows"": [[""2.74 g/mL"", ""Sample-I"", ""234.2 mL"", ""69.7 °C"", ""79.1 g"", ""20.16 mS/cm"", ""8.28""], [""1.45 g/mL"", ""Sample-F"", ""205.7 mL"", ""58.5 °C"", ""493.1 g"", ""14.18 mS/cm"", ""3.07""], [""2.64 g/mL"", ""Sample-B"", ""37.4 mL"", ""16.1 °C"", ""220.7 g"", ""0.64 mS/cm"", ""8.58""], [""2.68 g/mL"", ""Sample-E"", ""220.1 mL"", ""18.8 °C"", ""101.9 g"", ""13.04 mS/cm"", ""2.67""], [""2.92 g/mL"", ""Sample-C"", ""128.2 mL"", ""57.6 °C"", ""432.4 g"", ""17.95 mS/cm"", ""3.21""], [""1.37 g/mL"", ""Sample-A"", ""98.3 mL"", ""50.5 °C"", ""53.6 g"", ""23.16 mS/cm"", ""2.25""], [""1.55 g/mL"", ""Sample-D"", ""212.1 mL"", ""26.1 °C"", ""242.9 g"", ""6.58 mS/cm"", ""3.84""], [""2.96 g/mL"", ""Sample-J"", ""35.0 mL"", ""92.1 °C"", ""259.1 g"", ""22.39 mS/cm"", ""7.62""]]}","{""row_index"": 1, ""column_index"": 0, ""row_identifier_column"": ""Sample"", ""row_identifier_value"": ""Sample-F"", ""target_column"": ""Density""}",lookup
