id,level,task_type,domain,question,serialized_table,prompt,answer,operation,num_evidence_cells,target_column,evidence_json,metadata_json,table_json
A-L3-0001,3,argmax,ml_benchmark,Find the model with the greatest Accuracy.,"| Model | Memory usage | Accuracy | Energy use | Throughput | F1 score | Latency |
| --- | --- | --- | --- | --- | --- | --- |
| Nova | 13.9 GB | 84.9 % | 333.4 Wh | 164.3 req/s | 76.5 % | 67.2 ms |
| Sigma | 17.2 GB | 79.7 % | 472.1 Wh | 463.1 req/s | 53.4 % | 88.7 ms |
| Quartz | 0.8 GB | 91.0 % | 56.1 Wh | 398.9 req/s | 51.2 % | 8.1 ms |
| Atlas | 16.0 GB | 72.8 % | 236.3 Wh | 331.7 req/s | 54.1 % | 39.9 ms |
| Aurora | 16.6 GB | 94.1 % | 146.4 Wh | 127.9 req/s | 59.6 % | 34.1 ms |","Answer the question using the table. Return only the final answer.

Table:
| Model | Memory usage | Accuracy | Energy use | Throughput | F1 score | Latency |
| --- | --- | --- | --- | --- | --- | --- |
| Nova | 13.9 GB | 84.9 % | 333.4 Wh | 164.3 req/s | 76.5 % | 67.2 ms |
| Sigma | 17.2 GB | 79.7 % | 472.1 Wh | 463.1 req/s | 53.4 % | 88.7 ms |
| Quartz | 0.8 GB | 91.0 % | 56.1 Wh | 398.9 req/s | 51.2 % | 8.1 ms |
| Atlas | 16.0 GB | 72.8 % | 236.3 Wh | 331.7 req/s | 54.1 % | 39.9 ms |
| Aurora | 16.6 GB | 94.1 % | 146.4 Wh | 127.9 req/s | 59.6 % | 34.1 ms |

Question: Find the model with the greatest Accuracy.",Aurora,argmax,5,Accuracy,"[{""row_index"": 0, ""column_index"": 2, ""row_identifier_column"": ""Model"", ""row_identifier_value"": ""Nova"", ""column"": ""Accuracy"", ""raw_value"": 84.9, ""display_value"": ""84.9 %""}, {""row_index"": 1, ""column_index"": 2, ""row_identifier_column"": ""Model"", ""row_identifier_value"": ""Sigma"", ""column"": ""Accuracy"", ""raw_value"": 79.7, ""display_value"": ""79.7 %""}, {""row_index"": 2, ""column_index"": 2, ""row_identifier_column"": ""Model"", ""row_identifier_value"": ""Quartz"", ""column"": ""Accuracy"", ""raw_value"": 91.0, ""display_value"": ""91.0 %""}, {""row_index"": 3, ""column_index"": 2, ""row_identifier_column"": ""Model"", ""row_identifier_value"": ""Atlas"", ""column"": ""Accuracy"", ""raw_value"": 72.8, ""display_value"": ""72.8 %""}, {""row_index"": 4, ""column_index"": 2, ""row_identifier_column"": ""Model"", ""row_identifier_value"": ""Aurora"", ""column"": ""Accuracy"", ""raw_value"": 94.1, ""display_value"": ""94.1 %""}]","{""target_column"": ""Accuracy"", ""column_allowed_for_operation"": true}","{""headers"": [""Model"", ""Memory usage"", ""Accuracy"", ""Energy use"", ""Throughput"", ""F1 score"", ""Latency""], ""rows"": [[""Nova"", ""13.9 GB"", ""84.9 %"", ""333.4 Wh"", ""164.3 req/s"", ""76.5 %"", ""67.2 ms""], [""Sigma"", ""17.2 GB"", ""79.7 %"", ""472.1 Wh"", ""463.1 req/s"", ""53.4 %"", ""88.7 ms""], [""Quartz"", ""0.8 GB"", ""91.0 %"", ""56.1 Wh"", ""398.9 req/s"", ""51.2 %"", ""8.1 ms""], [""Atlas"", ""16.0 GB"", ""72.8 %"", ""236.3 Wh"", ""331.7 req/s"", ""54.1 %"", ""39.9 ms""], [""Aurora"", ""16.6 GB"", ""94.1 %"", ""146.4 Wh"", ""127.9 req/s"", ""59.6 %"", ""34.1 ms""]]}"
A-L3-0002,3,argmin,weather_stations,Which station has the lowest Visibility?,"| Humidity | Visibility | Wind speed | Temperature | Pressure | Station |
| --- | --- | --- | --- | --- | --- |
| 96 % | 3.4 km | 18.8 m/s | 1.5 °C | 932.1 hPa | Riverton |
| 44 % | 9.6 km | 15.4 m/s | -4.0 °C | 936.8 hPa | Cedar |
| 36 % | 13.6 km | 20.0 m/s | 37.4 °C | 935.2 hPa | Westhaven |
| 24 % | 5.5 km | 16.7 m/s | 29.9 °C | 1033.8 hPa | Brookfield |
| 58 % | 6.7 km | 23.0 m/s | 23.8 °C | 1000.0 hPa | Lakeside |
| 70 % | 13.2 km | 9.6 m/s | -8.3 °C | 1033.7 hPa | Pinehurst |
| 59 % | 19.7 km | 11.9 m/s | 27.9 °C | 1003.4 hPa | Fairview |","Answer the question using the table. Return only the final answer.

Table:
| Humidity | Visibility | Wind speed | Temperature | Pressure | Station |
| --- | --- | --- | --- | --- | --- |
| 96 % | 3.4 km | 18.8 m/s | 1.5 °C | 932.1 hPa | Riverton |
| 44 % | 9.6 km | 15.4 m/s | -4.0 °C | 936.8 hPa | Cedar |
| 36 % | 13.6 km | 20.0 m/s | 37.4 °C | 935.2 hPa | Westhaven |
| 24 % | 5.5 km | 16.7 m/s | 29.9 °C | 1033.8 hPa | Brookfield |
| 58 % | 6.7 km | 23.0 m/s | 23.8 °C | 1000.0 hPa | Lakeside |
| 70 % | 13.2 km | 9.6 m/s | -8.3 °C | 1033.7 hPa | Pinehurst |
| 59 % | 19.7 km | 11.9 m/s | 27.9 °C | 1003.4 hPa | Fairview |

Question: Which station has the lowest Visibility?",Riverton,argmin,7,Visibility,"[{""row_index"": 0, ""column_index"": 1, ""row_identifier_column"": ""Station"", ""row_identifier_value"": ""Riverton"", ""column"": ""Visibility"", ""raw_value"": 3.4, ""display_value"": ""3.4 km""}, {""row_index"": 1, ""column_index"": 1, ""row_identifier_column"": ""Station"", ""row_identifier_value"": ""Cedar"", ""column"": ""Visibility"", ""raw_value"": 9.6, ""display_value"": ""9.6 km""}, {""row_index"": 2, ""column_index"": 1, ""row_identifier_column"": ""Station"", ""row_identifier_value"": ""Westhaven"", ""column"": ""Visibility"", ""raw_value"": 13.6, ""display_value"": ""13.6 km""}, {""row_index"": 3, ""column_index"": 1, ""row_identifier_column"": ""Station"", ""row_identifier_value"": ""Brookfield"", ""column"": ""Visibility"", ""raw_value"": 5.5, ""display_value"": ""5.5 km""}, {""row_index"": 4, ""column_index"": 1, ""row_identifier_column"": ""Station"", ""row_identifier_value"": ""Lakeside"", ""column"": ""Visibility"", ""raw_value"": 6.7, ""display_value"": ""6.7 km""}, {""row_index"": 5, ""column_index"": 1, ""row_identifier_column"": ""Station"", ""row_identifier_value"": ""Pinehurst"", ""column"": ""Visibility"", ""raw_value"": 13.2, ""display_value"": ""13.2 km""}, {""row_index"": 6, ""column_index"": 1, ""row_identifier_column"": ""Station"", ""row_identifier_value"": ""Fairview"", ""column"": ""Visibility"", ""raw_value"": 19.7, ""display_value"": ""19.7 km""}]","{""target_column"": ""Visibility"", ""column_allowed_for_operation"": true}","{""headers"": [""Humidity"", ""Visibility"", ""Wind speed"", ""Temperature"", ""Pressure"", ""Station""], ""rows"": [[""96 %"", ""3.4 km"", ""18.8 m/s"", ""1.5 °C"", ""932.1 hPa"", ""Riverton""], [""44 %"", ""9.6 km"", ""15.4 m/s"", ""-4.0 °C"", ""936.8 hPa"", ""Cedar""], [""36 %"", ""13.6 km"", ""20.0 m/s"", ""37.4 °C"", ""935.2 hPa"", ""Westhaven""], [""24 %"", ""5.5 km"", ""16.7 m/s"", ""29.9 °C"", ""1033.8 hPa"", ""Brookfield""], [""58 %"", ""6.7 km"", ""23.0 m/s"", ""23.8 °C"", ""1000.0 hPa"", ""Lakeside""], [""70 %"", ""13.2 km"", ""9.6 m/s"", ""-8.3 °C"", ""1033.7 hPa"", ""Pinehurst""], [""59 %"", ""19.7 km"", ""11.9 m/s"", ""27.9 °C"", ""1003.4 hPa"", ""Fairview""]]}"
A-L3-0003,3,column_sum,battery_tests,Add all values in the Charge cycles column. What is the total?,"| Cell | Internal resistance | Charge cycles | State of health | Voltage | Temperature |
| --- | --- | --- | --- | --- | --- |
| Cell-F1 | 101.0 mΩ | 1097 cycles | 80.9 % | 3.35 V | 36.0 °C |
| Cell-D2 | 165.8 mΩ | 157 cycles | 55.6 % | 3.65 V | 43.9 °C |
| Cell-E2 | 75.0 mΩ | 680 cycles | 50.7 % | 3.11 V | 53.3 °C |
| Cell-E1 | 167.0 mΩ | 989 cycles | 79.5 % | 4.28 V | 52.0 °C |
| Cell-A1 | 146.2 mΩ | 425 cycles | 94.3 % | 2.95 V | 30.4 °C |
| Cell-F2 | 14.4 mΩ | 1292 cycles | 77.6 % | 3.77 V | 45.7 °C |","Answer the question using the table. Return only the final answer.

Table:
| Cell | Internal resistance | Charge cycles | State of health | Voltage | Temperature |
| --- | --- | --- | --- | --- | --- |
| Cell-F1 | 101.0 mΩ | 1097 cycles | 80.9 % | 3.35 V | 36.0 °C |
| Cell-D2 | 165.8 mΩ | 157 cycles | 55.6 % | 3.65 V | 43.9 °C |
| Cell-E2 | 75.0 mΩ | 680 cycles | 50.7 % | 3.11 V | 53.3 °C |
| Cell-E1 | 167.0 mΩ | 989 cycles | 79.5 % | 4.28 V | 52.0 °C |
| Cell-A1 | 146.2 mΩ | 425 cycles | 94.3 % | 2.95 V | 30.4 °C |
| Cell-F2 | 14.4 mΩ | 1292 cycles | 77.6 % | 3.77 V | 45.7 °C |

Question: Add all values in the Charge cycles column. What is the total?",4640 cycles,sum,6,Charge cycles,"[{""row_index"": 0, ""column_index"": 2, ""row_identifier_column"": ""Cell"", ""row_identifier_value"": ""Cell-F1"", ""column"": ""Charge cycles"", ""raw_value"": 1097.0, ""display_value"": ""1097 cycles""}, {""row_index"": 1, ""column_index"": 2, ""row_identifier_column"": ""Cell"", ""row_identifier_value"": ""Cell-D2"", ""column"": ""Charge cycles"", ""raw_value"": 157.0, ""display_value"": ""157 cycles""}, {""row_index"": 2, ""column_index"": 2, ""row_identifier_column"": ""Cell"", ""row_identifier_value"": ""Cell-E2"", ""column"": ""Charge cycles"", ""raw_value"": 680.0, ""display_value"": ""680 cycles""}, {""row_index"": 3, ""column_index"": 2, ""row_identifier_column"": ""Cell"", ""row_identifier_value"": ""Cell-E1"", ""column"": ""Charge cycles"", ""raw_value"": 989.0, ""display_value"": ""989 cycles""}, {""row_index"": 4, ""column_index"": 2, ""row_identifier_column"": ""Cell"", ""row_identifier_value"": ""Cell-A1"", ""column"": ""Charge cycles"", ""raw_value"": 425.0, ""display_value"": ""425 cycles""}, {""row_index"": 5, ""column_index"": 2, ""row_identifier_column"": ""Cell"", ""row_identifier_value"": ""Cell-F2"", ""column"": ""Charge cycles"", ""raw_value"": 1292.0, ""display_value"": ""1292 cycles""}]","{""target_column"": ""Charge cycles"", ""column_allowed_for_operation"": true}","{""headers"": [""Cell"", ""Internal resistance"", ""Charge cycles"", ""State of health"", ""Voltage"", ""Temperature""], ""rows"": [[""Cell-F1"", ""101.0 mΩ"", ""1097 cycles"", ""80.9 %"", ""3.35 V"", ""36.0 °C""], [""Cell-D2"", ""165.8 mΩ"", ""157 cycles"", ""55.6 %"", ""3.65 V"", ""43.9 °C""], [""Cell-E2"", ""75.0 mΩ"", ""680 cycles"", ""50.7 %"", ""3.11 V"", ""53.3 °C""], [""Cell-E1"", ""167.0 mΩ"", ""989 cycles"", ""79.5 %"", ""4.28 V"", ""52.0 °C""], [""Cell-A1"", ""146.2 mΩ"", ""425 cycles"", ""94.3 %"", ""2.95 V"", ""30.4 °C""], [""Cell-F2"", ""14.4 mΩ"", ""1292 cycles"", ""77.6 %"", ""3.77 V"", ""45.7 °C""]]}"
A-L3-0004,3,argmax,ml_benchmark,Which model has the highest Memory usage?,"| Throughput | F1 score | Memory usage | Model | Accuracy |
| --- | --- | --- | --- | --- |
| 481.4 req/s | 61.2 % | 14.4 GB | Echo | 84.0 % |
| 124.0 req/s | 89.6 % | 11.4 GB | Zenith | 89.2 % |
| 245.2 req/s | 93.6 % | 14.3 GB | Helix | 93.5 % |
| 338.8 req/s | 62.3 % | 5.2 GB | Aurora | 97.0 % |
| 301.5 req/s | 93.1 % | 14.8 GB | Delta | 67.7 % |
| 493.8 req/s | 71.0 % | 9.4 GB | Sigma | 82.1 % |
| 47.7 req/s | 96.9 % | 5.9 GB | Pulse | 56.0 % |","Answer the question using the table. Return only the final answer.

Table:
| Throughput | F1 score | Memory usage | Model | Accuracy |
| --- | --- | --- | --- | --- |
| 481.4 req/s | 61.2 % | 14.4 GB | Echo | 84.0 % |
| 124.0 req/s | 89.6 % | 11.4 GB | Zenith | 89.2 % |
| 245.2 req/s | 93.6 % | 14.3 GB | Helix | 93.5 % |
| 338.8 req/s | 62.3 % | 5.2 GB | Aurora | 97.0 % |
| 301.5 req/s | 93.1 % | 14.8 GB | Delta | 67.7 % |
| 493.8 req/s | 71.0 % | 9.4 GB | Sigma | 82.1 % |
| 47.7 req/s | 96.9 % | 5.9 GB | Pulse | 56.0 % |

Question: Which model has the highest Memory usage?",Delta,argmax,7,Memory usage,"[{""row_index"": 0, ""column_index"": 2, ""row_identifier_column"": ""Model"", ""row_identifier_value"": ""Echo"", ""column"": ""Memory usage"", ""raw_value"": 14.4, ""display_value"": ""14.4 GB""}, {""row_index"": 1, ""column_index"": 2, ""row_identifier_column"": ""Model"", ""row_identifier_value"": ""Zenith"", ""column"": ""Memory usage"", ""raw_value"": 11.4, ""display_value"": ""11.4 GB""}, {""row_index"": 2, ""column_index"": 2, ""row_identifier_column"": ""Model"", ""row_identifier_value"": ""Helix"", ""column"": ""Memory usage"", ""raw_value"": 14.3, ""display_value"": ""14.3 GB""}, {""row_index"": 3, ""column_index"": 2, ""row_identifier_column"": ""Model"", ""row_identifier_value"": ""Aurora"", ""column"": ""Memory usage"", ""raw_value"": 5.2, ""display_value"": ""5.2 GB""}, {""row_index"": 4, ""column_index"": 2, ""row_identifier_column"": ""Model"", ""row_identifier_value"": ""Delta"", ""column"": ""Memory usage"", ""raw_value"": 14.8, ""display_value"": ""14.8 GB""}, {""row_index"": 5, ""column_index"": 2, ""row_identifier_column"": ""Model"", ""row_identifier_value"": ""Sigma"", ""column"": ""Memory usage"", ""raw_value"": 9.4, ""display_value"": ""9.4 GB""}, {""row_index"": 6, ""column_index"": 2, ""row_identifier_column"": ""Model"", ""row_identifier_value"": ""Pulse"", ""column"": ""Memory usage"", ""raw_value"": 5.9, ""display_value"": ""5.9 GB""}]","{""target_column"": ""Memory usage"", ""column_allowed_for_operation"": true}","{""headers"": [""Throughput"", ""F1 score"", ""Memory usage"", ""Model"", ""Accuracy""], ""rows"": [[""481.4 req/s"", ""61.2 %"", ""14.4 GB"", ""Echo"", ""84.0 %""], [""124.0 req/s"", ""89.6 %"", ""11.4 GB"", ""Zenith"", ""89.2 %""], [""245.2 req/s"", ""93.6 %"", ""14.3 GB"", ""Helix"", ""93.5 %""], [""338.8 req/s"", ""62.3 %"", ""5.2 GB"", ""Aurora"", ""97.0 %""], [""301.5 req/s"", ""93.1 %"", ""14.8 GB"", ""Delta"", ""67.7 %""], [""493.8 req/s"", ""71.0 %"", ""9.4 GB"", ""Sigma"", ""82.1 %""], [""47.7 req/s"", ""96.9 %"", ""5.9 GB"", ""Pulse"", ""56.0 %""]]}"
A-L3-0005,3,argmax,ml_benchmark,Which model has the highest Accuracy?,"| Memory usage | Accuracy | Model | Throughput | Energy use |
| --- | --- | --- | --- | --- |
| 13.0 GB | 63.2 % | Atlas | 232.7 req/s | 494.3 Wh |
| 14.3 GB | 63.4 % | Nova | 187.9 req/s | 419.8 Wh |
| 8.5 GB | 68.2 % | Helix | 378.4 req/s | 75.6 Wh |
| 6.5 GB | 96.9 % | Quartz | 21.1 req/s | 105.4 Wh |
| 6.6 GB | 55.9 % | Aurora | 261.1 req/s | 161.0 Wh |
| 8.1 GB | 55.0 % | Sigma | 322.4 req/s | 143.8 Wh |
| 8.8 GB | 74.0 % | Echo | 219.0 req/s | 61.2 Wh |
| 8.6 GB | 83.4 % | Nimbus | 393.4 req/s | 282.1 Wh |
| 7.9 GB | 82.9 % | Zenith | 388.6 req/s | 346.6 Wh |","Answer the question using the table. Return only the final answer.

Table:
| Memory usage | Accuracy | Model | Throughput | Energy use |
| --- | --- | --- | --- | --- |
| 13.0 GB | 63.2 % | Atlas | 232.7 req/s | 494.3 Wh |
| 14.3 GB | 63.4 % | Nova | 187.9 req/s | 419.8 Wh |
| 8.5 GB | 68.2 % | Helix | 378.4 req/s | 75.6 Wh |
| 6.5 GB | 96.9 % | Quartz | 21.1 req/s | 105.4 Wh |
| 6.6 GB | 55.9 % | Aurora | 261.1 req/s | 161.0 Wh |
| 8.1 GB | 55.0 % | Sigma | 322.4 req/s | 143.8 Wh |
| 8.8 GB | 74.0 % | Echo | 219.0 req/s | 61.2 Wh |
| 8.6 GB | 83.4 % | Nimbus | 393.4 req/s | 282.1 Wh |
| 7.9 GB | 82.9 % | Zenith | 388.6 req/s | 346.6 Wh |

Question: Which model has the highest Accuracy?",Quartz,argmax,9,Accuracy,"[{""row_index"": 0, ""column_index"": 1, ""row_identifier_column"": ""Model"", ""row_identifier_value"": ""Atlas"", ""column"": ""Accuracy"", ""raw_value"": 63.2, ""display_value"": ""63.2 %""}, {""row_index"": 1, ""column_index"": 1, ""row_identifier_column"": ""Model"", ""row_identifier_value"": ""Nova"", ""column"": ""Accuracy"", ""raw_value"": 63.4, ""display_value"": ""63.4 %""}, {""row_index"": 2, ""column_index"": 1, ""row_identifier_column"": ""Model"", ""row_identifier_value"": ""Helix"", ""column"": ""Accuracy"", ""raw_value"": 68.2, ""display_value"": ""68.2 %""}, {""row_index"": 3, ""column_index"": 1, ""row_identifier_column"": ""Model"", ""row_identifier_value"": ""Quartz"", ""column"": ""Accuracy"", ""raw_value"": 96.9, ""display_value"": ""96.9 %""}, {""row_index"": 4, ""column_index"": 1, ""row_identifier_column"": ""Model"", ""row_identifier_value"": ""Aurora"", ""column"": ""Accuracy"", ""raw_value"": 55.9, ""display_value"": ""55.9 %""}, {""row_index"": 5, ""column_index"": 1, ""row_identifier_column"": ""Model"", ""row_identifier_value"": ""Sigma"", ""column"": ""Accuracy"", ""raw_value"": 55.0, ""display_value"": ""55.0 %""}, {""row_index"": 6, ""column_index"": 1, ""row_identifier_column"": ""Model"", ""row_identifier_value"": ""Echo"", ""column"": ""Accuracy"", ""raw_value"": 74.0, ""display_value"": ""74.0 %""}, {""row_index"": 7, ""column_index"": 1, ""row_identifier_column"": ""Model"", ""row_identifier_value"": ""Nimbus"", ""column"": ""Accuracy"", ""raw_value"": 83.4, ""display_value"": ""83.4 %""}, {""row_index"": 8, ""column_index"": 1, ""row_identifier_column"": ""Model"", ""row_identifier_value"": ""Zenith"", ""column"": ""Accuracy"", ""raw_value"": 82.9, ""display_value"": ""82.9 %""}]","{""target_column"": ""Accuracy"", ""column_allowed_for_operation"": true}","{""headers"": [""Memory usage"", ""Accuracy"", ""Model"", ""Throughput"", ""Energy use""], ""rows"": [[""13.0 GB"", ""63.2 %"", ""Atlas"", ""232.7 req/s"", ""494.3 Wh""], [""14.3 GB"", ""63.4 %"", ""Nova"", ""187.9 req/s"", ""419.8 Wh""], [""8.5 GB"", ""68.2 %"", ""Helix"", ""378.4 req/s"", ""75.6 Wh""], [""6.5 GB"", ""96.9 %"", ""Quartz"", ""21.1 req/s"", ""105.4 Wh""], [""6.6 GB"", ""55.9 %"", ""Aurora"", ""261.1 req/s"", ""161.0 Wh""], [""8.1 GB"", ""55.0 %"", ""Sigma"", ""322.4 req/s"", ""143.8 Wh""], [""8.8 GB"", ""74.0 %"", ""Echo"", ""219.0 req/s"", ""61.2 Wh""], [""8.6 GB"", ""83.4 %"", ""Nimbus"", ""393.4 req/s"", ""282.1 Wh""], [""7.9 GB"", ""82.9 %"", ""Zenith"", ""388.6 req/s"", ""346.6 Wh""]]}"
A-L3-0006,3,argmax,regional_sales,Which region has the highest Ad spend?,"| Retail orders | Revenue | Online orders | Region | Ad spend |
| --- | --- | --- | --- | --- |
| 423 orders | 222.6 kUSD | 1109 orders | Westhaven | 175.2 kUSD |
| 1673 orders | 534.8 kUSD | 304 orders | Cedar | 179.8 kUSD |
| 4580 orders | 276.3 kUSD | 190 orders | Oakridge | 248.5 kUSD |
| 137 orders | 409.1 kUSD | 514 orders | Lakeside | 67.4 kUSD |
| 1044 orders | 482.8 kUSD | 3873 orders | Orion | 13.7 kUSD |","Answer the question using the table. Return only the final answer.

Table:
| Retail orders | Revenue | Online orders | Region | Ad spend |
| --- | --- | --- | --- | --- |
| 423 orders | 222.6 kUSD | 1109 orders | Westhaven | 175.2 kUSD |
| 1673 orders | 534.8 kUSD | 304 orders | Cedar | 179.8 kUSD |
| 4580 orders | 276.3 kUSD | 190 orders | Oakridge | 248.5 kUSD |
| 137 orders | 409.1 kUSD | 514 orders | Lakeside | 67.4 kUSD |
| 1044 orders | 482.8 kUSD | 3873 orders | Orion | 13.7 kUSD |

Question: Which region has the highest Ad spend?",Oakridge,argmax,5,Ad spend,"[{""row_index"": 0, ""column_index"": 4, ""row_identifier_column"": ""Region"", ""row_identifier_value"": ""Westhaven"", ""column"": ""Ad spend"", ""raw_value"": 175.2, ""display_value"": ""175.2 kUSD""}, {""row_index"": 1, ""column_index"": 4, ""row_identifier_column"": ""Region"", ""row_identifier_value"": ""Cedar"", ""column"": ""Ad spend"", ""raw_value"": 179.8, ""display_value"": ""179.8 kUSD""}, {""row_index"": 2, ""column_index"": 4, ""row_identifier_column"": ""Region"", ""row_identifier_value"": ""Oakridge"", ""column"": ""Ad spend"", ""raw_value"": 248.5, ""display_value"": ""248.5 kUSD""}, {""row_index"": 3, ""column_index"": 4, ""row_identifier_column"": ""Region"", ""row_identifier_value"": ""Lakeside"", ""column"": ""Ad spend"", ""raw_value"": 67.4, ""display_value"": ""67.4 kUSD""}, {""row_index"": 4, ""column_index"": 4, ""row_identifier_column"": ""Region"", ""row_identifier_value"": ""Orion"", ""column"": ""Ad spend"", ""raw_value"": 13.7, ""display_value"": ""13.7 kUSD""}]","{""target_column"": ""Ad spend"", ""column_allowed_for_operation"": true}","{""headers"": [""Retail orders"", ""Revenue"", ""Online orders"", ""Region"", ""Ad spend""], ""rows"": [[""423 orders"", ""222.6 kUSD"", ""1109 orders"", ""Westhaven"", ""175.2 kUSD""], [""1673 orders"", ""534.8 kUSD"", ""304 orders"", ""Cedar"", ""179.8 kUSD""], [""4580 orders"", ""276.3 kUSD"", ""190 orders"", ""Oakridge"", ""248.5 kUSD""], [""137 orders"", ""409.1 kUSD"", ""514 orders"", ""Lakeside"", ""67.4 kUSD""], [""1044 orders"", ""482.8 kUSD"", ""3873 orders"", ""Orion"", ""13.7 kUSD""]]}"
A-L3-0007,3,column_average,flight_measurements,Calculate the mean Ground speed of all entries in the table.,"| Fuel | Engine temperature | Pilot | Ground speed | Vertical speed |
| --- | --- | --- | --- | --- |
| 11074 kg | 684 °C | Ryan | 740.6 km/h | 12.5 m/s |
| 9204 kg | 476 °C | Jisoo | 724.4 km/h | -11.6 m/s |
| 11024 kg | 467 °C | Emma | 292.0 km/h | -17.1 m/s |
| 1519 kg | 612 °C | Maya | 878.1 km/h | -18.3 m/s |
| 6507 kg | 580 °C | Julia | 779.4 km/h | 19.4 m/s |
| 5629 kg | 723 °C | Sam | 609.2 km/h | -7.5 m/s |
| 9760 kg | 866 °C | Ava | 666.3 km/h | -2.7 m/s |","Answer the question using the table. Return only the final answer.

Table:
| Fuel | Engine temperature | Pilot | Ground speed | Vertical speed |
| --- | --- | --- | --- | --- |
| 11074 kg | 684 °C | Ryan | 740.6 km/h | 12.5 m/s |
| 9204 kg | 476 °C | Jisoo | 724.4 km/h | -11.6 m/s |
| 11024 kg | 467 °C | Emma | 292.0 km/h | -17.1 m/s |
| 1519 kg | 612 °C | Maya | 878.1 km/h | -18.3 m/s |
| 6507 kg | 580 °C | Julia | 779.4 km/h | 19.4 m/s |
| 5629 kg | 723 °C | Sam | 609.2 km/h | -7.5 m/s |
| 9760 kg | 866 °C | Ava | 666.3 km/h | -2.7 m/s |

Question: Calculate the mean Ground speed of all entries in the table.",670.00 km/h,mean,7,Ground speed,"[{""row_index"": 0, ""column_index"": 3, ""row_identifier_column"": ""Pilot"", ""row_identifier_value"": ""Ryan"", ""column"": ""Ground speed"", ""raw_value"": 740.6, ""display_value"": ""740.6 km/h""}, {""row_index"": 1, ""column_index"": 3, ""row_identifier_column"": ""Pilot"", ""row_identifier_value"": ""Jisoo"", ""column"": ""Ground speed"", ""raw_value"": 724.4, ""display_value"": ""724.4 km/h""}, {""row_index"": 2, ""column_index"": 3, ""row_identifier_column"": ""Pilot"", ""row_identifier_value"": ""Emma"", ""column"": ""Ground speed"", ""raw_value"": 292.0, ""display_value"": ""292.0 km/h""}, {""row_index"": 3, ""column_index"": 3, ""row_identifier_column"": ""Pilot"", ""row_identifier_value"": ""Maya"", ""column"": ""Ground speed"", ""raw_value"": 878.1, ""display_value"": ""878.1 km/h""}, {""row_index"": 4, ""column_index"": 3, ""row_identifier_column"": ""Pilot"", ""row_identifier_value"": ""Julia"", ""column"": ""Ground speed"", ""raw_value"": 779.4, ""display_value"": ""779.4 km/h""}, {""row_index"": 5, ""column_index"": 3, ""row_identifier_column"": ""Pilot"", ""row_identifier_value"": ""Sam"", ""column"": ""Ground speed"", ""raw_value"": 609.2, ""display_value"": ""609.2 km/h""}, {""row_index"": 6, ""column_index"": 3, ""row_identifier_column"": ""Pilot"", ""row_identifier_value"": ""Ava"", ""column"": ""Ground speed"", ""raw_value"": 666.3, ""display_value"": ""666.3 km/h""}]","{""target_column"": ""Ground speed"", ""column_allowed_for_operation"": true, ""answer_digits"": 2}","{""headers"": [""Fuel"", ""Engine temperature"", ""Pilot"", ""Ground speed"", ""Vertical speed""], ""rows"": [[""11074 kg"", ""684 °C"", ""Ryan"", ""740.6 km/h"", ""12.5 m/s""], [""9204 kg"", ""476 °C"", ""Jisoo"", ""724.4 km/h"", ""-11.6 m/s""], [""11024 kg"", ""467 °C"", ""Emma"", ""292.0 km/h"", ""-17.1 m/s""], [""1519 kg"", ""612 °C"", ""Maya"", ""878.1 km/h"", ""-18.3 m/s""], [""6507 kg"", ""580 °C"", ""Julia"", ""779.4 km/h"", ""19.4 m/s""], [""5629 kg"", ""723 °C"", ""Sam"", ""609.2 km/h"", ""-7.5 m/s""], [""9760 kg"", ""866 °C"", ""Ava"", ""666.3 km/h"", ""-2.7 m/s""]]}"
A-L3-0008,3,argmax,flight_measurements,Which pilot has the highest Vertical speed?,"| Ground speed | Altitude | Fuel | Engine temperature | Pilot | Vertical speed |
| --- | --- | --- | --- | --- | --- |
| 635.3 km/h | 4564 m | 1049 kg | 700 °C | Sofia | 8.9 m/s |
| 382.0 km/h | 3286 m | 4266 kg | 510 °C | Theo | -10.5 m/s |
| 836.0 km/h | 7323 m | 1804 kg | 851 °C | Hana | 1.0 m/s |
| 699.6 km/h | 7026 m | 3174 kg | 816 °C | Julia | 17.8 m/s |
| 302.2 km/h | 7289 m | 976 kg | 933 °C | Oliver | 9.6 m/s |","Answer the question using the table. Return only the final answer.

Table:
| Ground speed | Altitude | Fuel | Engine temperature | Pilot | Vertical speed |
| --- | --- | --- | --- | --- | --- |
| 635.3 km/h | 4564 m | 1049 kg | 700 °C | Sofia | 8.9 m/s |
| 382.0 km/h | 3286 m | 4266 kg | 510 °C | Theo | -10.5 m/s |
| 836.0 km/h | 7323 m | 1804 kg | 851 °C | Hana | 1.0 m/s |
| 699.6 km/h | 7026 m | 3174 kg | 816 °C | Julia | 17.8 m/s |
| 302.2 km/h | 7289 m | 976 kg | 933 °C | Oliver | 9.6 m/s |

Question: Which pilot has the highest Vertical speed?",Julia,argmax,5,Vertical speed,"[{""row_index"": 0, ""column_index"": 5, ""row_identifier_column"": ""Pilot"", ""row_identifier_value"": ""Sofia"", ""column"": ""Vertical speed"", ""raw_value"": 8.9, ""display_value"": ""8.9 m/s""}, {""row_index"": 1, ""column_index"": 5, ""row_identifier_column"": ""Pilot"", ""row_identifier_value"": ""Theo"", ""column"": ""Vertical speed"", ""raw_value"": -10.5, ""display_value"": ""-10.5 m/s""}, {""row_index"": 2, ""column_index"": 5, ""row_identifier_column"": ""Pilot"", ""row_identifier_value"": ""Hana"", ""column"": ""Vertical speed"", ""raw_value"": 1.0, ""display_value"": ""1.0 m/s""}, {""row_index"": 3, ""column_index"": 5, ""row_identifier_column"": ""Pilot"", ""row_identifier_value"": ""Julia"", ""column"": ""Vertical speed"", ""raw_value"": 17.8, ""display_value"": ""17.8 m/s""}, {""row_index"": 4, ""column_index"": 5, ""row_identifier_column"": ""Pilot"", ""row_identifier_value"": ""Oliver"", ""column"": ""Vertical speed"", ""raw_value"": 9.6, ""display_value"": ""9.6 m/s""}]","{""target_column"": ""Vertical speed"", ""column_allowed_for_operation"": true}","{""headers"": [""Ground speed"", ""Altitude"", ""Fuel"", ""Engine temperature"", ""Pilot"", ""Vertical speed""], ""rows"": [[""635.3 km/h"", ""4564 m"", ""1049 kg"", ""700 °C"", ""Sofia"", ""8.9 m/s""], [""382.0 km/h"", ""3286 m"", ""4266 kg"", ""510 °C"", ""Theo"", ""-10.5 m/s""], [""836.0 km/h"", ""7323 m"", ""1804 kg"", ""851 °C"", ""Hana"", ""1.0 m/s""], [""699.6 km/h"", ""7026 m"", ""3174 kg"", ""816 °C"", ""Julia"", ""17.8 m/s""], [""302.2 km/h"", ""7289 m"", ""976 kg"", ""933 °C"", ""Oliver"", ""9.6 m/s""]]}"
A-L3-0009,3,argmin,flight_measurements,"According to the table, which pilot has the minimum Engine temperature?","| Pilot | Ground speed | Vertical speed | Cabin pressure | Altitude | Engine temperature |
| --- | --- | --- | --- | --- | --- |
| Jisoo | 709.9 km/h | 5.4 m/s | 73.7 kPa | 8826 m | 818 °C |
| Maya | 831.1 km/h | 4.9 m/s | 104.5 kPa | 8608 m | 523 °C |
| Alex | 815.8 km/h | -4.3 m/s | 79.8 kPa | 10451 m | 639 °C |
| Ava | 470.5 km/h | 15.2 m/s | 84.5 kPa | 10875 m | 912 °C |
| Julia | 781.2 km/h | 13.1 m/s | 101.3 kPa | 8550 m | 612 °C |
| Iris | 648.7 km/h | -1.9 m/s | 86.1 kPa | 2844 m | 627 °C |
| Chris | 715.2 km/h | 7.3 m/s | 74.5 kPa | 7199 m | 895 °C |
| Daniel | 789.7 km/h | 10.2 m/s | 87.6 kPa | 4713 m | 973 °C |","Answer the question using the table. Return only the final answer.

Table:
| Pilot | Ground speed | Vertical speed | Cabin pressure | Altitude | Engine temperature |
| --- | --- | --- | --- | --- | --- |
| Jisoo | 709.9 km/h | 5.4 m/s | 73.7 kPa | 8826 m | 818 °C |
| Maya | 831.1 km/h | 4.9 m/s | 104.5 kPa | 8608 m | 523 °C |
| Alex | 815.8 km/h | -4.3 m/s | 79.8 kPa | 10451 m | 639 °C |
| Ava | 470.5 km/h | 15.2 m/s | 84.5 kPa | 10875 m | 912 °C |
| Julia | 781.2 km/h | 13.1 m/s | 101.3 kPa | 8550 m | 612 °C |
| Iris | 648.7 km/h | -1.9 m/s | 86.1 kPa | 2844 m | 627 °C |
| Chris | 715.2 km/h | 7.3 m/s | 74.5 kPa | 7199 m | 895 °C |
| Daniel | 789.7 km/h | 10.2 m/s | 87.6 kPa | 4713 m | 973 °C |

Question: According to the table, which pilot has the minimum Engine temperature?",Maya,argmin,8,Engine temperature,"[{""row_index"": 0, ""column_index"": 5, ""row_identifier_column"": ""Pilot"", ""row_identifier_value"": ""Jisoo"", ""column"": ""Engine temperature"", ""raw_value"": 818.0, ""display_value"": ""818 °C""}, {""row_index"": 1, ""column_index"": 5, ""row_identifier_column"": ""Pilot"", ""row_identifier_value"": ""Maya"", ""column"": ""Engine temperature"", ""raw_value"": 523.0, ""display_value"": ""523 °C""}, {""row_index"": 2, ""column_index"": 5, ""row_identifier_column"": ""Pilot"", ""row_identifier_value"": ""Alex"", ""column"": ""Engine temperature"", ""raw_value"": 639.0, ""display_value"": ""639 °C""}, {""row_index"": 3, ""column_index"": 5, ""row_identifier_column"": ""Pilot"", ""row_identifier_value"": ""Ava"", ""column"": ""Engine temperature"", ""raw_value"": 912.0, ""display_value"": ""912 °C""}, {""row_index"": 4, ""column_index"": 5, ""row_identifier_column"": ""Pilot"", ""row_identifier_value"": ""Julia"", ""column"": ""Engine temperature"", ""raw_value"": 612.0, ""display_value"": ""612 °C""}, {""row_index"": 5, ""column_index"": 5, ""row_identifier_column"": ""Pilot"", ""row_identifier_value"": ""Iris"", ""column"": ""Engine temperature"", ""raw_value"": 627.0, ""display_value"": ""627 °C""}, {""row_index"": 6, ""column_index"": 5, ""row_identifier_column"": ""Pilot"", ""row_identifier_value"": ""Chris"", ""column"": ""Engine temperature"", ""raw_value"": 895.0, ""display_value"": ""895 °C""}, {""row_index"": 7, ""column_index"": 5, ""row_identifier_column"": ""Pilot"", ""row_identifier_value"": ""Daniel"", ""column"": ""Engine temperature"", ""raw_value"": 973.0, ""display_value"": ""973 °C""}]","{""target_column"": ""Engine temperature"", ""column_allowed_for_operation"": true}","{""headers"": [""Pilot"", ""Ground speed"", ""Vertical speed"", ""Cabin pressure"", ""Altitude"", ""Engine temperature""], ""rows"": [[""Jisoo"", ""709.9 km/h"", ""5.4 m/s"", ""73.7 kPa"", ""8826 m"", ""818 °C""], [""Maya"", ""831.1 km/h"", ""4.9 m/s"", ""104.5 kPa"", ""8608 m"", ""523 °C""], [""Alex"", ""815.8 km/h"", ""-4.3 m/s"", ""79.8 kPa"", ""10451 m"", ""639 °C""], [""Ava"", ""470.5 km/h"", ""15.2 m/s"", ""84.5 kPa"", ""10875 m"", ""912 °C""], [""Julia"", ""781.2 km/h"", ""13.1 m/s"", ""101.3 kPa"", ""8550 m"", ""612 °C""], [""Iris"", ""648.7 km/h"", ""-1.9 m/s"", ""86.1 kPa"", ""2844 m"", ""627 °C""], [""Chris"", ""715.2 km/h"", ""7.3 m/s"", ""74.5 kPa"", ""7199 m"", ""895 °C""], [""Daniel"", ""789.7 km/h"", ""10.2 m/s"", ""87.6 kPa"", ""4713 m"", ""973 °C""]]}"
A-L3-0010,3,argmax,lab_measurements,Find the sample with the greatest Volume.,"| Density | Sample | Mass | Conductivity | Volume | Temperature | pH |
| --- | --- | --- | --- | --- | --- | --- |
| 1.93 g/mL | Sample-F | 110.2 g | 7.91 mS/cm | 62.4 mL | 47.0 °C | 11.38 |
| 2.46 g/mL | Sample-A | 105.3 g | 16.60 mS/cm | 294.0 mL | 67.2 °C | 2.43 |
| 3.12 g/mL | Sample-K | 72.4 g | 0.44 mS/cm | 59.7 mL | 64.0 °C | 11.23 |
| 1.06 g/mL | Sample-J | 149.6 g | 11.33 mS/cm | 65.1 mL | 73.2 °C | 5.82 |
| 1.33 g/mL | Sample-L | 440.7 g | 13.45 mS/cm | 104.4 mL | 62.2 °C | 3.73 |
| 1.56 g/mL | Sample-D | 116.9 g | 15.86 mS/cm | 166.9 mL | 52.0 °C | 6.75 |
| 1.14 g/mL | Sample-C | 215.7 g | 24.62 mS/cm | 24.5 mL | 60.9 °C | 4.33 |
| 3.01 g/mL | Sample-G | 386.3 g | 0.59 mS/cm | 266.6 mL | 44.0 °C | 6.66 |
| 2.54 g/mL | Sample-H | 184.9 g | 9.17 mS/cm | 183.4 mL | 47.6 °C | 3.27 |
| 2.75 g/mL | Sample-B | 455.7 g | 21.12 mS/cm | 135.1 mL | 58.2 °C | 9.51 |","Answer the question using the table. Return only the final answer.

Table:
| Density | Sample | Mass | Conductivity | Volume | Temperature | pH |
| --- | --- | --- | --- | --- | --- | --- |
| 1.93 g/mL | Sample-F | 110.2 g | 7.91 mS/cm | 62.4 mL | 47.0 °C | 11.38 |
| 2.46 g/mL | Sample-A | 105.3 g | 16.60 mS/cm | 294.0 mL | 67.2 °C | 2.43 |
| 3.12 g/mL | Sample-K | 72.4 g | 0.44 mS/cm | 59.7 mL | 64.0 °C | 11.23 |
| 1.06 g/mL | Sample-J | 149.6 g | 11.33 mS/cm | 65.1 mL | 73.2 °C | 5.82 |
| 1.33 g/mL | Sample-L | 440.7 g | 13.45 mS/cm | 104.4 mL | 62.2 °C | 3.73 |
| 1.56 g/mL | Sample-D | 116.9 g | 15.86 mS/cm | 166.9 mL | 52.0 °C | 6.75 |
| 1.14 g/mL | Sample-C | 215.7 g | 24.62 mS/cm | 24.5 mL | 60.9 °C | 4.33 |
| 3.01 g/mL | Sample-G | 386.3 g | 0.59 mS/cm | 266.6 mL | 44.0 °C | 6.66 |
| 2.54 g/mL | Sample-H | 184.9 g | 9.17 mS/cm | 183.4 mL | 47.6 °C | 3.27 |
| 2.75 g/mL | Sample-B | 455.7 g | 21.12 mS/cm | 135.1 mL | 58.2 °C | 9.51 |

Question: Find the sample with the greatest Volume.",Sample-A,argmax,10,Volume,"[{""row_index"": 0, ""column_index"": 4, ""row_identifier_column"": ""Sample"", ""row_identifier_value"": ""Sample-F"", ""column"": ""Volume"", ""raw_value"": 62.4, ""display_value"": ""62.4 mL""}, {""row_index"": 1, ""column_index"": 4, ""row_identifier_column"": ""Sample"", ""row_identifier_value"": ""Sample-A"", ""column"": ""Volume"", ""raw_value"": 294.0, ""display_value"": ""294.0 mL""}, {""row_index"": 2, ""column_index"": 4, ""row_identifier_column"": ""Sample"", ""row_identifier_value"": ""Sample-K"", ""column"": ""Volume"", ""raw_value"": 59.7, ""display_value"": ""59.7 mL""}, {""row_index"": 3, ""column_index"": 4, ""row_identifier_column"": ""Sample"", ""row_identifier_value"": ""Sample-J"", ""column"": ""Volume"", ""raw_value"": 65.1, ""display_value"": ""65.1 mL""}, {""row_index"": 4, ""column_index"": 4, ""row_identifier_column"": ""Sample"", ""row_identifier_value"": ""Sample-L"", ""column"": ""Volume"", ""raw_value"": 104.4, ""display_value"": ""104.4 mL""}, {""row_index"": 5, ""column_index"": 4, ""row_identifier_column"": ""Sample"", ""row_identifier_value"": ""Sample-D"", ""column"": ""Volume"", ""raw_value"": 166.9, ""display_value"": ""166.9 mL""}, {""row_index"": 6, ""column_index"": 4, ""row_identifier_column"": ""Sample"", ""row_identifier_value"": ""Sample-C"", ""column"": ""Volume"", ""raw_value"": 24.5, ""display_value"": ""24.5 mL""}, {""row_index"": 7, ""column_index"": 4, ""row_identifier_column"": ""Sample"", ""row_identifier_value"": ""Sample-G"", ""column"": ""Volume"", ""raw_value"": 266.6, ""display_value"": ""266.6 mL""}, {""row_index"": 8, ""column_index"": 4, ""row_identifier_column"": ""Sample"", ""row_identifier_value"": ""Sample-H"", ""column"": ""Volume"", ""raw_value"": 183.4, ""display_value"": ""183.4 mL""}, {""row_index"": 9, ""column_index"": 4, ""row_identifier_column"": ""Sample"", ""row_identifier_value"": ""Sample-B"", ""column"": ""Volume"", ""raw_value"": 135.1, ""display_value"": ""135.1 mL""}]","{""target_column"": ""Volume"", ""column_allowed_for_operation"": true}","{""headers"": [""Density"", ""Sample"", ""Mass"", ""Conductivity"", ""Volume"", ""Temperature"", ""pH""], ""rows"": [[""1.93 g/mL"", ""Sample-F"", ""110.2 g"", ""7.91 mS/cm"", ""62.4 mL"", ""47.0 °C"", ""11.38""], [""2.46 g/mL"", ""Sample-A"", ""105.3 g"", ""16.60 mS/cm"", ""294.0 mL"", ""67.2 °C"", ""2.43""], [""3.12 g/mL"", ""Sample-K"", ""72.4 g"", ""0.44 mS/cm"", ""59.7 mL"", ""64.0 °C"", ""11.23""], [""1.06 g/mL"", ""Sample-J"", ""149.6 g"", ""11.33 mS/cm"", ""65.1 mL"", ""73.2 °C"", ""5.82""], [""1.33 g/mL"", ""Sample-L"", ""440.7 g"", ""13.45 mS/cm"", ""104.4 mL"", ""62.2 °C"", ""3.73""], [""1.56 g/mL"", ""Sample-D"", ""116.9 g"", ""15.86 mS/cm"", ""166.9 mL"", ""52.0 °C"", ""6.75""], [""1.14 g/mL"", ""Sample-C"", ""215.7 g"", ""24.62 mS/cm"", ""24.5 mL"", ""60.9 °C"", ""4.33""], [""3.01 g/mL"", ""Sample-G"", ""386.3 g"", ""0.59 mS/cm"", ""266.6 mL"", ""44.0 °C"", ""6.66""], [""2.54 g/mL"", ""Sample-H"", ""184.9 g"", ""9.17 mS/cm"", ""183.4 mL"", ""47.6 °C"", ""3.27""], [""2.75 g/mL"", ""Sample-B"", ""455.7 g"", ""21.12 mS/cm"", ""135.1 mL"", ""58.2 °C"", ""9.51""]]}"
A-L3-0011,3,column_sum,regional_sales,Add all values in the Retail orders column. What is the total?,"| Returns | Units sold | Ad spend | Retail orders | Region |
| --- | --- | --- | --- | --- |
| 142 units | 575 units | 47.9 kUSD | 2330 orders | Clearwater |
| 339 units | 8345 units | 43.8 kUSD | 4810 orders | Cedar |
| 88 units | 4902 units | 77.2 kUSD | 3345 orders | Lakeside |
| 291 units | 6672 units | 6.7 kUSD | 4096 orders | Riverton |
| 202 units | 6614 units | 48.3 kUSD | 4067 orders | Brookfield |
| 167 units | 5400 units | 149.9 kUSD | 736 orders | Fairview |","Answer the question using the table. Return only the final answer.

Table:
| Returns | Units sold | Ad spend | Retail orders | Region |
| --- | --- | --- | --- | --- |
| 142 units | 575 units | 47.9 kUSD | 2330 orders | Clearwater |
| 339 units | 8345 units | 43.8 kUSD | 4810 orders | Cedar |
| 88 units | 4902 units | 77.2 kUSD | 3345 orders | Lakeside |
| 291 units | 6672 units | 6.7 kUSD | 4096 orders | Riverton |
| 202 units | 6614 units | 48.3 kUSD | 4067 orders | Brookfield |
| 167 units | 5400 units | 149.9 kUSD | 736 orders | Fairview |

Question: Add all values in the Retail orders column. What is the total?",19384 orders,sum,6,Retail orders,"[{""row_index"": 0, ""column_index"": 3, ""row_identifier_column"": ""Region"", ""row_identifier_value"": ""Clearwater"", ""column"": ""Retail orders"", ""raw_value"": 2330.0, ""display_value"": ""2330 orders""}, {""row_index"": 1, ""column_index"": 3, ""row_identifier_column"": ""Region"", ""row_identifier_value"": ""Cedar"", ""column"": ""Retail orders"", ""raw_value"": 4810.0, ""display_value"": ""4810 orders""}, {""row_index"": 2, ""column_index"": 3, ""row_identifier_column"": ""Region"", ""row_identifier_value"": ""Lakeside"", ""column"": ""Retail orders"", ""raw_value"": 3345.0, ""display_value"": ""3345 orders""}, {""row_index"": 3, ""column_index"": 3, ""row_identifier_column"": ""Region"", ""row_identifier_value"": ""Riverton"", ""column"": ""Retail orders"", ""raw_value"": 4096.0, ""display_value"": ""4096 orders""}, {""row_index"": 4, ""column_index"": 3, ""row_identifier_column"": ""Region"", ""row_identifier_value"": ""Brookfield"", ""column"": ""Retail orders"", ""raw_value"": 4067.0, ""display_value"": ""4067 orders""}, {""row_index"": 5, ""column_index"": 3, ""row_identifier_column"": ""Region"", ""row_identifier_value"": ""Fairview"", ""column"": ""Retail orders"", ""raw_value"": 736.0, ""display_value"": ""736 orders""}]","{""target_column"": ""Retail orders"", ""column_allowed_for_operation"": true}","{""headers"": [""Returns"", ""Units sold"", ""Ad spend"", ""Retail orders"", ""Region""], ""rows"": [[""142 units"", ""575 units"", ""47.9 kUSD"", ""2330 orders"", ""Clearwater""], [""339 units"", ""8345 units"", ""43.8 kUSD"", ""4810 orders"", ""Cedar""], [""88 units"", ""4902 units"", ""77.2 kUSD"", ""3345 orders"", ""Lakeside""], [""291 units"", ""6672 units"", ""6.7 kUSD"", ""4096 orders"", ""Riverton""], [""202 units"", ""6614 units"", ""48.3 kUSD"", ""4067 orders"", ""Brookfield""], [""167 units"", ""5400 units"", ""149.9 kUSD"", ""736 orders"", ""Fairview""]]}"
A-L3-0012,3,count_condition,ml_benchmark,Count the rows where Energy use is less than 64.30 Wh.,"| F1 score | Model | Throughput | Latency | Memory usage | Energy use | Accuracy |
| --- | --- | --- | --- | --- | --- | --- |
| 58.3 % | Pulse | 404.7 req/s | 124.3 ms | 1.1 GB | 272.3 Wh | 99.0 % |
| 62.2 % | Helix | 308.5 req/s | 141.1 ms | 9.5 GB | 71.5 Wh | 79.0 % |
| 54.5 % | Quartz | 67.9 req/s | 97.4 ms | 5.2 GB | 59.8 Wh | 66.4 % |
| 94.2 % | Vertex | 39.2 req/s | 186.1 ms | 8.2 GB | 68.8 Wh | 64.6 % |
| 72.0 % | Atlas | 262.0 req/s | 128.9 ms | 4.1 GB | 391.0 Wh | 59.7 % |
| 47.4 % | Echo | 180.1 req/s | 130.1 ms | 6.9 GB | 346.6 Wh | 86.7 % |
| 81.6 % | Aurora | 179.3 req/s | 198.1 ms | 17.0 GB | 85.4 Wh | 92.0 % |
| 74.2 % | Sigma | 300.7 req/s | 52.4 ms | 11.9 GB | 395.9 Wh | 89.3 % |
| 72.4 % | Nova | 291.9 req/s | 86.0 ms | 10.2 GB | 123.2 Wh | 94.1 % |","Answer the question using the table. Return only the final answer.

Table:
| F1 score | Model | Throughput | Latency | Memory usage | Energy use | Accuracy |
| --- | --- | --- | --- | --- | --- | --- |
| 58.3 % | Pulse | 404.7 req/s | 124.3 ms | 1.1 GB | 272.3 Wh | 99.0 % |
| 62.2 % | Helix | 308.5 req/s | 141.1 ms | 9.5 GB | 71.5 Wh | 79.0 % |
| 54.5 % | Quartz | 67.9 req/s | 97.4 ms | 5.2 GB | 59.8 Wh | 66.4 % |
| 94.2 % | Vertex | 39.2 req/s | 186.1 ms | 8.2 GB | 68.8 Wh | 64.6 % |
| 72.0 % | Atlas | 262.0 req/s | 128.9 ms | 4.1 GB | 391.0 Wh | 59.7 % |
| 47.4 % | Echo | 180.1 req/s | 130.1 ms | 6.9 GB | 346.6 Wh | 86.7 % |
| 81.6 % | Aurora | 179.3 req/s | 198.1 ms | 17.0 GB | 85.4 Wh | 92.0 % |
| 74.2 % | Sigma | 300.7 req/s | 52.4 ms | 11.9 GB | 395.9 Wh | 89.3 % |
| 72.4 % | Nova | 291.9 req/s | 86.0 ms | 10.2 GB | 123.2 Wh | 94.1 % |

Question: Count the rows where Energy use is less than 64.30 Wh.",1,count_condition,9,Energy use,"[{""row_index"": 0, ""column_index"": 5, ""row_identifier_column"": ""Model"", ""row_identifier_value"": ""Pulse"", ""column"": ""Energy use"", ""raw_value"": 272.3, ""display_value"": ""272.3 Wh""}, {""row_index"": 1, ""column_index"": 5, ""row_identifier_column"": ""Model"", ""row_identifier_value"": ""Helix"", ""column"": ""Energy use"", ""raw_value"": 71.5, ""display_value"": ""71.5 Wh""}, {""row_index"": 2, ""column_index"": 5, ""row_identifier_column"": ""Model"", ""row_identifier_value"": ""Quartz"", ""column"": ""Energy use"", ""raw_value"": 59.8, ""display_value"": ""59.8 Wh""}, {""row_index"": 3, ""column_index"": 5, ""row_identifier_column"": ""Model"", ""row_identifier_value"": ""Vertex"", ""column"": ""Energy use"", ""raw_value"": 68.8, ""display_value"": ""68.8 Wh""}, {""row_index"": 4, ""column_index"": 5, ""row_identifier_column"": ""Model"", ""row_identifier_value"": ""Atlas"", ""column"": ""Energy use"", ""raw_value"": 391.0, ""display_value"": ""391.0 Wh""}, {""row_index"": 5, ""column_index"": 5, ""row_identifier_column"": ""Model"", ""row_identifier_value"": ""Echo"", ""column"": ""Energy use"", ""raw_value"": 346.6, ""display_value"": ""346.6 Wh""}, {""row_index"": 6, ""column_index"": 5, ""row_identifier_column"": ""Model"", ""row_identifier_value"": ""Aurora"", ""column"": ""Energy use"", ""raw_value"": 85.4, ""display_value"": ""85.4 Wh""}, {""row_index"": 7, ""column_index"": 5, ""row_identifier_column"": ""Model"", ""row_identifier_value"": ""Sigma"", ""column"": ""Energy use"", ""raw_value"": 395.9, ""display_value"": ""395.9 Wh""}, {""row_index"": 8, ""column_index"": 5, ""row_identifier_column"": ""Model"", ""row_identifier_value"": ""Nova"", ""column"": ""Energy use"", ""raw_value"": 123.2, ""display_value"": ""123.2 Wh""}]","{""target_column"": ""Energy use"", ""column_allowed_for_operation"": true, ""comparison"": ""less_than"", ""threshold_raw"": 64.3, ""threshold_display"": ""64.30 Wh""}","{""headers"": [""F1 score"", ""Model"", ""Throughput"", ""Latency"", ""Memory usage"", ""Energy use"", ""Accuracy""], ""rows"": [[""58.3 %"", ""Pulse"", ""404.7 req/s"", ""124.3 ms"", ""1.1 GB"", ""272.3 Wh"", ""99.0 %""], [""62.2 %"", ""Helix"", ""308.5 req/s"", ""141.1 ms"", ""9.5 GB"", ""71.5 Wh"", ""79.0 %""], [""54.5 %"", ""Quartz"", ""67.9 req/s"", ""97.4 ms"", ""5.2 GB"", ""59.8 Wh"", ""66.4 %""], [""94.2 %"", ""Vertex"", ""39.2 req/s"", ""186.1 ms"", ""8.2 GB"", ""68.8 Wh"", ""64.6 %""], [""72.0 %"", ""Atlas"", ""262.0 req/s"", ""128.9 ms"", ""4.1 GB"", ""391.0 Wh"", ""59.7 %""], [""47.4 %"", ""Echo"", ""180.1 req/s"", ""130.1 ms"", ""6.9 GB"", ""346.6 Wh"", ""86.7 %""], [""81.6 %"", ""Aurora"", ""179.3 req/s"", ""198.1 ms"", ""17.0 GB"", ""85.4 Wh"", ""92.0 %""], [""74.2 %"", ""Sigma"", ""300.7 req/s"", ""52.4 ms"", ""11.9 GB"", ""395.9 Wh"", ""89.3 %""], [""72.4 %"", ""Nova"", ""291.9 req/s"", ""86.0 ms"", ""10.2 GB"", ""123.2 Wh"", ""94.1 %""]]}"
A-L3-0013,3,column_sum,weather_stations,"According to the table, what is the sum of Rainfall for all entries?","| Wind speed | Station | Humidity | Rainfall | Pressure |
| --- | --- | --- | --- | --- |
| 30.6 m/s | Westhaven | 56 % | 96.0 mm | 989.1 hPa |
| 7.5 m/s | Pinehurst | 79 % | 24.0 mm | 943.5 hPa |
| 31.9 m/s | Orion | 93 % | 10.2 mm | 973.5 hPa |
| 8.4 m/s | Clearwater | 78 % | 60.8 mm | 1025.5 hPa |
| 32.2 m/s | Oakridge | 81 % | 117.3 mm | 1006.0 hPa |
| 22.8 m/s | Cedar | 73 % | 22.9 mm | 951.6 hPa |
| 26.3 m/s | Maple | 56 % | 74.9 mm | 1031.3 hPa |
| 19.4 m/s | Hillcrest | 30 % | 56.2 mm | 1023.0 hPa |
| 20.4 m/s | Fairview | 95 % | 60.5 mm | 955.7 hPa |","Answer the question using the table. Return only the final answer.

Table:
| Wind speed | Station | Humidity | Rainfall | Pressure |
| --- | --- | --- | --- | --- |
| 30.6 m/s | Westhaven | 56 % | 96.0 mm | 989.1 hPa |
| 7.5 m/s | Pinehurst | 79 % | 24.0 mm | 943.5 hPa |
| 31.9 m/s | Orion | 93 % | 10.2 mm | 973.5 hPa |
| 8.4 m/s | Clearwater | 78 % | 60.8 mm | 1025.5 hPa |
| 32.2 m/s | Oakridge | 81 % | 117.3 mm | 1006.0 hPa |
| 22.8 m/s | Cedar | 73 % | 22.9 mm | 951.6 hPa |
| 26.3 m/s | Maple | 56 % | 74.9 mm | 1031.3 hPa |
| 19.4 m/s | Hillcrest | 30 % | 56.2 mm | 1023.0 hPa |
| 20.4 m/s | Fairview | 95 % | 60.5 mm | 955.7 hPa |

Question: According to the table, what is the sum of Rainfall for all entries?",522.8 mm,sum,9,Rainfall,"[{""row_index"": 0, ""column_index"": 3, ""row_identifier_column"": ""Station"", ""row_identifier_value"": ""Westhaven"", ""column"": ""Rainfall"", ""raw_value"": 96.0, ""display_value"": ""96.0 mm""}, {""row_index"": 1, ""column_index"": 3, ""row_identifier_column"": ""Station"", ""row_identifier_value"": ""Pinehurst"", ""column"": ""Rainfall"", ""raw_value"": 24.0, ""display_value"": ""24.0 mm""}, {""row_index"": 2, ""column_index"": 3, ""row_identifier_column"": ""Station"", ""row_identifier_value"": ""Orion"", ""column"": ""Rainfall"", ""raw_value"": 10.2, ""display_value"": ""10.2 mm""}, {""row_index"": 3, ""column_index"": 3, ""row_identifier_column"": ""Station"", ""row_identifier_value"": ""Clearwater"", ""column"": ""Rainfall"", ""raw_value"": 60.8, ""display_value"": ""60.8 mm""}, {""row_index"": 4, ""column_index"": 3, ""row_identifier_column"": ""Station"", ""row_identifier_value"": ""Oakridge"", ""column"": ""Rainfall"", ""raw_value"": 117.3, ""display_value"": ""117.3 mm""}, {""row_index"": 5, ""column_index"": 3, ""row_identifier_column"": ""Station"", ""row_identifier_value"": ""Cedar"", ""column"": ""Rainfall"", ""raw_value"": 22.9, ""display_value"": ""22.9 mm""}, {""row_index"": 6, ""column_index"": 3, ""row_identifier_column"": ""Station"", ""row_identifier_value"": ""Maple"", ""column"": ""Rainfall"", ""raw_value"": 74.9, ""display_value"": ""74.9 mm""}, {""row_index"": 7, ""column_index"": 3, ""row_identifier_column"": ""Station"", ""row_identifier_value"": ""Hillcrest"", ""column"": ""Rainfall"", ""raw_value"": 56.2, ""display_value"": ""56.2 mm""}, {""row_index"": 8, ""column_index"": 3, ""row_identifier_column"": ""Station"", ""row_identifier_value"": ""Fairview"", ""column"": ""Rainfall"", ""raw_value"": 60.5, ""display_value"": ""60.5 mm""}]","{""target_column"": ""Rainfall"", ""column_allowed_for_operation"": true}","{""headers"": [""Wind speed"", ""Station"", ""Humidity"", ""Rainfall"", ""Pressure""], ""rows"": [[""30.6 m/s"", ""Westhaven"", ""56 %"", ""96.0 mm"", ""989.1 hPa""], [""7.5 m/s"", ""Pinehurst"", ""79 %"", ""24.0 mm"", ""943.5 hPa""], [""31.9 m/s"", ""Orion"", ""93 %"", ""10.2 mm"", ""973.5 hPa""], [""8.4 m/s"", ""Clearwater"", ""78 %"", ""60.8 mm"", ""1025.5 hPa""], [""32.2 m/s"", ""Oakridge"", ""81 %"", ""117.3 mm"", ""1006.0 hPa""], [""22.8 m/s"", ""Cedar"", ""73 %"", ""22.9 mm"", ""951.6 hPa""], [""26.3 m/s"", ""Maple"", ""56 %"", ""74.9 mm"", ""1031.3 hPa""], [""19.4 m/s"", ""Hillcrest"", ""30 %"", ""56.2 mm"", ""1023.0 hPa""], [""20.4 m/s"", ""Fairview"", ""95 %"", ""60.5 mm"", ""955.7 hPa""]]}"
A-L3-0014,3,argmin,flight_measurements,"According to the table, which pilot has the minimum Vertical speed?","| Vertical speed | Altitude | Ground speed | Pilot | Engine temperature |
| --- | --- | --- | --- | --- |
| 16.2 m/s | 3610 m | 174.3 km/h | Noah | 536 °C |
| -11.9 m/s | 10289 m | 258.2 km/h | Daniel | 703 °C |
| -12.6 m/s | 5512 m | 391.9 km/h | Sofia | 813 °C |
| 3.4 m/s | 698 m | 806.8 km/h | Lucas | 766 °C |
| -7.9 m/s | 11899 m | 322.9 km/h | Lena | 787 °C |","Answer the question using the table. Return only the final answer.

Table:
| Vertical speed | Altitude | Ground speed | Pilot | Engine temperature |
| --- | --- | --- | --- | --- |
| 16.2 m/s | 3610 m | 174.3 km/h | Noah | 536 °C |
| -11.9 m/s | 10289 m | 258.2 km/h | Daniel | 703 °C |
| -12.6 m/s | 5512 m | 391.9 km/h | Sofia | 813 °C |
| 3.4 m/s | 698 m | 806.8 km/h | Lucas | 766 °C |
| -7.9 m/s | 11899 m | 322.9 km/h | Lena | 787 °C |

Question: According to the table, which pilot has the minimum Vertical speed?",Sofia,argmin,5,Vertical speed,"[{""row_index"": 0, ""column_index"": 0, ""row_identifier_column"": ""Pilot"", ""row_identifier_value"": ""Noah"", ""column"": ""Vertical speed"", ""raw_value"": 16.2, ""display_value"": ""16.2 m/s""}, {""row_index"": 1, ""column_index"": 0, ""row_identifier_column"": ""Pilot"", ""row_identifier_value"": ""Daniel"", ""column"": ""Vertical speed"", ""raw_value"": -11.9, ""display_value"": ""-11.9 m/s""}, {""row_index"": 2, ""column_index"": 0, ""row_identifier_column"": ""Pilot"", ""row_identifier_value"": ""Sofia"", ""column"": ""Vertical speed"", ""raw_value"": -12.6, ""display_value"": ""-12.6 m/s""}, {""row_index"": 3, ""column_index"": 0, ""row_identifier_column"": ""Pilot"", ""row_identifier_value"": ""Lucas"", ""column"": ""Vertical speed"", ""raw_value"": 3.4, ""display_value"": ""3.4 m/s""}, {""row_index"": 4, ""column_index"": 0, ""row_identifier_column"": ""Pilot"", ""row_identifier_value"": ""Lena"", ""column"": ""Vertical speed"", ""raw_value"": -7.9, ""display_value"": ""-7.9 m/s""}]","{""target_column"": ""Vertical speed"", ""column_allowed_for_operation"": true}","{""headers"": [""Vertical speed"", ""Altitude"", ""Ground speed"", ""Pilot"", ""Engine temperature""], ""rows"": [[""16.2 m/s"", ""3610 m"", ""174.3 km/h"", ""Noah"", ""536 °C""], [""-11.9 m/s"", ""10289 m"", ""258.2 km/h"", ""Daniel"", ""703 °C""], [""-12.6 m/s"", ""5512 m"", ""391.9 km/h"", ""Sofia"", ""813 °C""], [""3.4 m/s"", ""698 m"", ""806.8 km/h"", ""Lucas"", ""766 °C""], [""-7.9 m/s"", ""11899 m"", ""322.9 km/h"", ""Lena"", ""787 °C""]]}"
A-L3-0015,3,argmin,weather_stations,Which station has the lowest Rainfall?,"| Wind speed | Rainfall | Humidity | Pressure | Visibility | Station |
| --- | --- | --- | --- | --- | --- |
| 31.7 m/s | 110.2 mm | 83 % | 946.5 hPa | 5.7 km | Orion |
| 15.4 m/s | 42.2 mm | 57 % | 1011.6 hPa | 10.0 km | Brookfield |
| 24.4 m/s | 90.4 mm | 83 % | 983.6 hPa | 18.2 km | Clearwater |
| 7.1 m/s | 76.5 mm | 18 % | 1018.3 hPa | 26.8 km | Lakeside |
| 11.3 m/s | 57.3 mm | 76 % | 958.8 hPa | 16.7 km | Oakridge |
| 35.0 m/s | 61.5 mm | 91 % | 1024.3 hPa | 6.9 km | Westhaven |
| 21.8 m/s | 86.2 mm | 89 % | 975.3 hPa | 13.7 km | Pinehurst |","Answer the question using the table. Return only the final answer.

Table:
| Wind speed | Rainfall | Humidity | Pressure | Visibility | Station |
| --- | --- | --- | --- | --- | --- |
| 31.7 m/s | 110.2 mm | 83 % | 946.5 hPa | 5.7 km | Orion |
| 15.4 m/s | 42.2 mm | 57 % | 1011.6 hPa | 10.0 km | Brookfield |
| 24.4 m/s | 90.4 mm | 83 % | 983.6 hPa | 18.2 km | Clearwater |
| 7.1 m/s | 76.5 mm | 18 % | 1018.3 hPa | 26.8 km | Lakeside |
| 11.3 m/s | 57.3 mm | 76 % | 958.8 hPa | 16.7 km | Oakridge |
| 35.0 m/s | 61.5 mm | 91 % | 1024.3 hPa | 6.9 km | Westhaven |
| 21.8 m/s | 86.2 mm | 89 % | 975.3 hPa | 13.7 km | Pinehurst |

Question: Which station has the lowest Rainfall?",Brookfield,argmin,7,Rainfall,"[{""row_index"": 0, ""column_index"": 1, ""row_identifier_column"": ""Station"", ""row_identifier_value"": ""Orion"", ""column"": ""Rainfall"", ""raw_value"": 110.2, ""display_value"": ""110.2 mm""}, {""row_index"": 1, ""column_index"": 1, ""row_identifier_column"": ""Station"", ""row_identifier_value"": ""Brookfield"", ""column"": ""Rainfall"", ""raw_value"": 42.2, ""display_value"": ""42.2 mm""}, {""row_index"": 2, ""column_index"": 1, ""row_identifier_column"": ""Station"", ""row_identifier_value"": ""Clearwater"", ""column"": ""Rainfall"", ""raw_value"": 90.4, ""display_value"": ""90.4 mm""}, {""row_index"": 3, ""column_index"": 1, ""row_identifier_column"": ""Station"", ""row_identifier_value"": ""Lakeside"", ""column"": ""Rainfall"", ""raw_value"": 76.5, ""display_value"": ""76.5 mm""}, {""row_index"": 4, ""column_index"": 1, ""row_identifier_column"": ""Station"", ""row_identifier_value"": ""Oakridge"", ""column"": ""Rainfall"", ""raw_value"": 57.3, ""display_value"": ""57.3 mm""}, {""row_index"": 5, ""column_index"": 1, ""row_identifier_column"": ""Station"", ""row_identifier_value"": ""Westhaven"", ""column"": ""Rainfall"", ""raw_value"": 61.5, ""display_value"": ""61.5 mm""}, {""row_index"": 6, ""column_index"": 1, ""row_identifier_column"": ""Station"", ""row_identifier_value"": ""Pinehurst"", ""column"": ""Rainfall"", ""raw_value"": 86.2, ""display_value"": ""86.2 mm""}]","{""target_column"": ""Rainfall"", ""column_allowed_for_operation"": true}","{""headers"": [""Wind speed"", ""Rainfall"", ""Humidity"", ""Pressure"", ""Visibility"", ""Station""], ""rows"": [[""31.7 m/s"", ""110.2 mm"", ""83 %"", ""946.5 hPa"", ""5.7 km"", ""Orion""], [""15.4 m/s"", ""42.2 mm"", ""57 %"", ""1011.6 hPa"", ""10.0 km"", ""Brookfield""], [""24.4 m/s"", ""90.4 mm"", ""83 %"", ""983.6 hPa"", ""18.2 km"", ""Clearwater""], [""7.1 m/s"", ""76.5 mm"", ""18 %"", ""1018.3 hPa"", ""26.8 km"", ""Lakeside""], [""11.3 m/s"", ""57.3 mm"", ""76 %"", ""958.8 hPa"", ""16.7 km"", ""Oakridge""], [""35.0 m/s"", ""61.5 mm"", ""91 %"", ""1024.3 hPa"", ""6.9 km"", ""Westhaven""], [""21.8 m/s"", ""86.2 mm"", ""89 %"", ""975.3 hPa"", ""13.7 km"", ""Pinehurst""]]}"
A-L3-0016,3,column_sum,race_telemetry,What is the total Pit time across all rows?,"| Pit time | Lap time | Tire temperature | Top speed | Fuel remaining | Driver | Brake temperature |
| --- | --- | --- | --- | --- | --- | --- |
| 1.51 s | 87.21 s | 101.6 °C | 171.5 km/h | 40.5 L | Sam | 626 °C |
| 43.15 s | 133.65 s | 129.2 °C | 237.3 km/h | 53.8 L | Nora | 891 °C |
| 19.61 s | 77.03 s | 144.5 °C | 332.5 km/h | 13.3 L | Emma | 481 °C |
| 26.08 s | 147.10 s | 110.9 °C | 242.8 km/h | 17.4 L | Ava | 292 °C |
| 38.15 s | 148.50 s | 75.4 °C | 249.0 km/h | 76.9 L | Sofia | 515 °C |
| 39.80 s | 58.36 s | 78.7 °C | 277.9 km/h | 75.8 L | Julia | 542 °C |
| 18.98 s | 63.28 s | 129.7 °C | 345.2 km/h | 58.1 L | Hana | 611 °C |","Answer the question using the table. Return only the final answer.

Table:
| Pit time | Lap time | Tire temperature | Top speed | Fuel remaining | Driver | Brake temperature |
| --- | --- | --- | --- | --- | --- | --- |
| 1.51 s | 87.21 s | 101.6 °C | 171.5 km/h | 40.5 L | Sam | 626 °C |
| 43.15 s | 133.65 s | 129.2 °C | 237.3 km/h | 53.8 L | Nora | 891 °C |
| 19.61 s | 77.03 s | 144.5 °C | 332.5 km/h | 13.3 L | Emma | 481 °C |
| 26.08 s | 147.10 s | 110.9 °C | 242.8 km/h | 17.4 L | Ava | 292 °C |
| 38.15 s | 148.50 s | 75.4 °C | 249.0 km/h | 76.9 L | Sofia | 515 °C |
| 39.80 s | 58.36 s | 78.7 °C | 277.9 km/h | 75.8 L | Julia | 542 °C |
| 18.98 s | 63.28 s | 129.7 °C | 345.2 km/h | 58.1 L | Hana | 611 °C |

Question: What is the total Pit time across all rows?",187.28 s,sum,7,Pit time,"[{""row_index"": 0, ""column_index"": 0, ""row_identifier_column"": ""Driver"", ""row_identifier_value"": ""Sam"", ""column"": ""Pit time"", ""raw_value"": 1.51, ""display_value"": ""1.51 s""}, {""row_index"": 1, ""column_index"": 0, ""row_identifier_column"": ""Driver"", ""row_identifier_value"": ""Nora"", ""column"": ""Pit time"", ""raw_value"": 43.15, ""display_value"": ""43.15 s""}, {""row_index"": 2, ""column_index"": 0, ""row_identifier_column"": ""Driver"", ""row_identifier_value"": ""Emma"", ""column"": ""Pit time"", ""raw_value"": 19.61, ""display_value"": ""19.61 s""}, {""row_index"": 3, ""column_index"": 0, ""row_identifier_column"": ""Driver"", ""row_identifier_value"": ""Ava"", ""column"": ""Pit time"", ""raw_value"": 26.08, ""display_value"": ""26.08 s""}, {""row_index"": 4, ""column_index"": 0, ""row_identifier_column"": ""Driver"", ""row_identifier_value"": ""Sofia"", ""column"": ""Pit time"", ""raw_value"": 38.15, ""display_value"": ""38.15 s""}, {""row_index"": 5, ""column_index"": 0, ""row_identifier_column"": ""Driver"", ""row_identifier_value"": ""Julia"", ""column"": ""Pit time"", ""raw_value"": 39.8, ""display_value"": ""39.80 s""}, {""row_index"": 6, ""column_index"": 0, ""row_identifier_column"": ""Driver"", ""row_identifier_value"": ""Hana"", ""column"": ""Pit time"", ""raw_value"": 18.98, ""display_value"": ""18.98 s""}]","{""target_column"": ""Pit time"", ""column_allowed_for_operation"": true}","{""headers"": [""Pit time"", ""Lap time"", ""Tire temperature"", ""Top speed"", ""Fuel remaining"", ""Driver"", ""Brake temperature""], ""rows"": [[""1.51 s"", ""87.21 s"", ""101.6 °C"", ""171.5 km/h"", ""40.5 L"", ""Sam"", ""626 °C""], [""43.15 s"", ""133.65 s"", ""129.2 °C"", ""237.3 km/h"", ""53.8 L"", ""Nora"", ""891 °C""], [""19.61 s"", ""77.03 s"", ""144.5 °C"", ""332.5 km/h"", ""13.3 L"", ""Emma"", ""481 °C""], [""26.08 s"", ""147.10 s"", ""110.9 °C"", ""242.8 km/h"", ""17.4 L"", ""Ava"", ""292 °C""], [""38.15 s"", ""148.50 s"", ""75.4 °C"", ""249.0 km/h"", ""76.9 L"", ""Sofia"", ""515 °C""], [""39.80 s"", ""58.36 s"", ""78.7 °C"", ""277.9 km/h"", ""75.8 L"", ""Julia"", ""542 °C""], [""18.98 s"", ""63.28 s"", ""129.7 °C"", ""345.2 km/h"", ""58.1 L"", ""Hana"", ""611 °C""]]}"
A-L3-0017,3,argmin,lab_measurements,Find the sample with the smallest Conductivity.,"| Sample | Conductivity | Temperature | Mass | pH | Volume |
| --- | --- | --- | --- | --- | --- |
| Sample-K | 7.55 mS/cm | 53.0 °C | 389.1 g | 5.25 | 298.5 mL |
| Sample-D | 16.75 mS/cm | 33.9 °C | 398.8 g | 5.13 | 57.3 mL |
| Sample-F | 10.89 mS/cm | 63.3 °C | 308.7 g | 7.93 | 135.5 mL |
| Sample-A | 11.99 mS/cm | 44.0 °C | 81.8 g | 10.33 | 68.0 mL |
| Sample-G | 4.34 mS/cm | 64.5 °C | 474.5 g | 4.33 | 80.9 mL |
| Sample-E | 7.43 mS/cm | 74.9 °C | 372.4 g | 9.64 | 91.0 mL |
| Sample-C | 13.20 mS/cm | 53.2 °C | 258.4 g | 10.66 | 186.5 mL |","Answer the question using the table. Return only the final answer.

Table:
| Sample | Conductivity | Temperature | Mass | pH | Volume |
| --- | --- | --- | --- | --- | --- |
| Sample-K | 7.55 mS/cm | 53.0 °C | 389.1 g | 5.25 | 298.5 mL |
| Sample-D | 16.75 mS/cm | 33.9 °C | 398.8 g | 5.13 | 57.3 mL |
| Sample-F | 10.89 mS/cm | 63.3 °C | 308.7 g | 7.93 | 135.5 mL |
| Sample-A | 11.99 mS/cm | 44.0 °C | 81.8 g | 10.33 | 68.0 mL |
| Sample-G | 4.34 mS/cm | 64.5 °C | 474.5 g | 4.33 | 80.9 mL |
| Sample-E | 7.43 mS/cm | 74.9 °C | 372.4 g | 9.64 | 91.0 mL |
| Sample-C | 13.20 mS/cm | 53.2 °C | 258.4 g | 10.66 | 186.5 mL |

Question: Find the sample with the smallest Conductivity.",Sample-G,argmin,7,Conductivity,"[{""row_index"": 0, ""column_index"": 1, ""row_identifier_column"": ""Sample"", ""row_identifier_value"": ""Sample-K"", ""column"": ""Conductivity"", ""raw_value"": 7.55, ""display_value"": ""7.55 mS/cm""}, {""row_index"": 1, ""column_index"": 1, ""row_identifier_column"": ""Sample"", ""row_identifier_value"": ""Sample-D"", ""column"": ""Conductivity"", ""raw_value"": 16.75, ""display_value"": ""16.75 mS/cm""}, {""row_index"": 2, ""column_index"": 1, ""row_identifier_column"": ""Sample"", ""row_identifier_value"": ""Sample-F"", ""column"": ""Conductivity"", ""raw_value"": 10.89, ""display_value"": ""10.89 mS/cm""}, {""row_index"": 3, ""column_index"": 1, ""row_identifier_column"": ""Sample"", ""row_identifier_value"": ""Sample-A"", ""column"": ""Conductivity"", ""raw_value"": 11.99, ""display_value"": ""11.99 mS/cm""}, {""row_index"": 4, ""column_index"": 1, ""row_identifier_column"": ""Sample"", ""row_identifier_value"": ""Sample-G"", ""column"": ""Conductivity"", ""raw_value"": 4.34, ""display_value"": ""4.34 mS/cm""}, {""row_index"": 5, ""column_index"": 1, ""row_identifier_column"": ""Sample"", ""row_identifier_value"": ""Sample-E"", ""column"": ""Conductivity"", ""raw_value"": 7.43, ""display_value"": ""7.43 mS/cm""}, {""row_index"": 6, ""column_index"": 1, ""row_identifier_column"": ""Sample"", ""row_identifier_value"": ""Sample-C"", ""column"": ""Conductivity"", ""raw_value"": 13.2, ""display_value"": ""13.20 mS/cm""}]","{""target_column"": ""Conductivity"", ""column_allowed_for_operation"": true}","{""headers"": [""Sample"", ""Conductivity"", ""Temperature"", ""Mass"", ""pH"", ""Volume""], ""rows"": [[""Sample-K"", ""7.55 mS/cm"", ""53.0 °C"", ""389.1 g"", ""5.25"", ""298.5 mL""], [""Sample-D"", ""16.75 mS/cm"", ""33.9 °C"", ""398.8 g"", ""5.13"", ""57.3 mL""], [""Sample-F"", ""10.89 mS/cm"", ""63.3 °C"", ""308.7 g"", ""7.93"", ""135.5 mL""], [""Sample-A"", ""11.99 mS/cm"", ""44.0 °C"", ""81.8 g"", ""10.33"", ""68.0 mL""], [""Sample-G"", ""4.34 mS/cm"", ""64.5 °C"", ""474.5 g"", ""4.33"", ""80.9 mL""], [""Sample-E"", ""7.43 mS/cm"", ""74.9 °C"", ""372.4 g"", ""9.64"", ""91.0 mL""], [""Sample-C"", ""13.20 mS/cm"", ""53.2 °C"", ""258.4 g"", ""10.66"", ""186.5 mL""]]}"
A-L3-0018,3,column_sum,lab_measurements,What is the total Volume across all rows?,"| Volume | Density | Temperature | pH | Sample | Mass |
| --- | --- | --- | --- | --- | --- |
| 216.9 mL | 2.48 g/mL | 33.7 °C | 5.56 | Sample-A | 160.5 g |
| 205.6 mL | 1.75 g/mL | 16.1 °C | 8.96 | Sample-L | 489.2 g |
| 241.1 mL | 2.13 g/mL | 47.1 °C | 11.36 | Sample-F | 24.6 g |
| 93.5 mL | 1.55 g/mL | 36.1 °C | 4.51 | Sample-K | 83.2 g |
| 64.6 mL | 3.74 g/mL | 38.7 °C | 7.31 | Sample-C | 96.2 g |
| 129.0 mL | 3.66 g/mL | 36.6 °C | 2.57 | Sample-I | 90.1 g |
| 207.1 mL | 2.64 g/mL | 72.5 °C | 9.07 | Sample-B | 19.9 g |","Answer the question using the table. Return only the final answer.

Table:
| Volume | Density | Temperature | pH | Sample | Mass |
| --- | --- | --- | --- | --- | --- |
| 216.9 mL | 2.48 g/mL | 33.7 °C | 5.56 | Sample-A | 160.5 g |
| 205.6 mL | 1.75 g/mL | 16.1 °C | 8.96 | Sample-L | 489.2 g |
| 241.1 mL | 2.13 g/mL | 47.1 °C | 11.36 | Sample-F | 24.6 g |
| 93.5 mL | 1.55 g/mL | 36.1 °C | 4.51 | Sample-K | 83.2 g |
| 64.6 mL | 3.74 g/mL | 38.7 °C | 7.31 | Sample-C | 96.2 g |
| 129.0 mL | 3.66 g/mL | 36.6 °C | 2.57 | Sample-I | 90.1 g |
| 207.1 mL | 2.64 g/mL | 72.5 °C | 9.07 | Sample-B | 19.9 g |

Question: What is the total Volume across all rows?",1157.8 mL,sum,7,Volume,"[{""row_index"": 0, ""column_index"": 0, ""row_identifier_column"": ""Sample"", ""row_identifier_value"": ""Sample-A"", ""column"": ""Volume"", ""raw_value"": 216.9, ""display_value"": ""216.9 mL""}, {""row_index"": 1, ""column_index"": 0, ""row_identifier_column"": ""Sample"", ""row_identifier_value"": ""Sample-L"", ""column"": ""Volume"", ""raw_value"": 205.6, ""display_value"": ""205.6 mL""}, {""row_index"": 2, ""column_index"": 0, ""row_identifier_column"": ""Sample"", ""row_identifier_value"": ""Sample-F"", ""column"": ""Volume"", ""raw_value"": 241.1, ""display_value"": ""241.1 mL""}, {""row_index"": 3, ""column_index"": 0, ""row_identifier_column"": ""Sample"", ""row_identifier_value"": ""Sample-K"", ""column"": ""Volume"", ""raw_value"": 93.5, ""display_value"": ""93.5 mL""}, {""row_index"": 4, ""column_index"": 0, ""row_identifier_column"": ""Sample"", ""row_identifier_value"": ""Sample-C"", ""column"": ""Volume"", ""raw_value"": 64.6, ""display_value"": ""64.6 mL""}, {""row_index"": 5, ""column_index"": 0, ""row_identifier_column"": ""Sample"", ""row_identifier_value"": ""Sample-I"", ""column"": ""Volume"", ""raw_value"": 129.0, ""display_value"": ""129.0 mL""}, {""row_index"": 6, ""column_index"": 0, ""row_identifier_column"": ""Sample"", ""row_identifier_value"": ""Sample-B"", ""column"": ""Volume"", ""raw_value"": 207.1, ""display_value"": ""207.1 mL""}]","{""target_column"": ""Volume"", ""column_allowed_for_operation"": true}","{""headers"": [""Volume"", ""Density"", ""Temperature"", ""pH"", ""Sample"", ""Mass""], ""rows"": [[""216.9 mL"", ""2.48 g/mL"", ""33.7 °C"", ""5.56"", ""Sample-A"", ""160.5 g""], [""205.6 mL"", ""1.75 g/mL"", ""16.1 °C"", ""8.96"", ""Sample-L"", ""489.2 g""], [""241.1 mL"", ""2.13 g/mL"", ""47.1 °C"", ""11.36"", ""Sample-F"", ""24.6 g""], [""93.5 mL"", ""1.55 g/mL"", ""36.1 °C"", ""4.51"", ""Sample-K"", ""83.2 g""], [""64.6 mL"", ""3.74 g/mL"", ""38.7 °C"", ""7.31"", ""Sample-C"", ""96.2 g""], [""129.0 mL"", ""3.66 g/mL"", ""36.6 °C"", ""2.57"", ""Sample-I"", ""90.1 g""], [""207.1 mL"", ""2.64 g/mL"", ""72.5 °C"", ""9.07"", ""Sample-B"", ""19.9 g""]]}"
A-L3-0019,3,column_average,lab_measurements,What is the average pH across all rows?,"| Mass | Volume | pH | Sample | Conductivity |
| --- | --- | --- | --- | --- |
| 126.6 g | 172.3 mL | 11.47 | Sample-E | 13.74 mS/cm |
| 15.5 g | 35.3 mL | 3.95 | Sample-A | 23.04 mS/cm |
| 85.1 g | 232.0 mL | 5.83 | Sample-J | 23.17 mS/cm |
| 400.8 g | 159.6 mL | 8.76 | Sample-D | 18.58 mS/cm |
| 209.4 g | 221.4 mL | 7.04 | Sample-I | 20.90 mS/cm |
| 407.7 g | 126.5 mL | 11.35 | Sample-C | 13.50 mS/cm |
| 254.4 g | 219.2 mL | 10.72 | Sample-H | 10.10 mS/cm |
| 244.2 g | 24.1 mL | 4.18 | Sample-B | 8.31 mS/cm |
| 211.9 g | 238.6 mL | 7.54 | Sample-L | 4.39 mS/cm |
| 105.1 g | 9.1 mL | 11.05 | Sample-K | 10.15 mS/cm |","Answer the question using the table. Return only the final answer.

Table:
| Mass | Volume | pH | Sample | Conductivity |
| --- | --- | --- | --- | --- |
| 126.6 g | 172.3 mL | 11.47 | Sample-E | 13.74 mS/cm |
| 15.5 g | 35.3 mL | 3.95 | Sample-A | 23.04 mS/cm |
| 85.1 g | 232.0 mL | 5.83 | Sample-J | 23.17 mS/cm |
| 400.8 g | 159.6 mL | 8.76 | Sample-D | 18.58 mS/cm |
| 209.4 g | 221.4 mL | 7.04 | Sample-I | 20.90 mS/cm |
| 407.7 g | 126.5 mL | 11.35 | Sample-C | 13.50 mS/cm |
| 254.4 g | 219.2 mL | 10.72 | Sample-H | 10.10 mS/cm |
| 244.2 g | 24.1 mL | 4.18 | Sample-B | 8.31 mS/cm |
| 211.9 g | 238.6 mL | 7.54 | Sample-L | 4.39 mS/cm |
| 105.1 g | 9.1 mL | 11.05 | Sample-K | 10.15 mS/cm |

Question: What is the average pH across all rows?",8.19,mean,10,pH,"[{""row_index"": 0, ""column_index"": 2, ""row_identifier_column"": ""Sample"", ""row_identifier_value"": ""Sample-E"", ""column"": ""pH"", ""raw_value"": 11.47, ""display_value"": ""11.47""}, {""row_index"": 1, ""column_index"": 2, ""row_identifier_column"": ""Sample"", ""row_identifier_value"": ""Sample-A"", ""column"": ""pH"", ""raw_value"": 3.95, ""display_value"": ""3.95""}, {""row_index"": 2, ""column_index"": 2, ""row_identifier_column"": ""Sample"", ""row_identifier_value"": ""Sample-J"", ""column"": ""pH"", ""raw_value"": 5.83, ""display_value"": ""5.83""}, {""row_index"": 3, ""column_index"": 2, ""row_identifier_column"": ""Sample"", ""row_identifier_value"": ""Sample-D"", ""column"": ""pH"", ""raw_value"": 8.76, ""display_value"": ""8.76""}, {""row_index"": 4, ""column_index"": 2, ""row_identifier_column"": ""Sample"", ""row_identifier_value"": ""Sample-I"", ""column"": ""pH"", ""raw_value"": 7.04, ""display_value"": ""7.04""}, {""row_index"": 5, ""column_index"": 2, ""row_identifier_column"": ""Sample"", ""row_identifier_value"": ""Sample-C"", ""column"": ""pH"", ""raw_value"": 11.35, ""display_value"": ""11.35""}, {""row_index"": 6, ""column_index"": 2, ""row_identifier_column"": ""Sample"", ""row_identifier_value"": ""Sample-H"", ""column"": ""pH"", ""raw_value"": 10.72, ""display_value"": ""10.72""}, {""row_index"": 7, ""column_index"": 2, ""row_identifier_column"": ""Sample"", ""row_identifier_value"": ""Sample-B"", ""column"": ""pH"", ""raw_value"": 4.18, ""display_value"": ""4.18""}, {""row_index"": 8, ""column_index"": 2, ""row_identifier_column"": ""Sample"", ""row_identifier_value"": ""Sample-L"", ""column"": ""pH"", ""raw_value"": 7.54, ""display_value"": ""7.54""}, {""row_index"": 9, ""column_index"": 2, ""row_identifier_column"": ""Sample"", ""row_identifier_value"": ""Sample-K"", ""column"": ""pH"", ""raw_value"": 11.05, ""display_value"": ""11.05""}]","{""target_column"": ""pH"", ""column_allowed_for_operation"": true, ""answer_digits"": 2}","{""headers"": [""Mass"", ""Volume"", ""pH"", ""Sample"", ""Conductivity""], ""rows"": [[""126.6 g"", ""172.3 mL"", ""11.47"", ""Sample-E"", ""13.74 mS/cm""], [""15.5 g"", ""35.3 mL"", ""3.95"", ""Sample-A"", ""23.04 mS/cm""], [""85.1 g"", ""232.0 mL"", ""5.83"", ""Sample-J"", ""23.17 mS/cm""], [""400.8 g"", ""159.6 mL"", ""8.76"", ""Sample-D"", ""18.58 mS/cm""], [""209.4 g"", ""221.4 mL"", ""7.04"", ""Sample-I"", ""20.90 mS/cm""], [""407.7 g"", ""126.5 mL"", ""11.35"", ""Sample-C"", ""13.50 mS/cm""], [""254.4 g"", ""219.2 mL"", ""10.72"", ""Sample-H"", ""10.10 mS/cm""], [""244.2 g"", ""24.1 mL"", ""4.18"", ""Sample-B"", ""8.31 mS/cm""], [""211.9 g"", ""238.6 mL"", ""7.54"", ""Sample-L"", ""4.39 mS/cm""], [""105.1 g"", ""9.1 mL"", ""11.05"", ""Sample-K"", ""10.15 mS/cm""]]}"
A-L3-0020,3,column_average,battery_tests,Calculate the mean Capacity of all entries in the table.,"| Charge cycles | Voltage | Internal resistance | Capacity | Cell | State of health | Temperature |
| --- | --- | --- | --- | --- | --- | --- |
| 917 cycles | 4.18 V | 154.4 mΩ | 5094 mAh | Cell-F2 | 80.6 % | 53.4 °C |
| 885 cycles | 2.89 V | 29.3 mΩ | 5425 mAh | Cell-A1 | 97.8 % | 32.8 °C |
| 728 cycles | 2.96 V | 104.8 mΩ | 4077 mAh | Cell-E1 | 85.9 % | 34.2 °C |
| 1009 cycles | 3.54 V | 65.3 mΩ | 5078 mAh | Cell-B1 | 53.0 % | 66.9 °C |
| 1004 cycles | 4.01 V | 145.4 mΩ | 1680 mAh | Cell-F1 | 52.8 % | 15.7 °C |
| 1237 cycles | 3.18 V | 132.3 mΩ | 3309 mAh | Cell-C2 | 66.5 % | 51.4 °C |
| 1212 cycles | 2.87 V | 64.9 mΩ | 5181 mAh | Cell-D2 | 52.4 % | 28.7 °C |
| 481 cycles | 3.08 V | 118.9 mΩ | 1216 mAh | Cell-D1 | 83.1 % | 42.6 °C |
| 239 cycles | 4.16 V | 87.8 mΩ | 5140 mAh | Cell-B2 | 78.2 % | 17.4 °C |","Answer the question using the table. Return only the final answer.

Table:
| Charge cycles | Voltage | Internal resistance | Capacity | Cell | State of health | Temperature |
| --- | --- | --- | --- | --- | --- | --- |
| 917 cycles | 4.18 V | 154.4 mΩ | 5094 mAh | Cell-F2 | 80.6 % | 53.4 °C |
| 885 cycles | 2.89 V | 29.3 mΩ | 5425 mAh | Cell-A1 | 97.8 % | 32.8 °C |
| 728 cycles | 2.96 V | 104.8 mΩ | 4077 mAh | Cell-E1 | 85.9 % | 34.2 °C |
| 1009 cycles | 3.54 V | 65.3 mΩ | 5078 mAh | Cell-B1 | 53.0 % | 66.9 °C |
| 1004 cycles | 4.01 V | 145.4 mΩ | 1680 mAh | Cell-F1 | 52.8 % | 15.7 °C |
| 1237 cycles | 3.18 V | 132.3 mΩ | 3309 mAh | Cell-C2 | 66.5 % | 51.4 °C |
| 1212 cycles | 2.87 V | 64.9 mΩ | 5181 mAh | Cell-D2 | 52.4 % | 28.7 °C |
| 481 cycles | 3.08 V | 118.9 mΩ | 1216 mAh | Cell-D1 | 83.1 % | 42.6 °C |
| 239 cycles | 4.16 V | 87.8 mΩ | 5140 mAh | Cell-B2 | 78.2 % | 17.4 °C |

Question: Calculate the mean Capacity of all entries in the table.",4022.22 mAh,mean,9,Capacity,"[{""row_index"": 0, ""column_index"": 3, ""row_identifier_column"": ""Cell"", ""row_identifier_value"": ""Cell-F2"", ""column"": ""Capacity"", ""raw_value"": 5094.0, ""display_value"": ""5094 mAh""}, {""row_index"": 1, ""column_index"": 3, ""row_identifier_column"": ""Cell"", ""row_identifier_value"": ""Cell-A1"", ""column"": ""Capacity"", ""raw_value"": 5425.0, ""display_value"": ""5425 mAh""}, {""row_index"": 2, ""column_index"": 3, ""row_identifier_column"": ""Cell"", ""row_identifier_value"": ""Cell-E1"", ""column"": ""Capacity"", ""raw_value"": 4077.0, ""display_value"": ""4077 mAh""}, {""row_index"": 3, ""column_index"": 3, ""row_identifier_column"": ""Cell"", ""row_identifier_value"": ""Cell-B1"", ""column"": ""Capacity"", ""raw_value"": 5078.0, ""display_value"": ""5078 mAh""}, {""row_index"": 4, ""column_index"": 3, ""row_identifier_column"": ""Cell"", ""row_identifier_value"": ""Cell-F1"", ""column"": ""Capacity"", ""raw_value"": 1680.0, ""display_value"": ""1680 mAh""}, {""row_index"": 5, ""column_index"": 3, ""row_identifier_column"": ""Cell"", ""row_identifier_value"": ""Cell-C2"", ""column"": ""Capacity"", ""raw_value"": 3309.0, ""display_value"": ""3309 mAh""}, {""row_index"": 6, ""column_index"": 3, ""row_identifier_column"": ""Cell"", ""row_identifier_value"": ""Cell-D2"", ""column"": ""Capacity"", ""raw_value"": 5181.0, ""display_value"": ""5181 mAh""}, {""row_index"": 7, ""column_index"": 3, ""row_identifier_column"": ""Cell"", ""row_identifier_value"": ""Cell-D1"", ""column"": ""Capacity"", ""raw_value"": 1216.0, ""display_value"": ""1216 mAh""}, {""row_index"": 8, ""column_index"": 3, ""row_identifier_column"": ""Cell"", ""row_identifier_value"": ""Cell-B2"", ""column"": ""Capacity"", ""raw_value"": 5140.0, ""display_value"": ""5140 mAh""}]","{""target_column"": ""Capacity"", ""column_allowed_for_operation"": true, ""answer_digits"": 2}","{""headers"": [""Charge cycles"", ""Voltage"", ""Internal resistance"", ""Capacity"", ""Cell"", ""State of health"", ""Temperature""], ""rows"": [[""917 cycles"", ""4.18 V"", ""154.4 mΩ"", ""5094 mAh"", ""Cell-F2"", ""80.6 %"", ""53.4 °C""], [""885 cycles"", ""2.89 V"", ""29.3 mΩ"", ""5425 mAh"", ""Cell-A1"", ""97.8 %"", ""32.8 °C""], [""728 cycles"", ""2.96 V"", ""104.8 mΩ"", ""4077 mAh"", ""Cell-E1"", ""85.9 %"", ""34.2 °C""], [""1009 cycles"", ""3.54 V"", ""65.3 mΩ"", ""5078 mAh"", ""Cell-B1"", ""53.0 %"", ""66.9 °C""], [""1004 cycles"", ""4.01 V"", ""145.4 mΩ"", ""1680 mAh"", ""Cell-F1"", ""52.8 %"", ""15.7 °C""], [""1237 cycles"", ""3.18 V"", ""132.3 mΩ"", ""3309 mAh"", ""Cell-C2"", ""66.5 %"", ""51.4 °C""], [""1212 cycles"", ""2.87 V"", ""64.9 mΩ"", ""5181 mAh"", ""Cell-D2"", ""52.4 %"", ""28.7 °C""], [""481 cycles"", ""3.08 V"", ""118.9 mΩ"", ""1216 mAh"", ""Cell-D1"", ""83.1 %"", ""42.6 °C""], [""239 cycles"", ""4.16 V"", ""87.8 mΩ"", ""5140 mAh"", ""Cell-B2"", ""78.2 %"", ""17.4 °C""]]}"
A-L3-0021,3,column_sum,flight_measurements,What is the total Fuel across all rows?,"| Cabin pressure | Vertical speed | Ground speed | Pilot | Engine temperature | Fuel |
| --- | --- | --- | --- | --- | --- |
| 83.8 kPa | 8.7 m/s | 699.5 km/h | Hana | 532 °C | 7620 kg |
| 75.2 kPa | 14.4 m/s | 351.3 km/h | Ava | 724 °C | 11531 kg |
| 73.5 kPa | 9.3 m/s | 495.9 km/h | Ryan | 566 °C | 4728 kg |
| 92.3 kPa | 15.9 m/s | 430.9 km/h | Iris | 459 °C | 4082 kg |
| 93.7 kPa | -13.4 m/s | 865.1 km/h | Yuna | 494 °C | 2353 kg |
| 93.6 kPa | 4.8 m/s | 774.1 km/h | Sam | 499 °C | 467 kg |
| 84.5 kPa | 13.3 m/s | 667.9 km/h | Theo | 567 °C | 7562 kg |","Answer the question using the table. Return only the final answer.

Table:
| Cabin pressure | Vertical speed | Ground speed | Pilot | Engine temperature | Fuel |
| --- | --- | --- | --- | --- | --- |
| 83.8 kPa | 8.7 m/s | 699.5 km/h | Hana | 532 °C | 7620 kg |
| 75.2 kPa | 14.4 m/s | 351.3 km/h | Ava | 724 °C | 11531 kg |
| 73.5 kPa | 9.3 m/s | 495.9 km/h | Ryan | 566 °C | 4728 kg |
| 92.3 kPa | 15.9 m/s | 430.9 km/h | Iris | 459 °C | 4082 kg |
| 93.7 kPa | -13.4 m/s | 865.1 km/h | Yuna | 494 °C | 2353 kg |
| 93.6 kPa | 4.8 m/s | 774.1 km/h | Sam | 499 °C | 467 kg |
| 84.5 kPa | 13.3 m/s | 667.9 km/h | Theo | 567 °C | 7562 kg |

Question: What is the total Fuel across all rows?",38343 kg,sum,7,Fuel,"[{""row_index"": 0, ""column_index"": 5, ""row_identifier_column"": ""Pilot"", ""row_identifier_value"": ""Hana"", ""column"": ""Fuel"", ""raw_value"": 7620.0, ""display_value"": ""7620 kg""}, {""row_index"": 1, ""column_index"": 5, ""row_identifier_column"": ""Pilot"", ""row_identifier_value"": ""Ava"", ""column"": ""Fuel"", ""raw_value"": 11531.0, ""display_value"": ""11531 kg""}, {""row_index"": 2, ""column_index"": 5, ""row_identifier_column"": ""Pilot"", ""row_identifier_value"": ""Ryan"", ""column"": ""Fuel"", ""raw_value"": 4728.0, ""display_value"": ""4728 kg""}, {""row_index"": 3, ""column_index"": 5, ""row_identifier_column"": ""Pilot"", ""row_identifier_value"": ""Iris"", ""column"": ""Fuel"", ""raw_value"": 4082.0, ""display_value"": ""4082 kg""}, {""row_index"": 4, ""column_index"": 5, ""row_identifier_column"": ""Pilot"", ""row_identifier_value"": ""Yuna"", ""column"": ""Fuel"", ""raw_value"": 2353.0, ""display_value"": ""2353 kg""}, {""row_index"": 5, ""column_index"": 5, ""row_identifier_column"": ""Pilot"", ""row_identifier_value"": ""Sam"", ""column"": ""Fuel"", ""raw_value"": 467.0, ""display_value"": ""467 kg""}, {""row_index"": 6, ""column_index"": 5, ""row_identifier_column"": ""Pilot"", ""row_identifier_value"": ""Theo"", ""column"": ""Fuel"", ""raw_value"": 7562.0, ""display_value"": ""7562 kg""}]","{""target_column"": ""Fuel"", ""column_allowed_for_operation"": true}","{""headers"": [""Cabin pressure"", ""Vertical speed"", ""Ground speed"", ""Pilot"", ""Engine temperature"", ""Fuel""], ""rows"": [[""83.8 kPa"", ""8.7 m/s"", ""699.5 km/h"", ""Hana"", ""532 °C"", ""7620 kg""], [""75.2 kPa"", ""14.4 m/s"", ""351.3 km/h"", ""Ava"", ""724 °C"", ""11531 kg""], [""73.5 kPa"", ""9.3 m/s"", ""495.9 km/h"", ""Ryan"", ""566 °C"", ""4728 kg""], [""92.3 kPa"", ""15.9 m/s"", ""430.9 km/h"", ""Iris"", ""459 °C"", ""4082 kg""], [""93.7 kPa"", ""-13.4 m/s"", ""865.1 km/h"", ""Yuna"", ""494 °C"", ""2353 kg""], [""93.6 kPa"", ""4.8 m/s"", ""774.1 km/h"", ""Sam"", ""499 °C"", ""467 kg""], [""84.5 kPa"", ""13.3 m/s"", ""667.9 km/h"", ""Theo"", ""567 °C"", ""7562 kg""]]}"
A-L3-0022,3,argmin,regional_sales,Which region has the lowest Revenue?,"| Online orders | Region | Units sold | Retail orders | Revenue | Returns | Ad spend |
| --- | --- | --- | --- | --- | --- | --- |
| 1078 orders | Orion | 8679 units | 3034 orders | 830.5 kUSD | 394 units | 33.9 kUSD |
| 4729 orders | Westhaven | 4943 units | 876 orders | 167.0 kUSD | 268 units | 11.1 kUSD |
| 4143 orders | Lakeside | 6040 units | 4822 orders | 87.1 kUSD | 365 units | 215.0 kUSD |
| 1364 orders | Oakridge | 1259 units | 2588 orders | 684.9 kUSD | 206 units | 195.8 kUSD |
| 3987 orders | Cedar | 8529 units | 1692 orders | 641.2 kUSD | 96 units | 127.7 kUSD |
| 1605 orders | Clearwater | 2806 units | 3653 orders | 104.6 kUSD | 149 units | 134.5 kUSD |
| 3698 orders | Hillcrest | 4215 units | 1344 orders | 700.8 kUSD | 447 units | 22.8 kUSD |","Answer the question using the table. Return only the final answer.

Table:
| Online orders | Region | Units sold | Retail orders | Revenue | Returns | Ad spend |
| --- | --- | --- | --- | --- | --- | --- |
| 1078 orders | Orion | 8679 units | 3034 orders | 830.5 kUSD | 394 units | 33.9 kUSD |
| 4729 orders | Westhaven | 4943 units | 876 orders | 167.0 kUSD | 268 units | 11.1 kUSD |
| 4143 orders | Lakeside | 6040 units | 4822 orders | 87.1 kUSD | 365 units | 215.0 kUSD |
| 1364 orders | Oakridge | 1259 units | 2588 orders | 684.9 kUSD | 206 units | 195.8 kUSD |
| 3987 orders | Cedar | 8529 units | 1692 orders | 641.2 kUSD | 96 units | 127.7 kUSD |
| 1605 orders | Clearwater | 2806 units | 3653 orders | 104.6 kUSD | 149 units | 134.5 kUSD |
| 3698 orders | Hillcrest | 4215 units | 1344 orders | 700.8 kUSD | 447 units | 22.8 kUSD |

Question: Which region has the lowest Revenue?",Lakeside,argmin,7,Revenue,"[{""row_index"": 0, ""column_index"": 4, ""row_identifier_column"": ""Region"", ""row_identifier_value"": ""Orion"", ""column"": ""Revenue"", ""raw_value"": 830.5, ""display_value"": ""830.5 kUSD""}, {""row_index"": 1, ""column_index"": 4, ""row_identifier_column"": ""Region"", ""row_identifier_value"": ""Westhaven"", ""column"": ""Revenue"", ""raw_value"": 167.0, ""display_value"": ""167.0 kUSD""}, {""row_index"": 2, ""column_index"": 4, ""row_identifier_column"": ""Region"", ""row_identifier_value"": ""Lakeside"", ""column"": ""Revenue"", ""raw_value"": 87.1, ""display_value"": ""87.1 kUSD""}, {""row_index"": 3, ""column_index"": 4, ""row_identifier_column"": ""Region"", ""row_identifier_value"": ""Oakridge"", ""column"": ""Revenue"", ""raw_value"": 684.9, ""display_value"": ""684.9 kUSD""}, {""row_index"": 4, ""column_index"": 4, ""row_identifier_column"": ""Region"", ""row_identifier_value"": ""Cedar"", ""column"": ""Revenue"", ""raw_value"": 641.2, ""display_value"": ""641.2 kUSD""}, {""row_index"": 5, ""column_index"": 4, ""row_identifier_column"": ""Region"", ""row_identifier_value"": ""Clearwater"", ""column"": ""Revenue"", ""raw_value"": 104.6, ""display_value"": ""104.6 kUSD""}, {""row_index"": 6, ""column_index"": 4, ""row_identifier_column"": ""Region"", ""row_identifier_value"": ""Hillcrest"", ""column"": ""Revenue"", ""raw_value"": 700.8, ""display_value"": ""700.8 kUSD""}]","{""target_column"": ""Revenue"", ""column_allowed_for_operation"": true}","{""headers"": [""Online orders"", ""Region"", ""Units sold"", ""Retail orders"", ""Revenue"", ""Returns"", ""Ad spend""], ""rows"": [[""1078 orders"", ""Orion"", ""8679 units"", ""3034 orders"", ""830.5 kUSD"", ""394 units"", ""33.9 kUSD""], [""4729 orders"", ""Westhaven"", ""4943 units"", ""876 orders"", ""167.0 kUSD"", ""268 units"", ""11.1 kUSD""], [""4143 orders"", ""Lakeside"", ""6040 units"", ""4822 orders"", ""87.1 kUSD"", ""365 units"", ""215.0 kUSD""], [""1364 orders"", ""Oakridge"", ""1259 units"", ""2588 orders"", ""684.9 kUSD"", ""206 units"", ""195.8 kUSD""], [""3987 orders"", ""Cedar"", ""8529 units"", ""1692 orders"", ""641.2 kUSD"", ""96 units"", ""127.7 kUSD""], [""1605 orders"", ""Clearwater"", ""2806 units"", ""3653 orders"", ""104.6 kUSD"", ""149 units"", ""134.5 kUSD""], [""3698 orders"", ""Hillcrest"", ""4215 units"", ""1344 orders"", ""700.8 kUSD"", ""447 units"", ""22.8 kUSD""]]}"
A-L3-0023,3,column_sum,flight_measurements,What is the total Fuel across all rows?,"| Altitude | Engine temperature | Fuel | Pilot | Ground speed |
| --- | --- | --- | --- | --- |
| 6143 m | 637 °C | 1212 kg | David | 546.8 km/h |
| 10122 m | 877 °C | 11264 kg | Leo | 901.0 km/h |
| 7868 m | 876 °C | 2671 kg | Sam | 150.3 km/h |
| 2798 m | 935 °C | 7844 kg | Julia | 919.5 km/h |
| 9357 m | 709 °C | 3833 kg | Ryan | 291.7 km/h |
| 9669 m | 912 °C | 10318 kg | Theo | 336.5 km/h |","Answer the question using the table. Return only the final answer.

Table:
| Altitude | Engine temperature | Fuel | Pilot | Ground speed |
| --- | --- | --- | --- | --- |
| 6143 m | 637 °C | 1212 kg | David | 546.8 km/h |
| 10122 m | 877 °C | 11264 kg | Leo | 901.0 km/h |
| 7868 m | 876 °C | 2671 kg | Sam | 150.3 km/h |
| 2798 m | 935 °C | 7844 kg | Julia | 919.5 km/h |
| 9357 m | 709 °C | 3833 kg | Ryan | 291.7 km/h |
| 9669 m | 912 °C | 10318 kg | Theo | 336.5 km/h |

Question: What is the total Fuel across all rows?",37142 kg,sum,6,Fuel,"[{""row_index"": 0, ""column_index"": 2, ""row_identifier_column"": ""Pilot"", ""row_identifier_value"": ""David"", ""column"": ""Fuel"", ""raw_value"": 1212.0, ""display_value"": ""1212 kg""}, {""row_index"": 1, ""column_index"": 2, ""row_identifier_column"": ""Pilot"", ""row_identifier_value"": ""Leo"", ""column"": ""Fuel"", ""raw_value"": 11264.0, ""display_value"": ""11264 kg""}, {""row_index"": 2, ""column_index"": 2, ""row_identifier_column"": ""Pilot"", ""row_identifier_value"": ""Sam"", ""column"": ""Fuel"", ""raw_value"": 2671.0, ""display_value"": ""2671 kg""}, {""row_index"": 3, ""column_index"": 2, ""row_identifier_column"": ""Pilot"", ""row_identifier_value"": ""Julia"", ""column"": ""Fuel"", ""raw_value"": 7844.0, ""display_value"": ""7844 kg""}, {""row_index"": 4, ""column_index"": 2, ""row_identifier_column"": ""Pilot"", ""row_identifier_value"": ""Ryan"", ""column"": ""Fuel"", ""raw_value"": 3833.0, ""display_value"": ""3833 kg""}, {""row_index"": 5, ""column_index"": 2, ""row_identifier_column"": ""Pilot"", ""row_identifier_value"": ""Theo"", ""column"": ""Fuel"", ""raw_value"": 10318.0, ""display_value"": ""10318 kg""}]","{""target_column"": ""Fuel"", ""column_allowed_for_operation"": true}","{""headers"": [""Altitude"", ""Engine temperature"", ""Fuel"", ""Pilot"", ""Ground speed""], ""rows"": [[""6143 m"", ""637 °C"", ""1212 kg"", ""David"", ""546.8 km/h""], [""10122 m"", ""877 °C"", ""11264 kg"", ""Leo"", ""901.0 km/h""], [""7868 m"", ""876 °C"", ""2671 kg"", ""Sam"", ""150.3 km/h""], [""2798 m"", ""935 °C"", ""7844 kg"", ""Julia"", ""919.5 km/h""], [""9357 m"", ""709 °C"", ""3833 kg"", ""Ryan"", ""291.7 km/h""], [""9669 m"", ""912 °C"", ""10318 kg"", ""Theo"", ""336.5 km/h""]]}"
A-L3-0024,3,column_sum,sports_statistics,"According to the table, what is the sum of Fouls for all entries?","| Fouls | Points | Possession | Team | Passes | Shots |
| --- | --- | --- | --- | --- | --- |
| 11 fouls | 109 points | 43.7 % | Cyclones | 198 passes | 128 shots |
| 6 fouls | 65 points | 36.6 % | Dragons | 636 passes | 72 shots |
| 34 fouls | 70 points | 60.1 % | Wolves | 433 passes | 199 shots |
| 26 fouls | 92 points | 57.5 % | Knights | 234 passes | 237 shots |
| 27 fouls | 79 points | 37.6 % | Panthers | 755 passes | 124 shots |
| 13 fouls | 78 points | 69.5 % | Hawks | 468 passes | 31 shots |","Answer the question using the table. Return only the final answer.

Table:
| Fouls | Points | Possession | Team | Passes | Shots |
| --- | --- | --- | --- | --- | --- |
| 11 fouls | 109 points | 43.7 % | Cyclones | 198 passes | 128 shots |
| 6 fouls | 65 points | 36.6 % | Dragons | 636 passes | 72 shots |
| 34 fouls | 70 points | 60.1 % | Wolves | 433 passes | 199 shots |
| 26 fouls | 92 points | 57.5 % | Knights | 234 passes | 237 shots |
| 27 fouls | 79 points | 37.6 % | Panthers | 755 passes | 124 shots |
| 13 fouls | 78 points | 69.5 % | Hawks | 468 passes | 31 shots |

Question: According to the table, what is the sum of Fouls for all entries?",117 fouls,sum,6,Fouls,"[{""row_index"": 0, ""column_index"": 0, ""row_identifier_column"": ""Team"", ""row_identifier_value"": ""Cyclones"", ""column"": ""Fouls"", ""raw_value"": 11.0, ""display_value"": ""11 fouls""}, {""row_index"": 1, ""column_index"": 0, ""row_identifier_column"": ""Team"", ""row_identifier_value"": ""Dragons"", ""column"": ""Fouls"", ""raw_value"": 6.0, ""display_value"": ""6 fouls""}, {""row_index"": 2, ""column_index"": 0, ""row_identifier_column"": ""Team"", ""row_identifier_value"": ""Wolves"", ""column"": ""Fouls"", ""raw_value"": 34.0, ""display_value"": ""34 fouls""}, {""row_index"": 3, ""column_index"": 0, ""row_identifier_column"": ""Team"", ""row_identifier_value"": ""Knights"", ""column"": ""Fouls"", ""raw_value"": 26.0, ""display_value"": ""26 fouls""}, {""row_index"": 4, ""column_index"": 0, ""row_identifier_column"": ""Team"", ""row_identifier_value"": ""Panthers"", ""column"": ""Fouls"", ""raw_value"": 27.0, ""display_value"": ""27 fouls""}, {""row_index"": 5, ""column_index"": 0, ""row_identifier_column"": ""Team"", ""row_identifier_value"": ""Hawks"", ""column"": ""Fouls"", ""raw_value"": 13.0, ""display_value"": ""13 fouls""}]","{""target_column"": ""Fouls"", ""column_allowed_for_operation"": true}","{""headers"": [""Fouls"", ""Points"", ""Possession"", ""Team"", ""Passes"", ""Shots""], ""rows"": [[""11 fouls"", ""109 points"", ""43.7 %"", ""Cyclones"", ""198 passes"", ""128 shots""], [""6 fouls"", ""65 points"", ""36.6 %"", ""Dragons"", ""636 passes"", ""72 shots""], [""34 fouls"", ""70 points"", ""60.1 %"", ""Wolves"", ""433 passes"", ""199 shots""], [""26 fouls"", ""92 points"", ""57.5 %"", ""Knights"", ""234 passes"", ""237 shots""], [""27 fouls"", ""79 points"", ""37.6 %"", ""Panthers"", ""755 passes"", ""124 shots""], [""13 fouls"", ""78 points"", ""69.5 %"", ""Hawks"", ""468 passes"", ""31 shots""]]}"
A-L3-0025,3,argmax,sports_statistics,Which team has the highest Possession?,"| Fouls | Team | Passes | Points | Goals scored | Possession | Shots |
| --- | --- | --- | --- | --- | --- | --- |
| 16 fouls | Tigers | 631 passes | 44 points | 80 goals | 51.6 % | 109 shots |
| 28 fouls | Panthers | 506 passes | 86 points | 92 goals | 31.5 % | 101 shots |
| 28 fouls | Ravens | 407 passes | 51 points | 39 goals | 61.8 % | 170 shots |
| 3 fouls | Sharks | 153 passes | 22 points | 61 goals | 49.1 % | 89 shots |
| 28 fouls | Wolves | 617 passes | 45 points | 38 goals | 43.0 % | 58 shots |
| 9 fouls | Cyclones | 337 passes | 50 points | 91 goals | 60.7 % | 66 shots |
| 5 fouls | Falcons | 533 passes | 42 points | 6 goals | 67.7 % | 65 shots |","Answer the question using the table. Return only the final answer.

Table:
| Fouls | Team | Passes | Points | Goals scored | Possession | Shots |
| --- | --- | --- | --- | --- | --- | --- |
| 16 fouls | Tigers | 631 passes | 44 points | 80 goals | 51.6 % | 109 shots |
| 28 fouls | Panthers | 506 passes | 86 points | 92 goals | 31.5 % | 101 shots |
| 28 fouls | Ravens | 407 passes | 51 points | 39 goals | 61.8 % | 170 shots |
| 3 fouls | Sharks | 153 passes | 22 points | 61 goals | 49.1 % | 89 shots |
| 28 fouls | Wolves | 617 passes | 45 points | 38 goals | 43.0 % | 58 shots |
| 9 fouls | Cyclones | 337 passes | 50 points | 91 goals | 60.7 % | 66 shots |
| 5 fouls | Falcons | 533 passes | 42 points | 6 goals | 67.7 % | 65 shots |

Question: Which team has the highest Possession?",Falcons,argmax,7,Possession,"[{""row_index"": 0, ""column_index"": 5, ""row_identifier_column"": ""Team"", ""row_identifier_value"": ""Tigers"", ""column"": ""Possession"", ""raw_value"": 51.6, ""display_value"": ""51.6 %""}, {""row_index"": 1, ""column_index"": 5, ""row_identifier_column"": ""Team"", ""row_identifier_value"": ""Panthers"", ""column"": ""Possession"", ""raw_value"": 31.5, ""display_value"": ""31.5 %""}, {""row_index"": 2, ""column_index"": 5, ""row_identifier_column"": ""Team"", ""row_identifier_value"": ""Ravens"", ""column"": ""Possession"", ""raw_value"": 61.8, ""display_value"": ""61.8 %""}, {""row_index"": 3, ""column_index"": 5, ""row_identifier_column"": ""Team"", ""row_identifier_value"": ""Sharks"", ""column"": ""Possession"", ""raw_value"": 49.1, ""display_value"": ""49.1 %""}, {""row_index"": 4, ""column_index"": 5, ""row_identifier_column"": ""Team"", ""row_identifier_value"": ""Wolves"", ""column"": ""Possession"", ""raw_value"": 43.0, ""display_value"": ""43.0 %""}, {""row_index"": 5, ""column_index"": 5, ""row_identifier_column"": ""Team"", ""row_identifier_value"": ""Cyclones"", ""column"": ""Possession"", ""raw_value"": 60.7, ""display_value"": ""60.7 %""}, {""row_index"": 6, ""column_index"": 5, ""row_identifier_column"": ""Team"", ""row_identifier_value"": ""Falcons"", ""column"": ""Possession"", ""raw_value"": 67.7, ""display_value"": ""67.7 %""}]","{""target_column"": ""Possession"", ""column_allowed_for_operation"": true}","{""headers"": [""Fouls"", ""Team"", ""Passes"", ""Points"", ""Goals scored"", ""Possession"", ""Shots""], ""rows"": [[""16 fouls"", ""Tigers"", ""631 passes"", ""44 points"", ""80 goals"", ""51.6 %"", ""109 shots""], [""28 fouls"", ""Panthers"", ""506 passes"", ""86 points"", ""92 goals"", ""31.5 %"", ""101 shots""], [""28 fouls"", ""Ravens"", ""407 passes"", ""51 points"", ""39 goals"", ""61.8 %"", ""170 shots""], [""3 fouls"", ""Sharks"", ""153 passes"", ""22 points"", ""61 goals"", ""49.1 %"", ""89 shots""], [""28 fouls"", ""Wolves"", ""617 passes"", ""45 points"", ""38 goals"", ""43.0 %"", ""58 shots""], [""9 fouls"", ""Cyclones"", ""337 passes"", ""50 points"", ""91 goals"", ""60.7 %"", ""66 shots""], [""5 fouls"", ""Falcons"", ""533 passes"", ""42 points"", ""6 goals"", ""67.7 %"", ""65 shots""]]}"
A-L3-0026,3,column_average,regional_sales,What is the average Retail orders across all rows?,"| Region | Retail orders | Revenue | Returns | Online orders |
| --- | --- | --- | --- | --- |
| Brookfield | 2552 orders | 126.0 kUSD | 371 units | 3284 orders |
| Lakeside | 2685 orders | 712.1 kUSD | 0 units | 700 orders |
| Cedar | 1974 orders | 207.8 kUSD | 384 units | 2410 orders |
| Fairview | 1516 orders | 984.4 kUSD | 335 units | 1052 orders |
| Riverton | 4217 orders | 356.9 kUSD | 295 units | 4568 orders |
| Oakridge | 4877 orders | 711.9 kUSD | 292 units | 3918 orders |
| Westhaven | 970 orders | 703.4 kUSD | 72 units | 646 orders |
| Clearwater | 4725 orders | 862.2 kUSD | 299 units | 4404 orders |
| Hillcrest | 2345 orders | 487.5 kUSD | 370 units | 4983 orders |","Answer the question using the table. Return only the final answer.

Table:
| Region | Retail orders | Revenue | Returns | Online orders |
| --- | --- | --- | --- | --- |
| Brookfield | 2552 orders | 126.0 kUSD | 371 units | 3284 orders |
| Lakeside | 2685 orders | 712.1 kUSD | 0 units | 700 orders |
| Cedar | 1974 orders | 207.8 kUSD | 384 units | 2410 orders |
| Fairview | 1516 orders | 984.4 kUSD | 335 units | 1052 orders |
| Riverton | 4217 orders | 356.9 kUSD | 295 units | 4568 orders |
| Oakridge | 4877 orders | 711.9 kUSD | 292 units | 3918 orders |
| Westhaven | 970 orders | 703.4 kUSD | 72 units | 646 orders |
| Clearwater | 4725 orders | 862.2 kUSD | 299 units | 4404 orders |
| Hillcrest | 2345 orders | 487.5 kUSD | 370 units | 4983 orders |

Question: What is the average Retail orders across all rows?",2873.44 orders,mean,9,Retail orders,"[{""row_index"": 0, ""column_index"": 1, ""row_identifier_column"": ""Region"", ""row_identifier_value"": ""Brookfield"", ""column"": ""Retail orders"", ""raw_value"": 2552.0, ""display_value"": ""2552 orders""}, {""row_index"": 1, ""column_index"": 1, ""row_identifier_column"": ""Region"", ""row_identifier_value"": ""Lakeside"", ""column"": ""Retail orders"", ""raw_value"": 2685.0, ""display_value"": ""2685 orders""}, {""row_index"": 2, ""column_index"": 1, ""row_identifier_column"": ""Region"", ""row_identifier_value"": ""Cedar"", ""column"": ""Retail orders"", ""raw_value"": 1974.0, ""display_value"": ""1974 orders""}, {""row_index"": 3, ""column_index"": 1, ""row_identifier_column"": ""Region"", ""row_identifier_value"": ""Fairview"", ""column"": ""Retail orders"", ""raw_value"": 1516.0, ""display_value"": ""1516 orders""}, {""row_index"": 4, ""column_index"": 1, ""row_identifier_column"": ""Region"", ""row_identifier_value"": ""Riverton"", ""column"": ""Retail orders"", ""raw_value"": 4217.0, ""display_value"": ""4217 orders""}, {""row_index"": 5, ""column_index"": 1, ""row_identifier_column"": ""Region"", ""row_identifier_value"": ""Oakridge"", ""column"": ""Retail orders"", ""raw_value"": 4877.0, ""display_value"": ""4877 orders""}, {""row_index"": 6, ""column_index"": 1, ""row_identifier_column"": ""Region"", ""row_identifier_value"": ""Westhaven"", ""column"": ""Retail orders"", ""raw_value"": 970.0, ""display_value"": ""970 orders""}, {""row_index"": 7, ""column_index"": 1, ""row_identifier_column"": ""Region"", ""row_identifier_value"": ""Clearwater"", ""column"": ""Retail orders"", ""raw_value"": 4725.0, ""display_value"": ""4725 orders""}, {""row_index"": 8, ""column_index"": 1, ""row_identifier_column"": ""Region"", ""row_identifier_value"": ""Hillcrest"", ""column"": ""Retail orders"", ""raw_value"": 2345.0, ""display_value"": ""2345 orders""}]","{""target_column"": ""Retail orders"", ""column_allowed_for_operation"": true, ""answer_digits"": 2}","{""headers"": [""Region"", ""Retail orders"", ""Revenue"", ""Returns"", ""Online orders""], ""rows"": [[""Brookfield"", ""2552 orders"", ""126.0 kUSD"", ""371 units"", ""3284 orders""], [""Lakeside"", ""2685 orders"", ""712.1 kUSD"", ""0 units"", ""700 orders""], [""Cedar"", ""1974 orders"", ""207.8 kUSD"", ""384 units"", ""2410 orders""], [""Fairview"", ""1516 orders"", ""984.4 kUSD"", ""335 units"", ""1052 orders""], [""Riverton"", ""4217 orders"", ""356.9 kUSD"", ""295 units"", ""4568 orders""], [""Oakridge"", ""4877 orders"", ""711.9 kUSD"", ""292 units"", ""3918 orders""], [""Westhaven"", ""970 orders"", ""703.4 kUSD"", ""72 units"", ""646 orders""], [""Clearwater"", ""4725 orders"", ""862.2 kUSD"", ""299 units"", ""4404 orders""], [""Hillcrest"", ""2345 orders"", ""487.5 kUSD"", ""370 units"", ""4983 orders""]]}"
A-L3-0027,3,column_average,lab_measurements,What is the average Volume across all rows?,"| pH | Volume | Conductivity | Sample | Mass | Density | Temperature |
| --- | --- | --- | --- | --- | --- | --- |
| 10.09 | 126.3 mL | 8.03 mS/cm | Sample-E | 417.7 g | 2.80 g/mL | 16.1 °C |
| 4.99 | 29.5 mL | 1.06 mS/cm | Sample-F | 168.4 g | 1.98 g/mL | 63.2 °C |
| 7.45 | 163.8 mL | 23.59 mS/cm | Sample-I | 347.7 g | 0.97 g/mL | 70.2 °C |
| 10.93 | 269.1 mL | 4.87 mS/cm | Sample-D | 85.4 g | 3.11 g/mL | 7.1 °C |
| 5.02 | 17.2 mL | 1.64 mS/cm | Sample-B | 52.8 g | 3.95 g/mL | 58.5 °C |","Answer the question using the table. Return only the final answer.

Table:
| pH | Volume | Conductivity | Sample | Mass | Density | Temperature |
| --- | --- | --- | --- | --- | --- | --- |
| 10.09 | 126.3 mL | 8.03 mS/cm | Sample-E | 417.7 g | 2.80 g/mL | 16.1 °C |
| 4.99 | 29.5 mL | 1.06 mS/cm | Sample-F | 168.4 g | 1.98 g/mL | 63.2 °C |
| 7.45 | 163.8 mL | 23.59 mS/cm | Sample-I | 347.7 g | 0.97 g/mL | 70.2 °C |
| 10.93 | 269.1 mL | 4.87 mS/cm | Sample-D | 85.4 g | 3.11 g/mL | 7.1 °C |
| 5.02 | 17.2 mL | 1.64 mS/cm | Sample-B | 52.8 g | 3.95 g/mL | 58.5 °C |

Question: What is the average Volume across all rows?",121.18 mL,mean,5,Volume,"[{""row_index"": 0, ""column_index"": 1, ""row_identifier_column"": ""Sample"", ""row_identifier_value"": ""Sample-E"", ""column"": ""Volume"", ""raw_value"": 126.3, ""display_value"": ""126.3 mL""}, {""row_index"": 1, ""column_index"": 1, ""row_identifier_column"": ""Sample"", ""row_identifier_value"": ""Sample-F"", ""column"": ""Volume"", ""raw_value"": 29.5, ""display_value"": ""29.5 mL""}, {""row_index"": 2, ""column_index"": 1, ""row_identifier_column"": ""Sample"", ""row_identifier_value"": ""Sample-I"", ""column"": ""Volume"", ""raw_value"": 163.8, ""display_value"": ""163.8 mL""}, {""row_index"": 3, ""column_index"": 1, ""row_identifier_column"": ""Sample"", ""row_identifier_value"": ""Sample-D"", ""column"": ""Volume"", ""raw_value"": 269.1, ""display_value"": ""269.1 mL""}, {""row_index"": 4, ""column_index"": 1, ""row_identifier_column"": ""Sample"", ""row_identifier_value"": ""Sample-B"", ""column"": ""Volume"", ""raw_value"": 17.2, ""display_value"": ""17.2 mL""}]","{""target_column"": ""Volume"", ""column_allowed_for_operation"": true, ""answer_digits"": 2}","{""headers"": [""pH"", ""Volume"", ""Conductivity"", ""Sample"", ""Mass"", ""Density"", ""Temperature""], ""rows"": [[""10.09"", ""126.3 mL"", ""8.03 mS/cm"", ""Sample-E"", ""417.7 g"", ""2.80 g/mL"", ""16.1 °C""], [""4.99"", ""29.5 mL"", ""1.06 mS/cm"", ""Sample-F"", ""168.4 g"", ""1.98 g/mL"", ""63.2 °C""], [""7.45"", ""163.8 mL"", ""23.59 mS/cm"", ""Sample-I"", ""347.7 g"", ""0.97 g/mL"", ""70.2 °C""], [""10.93"", ""269.1 mL"", ""4.87 mS/cm"", ""Sample-D"", ""85.4 g"", ""3.11 g/mL"", ""7.1 °C""], [""5.02"", ""17.2 mL"", ""1.64 mS/cm"", ""Sample-B"", ""52.8 g"", ""3.95 g/mL"", ""58.5 °C""]]}"
A-L3-0028,3,count_condition,weather_stations,"According to the table, how many entries have Temperature less than 33.30 °C?","| Visibility | Wind speed | Temperature | Pressure | Rainfall | Humidity | Station |
| --- | --- | --- | --- | --- | --- | --- |
| 21.9 km | 28.7 m/s | 20.1 °C | 951.9 hPa | 53.1 mm | 48 % | Brookfield |
| 20.9 km | 10.5 m/s | 34.8 °C | 1002.2 hPa | 14.1 mm | 69 % | Westhaven |
| 8.9 km | 21.7 m/s | 26.5 °C | 952.7 hPa | 4.8 mm | 76 % | Maple |
| 8.1 km | 30.6 m/s | 0.2 °C | 961.0 hPa | 107.3 mm | 62 % | Cedar |
| 1.1 km | 23.1 m/s | 18.8 °C | 957.7 hPa | 6.5 mm | 67 % | Hillcrest |
| 7.5 km | 32.1 m/s | 31.8 °C | 1005.7 hPa | 2.0 mm | 29 % | Oakridge |
| 19.1 km | 16.0 m/s | -4.7 °C | 997.1 hPa | 44.9 mm | 78 % | Fairview |","Answer the question using the table. Return only the final answer.

Table:
| Visibility | Wind speed | Temperature | Pressure | Rainfall | Humidity | Station |
| --- | --- | --- | --- | --- | --- | --- |
| 21.9 km | 28.7 m/s | 20.1 °C | 951.9 hPa | 53.1 mm | 48 % | Brookfield |
| 20.9 km | 10.5 m/s | 34.8 °C | 1002.2 hPa | 14.1 mm | 69 % | Westhaven |
| 8.9 km | 21.7 m/s | 26.5 °C | 952.7 hPa | 4.8 mm | 76 % | Maple |
| 8.1 km | 30.6 m/s | 0.2 °C | 961.0 hPa | 107.3 mm | 62 % | Cedar |
| 1.1 km | 23.1 m/s | 18.8 °C | 957.7 hPa | 6.5 mm | 67 % | Hillcrest |
| 7.5 km | 32.1 m/s | 31.8 °C | 1005.7 hPa | 2.0 mm | 29 % | Oakridge |
| 19.1 km | 16.0 m/s | -4.7 °C | 997.1 hPa | 44.9 mm | 78 % | Fairview |

Question: According to the table, how many entries have Temperature less than 33.30 °C?",6,count_condition,7,Temperature,"[{""row_index"": 0, ""column_index"": 2, ""row_identifier_column"": ""Station"", ""row_identifier_value"": ""Brookfield"", ""column"": ""Temperature"", ""raw_value"": 20.1, ""display_value"": ""20.1 °C""}, {""row_index"": 1, ""column_index"": 2, ""row_identifier_column"": ""Station"", ""row_identifier_value"": ""Westhaven"", ""column"": ""Temperature"", ""raw_value"": 34.8, ""display_value"": ""34.8 °C""}, {""row_index"": 2, ""column_index"": 2, ""row_identifier_column"": ""Station"", ""row_identifier_value"": ""Maple"", ""column"": ""Temperature"", ""raw_value"": 26.5, ""display_value"": ""26.5 °C""}, {""row_index"": 3, ""column_index"": 2, ""row_identifier_column"": ""Station"", ""row_identifier_value"": ""Cedar"", ""column"": ""Temperature"", ""raw_value"": 0.2, ""display_value"": ""0.2 °C""}, {""row_index"": 4, ""column_index"": 2, ""row_identifier_column"": ""Station"", ""row_identifier_value"": ""Hillcrest"", ""column"": ""Temperature"", ""raw_value"": 18.8, ""display_value"": ""18.8 °C""}, {""row_index"": 5, ""column_index"": 2, ""row_identifier_column"": ""Station"", ""row_identifier_value"": ""Oakridge"", ""column"": ""Temperature"", ""raw_value"": 31.8, ""display_value"": ""31.8 °C""}, {""row_index"": 6, ""column_index"": 2, ""row_identifier_column"": ""Station"", ""row_identifier_value"": ""Fairview"", ""column"": ""Temperature"", ""raw_value"": -4.7, ""display_value"": ""-4.7 °C""}]","{""target_column"": ""Temperature"", ""column_allowed_for_operation"": true, ""comparison"": ""less_than"", ""threshold_raw"": 33.3, ""threshold_display"": ""33.30 °C""}","{""headers"": [""Visibility"", ""Wind speed"", ""Temperature"", ""Pressure"", ""Rainfall"", ""Humidity"", ""Station""], ""rows"": [[""21.9 km"", ""28.7 m/s"", ""20.1 °C"", ""951.9 hPa"", ""53.1 mm"", ""48 %"", ""Brookfield""], [""20.9 km"", ""10.5 m/s"", ""34.8 °C"", ""1002.2 hPa"", ""14.1 mm"", ""69 %"", ""Westhaven""], [""8.9 km"", ""21.7 m/s"", ""26.5 °C"", ""952.7 hPa"", ""4.8 mm"", ""76 %"", ""Maple""], [""8.1 km"", ""30.6 m/s"", ""0.2 °C"", ""961.0 hPa"", ""107.3 mm"", ""62 %"", ""Cedar""], [""1.1 km"", ""23.1 m/s"", ""18.8 °C"", ""957.7 hPa"", ""6.5 mm"", ""67 %"", ""Hillcrest""], [""7.5 km"", ""32.1 m/s"", ""31.8 °C"", ""1005.7 hPa"", ""2.0 mm"", ""29 %"", ""Oakridge""], [""19.1 km"", ""16.0 m/s"", ""-4.7 °C"", ""997.1 hPa"", ""44.9 mm"", ""78 %"", ""Fairview""]]}"
A-L3-0029,3,argmax,lab_measurements,Which sample has the highest Density?,"| Density | Sample | Mass | pH | Volume | Temperature |
| --- | --- | --- | --- | --- | --- |
| 3.11 g/mL | Sample-C | 244.4 g | 7.26 | 239.0 mL | 59.2 °C |
| 1.88 g/mL | Sample-F | 47.2 g | 6.95 | 280.6 mL | 70.6 °C |
| 3.37 g/mL | Sample-G | 369.9 g | 10.19 | 278.9 mL | 48.7 °C |
| 2.77 g/mL | Sample-A | 21.6 g | 10.32 | 279.3 mL | 34.5 °C |
| 2.44 g/mL | Sample-I | 384.0 g | 11.94 | 96.5 mL | 68.7 °C |
| 3.79 g/mL | Sample-B | 101.9 g | 2.18 | 101.4 mL | 51.3 °C |
| 3.97 g/mL | Sample-H | 18.2 g | 6.35 | 39.5 mL | 57.6 °C |
| 2.85 g/mL | Sample-E | 267.0 g | 10.31 | 103.1 mL | 46.3 °C |
| 2.38 g/mL | Sample-D | 291.5 g | 7.38 | 257.7 mL | 45.3 °C |","Answer the question using the table. Return only the final answer.

Table:
| Density | Sample | Mass | pH | Volume | Temperature |
| --- | --- | --- | --- | --- | --- |
| 3.11 g/mL | Sample-C | 244.4 g | 7.26 | 239.0 mL | 59.2 °C |
| 1.88 g/mL | Sample-F | 47.2 g | 6.95 | 280.6 mL | 70.6 °C |
| 3.37 g/mL | Sample-G | 369.9 g | 10.19 | 278.9 mL | 48.7 °C |
| 2.77 g/mL | Sample-A | 21.6 g | 10.32 | 279.3 mL | 34.5 °C |
| 2.44 g/mL | Sample-I | 384.0 g | 11.94 | 96.5 mL | 68.7 °C |
| 3.79 g/mL | Sample-B | 101.9 g | 2.18 | 101.4 mL | 51.3 °C |
| 3.97 g/mL | Sample-H | 18.2 g | 6.35 | 39.5 mL | 57.6 °C |
| 2.85 g/mL | Sample-E | 267.0 g | 10.31 | 103.1 mL | 46.3 °C |
| 2.38 g/mL | Sample-D | 291.5 g | 7.38 | 257.7 mL | 45.3 °C |

Question: Which sample has the highest Density?",Sample-H,argmax,9,Density,"[{""row_index"": 0, ""column_index"": 0, ""row_identifier_column"": ""Sample"", ""row_identifier_value"": ""Sample-C"", ""column"": ""Density"", ""raw_value"": 3.11, ""display_value"": ""3.11 g/mL""}, {""row_index"": 1, ""column_index"": 0, ""row_identifier_column"": ""Sample"", ""row_identifier_value"": ""Sample-F"", ""column"": ""Density"", ""raw_value"": 1.88, ""display_value"": ""1.88 g/mL""}, {""row_index"": 2, ""column_index"": 0, ""row_identifier_column"": ""Sample"", ""row_identifier_value"": ""Sample-G"", ""column"": ""Density"", ""raw_value"": 3.37, ""display_value"": ""3.37 g/mL""}, {""row_index"": 3, ""column_index"": 0, ""row_identifier_column"": ""Sample"", ""row_identifier_value"": ""Sample-A"", ""column"": ""Density"", ""raw_value"": 2.77, ""display_value"": ""2.77 g/mL""}, {""row_index"": 4, ""column_index"": 0, ""row_identifier_column"": ""Sample"", ""row_identifier_value"": ""Sample-I"", ""column"": ""Density"", ""raw_value"": 2.44, ""display_value"": ""2.44 g/mL""}, {""row_index"": 5, ""column_index"": 0, ""row_identifier_column"": ""Sample"", ""row_identifier_value"": ""Sample-B"", ""column"": ""Density"", ""raw_value"": 3.79, ""display_value"": ""3.79 g/mL""}, {""row_index"": 6, ""column_index"": 0, ""row_identifier_column"": ""Sample"", ""row_identifier_value"": ""Sample-H"", ""column"": ""Density"", ""raw_value"": 3.97, ""display_value"": ""3.97 g/mL""}, {""row_index"": 7, ""column_index"": 0, ""row_identifier_column"": ""Sample"", ""row_identifier_value"": ""Sample-E"", ""column"": ""Density"", ""raw_value"": 2.85, ""display_value"": ""2.85 g/mL""}, {""row_index"": 8, ""column_index"": 0, ""row_identifier_column"": ""Sample"", ""row_identifier_value"": ""Sample-D"", ""column"": ""Density"", ""raw_value"": 2.38, ""display_value"": ""2.38 g/mL""}]","{""target_column"": ""Density"", ""column_allowed_for_operation"": true}","{""headers"": [""Density"", ""Sample"", ""Mass"", ""pH"", ""Volume"", ""Temperature""], ""rows"": [[""3.11 g/mL"", ""Sample-C"", ""244.4 g"", ""7.26"", ""239.0 mL"", ""59.2 °C""], [""1.88 g/mL"", ""Sample-F"", ""47.2 g"", ""6.95"", ""280.6 mL"", ""70.6 °C""], [""3.37 g/mL"", ""Sample-G"", ""369.9 g"", ""10.19"", ""278.9 mL"", ""48.7 °C""], [""2.77 g/mL"", ""Sample-A"", ""21.6 g"", ""10.32"", ""279.3 mL"", ""34.5 °C""], [""2.44 g/mL"", ""Sample-I"", ""384.0 g"", ""11.94"", ""96.5 mL"", ""68.7 °C""], [""3.79 g/mL"", ""Sample-B"", ""101.9 g"", ""2.18"", ""101.4 mL"", ""51.3 °C""], [""3.97 g/mL"", ""Sample-H"", ""18.2 g"", ""6.35"", ""39.5 mL"", ""57.6 °C""], [""2.85 g/mL"", ""Sample-E"", ""267.0 g"", ""10.31"", ""103.1 mL"", ""46.3 °C""], [""2.38 g/mL"", ""Sample-D"", ""291.5 g"", ""7.38"", ""257.7 mL"", ""45.3 °C""]]}"
A-L3-0030,3,count_condition,flight_measurements,"According to the table, how many entries have Vertical speed less than 6.75 m/s?","| Cabin pressure | Ground speed | Pilot | Altitude | Vertical speed |
| --- | --- | --- | --- | --- |
| 80.8 kPa | 285.7 km/h | Noah | 8700 m | 13.1 m/s |
| 98.5 kPa | 795.9 km/h | Theo | 10583 m | 6.6 m/s |
| 91.4 kPa | 309.2 km/h | Iris | 6947 m | 5.9 m/s |
| 96.8 kPa | 556.5 km/h | Emma | 1341 m | 7.3 m/s |
| 70.1 kPa | 318.7 km/h | Jisoo | 9853 m | -1.3 m/s |
| 66.3 kPa | 354.2 km/h | Maya | 1343 m | 6.9 m/s |","Answer the question using the table. Return only the final answer.

Table:
| Cabin pressure | Ground speed | Pilot | Altitude | Vertical speed |
| --- | --- | --- | --- | --- |
| 80.8 kPa | 285.7 km/h | Noah | 8700 m | 13.1 m/s |
| 98.5 kPa | 795.9 km/h | Theo | 10583 m | 6.6 m/s |
| 91.4 kPa | 309.2 km/h | Iris | 6947 m | 5.9 m/s |
| 96.8 kPa | 556.5 km/h | Emma | 1341 m | 7.3 m/s |
| 70.1 kPa | 318.7 km/h | Jisoo | 9853 m | -1.3 m/s |
| 66.3 kPa | 354.2 km/h | Maya | 1343 m | 6.9 m/s |

Question: According to the table, how many entries have Vertical speed less than 6.75 m/s?",3,count_condition,6,Vertical speed,"[{""row_index"": 0, ""column_index"": 4, ""row_identifier_column"": ""Pilot"", ""row_identifier_value"": ""Noah"", ""column"": ""Vertical speed"", ""raw_value"": 13.1, ""display_value"": ""13.1 m/s""}, {""row_index"": 1, ""column_index"": 4, ""row_identifier_column"": ""Pilot"", ""row_identifier_value"": ""Theo"", ""column"": ""Vertical speed"", ""raw_value"": 6.6, ""display_value"": ""6.6 m/s""}, {""row_index"": 2, ""column_index"": 4, ""row_identifier_column"": ""Pilot"", ""row_identifier_value"": ""Iris"", ""column"": ""Vertical speed"", ""raw_value"": 5.9, ""display_value"": ""5.9 m/s""}, {""row_index"": 3, ""column_index"": 4, ""row_identifier_column"": ""Pilot"", ""row_identifier_value"": ""Emma"", ""column"": ""Vertical speed"", ""raw_value"": 7.3, ""display_value"": ""7.3 m/s""}, {""row_index"": 4, ""column_index"": 4, ""row_identifier_column"": ""Pilot"", ""row_identifier_value"": ""Jisoo"", ""column"": ""Vertical speed"", ""raw_value"": -1.3, ""display_value"": ""-1.3 m/s""}, {""row_index"": 5, ""column_index"": 4, ""row_identifier_column"": ""Pilot"", ""row_identifier_value"": ""Maya"", ""column"": ""Vertical speed"", ""raw_value"": 6.9, ""display_value"": ""6.9 m/s""}]","{""target_column"": ""Vertical speed"", ""column_allowed_for_operation"": true, ""comparison"": ""less_than"", ""threshold_raw"": 6.75, ""threshold_display"": ""6.75 m/s""}","{""headers"": [""Cabin pressure"", ""Ground speed"", ""Pilot"", ""Altitude"", ""Vertical speed""], ""rows"": [[""80.8 kPa"", ""285.7 km/h"", ""Noah"", ""8700 m"", ""13.1 m/s""], [""98.5 kPa"", ""795.9 km/h"", ""Theo"", ""10583 m"", ""6.6 m/s""], [""91.4 kPa"", ""309.2 km/h"", ""Iris"", ""6947 m"", ""5.9 m/s""], [""96.8 kPa"", ""556.5 km/h"", ""Emma"", ""1341 m"", ""7.3 m/s""], [""70.1 kPa"", ""318.7 km/h"", ""Jisoo"", ""9853 m"", ""-1.3 m/s""], [""66.3 kPa"", ""354.2 km/h"", ""Maya"", ""1343 m"", ""6.9 m/s""]]}"
A-L3-0031,3,column_average,sports_statistics,"According to the table, what is the average value of Passes?","| Goals scored | Possession | Fouls | Passes | Team | Shots | Points |
| --- | --- | --- | --- | --- | --- | --- |
| 62 goals | 40.4 % | 29 fouls | 373 passes | Ravens | 55 shots | 51 points |
| 73 goals | 69.7 % | 7 fouls | 411 passes | Hawks | 34 shots | 84 points |
| 59 goals | 56.5 % | 32 fouls | 719 passes | Tigers | 109 shots | 65 points |
| 68 goals | 56.0 % | 17 fouls | 317 passes | Wolves | 48 shots | 29 points |
| 78 goals | 63.5 % | 19 fouls | 267 passes | Cyclones | 41 shots | 50 points |
| 5 goals | 67.0 % | 26 fouls | 442 passes | Panthers | 109 shots | 45 points |","Answer the question using the table. Return only the final answer.

Table:
| Goals scored | Possession | Fouls | Passes | Team | Shots | Points |
| --- | --- | --- | --- | --- | --- | --- |
| 62 goals | 40.4 % | 29 fouls | 373 passes | Ravens | 55 shots | 51 points |
| 73 goals | 69.7 % | 7 fouls | 411 passes | Hawks | 34 shots | 84 points |
| 59 goals | 56.5 % | 32 fouls | 719 passes | Tigers | 109 shots | 65 points |
| 68 goals | 56.0 % | 17 fouls | 317 passes | Wolves | 48 shots | 29 points |
| 78 goals | 63.5 % | 19 fouls | 267 passes | Cyclones | 41 shots | 50 points |
| 5 goals | 67.0 % | 26 fouls | 442 passes | Panthers | 109 shots | 45 points |

Question: According to the table, what is the average value of Passes?",421.50 passes,mean,6,Passes,"[{""row_index"": 0, ""column_index"": 3, ""row_identifier_column"": ""Team"", ""row_identifier_value"": ""Ravens"", ""column"": ""Passes"", ""raw_value"": 373.0, ""display_value"": ""373 passes""}, {""row_index"": 1, ""column_index"": 3, ""row_identifier_column"": ""Team"", ""row_identifier_value"": ""Hawks"", ""column"": ""Passes"", ""raw_value"": 411.0, ""display_value"": ""411 passes""}, {""row_index"": 2, ""column_index"": 3, ""row_identifier_column"": ""Team"", ""row_identifier_value"": ""Tigers"", ""column"": ""Passes"", ""raw_value"": 719.0, ""display_value"": ""719 passes""}, {""row_index"": 3, ""column_index"": 3, ""row_identifier_column"": ""Team"", ""row_identifier_value"": ""Wolves"", ""column"": ""Passes"", ""raw_value"": 317.0, ""display_value"": ""317 passes""}, {""row_index"": 4, ""column_index"": 3, ""row_identifier_column"": ""Team"", ""row_identifier_value"": ""Cyclones"", ""column"": ""Passes"", ""raw_value"": 267.0, ""display_value"": ""267 passes""}, {""row_index"": 5, ""column_index"": 3, ""row_identifier_column"": ""Team"", ""row_identifier_value"": ""Panthers"", ""column"": ""Passes"", ""raw_value"": 442.0, ""display_value"": ""442 passes""}]","{""target_column"": ""Passes"", ""column_allowed_for_operation"": true, ""answer_digits"": 2}","{""headers"": [""Goals scored"", ""Possession"", ""Fouls"", ""Passes"", ""Team"", ""Shots"", ""Points""], ""rows"": [[""62 goals"", ""40.4 %"", ""29 fouls"", ""373 passes"", ""Ravens"", ""55 shots"", ""51 points""], [""73 goals"", ""69.7 %"", ""7 fouls"", ""411 passes"", ""Hawks"", ""34 shots"", ""84 points""], [""59 goals"", ""56.5 %"", ""32 fouls"", ""719 passes"", ""Tigers"", ""109 shots"", ""65 points""], [""68 goals"", ""56.0 %"", ""17 fouls"", ""317 passes"", ""Wolves"", ""48 shots"", ""29 points""], [""78 goals"", ""63.5 %"", ""19 fouls"", ""267 passes"", ""Cyclones"", ""41 shots"", ""50 points""], [""5 goals"", ""67.0 %"", ""26 fouls"", ""442 passes"", ""Panthers"", ""109 shots"", ""45 points""]]}"
A-L3-0032,3,column_average,regional_sales,What is the average Revenue across all rows?,"| Units sold | Region | Returns | Ad spend | Revenue |
| --- | --- | --- | --- | --- |
| 6076 units | Cedar | 71 units | 126.7 kUSD | 466.3 kUSD |
| 7304 units | Brookfield | 422 units | 28.8 kUSD | 413.0 kUSD |
| 688 units | Clearwater | 200 units | 180.5 kUSD | 922.9 kUSD |
| 7653 units | Westhaven | 32 units | 169.2 kUSD | 953.8 kUSD |
| 4910 units | Lakeside | 279 units | 131.7 kUSD | 216.7 kUSD |
| 4064 units | Maple | 461 units | 37.1 kUSD | 164.5 kUSD |
| 1173 units | Oakridge | 124 units | 113.0 kUSD | 652.4 kUSD |","Answer the question using the table. Return only the final answer.

Table:
| Units sold | Region | Returns | Ad spend | Revenue |
| --- | --- | --- | --- | --- |
| 6076 units | Cedar | 71 units | 126.7 kUSD | 466.3 kUSD |
| 7304 units | Brookfield | 422 units | 28.8 kUSD | 413.0 kUSD |
| 688 units | Clearwater | 200 units | 180.5 kUSD | 922.9 kUSD |
| 7653 units | Westhaven | 32 units | 169.2 kUSD | 953.8 kUSD |
| 4910 units | Lakeside | 279 units | 131.7 kUSD | 216.7 kUSD |
| 4064 units | Maple | 461 units | 37.1 kUSD | 164.5 kUSD |
| 1173 units | Oakridge | 124 units | 113.0 kUSD | 652.4 kUSD |

Question: What is the average Revenue across all rows?",541.37 kUSD,mean,7,Revenue,"[{""row_index"": 0, ""column_index"": 4, ""row_identifier_column"": ""Region"", ""row_identifier_value"": ""Cedar"", ""column"": ""Revenue"", ""raw_value"": 466.3, ""display_value"": ""466.3 kUSD""}, {""row_index"": 1, ""column_index"": 4, ""row_identifier_column"": ""Region"", ""row_identifier_value"": ""Brookfield"", ""column"": ""Revenue"", ""raw_value"": 413.0, ""display_value"": ""413.0 kUSD""}, {""row_index"": 2, ""column_index"": 4, ""row_identifier_column"": ""Region"", ""row_identifier_value"": ""Clearwater"", ""column"": ""Revenue"", ""raw_value"": 922.9, ""display_value"": ""922.9 kUSD""}, {""row_index"": 3, ""column_index"": 4, ""row_identifier_column"": ""Region"", ""row_identifier_value"": ""Westhaven"", ""column"": ""Revenue"", ""raw_value"": 953.8, ""display_value"": ""953.8 kUSD""}, {""row_index"": 4, ""column_index"": 4, ""row_identifier_column"": ""Region"", ""row_identifier_value"": ""Lakeside"", ""column"": ""Revenue"", ""raw_value"": 216.7, ""display_value"": ""216.7 kUSD""}, {""row_index"": 5, ""column_index"": 4, ""row_identifier_column"": ""Region"", ""row_identifier_value"": ""Maple"", ""column"": ""Revenue"", ""raw_value"": 164.5, ""display_value"": ""164.5 kUSD""}, {""row_index"": 6, ""column_index"": 4, ""row_identifier_column"": ""Region"", ""row_identifier_value"": ""Oakridge"", ""column"": ""Revenue"", ""raw_value"": 652.4, ""display_value"": ""652.4 kUSD""}]","{""target_column"": ""Revenue"", ""column_allowed_for_operation"": true, ""answer_digits"": 2}","{""headers"": [""Units sold"", ""Region"", ""Returns"", ""Ad spend"", ""Revenue""], ""rows"": [[""6076 units"", ""Cedar"", ""71 units"", ""126.7 kUSD"", ""466.3 kUSD""], [""7304 units"", ""Brookfield"", ""422 units"", ""28.8 kUSD"", ""413.0 kUSD""], [""688 units"", ""Clearwater"", ""200 units"", ""180.5 kUSD"", ""922.9 kUSD""], [""7653 units"", ""Westhaven"", ""32 units"", ""169.2 kUSD"", ""953.8 kUSD""], [""4910 units"", ""Lakeside"", ""279 units"", ""131.7 kUSD"", ""216.7 kUSD""], [""4064 units"", ""Maple"", ""461 units"", ""37.1 kUSD"", ""164.5 kUSD""], [""1173 units"", ""Oakridge"", ""124 units"", ""113.0 kUSD"", ""652.4 kUSD""]]}"
A-L3-0033,3,column_average,weather_stations,"According to the table, what is the average value of Wind speed?","| Visibility | Pressure | Station | Temperature | Wind speed | Rainfall |
| --- | --- | --- | --- | --- | --- |
| 12.4 km | 988.8 hPa | Riverton | 37.5 °C | 26.2 m/s | 81.7 mm |
| 20.8 km | 1018.6 hPa | Maple | -7.9 °C | 34.7 m/s | 113.9 mm |
| 16.1 km | 948.7 hPa | Pinehurst | 5.4 °C | 7.0 m/s | 9.0 mm |
| 9.1 km | 994.1 hPa | Clearwater | 28.4 °C | 13.5 m/s | 65.9 mm |
| 13.4 km | 972.8 hPa | Brookfield | -4.2 °C | 15.8 m/s | 85.0 mm |
| 25.9 km | 1012.3 hPa | Westhaven | 27.1 °C | 18.5 m/s | 19.0 mm |","Answer the question using the table. Return only the final answer.

Table:
| Visibility | Pressure | Station | Temperature | Wind speed | Rainfall |
| --- | --- | --- | --- | --- | --- |
| 12.4 km | 988.8 hPa | Riverton | 37.5 °C | 26.2 m/s | 81.7 mm |
| 20.8 km | 1018.6 hPa | Maple | -7.9 °C | 34.7 m/s | 113.9 mm |
| 16.1 km | 948.7 hPa | Pinehurst | 5.4 °C | 7.0 m/s | 9.0 mm |
| 9.1 km | 994.1 hPa | Clearwater | 28.4 °C | 13.5 m/s | 65.9 mm |
| 13.4 km | 972.8 hPa | Brookfield | -4.2 °C | 15.8 m/s | 85.0 mm |
| 25.9 km | 1012.3 hPa | Westhaven | 27.1 °C | 18.5 m/s | 19.0 mm |

Question: According to the table, what is the average value of Wind speed?",19.28 m/s,mean,6,Wind speed,"[{""row_index"": 0, ""column_index"": 4, ""row_identifier_column"": ""Station"", ""row_identifier_value"": ""Riverton"", ""column"": ""Wind speed"", ""raw_value"": 26.2, ""display_value"": ""26.2 m/s""}, {""row_index"": 1, ""column_index"": 4, ""row_identifier_column"": ""Station"", ""row_identifier_value"": ""Maple"", ""column"": ""Wind speed"", ""raw_value"": 34.7, ""display_value"": ""34.7 m/s""}, {""row_index"": 2, ""column_index"": 4, ""row_identifier_column"": ""Station"", ""row_identifier_value"": ""Pinehurst"", ""column"": ""Wind speed"", ""raw_value"": 7.0, ""display_value"": ""7.0 m/s""}, {""row_index"": 3, ""column_index"": 4, ""row_identifier_column"": ""Station"", ""row_identifier_value"": ""Clearwater"", ""column"": ""Wind speed"", ""raw_value"": 13.5, ""display_value"": ""13.5 m/s""}, {""row_index"": 4, ""column_index"": 4, ""row_identifier_column"": ""Station"", ""row_identifier_value"": ""Brookfield"", ""column"": ""Wind speed"", ""raw_value"": 15.8, ""display_value"": ""15.8 m/s""}, {""row_index"": 5, ""column_index"": 4, ""row_identifier_column"": ""Station"", ""row_identifier_value"": ""Westhaven"", ""column"": ""Wind speed"", ""raw_value"": 18.5, ""display_value"": ""18.5 m/s""}]","{""target_column"": ""Wind speed"", ""column_allowed_for_operation"": true, ""answer_digits"": 2}","{""headers"": [""Visibility"", ""Pressure"", ""Station"", ""Temperature"", ""Wind speed"", ""Rainfall""], ""rows"": [[""12.4 km"", ""988.8 hPa"", ""Riverton"", ""37.5 °C"", ""26.2 m/s"", ""81.7 mm""], [""20.8 km"", ""1018.6 hPa"", ""Maple"", ""-7.9 °C"", ""34.7 m/s"", ""113.9 mm""], [""16.1 km"", ""948.7 hPa"", ""Pinehurst"", ""5.4 °C"", ""7.0 m/s"", ""9.0 mm""], [""9.1 km"", ""994.1 hPa"", ""Clearwater"", ""28.4 °C"", ""13.5 m/s"", ""65.9 mm""], [""13.4 km"", ""972.8 hPa"", ""Brookfield"", ""-4.2 °C"", ""15.8 m/s"", ""85.0 mm""], [""25.9 km"", ""1012.3 hPa"", ""Westhaven"", ""27.1 °C"", ""18.5 m/s"", ""19.0 mm""]]}"
A-L3-0034,3,argmin,lab_measurements,"According to the table, which sample has the minimum Density?","| Density | Temperature | Sample | pH | Volume |
| --- | --- | --- | --- | --- |
| 1.02 g/mL | 35.7 °C | Sample-K | 4.90 | 69.6 mL |
| 2.71 g/mL | 28.3 °C | Sample-D | 3.26 | 28.8 mL |
| 0.93 g/mL | 14.0 °C | Sample-F | 8.67 | 84.6 mL |
| 3.17 g/mL | 35.5 °C | Sample-A | 3.00 | 203.5 mL |
| 1.07 g/mL | 88.0 °C | Sample-C | 2.44 | 135.2 mL |
| 2.73 g/mL | 40.4 °C | Sample-I | 7.90 | 292.5 mL |","Answer the question using the table. Return only the final answer.

Table:
| Density | Temperature | Sample | pH | Volume |
| --- | --- | --- | --- | --- |
| 1.02 g/mL | 35.7 °C | Sample-K | 4.90 | 69.6 mL |
| 2.71 g/mL | 28.3 °C | Sample-D | 3.26 | 28.8 mL |
| 0.93 g/mL | 14.0 °C | Sample-F | 8.67 | 84.6 mL |
| 3.17 g/mL | 35.5 °C | Sample-A | 3.00 | 203.5 mL |
| 1.07 g/mL | 88.0 °C | Sample-C | 2.44 | 135.2 mL |
| 2.73 g/mL | 40.4 °C | Sample-I | 7.90 | 292.5 mL |

Question: According to the table, which sample has the minimum Density?",Sample-F,argmin,6,Density,"[{""row_index"": 0, ""column_index"": 0, ""row_identifier_column"": ""Sample"", ""row_identifier_value"": ""Sample-K"", ""column"": ""Density"", ""raw_value"": 1.02, ""display_value"": ""1.02 g/mL""}, {""row_index"": 1, ""column_index"": 0, ""row_identifier_column"": ""Sample"", ""row_identifier_value"": ""Sample-D"", ""column"": ""Density"", ""raw_value"": 2.71, ""display_value"": ""2.71 g/mL""}, {""row_index"": 2, ""column_index"": 0, ""row_identifier_column"": ""Sample"", ""row_identifier_value"": ""Sample-F"", ""column"": ""Density"", ""raw_value"": 0.93, ""display_value"": ""0.93 g/mL""}, {""row_index"": 3, ""column_index"": 0, ""row_identifier_column"": ""Sample"", ""row_identifier_value"": ""Sample-A"", ""column"": ""Density"", ""raw_value"": 3.17, ""display_value"": ""3.17 g/mL""}, {""row_index"": 4, ""column_index"": 0, ""row_identifier_column"": ""Sample"", ""row_identifier_value"": ""Sample-C"", ""column"": ""Density"", ""raw_value"": 1.07, ""display_value"": ""1.07 g/mL""}, {""row_index"": 5, ""column_index"": 0, ""row_identifier_column"": ""Sample"", ""row_identifier_value"": ""Sample-I"", ""column"": ""Density"", ""raw_value"": 2.73, ""display_value"": ""2.73 g/mL""}]","{""target_column"": ""Density"", ""column_allowed_for_operation"": true}","{""headers"": [""Density"", ""Temperature"", ""Sample"", ""pH"", ""Volume""], ""rows"": [[""1.02 g/mL"", ""35.7 °C"", ""Sample-K"", ""4.90"", ""69.6 mL""], [""2.71 g/mL"", ""28.3 °C"", ""Sample-D"", ""3.26"", ""28.8 mL""], [""0.93 g/mL"", ""14.0 °C"", ""Sample-F"", ""8.67"", ""84.6 mL""], [""3.17 g/mL"", ""35.5 °C"", ""Sample-A"", ""3.00"", ""203.5 mL""], [""1.07 g/mL"", ""88.0 °C"", ""Sample-C"", ""2.44"", ""135.2 mL""], [""2.73 g/mL"", ""40.4 °C"", ""Sample-I"", ""7.90"", ""292.5 mL""]]}"
A-L3-0035,3,count_condition,battery_tests,Count the rows where State of health is greater than 83.80 %.,"| State of health | Cell | Voltage | Capacity | Internal resistance | Temperature | Charge cycles |
| --- | --- | --- | --- | --- | --- | --- |
| 74.1 % | Cell-B2 | 3.46 V | 2534 mAh | 32.8 mΩ | 36.2 °C | 1350 cycles |
| 54.8 % | Cell-A1 | 3.50 V | 4422 mAh | 140.7 mΩ | 42.8 °C | 22 cycles |
| 83.1 % | Cell-D1 | 3.06 V | 5238 mAh | 63.0 mΩ | 34.7 °C | 1260 cycles |
| 85.0 % | Cell-E2 | 3.23 V | 5794 mAh | 109.8 mΩ | 30.1 °C | 403 cycles |
| 79.4 % | Cell-C2 | 4.30 V | 4274 mAh | 59.6 mΩ | 52.5 °C | 862 cycles |
| 84.5 % | Cell-B1 | 3.30 V | 1896 mAh | 125.1 mΩ | 62.0 °C | 261 cycles |
| 79.7 % | Cell-C1 | 3.06 V | 2966 mAh | 94.9 mΩ | 16.2 °C | 813 cycles |
| 66.6 % | Cell-E1 | 2.88 V | 1191 mAh | 57.8 mΩ | 49.4 °C | 507 cycles |","Answer the question using the table. Return only the final answer.

Table:
| State of health | Cell | Voltage | Capacity | Internal resistance | Temperature | Charge cycles |
| --- | --- | --- | --- | --- | --- | --- |
| 74.1 % | Cell-B2 | 3.46 V | 2534 mAh | 32.8 mΩ | 36.2 °C | 1350 cycles |
| 54.8 % | Cell-A1 | 3.50 V | 4422 mAh | 140.7 mΩ | 42.8 °C | 22 cycles |
| 83.1 % | Cell-D1 | 3.06 V | 5238 mAh | 63.0 mΩ | 34.7 °C | 1260 cycles |
| 85.0 % | Cell-E2 | 3.23 V | 5794 mAh | 109.8 mΩ | 30.1 °C | 403 cycles |
| 79.4 % | Cell-C2 | 4.30 V | 4274 mAh | 59.6 mΩ | 52.5 °C | 862 cycles |
| 84.5 % | Cell-B1 | 3.30 V | 1896 mAh | 125.1 mΩ | 62.0 °C | 261 cycles |
| 79.7 % | Cell-C1 | 3.06 V | 2966 mAh | 94.9 mΩ | 16.2 °C | 813 cycles |
| 66.6 % | Cell-E1 | 2.88 V | 1191 mAh | 57.8 mΩ | 49.4 °C | 507 cycles |

Question: Count the rows where State of health is greater than 83.80 %.",2,count_condition,8,State of health,"[{""row_index"": 0, ""column_index"": 0, ""row_identifier_column"": ""Cell"", ""row_identifier_value"": ""Cell-B2"", ""column"": ""State of health"", ""raw_value"": 74.1, ""display_value"": ""74.1 %""}, {""row_index"": 1, ""column_index"": 0, ""row_identifier_column"": ""Cell"", ""row_identifier_value"": ""Cell-A1"", ""column"": ""State of health"", ""raw_value"": 54.8, ""display_value"": ""54.8 %""}, {""row_index"": 2, ""column_index"": 0, ""row_identifier_column"": ""Cell"", ""row_identifier_value"": ""Cell-D1"", ""column"": ""State of health"", ""raw_value"": 83.1, ""display_value"": ""83.1 %""}, {""row_index"": 3, ""column_index"": 0, ""row_identifier_column"": ""Cell"", ""row_identifier_value"": ""Cell-E2"", ""column"": ""State of health"", ""raw_value"": 85.0, ""display_value"": ""85.0 %""}, {""row_index"": 4, ""column_index"": 0, ""row_identifier_column"": ""Cell"", ""row_identifier_value"": ""Cell-C2"", ""column"": ""State of health"", ""raw_value"": 79.4, ""display_value"": ""79.4 %""}, {""row_index"": 5, ""column_index"": 0, ""row_identifier_column"": ""Cell"", ""row_identifier_value"": ""Cell-B1"", ""column"": ""State of health"", ""raw_value"": 84.5, ""display_value"": ""84.5 %""}, {""row_index"": 6, ""column_index"": 0, ""row_identifier_column"": ""Cell"", ""row_identifier_value"": ""Cell-C1"", ""column"": ""State of health"", ""raw_value"": 79.7, ""display_value"": ""79.7 %""}, {""row_index"": 7, ""column_index"": 0, ""row_identifier_column"": ""Cell"", ""row_identifier_value"": ""Cell-E1"", ""column"": ""State of health"", ""raw_value"": 66.6, ""display_value"": ""66.6 %""}]","{""target_column"": ""State of health"", ""column_allowed_for_operation"": true, ""comparison"": ""greater_than"", ""threshold_raw"": 83.8, ""threshold_display"": ""83.80 %""}","{""headers"": [""State of health"", ""Cell"", ""Voltage"", ""Capacity"", ""Internal resistance"", ""Temperature"", ""Charge cycles""], ""rows"": [[""74.1 %"", ""Cell-B2"", ""3.46 V"", ""2534 mAh"", ""32.8 mΩ"", ""36.2 °C"", ""1350 cycles""], [""54.8 %"", ""Cell-A1"", ""3.50 V"", ""4422 mAh"", ""140.7 mΩ"", ""42.8 °C"", ""22 cycles""], [""83.1 %"", ""Cell-D1"", ""3.06 V"", ""5238 mAh"", ""63.0 mΩ"", ""34.7 °C"", ""1260 cycles""], [""85.0 %"", ""Cell-E2"", ""3.23 V"", ""5794 mAh"", ""109.8 mΩ"", ""30.1 °C"", ""403 cycles""], [""79.4 %"", ""Cell-C2"", ""4.30 V"", ""4274 mAh"", ""59.6 mΩ"", ""52.5 °C"", ""862 cycles""], [""84.5 %"", ""Cell-B1"", ""3.30 V"", ""1896 mAh"", ""125.1 mΩ"", ""62.0 °C"", ""261 cycles""], [""79.7 %"", ""Cell-C1"", ""3.06 V"", ""2966 mAh"", ""94.9 mΩ"", ""16.2 °C"", ""813 cycles""], [""66.6 %"", ""Cell-E1"", ""2.88 V"", ""1191 mAh"", ""57.8 mΩ"", ""49.4 °C"", ""507 cycles""]]}"
A-L3-0036,3,argmax,weather_stations,"According to the table, which station has the maximum Pressure?","| Humidity | Rainfall | Visibility | Station | Temperature | Pressure |
| --- | --- | --- | --- | --- | --- |
| 77 % | 79.4 mm | 25.5 km | Brookfield | 36.7 °C | 1036.1 hPa |
| 39 % | 51.7 mm | 5.5 km | Hillcrest | 13.7 °C | 992.7 hPa |
| 38 % | 75.5 mm | 28.9 km | Clearwater | 1.5 °C | 963.6 hPa |
| 86 % | 57.0 mm | 15.7 km | Orion | 3.1 °C | 957.8 hPa |
| 43 % | 75.9 mm | 25.8 km | Oakridge | -2.1 °C | 950.8 hPa |","Answer the question using the table. Return only the final answer.

Table:
| Humidity | Rainfall | Visibility | Station | Temperature | Pressure |
| --- | --- | --- | --- | --- | --- |
| 77 % | 79.4 mm | 25.5 km | Brookfield | 36.7 °C | 1036.1 hPa |
| 39 % | 51.7 mm | 5.5 km | Hillcrest | 13.7 °C | 992.7 hPa |
| 38 % | 75.5 mm | 28.9 km | Clearwater | 1.5 °C | 963.6 hPa |
| 86 % | 57.0 mm | 15.7 km | Orion | 3.1 °C | 957.8 hPa |
| 43 % | 75.9 mm | 25.8 km | Oakridge | -2.1 °C | 950.8 hPa |

Question: According to the table, which station has the maximum Pressure?",Brookfield,argmax,5,Pressure,"[{""row_index"": 0, ""column_index"": 5, ""row_identifier_column"": ""Station"", ""row_identifier_value"": ""Brookfield"", ""column"": ""Pressure"", ""raw_value"": 1036.1, ""display_value"": ""1036.1 hPa""}, {""row_index"": 1, ""column_index"": 5, ""row_identifier_column"": ""Station"", ""row_identifier_value"": ""Hillcrest"", ""column"": ""Pressure"", ""raw_value"": 992.7, ""display_value"": ""992.7 hPa""}, {""row_index"": 2, ""column_index"": 5, ""row_identifier_column"": ""Station"", ""row_identifier_value"": ""Clearwater"", ""column"": ""Pressure"", ""raw_value"": 963.6, ""display_value"": ""963.6 hPa""}, {""row_index"": 3, ""column_index"": 5, ""row_identifier_column"": ""Station"", ""row_identifier_value"": ""Orion"", ""column"": ""Pressure"", ""raw_value"": 957.8, ""display_value"": ""957.8 hPa""}, {""row_index"": 4, ""column_index"": 5, ""row_identifier_column"": ""Station"", ""row_identifier_value"": ""Oakridge"", ""column"": ""Pressure"", ""raw_value"": 950.8, ""display_value"": ""950.8 hPa""}]","{""target_column"": ""Pressure"", ""column_allowed_for_operation"": true}","{""headers"": [""Humidity"", ""Rainfall"", ""Visibility"", ""Station"", ""Temperature"", ""Pressure""], ""rows"": [[""77 %"", ""79.4 mm"", ""25.5 km"", ""Brookfield"", ""36.7 °C"", ""1036.1 hPa""], [""39 %"", ""51.7 mm"", ""5.5 km"", ""Hillcrest"", ""13.7 °C"", ""992.7 hPa""], [""38 %"", ""75.5 mm"", ""28.9 km"", ""Clearwater"", ""1.5 °C"", ""963.6 hPa""], [""86 %"", ""57.0 mm"", ""15.7 km"", ""Orion"", ""3.1 °C"", ""957.8 hPa""], [""43 %"", ""75.9 mm"", ""25.8 km"", ""Oakridge"", ""-2.1 °C"", ""950.8 hPa""]]}"
A-L3-0037,3,argmin,battery_tests,Find the cell with the smallest Temperature.,"| Charge cycles | Capacity | Temperature | Cell | State of health | Internal resistance |
| --- | --- | --- | --- | --- | --- |
| 1372 cycles | 4637 mAh | 25.5 °C | Cell-C2 | 93.8 % | 15.9 mΩ |
| 367 cycles | 3634 mAh | 22.1 °C | Cell-E2 | 61.2 % | 121.4 mΩ |
| 789 cycles | 1181 mAh | 65.8 °C | Cell-A2 | 95.9 % | 166.8 mΩ |
| 58 cycles | 2358 mAh | 35.0 °C | Cell-D2 | 62.4 % | 41.2 mΩ |
| 1374 cycles | 1373 mAh | 43.6 °C | Cell-E1 | 60.0 % | 18.2 mΩ |
| 1408 cycles | 1887 mAh | 37.8 °C | Cell-F2 | 77.3 % | 83.1 mΩ |
| 461 cycles | 3636 mAh | 29.6 °C | Cell-F1 | 51.2 % | 20.6 mΩ |
| 971 cycles | 1874 mAh | 44.6 °C | Cell-B1 | 56.8 % | 32.2 mΩ |","Answer the question using the table. Return only the final answer.

Table:
| Charge cycles | Capacity | Temperature | Cell | State of health | Internal resistance |
| --- | --- | --- | --- | --- | --- |
| 1372 cycles | 4637 mAh | 25.5 °C | Cell-C2 | 93.8 % | 15.9 mΩ |
| 367 cycles | 3634 mAh | 22.1 °C | Cell-E2 | 61.2 % | 121.4 mΩ |
| 789 cycles | 1181 mAh | 65.8 °C | Cell-A2 | 95.9 % | 166.8 mΩ |
| 58 cycles | 2358 mAh | 35.0 °C | Cell-D2 | 62.4 % | 41.2 mΩ |
| 1374 cycles | 1373 mAh | 43.6 °C | Cell-E1 | 60.0 % | 18.2 mΩ |
| 1408 cycles | 1887 mAh | 37.8 °C | Cell-F2 | 77.3 % | 83.1 mΩ |
| 461 cycles | 3636 mAh | 29.6 °C | Cell-F1 | 51.2 % | 20.6 mΩ |
| 971 cycles | 1874 mAh | 44.6 °C | Cell-B1 | 56.8 % | 32.2 mΩ |

Question: Find the cell with the smallest Temperature.",Cell-E2,argmin,8,Temperature,"[{""row_index"": 0, ""column_index"": 2, ""row_identifier_column"": ""Cell"", ""row_identifier_value"": ""Cell-C2"", ""column"": ""Temperature"", ""raw_value"": 25.5, ""display_value"": ""25.5 °C""}, {""row_index"": 1, ""column_index"": 2, ""row_identifier_column"": ""Cell"", ""row_identifier_value"": ""Cell-E2"", ""column"": ""Temperature"", ""raw_value"": 22.1, ""display_value"": ""22.1 °C""}, {""row_index"": 2, ""column_index"": 2, ""row_identifier_column"": ""Cell"", ""row_identifier_value"": ""Cell-A2"", ""column"": ""Temperature"", ""raw_value"": 65.8, ""display_value"": ""65.8 °C""}, {""row_index"": 3, ""column_index"": 2, ""row_identifier_column"": ""Cell"", ""row_identifier_value"": ""Cell-D2"", ""column"": ""Temperature"", ""raw_value"": 35.0, ""display_value"": ""35.0 °C""}, {""row_index"": 4, ""column_index"": 2, ""row_identifier_column"": ""Cell"", ""row_identifier_value"": ""Cell-E1"", ""column"": ""Temperature"", ""raw_value"": 43.6, ""display_value"": ""43.6 °C""}, {""row_index"": 5, ""column_index"": 2, ""row_identifier_column"": ""Cell"", ""row_identifier_value"": ""Cell-F2"", ""column"": ""Temperature"", ""raw_value"": 37.8, ""display_value"": ""37.8 °C""}, {""row_index"": 6, ""column_index"": 2, ""row_identifier_column"": ""Cell"", ""row_identifier_value"": ""Cell-F1"", ""column"": ""Temperature"", ""raw_value"": 29.6, ""display_value"": ""29.6 °C""}, {""row_index"": 7, ""column_index"": 2, ""row_identifier_column"": ""Cell"", ""row_identifier_value"": ""Cell-B1"", ""column"": ""Temperature"", ""raw_value"": 44.6, ""display_value"": ""44.6 °C""}]","{""target_column"": ""Temperature"", ""column_allowed_for_operation"": true}","{""headers"": [""Charge cycles"", ""Capacity"", ""Temperature"", ""Cell"", ""State of health"", ""Internal resistance""], ""rows"": [[""1372 cycles"", ""4637 mAh"", ""25.5 °C"", ""Cell-C2"", ""93.8 %"", ""15.9 mΩ""], [""367 cycles"", ""3634 mAh"", ""22.1 °C"", ""Cell-E2"", ""61.2 %"", ""121.4 mΩ""], [""789 cycles"", ""1181 mAh"", ""65.8 °C"", ""Cell-A2"", ""95.9 %"", ""166.8 mΩ""], [""58 cycles"", ""2358 mAh"", ""35.0 °C"", ""Cell-D2"", ""62.4 %"", ""41.2 mΩ""], [""1374 cycles"", ""1373 mAh"", ""43.6 °C"", ""Cell-E1"", ""60.0 %"", ""18.2 mΩ""], [""1408 cycles"", ""1887 mAh"", ""37.8 °C"", ""Cell-F2"", ""77.3 %"", ""83.1 mΩ""], [""461 cycles"", ""3636 mAh"", ""29.6 °C"", ""Cell-F1"", ""51.2 %"", ""20.6 mΩ""], [""971 cycles"", ""1874 mAh"", ""44.6 °C"", ""Cell-B1"", ""56.8 %"", ""32.2 mΩ""]]}"
A-L3-0038,3,column_average,lab_measurements,Calculate the mean Volume of all entries in the table.,"| Mass | Temperature | Conductivity | Sample | pH | Volume |
| --- | --- | --- | --- | --- | --- |
| 365.7 g | 21.1 °C | 20.60 mS/cm | Sample-D | 11.79 | 133.4 mL |
| 333.6 g | 40.6 °C | 8.47 mS/cm | Sample-G | 7.01 | 201.6 mL |
| 447.0 g | 32.0 °C | 13.47 mS/cm | Sample-H | 10.90 | 262.9 mL |
| 45.9 g | 73.1 °C | 11.03 mS/cm | Sample-E | 2.77 | 75.0 mL |
| 52.6 g | 11.0 °C | 3.82 mS/cm | Sample-A | 2.45 | 231.3 mL |
| 174.7 g | 70.6 °C | 15.10 mS/cm | Sample-B | 11.12 | 297.4 mL |
| 177.8 g | 60.7 °C | 20.90 mS/cm | Sample-K | 7.71 | 165.3 mL |
| 135.0 g | 6.8 °C | 6.25 mS/cm | Sample-F | 7.36 | 112.3 mL |","Answer the question using the table. Return only the final answer.

Table:
| Mass | Temperature | Conductivity | Sample | pH | Volume |
| --- | --- | --- | --- | --- | --- |
| 365.7 g | 21.1 °C | 20.60 mS/cm | Sample-D | 11.79 | 133.4 mL |
| 333.6 g | 40.6 °C | 8.47 mS/cm | Sample-G | 7.01 | 201.6 mL |
| 447.0 g | 32.0 °C | 13.47 mS/cm | Sample-H | 10.90 | 262.9 mL |
| 45.9 g | 73.1 °C | 11.03 mS/cm | Sample-E | 2.77 | 75.0 mL |
| 52.6 g | 11.0 °C | 3.82 mS/cm | Sample-A | 2.45 | 231.3 mL |
| 174.7 g | 70.6 °C | 15.10 mS/cm | Sample-B | 11.12 | 297.4 mL |
| 177.8 g | 60.7 °C | 20.90 mS/cm | Sample-K | 7.71 | 165.3 mL |
| 135.0 g | 6.8 °C | 6.25 mS/cm | Sample-F | 7.36 | 112.3 mL |

Question: Calculate the mean Volume of all entries in the table.",184.90 mL,mean,8,Volume,"[{""row_index"": 0, ""column_index"": 5, ""row_identifier_column"": ""Sample"", ""row_identifier_value"": ""Sample-D"", ""column"": ""Volume"", ""raw_value"": 133.4, ""display_value"": ""133.4 mL""}, {""row_index"": 1, ""column_index"": 5, ""row_identifier_column"": ""Sample"", ""row_identifier_value"": ""Sample-G"", ""column"": ""Volume"", ""raw_value"": 201.6, ""display_value"": ""201.6 mL""}, {""row_index"": 2, ""column_index"": 5, ""row_identifier_column"": ""Sample"", ""row_identifier_value"": ""Sample-H"", ""column"": ""Volume"", ""raw_value"": 262.9, ""display_value"": ""262.9 mL""}, {""row_index"": 3, ""column_index"": 5, ""row_identifier_column"": ""Sample"", ""row_identifier_value"": ""Sample-E"", ""column"": ""Volume"", ""raw_value"": 75.0, ""display_value"": ""75.0 mL""}, {""row_index"": 4, ""column_index"": 5, ""row_identifier_column"": ""Sample"", ""row_identifier_value"": ""Sample-A"", ""column"": ""Volume"", ""raw_value"": 231.3, ""display_value"": ""231.3 mL""}, {""row_index"": 5, ""column_index"": 5, ""row_identifier_column"": ""Sample"", ""row_identifier_value"": ""Sample-B"", ""column"": ""Volume"", ""raw_value"": 297.4, ""display_value"": ""297.4 mL""}, {""row_index"": 6, ""column_index"": 5, ""row_identifier_column"": ""Sample"", ""row_identifier_value"": ""Sample-K"", ""column"": ""Volume"", ""raw_value"": 165.3, ""display_value"": ""165.3 mL""}, {""row_index"": 7, ""column_index"": 5, ""row_identifier_column"": ""Sample"", ""row_identifier_value"": ""Sample-F"", ""column"": ""Volume"", ""raw_value"": 112.3, ""display_value"": ""112.3 mL""}]","{""target_column"": ""Volume"", ""column_allowed_for_operation"": true, ""answer_digits"": 2}","{""headers"": [""Mass"", ""Temperature"", ""Conductivity"", ""Sample"", ""pH"", ""Volume""], ""rows"": [[""365.7 g"", ""21.1 °C"", ""20.60 mS/cm"", ""Sample-D"", ""11.79"", ""133.4 mL""], [""333.6 g"", ""40.6 °C"", ""8.47 mS/cm"", ""Sample-G"", ""7.01"", ""201.6 mL""], [""447.0 g"", ""32.0 °C"", ""13.47 mS/cm"", ""Sample-H"", ""10.90"", ""262.9 mL""], [""45.9 g"", ""73.1 °C"", ""11.03 mS/cm"", ""Sample-E"", ""2.77"", ""75.0 mL""], [""52.6 g"", ""11.0 °C"", ""3.82 mS/cm"", ""Sample-A"", ""2.45"", ""231.3 mL""], [""174.7 g"", ""70.6 °C"", ""15.10 mS/cm"", ""Sample-B"", ""11.12"", ""297.4 mL""], [""177.8 g"", ""60.7 °C"", ""20.90 mS/cm"", ""Sample-K"", ""7.71"", ""165.3 mL""], [""135.0 g"", ""6.8 °C"", ""6.25 mS/cm"", ""Sample-F"", ""7.36"", ""112.3 mL""]]}"
A-L3-0039,3,argmin,regional_sales,Which region has the lowest Online orders?,"| Online orders | Revenue | Returns | Units sold | Region |
| --- | --- | --- | --- | --- |
| 4145 orders | 866.0 kUSD | 209 units | 2735 units | Oakridge |
| 916 orders | 780.4 kUSD | 63 units | 4766 units | Maple |
| 1068 orders | 636.6 kUSD | 27 units | 1226 units | Fairview |
| 4485 orders | 348.5 kUSD | 57 units | 697 units | Orion |
| 3736 orders | 265.8 kUSD | 270 units | 3663 units | Brookfield |
| 2626 orders | 646.4 kUSD | 427 units | 6043 units | Riverton |","Answer the question using the table. Return only the final answer.

Table:
| Online orders | Revenue | Returns | Units sold | Region |
| --- | --- | --- | --- | --- |
| 4145 orders | 866.0 kUSD | 209 units | 2735 units | Oakridge |
| 916 orders | 780.4 kUSD | 63 units | 4766 units | Maple |
| 1068 orders | 636.6 kUSD | 27 units | 1226 units | Fairview |
| 4485 orders | 348.5 kUSD | 57 units | 697 units | Orion |
| 3736 orders | 265.8 kUSD | 270 units | 3663 units | Brookfield |
| 2626 orders | 646.4 kUSD | 427 units | 6043 units | Riverton |

Question: Which region has the lowest Online orders?",Maple,argmin,6,Online orders,"[{""row_index"": 0, ""column_index"": 0, ""row_identifier_column"": ""Region"", ""row_identifier_value"": ""Oakridge"", ""column"": ""Online orders"", ""raw_value"": 4145.0, ""display_value"": ""4145 orders""}, {""row_index"": 1, ""column_index"": 0, ""row_identifier_column"": ""Region"", ""row_identifier_value"": ""Maple"", ""column"": ""Online orders"", ""raw_value"": 916.0, ""display_value"": ""916 orders""}, {""row_index"": 2, ""column_index"": 0, ""row_identifier_column"": ""Region"", ""row_identifier_value"": ""Fairview"", ""column"": ""Online orders"", ""raw_value"": 1068.0, ""display_value"": ""1068 orders""}, {""row_index"": 3, ""column_index"": 0, ""row_identifier_column"": ""Region"", ""row_identifier_value"": ""Orion"", ""column"": ""Online orders"", ""raw_value"": 4485.0, ""display_value"": ""4485 orders""}, {""row_index"": 4, ""column_index"": 0, ""row_identifier_column"": ""Region"", ""row_identifier_value"": ""Brookfield"", ""column"": ""Online orders"", ""raw_value"": 3736.0, ""display_value"": ""3736 orders""}, {""row_index"": 5, ""column_index"": 0, ""row_identifier_column"": ""Region"", ""row_identifier_value"": ""Riverton"", ""column"": ""Online orders"", ""raw_value"": 2626.0, ""display_value"": ""2626 orders""}]","{""target_column"": ""Online orders"", ""column_allowed_for_operation"": true}","{""headers"": [""Online orders"", ""Revenue"", ""Returns"", ""Units sold"", ""Region""], ""rows"": [[""4145 orders"", ""866.0 kUSD"", ""209 units"", ""2735 units"", ""Oakridge""], [""916 orders"", ""780.4 kUSD"", ""63 units"", ""4766 units"", ""Maple""], [""1068 orders"", ""636.6 kUSD"", ""27 units"", ""1226 units"", ""Fairview""], [""4485 orders"", ""348.5 kUSD"", ""57 units"", ""697 units"", ""Orion""], [""3736 orders"", ""265.8 kUSD"", ""270 units"", ""3663 units"", ""Brookfield""], [""2626 orders"", ""646.4 kUSD"", ""427 units"", ""6043 units"", ""Riverton""]]}"
A-L3-0040,3,argmax,battery_tests,Find the cell with the greatest State of health.,"| Internal resistance | Charge cycles | Capacity | Voltage | Cell | State of health |
| --- | --- | --- | --- | --- | --- |
| 82.5 mΩ | 328 cycles | 3262 mAh | 3.94 V | Cell-D2 | 52.1 % |
| 123.9 mΩ | 1053 cycles | 4868 mAh | 2.83 V | Cell-B2 | 54.5 % |
| 9.2 mΩ | 338 cycles | 4977 mAh | 3.32 V | Cell-A2 | 81.6 % |
| 94.2 mΩ | 1193 cycles | 4508 mAh | 3.43 V | Cell-A1 | 64.9 % |
| 125.4 mΩ | 429 cycles | 2931 mAh | 3.68 V | Cell-B1 | 69.0 % |
| 135.1 mΩ | 1010 cycles | 871 mAh | 4.22 V | Cell-C2 | 81.2 % |
| 155.6 mΩ | 1346 cycles | 3148 mAh | 3.16 V | Cell-C1 | 87.1 % |
| 95.5 mΩ | 221 cycles | 3220 mAh | 3.30 V | Cell-E1 | 56.8 % |
| 57.1 mΩ | 227 cycles | 1218 mAh | 3.67 V | Cell-D1 | 57.4 % |
| 51.4 mΩ | 720 cycles | 4636 mAh | 2.81 V | Cell-E2 | 92.0 % |","Answer the question using the table. Return only the final answer.

Table:
| Internal resistance | Charge cycles | Capacity | Voltage | Cell | State of health |
| --- | --- | --- | --- | --- | --- |
| 82.5 mΩ | 328 cycles | 3262 mAh | 3.94 V | Cell-D2 | 52.1 % |
| 123.9 mΩ | 1053 cycles | 4868 mAh | 2.83 V | Cell-B2 | 54.5 % |
| 9.2 mΩ | 338 cycles | 4977 mAh | 3.32 V | Cell-A2 | 81.6 % |
| 94.2 mΩ | 1193 cycles | 4508 mAh | 3.43 V | Cell-A1 | 64.9 % |
| 125.4 mΩ | 429 cycles | 2931 mAh | 3.68 V | Cell-B1 | 69.0 % |
| 135.1 mΩ | 1010 cycles | 871 mAh | 4.22 V | Cell-C2 | 81.2 % |
| 155.6 mΩ | 1346 cycles | 3148 mAh | 3.16 V | Cell-C1 | 87.1 % |
| 95.5 mΩ | 221 cycles | 3220 mAh | 3.30 V | Cell-E1 | 56.8 % |
| 57.1 mΩ | 227 cycles | 1218 mAh | 3.67 V | Cell-D1 | 57.4 % |
| 51.4 mΩ | 720 cycles | 4636 mAh | 2.81 V | Cell-E2 | 92.0 % |

Question: Find the cell with the greatest State of health.",Cell-E2,argmax,10,State of health,"[{""row_index"": 0, ""column_index"": 5, ""row_identifier_column"": ""Cell"", ""row_identifier_value"": ""Cell-D2"", ""column"": ""State of health"", ""raw_value"": 52.1, ""display_value"": ""52.1 %""}, {""row_index"": 1, ""column_index"": 5, ""row_identifier_column"": ""Cell"", ""row_identifier_value"": ""Cell-B2"", ""column"": ""State of health"", ""raw_value"": 54.5, ""display_value"": ""54.5 %""}, {""row_index"": 2, ""column_index"": 5, ""row_identifier_column"": ""Cell"", ""row_identifier_value"": ""Cell-A2"", ""column"": ""State of health"", ""raw_value"": 81.6, ""display_value"": ""81.6 %""}, {""row_index"": 3, ""column_index"": 5, ""row_identifier_column"": ""Cell"", ""row_identifier_value"": ""Cell-A1"", ""column"": ""State of health"", ""raw_value"": 64.9, ""display_value"": ""64.9 %""}, {""row_index"": 4, ""column_index"": 5, ""row_identifier_column"": ""Cell"", ""row_identifier_value"": ""Cell-B1"", ""column"": ""State of health"", ""raw_value"": 69.0, ""display_value"": ""69.0 %""}, {""row_index"": 5, ""column_index"": 5, ""row_identifier_column"": ""Cell"", ""row_identifier_value"": ""Cell-C2"", ""column"": ""State of health"", ""raw_value"": 81.2, ""display_value"": ""81.2 %""}, {""row_index"": 6, ""column_index"": 5, ""row_identifier_column"": ""Cell"", ""row_identifier_value"": ""Cell-C1"", ""column"": ""State of health"", ""raw_value"": 87.1, ""display_value"": ""87.1 %""}, {""row_index"": 7, ""column_index"": 5, ""row_identifier_column"": ""Cell"", ""row_identifier_value"": ""Cell-E1"", ""column"": ""State of health"", ""raw_value"": 56.8, ""display_value"": ""56.8 %""}, {""row_index"": 8, ""column_index"": 5, ""row_identifier_column"": ""Cell"", ""row_identifier_value"": ""Cell-D1"", ""column"": ""State of health"", ""raw_value"": 57.4, ""display_value"": ""57.4 %""}, {""row_index"": 9, ""column_index"": 5, ""row_identifier_column"": ""Cell"", ""row_identifier_value"": ""Cell-E2"", ""column"": ""State of health"", ""raw_value"": 92.0, ""display_value"": ""92.0 %""}]","{""target_column"": ""State of health"", ""column_allowed_for_operation"": true}","{""headers"": [""Internal resistance"", ""Charge cycles"", ""Capacity"", ""Voltage"", ""Cell"", ""State of health""], ""rows"": [[""82.5 mΩ"", ""328 cycles"", ""3262 mAh"", ""3.94 V"", ""Cell-D2"", ""52.1 %""], [""123.9 mΩ"", ""1053 cycles"", ""4868 mAh"", ""2.83 V"", ""Cell-B2"", ""54.5 %""], [""9.2 mΩ"", ""338 cycles"", ""4977 mAh"", ""3.32 V"", ""Cell-A2"", ""81.6 %""], [""94.2 mΩ"", ""1193 cycles"", ""4508 mAh"", ""3.43 V"", ""Cell-A1"", ""64.9 %""], [""125.4 mΩ"", ""429 cycles"", ""2931 mAh"", ""3.68 V"", ""Cell-B1"", ""69.0 %""], [""135.1 mΩ"", ""1010 cycles"", ""871 mAh"", ""4.22 V"", ""Cell-C2"", ""81.2 %""], [""155.6 mΩ"", ""1346 cycles"", ""3148 mAh"", ""3.16 V"", ""Cell-C1"", ""87.1 %""], [""95.5 mΩ"", ""221 cycles"", ""3220 mAh"", ""3.30 V"", ""Cell-E1"", ""56.8 %""], [""57.1 mΩ"", ""227 cycles"", ""1218 mAh"", ""3.67 V"", ""Cell-D1"", ""57.4 %""], [""51.4 mΩ"", ""720 cycles"", ""4636 mAh"", ""2.81 V"", ""Cell-E2"", ""92.0 %""]]}"
A-L3-0041,3,column_sum,race_telemetry,"According to the table, what is the sum of Pit time for all entries?","| Tire temperature | Fuel remaining | Pit time | Brake temperature | Lap time | Driver | Top speed |
| --- | --- | --- | --- | --- | --- | --- |
| 115.9 °C | 11.6 L | 42.02 s | 549 °C | 123.24 s | Sofia | 298.7 km/h |
| 105.0 °C | 45.6 L | 44.22 s | 310 °C | 62.29 s | Noah | 241.9 km/h |
| 124.3 °C | 53.2 L | 43.11 s | 848 °C | 105.96 s | Theo | 255.4 km/h |
| 113.7 °C | 24.4 L | 1.86 s | 804 °C | 111.12 s | Alex | 177.9 km/h |
| 57.5 °C | 65.1 L | 10.15 s | 312 °C | 130.11 s | Oliver | 330.6 km/h |","Answer the question using the table. Return only the final answer.

Table:
| Tire temperature | Fuel remaining | Pit time | Brake temperature | Lap time | Driver | Top speed |
| --- | --- | --- | --- | --- | --- | --- |
| 115.9 °C | 11.6 L | 42.02 s | 549 °C | 123.24 s | Sofia | 298.7 km/h |
| 105.0 °C | 45.6 L | 44.22 s | 310 °C | 62.29 s | Noah | 241.9 km/h |
| 124.3 °C | 53.2 L | 43.11 s | 848 °C | 105.96 s | Theo | 255.4 km/h |
| 113.7 °C | 24.4 L | 1.86 s | 804 °C | 111.12 s | Alex | 177.9 km/h |
| 57.5 °C | 65.1 L | 10.15 s | 312 °C | 130.11 s | Oliver | 330.6 km/h |

Question: According to the table, what is the sum of Pit time for all entries?",141.36 s,sum,5,Pit time,"[{""row_index"": 0, ""column_index"": 2, ""row_identifier_column"": ""Driver"", ""row_identifier_value"": ""Sofia"", ""column"": ""Pit time"", ""raw_value"": 42.02, ""display_value"": ""42.02 s""}, {""row_index"": 1, ""column_index"": 2, ""row_identifier_column"": ""Driver"", ""row_identifier_value"": ""Noah"", ""column"": ""Pit time"", ""raw_value"": 44.22, ""display_value"": ""44.22 s""}, {""row_index"": 2, ""column_index"": 2, ""row_identifier_column"": ""Driver"", ""row_identifier_value"": ""Theo"", ""column"": ""Pit time"", ""raw_value"": 43.11, ""display_value"": ""43.11 s""}, {""row_index"": 3, ""column_index"": 2, ""row_identifier_column"": ""Driver"", ""row_identifier_value"": ""Alex"", ""column"": ""Pit time"", ""raw_value"": 1.86, ""display_value"": ""1.86 s""}, {""row_index"": 4, ""column_index"": 2, ""row_identifier_column"": ""Driver"", ""row_identifier_value"": ""Oliver"", ""column"": ""Pit time"", ""raw_value"": 10.15, ""display_value"": ""10.15 s""}]","{""target_column"": ""Pit time"", ""column_allowed_for_operation"": true}","{""headers"": [""Tire temperature"", ""Fuel remaining"", ""Pit time"", ""Brake temperature"", ""Lap time"", ""Driver"", ""Top speed""], ""rows"": [[""115.9 °C"", ""11.6 L"", ""42.02 s"", ""549 °C"", ""123.24 s"", ""Sofia"", ""298.7 km/h""], [""105.0 °C"", ""45.6 L"", ""44.22 s"", ""310 °C"", ""62.29 s"", ""Noah"", ""241.9 km/h""], [""124.3 °C"", ""53.2 L"", ""43.11 s"", ""848 °C"", ""105.96 s"", ""Theo"", ""255.4 km/h""], [""113.7 °C"", ""24.4 L"", ""1.86 s"", ""804 °C"", ""111.12 s"", ""Alex"", ""177.9 km/h""], [""57.5 °C"", ""65.1 L"", ""10.15 s"", ""312 °C"", ""130.11 s"", ""Oliver"", ""330.6 km/h""]]}"
A-L3-0042,3,column_sum,regional_sales,Add all values in the Online orders column. What is the total?,"| Units sold | Returns | Retail orders | Ad spend | Revenue | Online orders | Region |
| --- | --- | --- | --- | --- | --- | --- |
| 7375 units | 494 units | 1503 orders | 132.2 kUSD | 701.1 kUSD | 489 orders | Orion |
| 5031 units | 344 units | 320 orders | 221.0 kUSD | 823.0 kUSD | 498 orders | Riverton |
| 6195 units | 460 units | 3079 orders | 91.1 kUSD | 275.7 kUSD | 4734 orders | Hillcrest |
| 2524 units | 265 units | 2126 orders | 100.0 kUSD | 77.0 kUSD | 1901 orders | Brookfield |
| 1465 units | 81 units | 933 orders | 163.4 kUSD | 162.8 kUSD | 644 orders | Pinehurst |
| 6097 units | 308 units | 593 orders | 143.8 kUSD | 957.9 kUSD | 109 orders | Oakridge |","Answer the question using the table. Return only the final answer.

Table:
| Units sold | Returns | Retail orders | Ad spend | Revenue | Online orders | Region |
| --- | --- | --- | --- | --- | --- | --- |
| 7375 units | 494 units | 1503 orders | 132.2 kUSD | 701.1 kUSD | 489 orders | Orion |
| 5031 units | 344 units | 320 orders | 221.0 kUSD | 823.0 kUSD | 498 orders | Riverton |
| 6195 units | 460 units | 3079 orders | 91.1 kUSD | 275.7 kUSD | 4734 orders | Hillcrest |
| 2524 units | 265 units | 2126 orders | 100.0 kUSD | 77.0 kUSD | 1901 orders | Brookfield |
| 1465 units | 81 units | 933 orders | 163.4 kUSD | 162.8 kUSD | 644 orders | Pinehurst |
| 6097 units | 308 units | 593 orders | 143.8 kUSD | 957.9 kUSD | 109 orders | Oakridge |

Question: Add all values in the Online orders column. What is the total?",8375 orders,sum,6,Online orders,"[{""row_index"": 0, ""column_index"": 5, ""row_identifier_column"": ""Region"", ""row_identifier_value"": ""Orion"", ""column"": ""Online orders"", ""raw_value"": 489.0, ""display_value"": ""489 orders""}, {""row_index"": 1, ""column_index"": 5, ""row_identifier_column"": ""Region"", ""row_identifier_value"": ""Riverton"", ""column"": ""Online orders"", ""raw_value"": 498.0, ""display_value"": ""498 orders""}, {""row_index"": 2, ""column_index"": 5, ""row_identifier_column"": ""Region"", ""row_identifier_value"": ""Hillcrest"", ""column"": ""Online orders"", ""raw_value"": 4734.0, ""display_value"": ""4734 orders""}, {""row_index"": 3, ""column_index"": 5, ""row_identifier_column"": ""Region"", ""row_identifier_value"": ""Brookfield"", ""column"": ""Online orders"", ""raw_value"": 1901.0, ""display_value"": ""1901 orders""}, {""row_index"": 4, ""column_index"": 5, ""row_identifier_column"": ""Region"", ""row_identifier_value"": ""Pinehurst"", ""column"": ""Online orders"", ""raw_value"": 644.0, ""display_value"": ""644 orders""}, {""row_index"": 5, ""column_index"": 5, ""row_identifier_column"": ""Region"", ""row_identifier_value"": ""Oakridge"", ""column"": ""Online orders"", ""raw_value"": 109.0, ""display_value"": ""109 orders""}]","{""target_column"": ""Online orders"", ""column_allowed_for_operation"": true}","{""headers"": [""Units sold"", ""Returns"", ""Retail orders"", ""Ad spend"", ""Revenue"", ""Online orders"", ""Region""], ""rows"": [[""7375 units"", ""494 units"", ""1503 orders"", ""132.2 kUSD"", ""701.1 kUSD"", ""489 orders"", ""Orion""], [""5031 units"", ""344 units"", ""320 orders"", ""221.0 kUSD"", ""823.0 kUSD"", ""498 orders"", ""Riverton""], [""6195 units"", ""460 units"", ""3079 orders"", ""91.1 kUSD"", ""275.7 kUSD"", ""4734 orders"", ""Hillcrest""], [""2524 units"", ""265 units"", ""2126 orders"", ""100.0 kUSD"", ""77.0 kUSD"", ""1901 orders"", ""Brookfield""], [""1465 units"", ""81 units"", ""933 orders"", ""163.4 kUSD"", ""162.8 kUSD"", ""644 orders"", ""Pinehurst""], [""6097 units"", ""308 units"", ""593 orders"", ""143.8 kUSD"", ""957.9 kUSD"", ""109 orders"", ""Oakridge""]]}"
A-L3-0043,3,count_condition,race_telemetry,Count the rows where Fuel remaining is greater than 47.05 L.,"| Top speed | Lap time | Brake temperature | Driver | Fuel remaining | Tire temperature |
| --- | --- | --- | --- | --- | --- |
| 342.9 km/h | 118.13 s | 758 °C | Nora | 44.1 L | 77.5 °C |
| 281.3 km/h | 109.31 s | 291 °C | Iris | 59.7 L | 101.5 °C |
| 365.9 km/h | 140.92 s | 288 °C | Hana | 87.4 L | 91.1 °C |
| 231.2 km/h | 97.67 s | 445 °C | Oliver | 11.7 L | 138.6 °C |
| 278.0 km/h | 66.08 s | 425 °C | Chris | 46.1 L | 79.3 °C |
| 268.3 km/h | 106.86 s | 878 °C | Emma | 5.9 L | 115.4 °C |
| 300.6 km/h | 147.35 s | 562 °C | Noah | 48.0 L | 55.4 °C |","Answer the question using the table. Return only the final answer.

Table:
| Top speed | Lap time | Brake temperature | Driver | Fuel remaining | Tire temperature |
| --- | --- | --- | --- | --- | --- |
| 342.9 km/h | 118.13 s | 758 °C | Nora | 44.1 L | 77.5 °C |
| 281.3 km/h | 109.31 s | 291 °C | Iris | 59.7 L | 101.5 °C |
| 365.9 km/h | 140.92 s | 288 °C | Hana | 87.4 L | 91.1 °C |
| 231.2 km/h | 97.67 s | 445 °C | Oliver | 11.7 L | 138.6 °C |
| 278.0 km/h | 66.08 s | 425 °C | Chris | 46.1 L | 79.3 °C |
| 268.3 km/h | 106.86 s | 878 °C | Emma | 5.9 L | 115.4 °C |
| 300.6 km/h | 147.35 s | 562 °C | Noah | 48.0 L | 55.4 °C |

Question: Count the rows where Fuel remaining is greater than 47.05 L.",3,count_condition,7,Fuel remaining,"[{""row_index"": 0, ""column_index"": 4, ""row_identifier_column"": ""Driver"", ""row_identifier_value"": ""Nora"", ""column"": ""Fuel remaining"", ""raw_value"": 44.1, ""display_value"": ""44.1 L""}, {""row_index"": 1, ""column_index"": 4, ""row_identifier_column"": ""Driver"", ""row_identifier_value"": ""Iris"", ""column"": ""Fuel remaining"", ""raw_value"": 59.7, ""display_value"": ""59.7 L""}, {""row_index"": 2, ""column_index"": 4, ""row_identifier_column"": ""Driver"", ""row_identifier_value"": ""Hana"", ""column"": ""Fuel remaining"", ""raw_value"": 87.4, ""display_value"": ""87.4 L""}, {""row_index"": 3, ""column_index"": 4, ""row_identifier_column"": ""Driver"", ""row_identifier_value"": ""Oliver"", ""column"": ""Fuel remaining"", ""raw_value"": 11.7, ""display_value"": ""11.7 L""}, {""row_index"": 4, ""column_index"": 4, ""row_identifier_column"": ""Driver"", ""row_identifier_value"": ""Chris"", ""column"": ""Fuel remaining"", ""raw_value"": 46.1, ""display_value"": ""46.1 L""}, {""row_index"": 5, ""column_index"": 4, ""row_identifier_column"": ""Driver"", ""row_identifier_value"": ""Emma"", ""column"": ""Fuel remaining"", ""raw_value"": 5.9, ""display_value"": ""5.9 L""}, {""row_index"": 6, ""column_index"": 4, ""row_identifier_column"": ""Driver"", ""row_identifier_value"": ""Noah"", ""column"": ""Fuel remaining"", ""raw_value"": 48.0, ""display_value"": ""48.0 L""}]","{""target_column"": ""Fuel remaining"", ""column_allowed_for_operation"": true, ""comparison"": ""greater_than"", ""threshold_raw"": 47.05, ""threshold_display"": ""47.05 L""}","{""headers"": [""Top speed"", ""Lap time"", ""Brake temperature"", ""Driver"", ""Fuel remaining"", ""Tire temperature""], ""rows"": [[""342.9 km/h"", ""118.13 s"", ""758 °C"", ""Nora"", ""44.1 L"", ""77.5 °C""], [""281.3 km/h"", ""109.31 s"", ""291 °C"", ""Iris"", ""59.7 L"", ""101.5 °C""], [""365.9 km/h"", ""140.92 s"", ""288 °C"", ""Hana"", ""87.4 L"", ""91.1 °C""], [""231.2 km/h"", ""97.67 s"", ""445 °C"", ""Oliver"", ""11.7 L"", ""138.6 °C""], [""278.0 km/h"", ""66.08 s"", ""425 °C"", ""Chris"", ""46.1 L"", ""79.3 °C""], [""268.3 km/h"", ""106.86 s"", ""878 °C"", ""Emma"", ""5.9 L"", ""115.4 °C""], [""300.6 km/h"", ""147.35 s"", ""562 °C"", ""Noah"", ""48.0 L"", ""55.4 °C""]]}"
A-L3-0044,3,column_sum,ml_benchmark,What is the total Energy use across all rows?,"| F1 score | Memory usage | Latency | Accuracy | Throughput | Model | Energy use |
| --- | --- | --- | --- | --- | --- | --- |
| 79.8 % | 16.0 GB | 145.9 ms | 57.4 % | 489.7 req/s | Sigma | 192.1 Wh |
| 71.6 % | 15.9 GB | 173.8 ms | 80.9 % | 199.1 req/s | Vertex | 391.8 Wh |
| 57.0 % | 5.2 GB | 155.7 ms | 79.1 % | 373.3 req/s | Quartz | 396.8 Wh |
| 64.4 % | 10.2 GB | 96.1 ms | 75.2 % | 192.6 req/s | Atlas | 113.9 Wh |
| 54.6 % | 12.5 GB | 177.0 ms | 85.8 % | 469.9 req/s | Zenith | 324.0 Wh |
| 66.7 % | 16.9 GB | 37.3 ms | 81.3 % | 427.2 req/s | Nova | 450.2 Wh |
| 86.7 % | 7.9 GB | 116.9 ms | 79.5 % | 349.6 req/s | Delta | 86.7 Wh |
| 59.4 % | 5.6 GB | 156.3 ms | 78.6 % | 56.6 req/s | Pulse | 169.4 Wh |
| 71.2 % | 4.6 GB | 38.7 ms | 76.4 % | 240.5 req/s | Nimbus | 163.6 Wh |
| 83.8 % | 9.7 GB | 27.6 ms | 59.4 % | 67.7 req/s | Echo | 54.9 Wh |","Answer the question using the table. Return only the final answer.

Table:
| F1 score | Memory usage | Latency | Accuracy | Throughput | Model | Energy use |
| --- | --- | --- | --- | --- | --- | --- |
| 79.8 % | 16.0 GB | 145.9 ms | 57.4 % | 489.7 req/s | Sigma | 192.1 Wh |
| 71.6 % | 15.9 GB | 173.8 ms | 80.9 % | 199.1 req/s | Vertex | 391.8 Wh |
| 57.0 % | 5.2 GB | 155.7 ms | 79.1 % | 373.3 req/s | Quartz | 396.8 Wh |
| 64.4 % | 10.2 GB | 96.1 ms | 75.2 % | 192.6 req/s | Atlas | 113.9 Wh |
| 54.6 % | 12.5 GB | 177.0 ms | 85.8 % | 469.9 req/s | Zenith | 324.0 Wh |
| 66.7 % | 16.9 GB | 37.3 ms | 81.3 % | 427.2 req/s | Nova | 450.2 Wh |
| 86.7 % | 7.9 GB | 116.9 ms | 79.5 % | 349.6 req/s | Delta | 86.7 Wh |
| 59.4 % | 5.6 GB | 156.3 ms | 78.6 % | 56.6 req/s | Pulse | 169.4 Wh |
| 71.2 % | 4.6 GB | 38.7 ms | 76.4 % | 240.5 req/s | Nimbus | 163.6 Wh |
| 83.8 % | 9.7 GB | 27.6 ms | 59.4 % | 67.7 req/s | Echo | 54.9 Wh |

Question: What is the total Energy use across all rows?",2343.4 Wh,sum,10,Energy use,"[{""row_index"": 0, ""column_index"": 6, ""row_identifier_column"": ""Model"", ""row_identifier_value"": ""Sigma"", ""column"": ""Energy use"", ""raw_value"": 192.1, ""display_value"": ""192.1 Wh""}, {""row_index"": 1, ""column_index"": 6, ""row_identifier_column"": ""Model"", ""row_identifier_value"": ""Vertex"", ""column"": ""Energy use"", ""raw_value"": 391.8, ""display_value"": ""391.8 Wh""}, {""row_index"": 2, ""column_index"": 6, ""row_identifier_column"": ""Model"", ""row_identifier_value"": ""Quartz"", ""column"": ""Energy use"", ""raw_value"": 396.8, ""display_value"": ""396.8 Wh""}, {""row_index"": 3, ""column_index"": 6, ""row_identifier_column"": ""Model"", ""row_identifier_value"": ""Atlas"", ""column"": ""Energy use"", ""raw_value"": 113.9, ""display_value"": ""113.9 Wh""}, {""row_index"": 4, ""column_index"": 6, ""row_identifier_column"": ""Model"", ""row_identifier_value"": ""Zenith"", ""column"": ""Energy use"", ""raw_value"": 324.0, ""display_value"": ""324.0 Wh""}, {""row_index"": 5, ""column_index"": 6, ""row_identifier_column"": ""Model"", ""row_identifier_value"": ""Nova"", ""column"": ""Energy use"", ""raw_value"": 450.2, ""display_value"": ""450.2 Wh""}, {""row_index"": 6, ""column_index"": 6, ""row_identifier_column"": ""Model"", ""row_identifier_value"": ""Delta"", ""column"": ""Energy use"", ""raw_value"": 86.7, ""display_value"": ""86.7 Wh""}, {""row_index"": 7, ""column_index"": 6, ""row_identifier_column"": ""Model"", ""row_identifier_value"": ""Pulse"", ""column"": ""Energy use"", ""raw_value"": 169.4, ""display_value"": ""169.4 Wh""}, {""row_index"": 8, ""column_index"": 6, ""row_identifier_column"": ""Model"", ""row_identifier_value"": ""Nimbus"", ""column"": ""Energy use"", ""raw_value"": 163.6, ""display_value"": ""163.6 Wh""}, {""row_index"": 9, ""column_index"": 6, ""row_identifier_column"": ""Model"", ""row_identifier_value"": ""Echo"", ""column"": ""Energy use"", ""raw_value"": 54.9, ""display_value"": ""54.9 Wh""}]","{""target_column"": ""Energy use"", ""column_allowed_for_operation"": true}","{""headers"": [""F1 score"", ""Memory usage"", ""Latency"", ""Accuracy"", ""Throughput"", ""Model"", ""Energy use""], ""rows"": [[""79.8 %"", ""16.0 GB"", ""145.9 ms"", ""57.4 %"", ""489.7 req/s"", ""Sigma"", ""192.1 Wh""], [""71.6 %"", ""15.9 GB"", ""173.8 ms"", ""80.9 %"", ""199.1 req/s"", ""Vertex"", ""391.8 Wh""], [""57.0 %"", ""5.2 GB"", ""155.7 ms"", ""79.1 %"", ""373.3 req/s"", ""Quartz"", ""396.8 Wh""], [""64.4 %"", ""10.2 GB"", ""96.1 ms"", ""75.2 %"", ""192.6 req/s"", ""Atlas"", ""113.9 Wh""], [""54.6 %"", ""12.5 GB"", ""177.0 ms"", ""85.8 %"", ""469.9 req/s"", ""Zenith"", ""324.0 Wh""], [""66.7 %"", ""16.9 GB"", ""37.3 ms"", ""81.3 %"", ""427.2 req/s"", ""Nova"", ""450.2 Wh""], [""86.7 %"", ""7.9 GB"", ""116.9 ms"", ""79.5 %"", ""349.6 req/s"", ""Delta"", ""86.7 Wh""], [""59.4 %"", ""5.6 GB"", ""156.3 ms"", ""78.6 %"", ""56.6 req/s"", ""Pulse"", ""169.4 Wh""], [""71.2 %"", ""4.6 GB"", ""38.7 ms"", ""76.4 %"", ""240.5 req/s"", ""Nimbus"", ""163.6 Wh""], [""83.8 %"", ""9.7 GB"", ""27.6 ms"", ""59.4 %"", ""67.7 req/s"", ""Echo"", ""54.9 Wh""]]}"
A-L3-0045,3,argmax,flight_measurements,Find the pilot with the greatest Vertical speed.,"| Cabin pressure | Ground speed | Vertical speed | Fuel | Engine temperature | Pilot | Altitude |
| --- | --- | --- | --- | --- | --- | --- |
| 90.2 kPa | 197.1 km/h | -10.1 m/s | 1221 kg | 933 °C | Sam | 1003 m |
| 84.1 kPa | 676.9 km/h | -1.7 m/s | 11242 kg | 537 °C | Hana | 2068 m |
| 97.2 kPa | 640.0 km/h | 3.0 m/s | 7758 kg | 793 °C | Ryan | 2234 m |
| 71.9 kPa | 711.8 km/h | -6.4 m/s | 4786 kg | 716 °C | Iris | 9765 m |
| 65.1 kPa | 815.1 km/h | -3.8 m/s | 9156 kg | 467 °C | Julia | 11628 m |
| 73.0 kPa | 694.0 km/h | 5.5 m/s | 3113 kg | 887 °C | Lucas | 6911 m |","Answer the question using the table. Return only the final answer.

Table:
| Cabin pressure | Ground speed | Vertical speed | Fuel | Engine temperature | Pilot | Altitude |
| --- | --- | --- | --- | --- | --- | --- |
| 90.2 kPa | 197.1 km/h | -10.1 m/s | 1221 kg | 933 °C | Sam | 1003 m |
| 84.1 kPa | 676.9 km/h | -1.7 m/s | 11242 kg | 537 °C | Hana | 2068 m |
| 97.2 kPa | 640.0 km/h | 3.0 m/s | 7758 kg | 793 °C | Ryan | 2234 m |
| 71.9 kPa | 711.8 km/h | -6.4 m/s | 4786 kg | 716 °C | Iris | 9765 m |
| 65.1 kPa | 815.1 km/h | -3.8 m/s | 9156 kg | 467 °C | Julia | 11628 m |
| 73.0 kPa | 694.0 km/h | 5.5 m/s | 3113 kg | 887 °C | Lucas | 6911 m |

Question: Find the pilot with the greatest Vertical speed.",Lucas,argmax,6,Vertical speed,"[{""row_index"": 0, ""column_index"": 2, ""row_identifier_column"": ""Pilot"", ""row_identifier_value"": ""Sam"", ""column"": ""Vertical speed"", ""raw_value"": -10.1, ""display_value"": ""-10.1 m/s""}, {""row_index"": 1, ""column_index"": 2, ""row_identifier_column"": ""Pilot"", ""row_identifier_value"": ""Hana"", ""column"": ""Vertical speed"", ""raw_value"": -1.7, ""display_value"": ""-1.7 m/s""}, {""row_index"": 2, ""column_index"": 2, ""row_identifier_column"": ""Pilot"", ""row_identifier_value"": ""Ryan"", ""column"": ""Vertical speed"", ""raw_value"": 3.0, ""display_value"": ""3.0 m/s""}, {""row_index"": 3, ""column_index"": 2, ""row_identifier_column"": ""Pilot"", ""row_identifier_value"": ""Iris"", ""column"": ""Vertical speed"", ""raw_value"": -6.4, ""display_value"": ""-6.4 m/s""}, {""row_index"": 4, ""column_index"": 2, ""row_identifier_column"": ""Pilot"", ""row_identifier_value"": ""Julia"", ""column"": ""Vertical speed"", ""raw_value"": -3.8, ""display_value"": ""-3.8 m/s""}, {""row_index"": 5, ""column_index"": 2, ""row_identifier_column"": ""Pilot"", ""row_identifier_value"": ""Lucas"", ""column"": ""Vertical speed"", ""raw_value"": 5.5, ""display_value"": ""5.5 m/s""}]","{""target_column"": ""Vertical speed"", ""column_allowed_for_operation"": true}","{""headers"": [""Cabin pressure"", ""Ground speed"", ""Vertical speed"", ""Fuel"", ""Engine temperature"", ""Pilot"", ""Altitude""], ""rows"": [[""90.2 kPa"", ""197.1 km/h"", ""-10.1 m/s"", ""1221 kg"", ""933 °C"", ""Sam"", ""1003 m""], [""84.1 kPa"", ""676.9 km/h"", ""-1.7 m/s"", ""11242 kg"", ""537 °C"", ""Hana"", ""2068 m""], [""97.2 kPa"", ""640.0 km/h"", ""3.0 m/s"", ""7758 kg"", ""793 °C"", ""Ryan"", ""2234 m""], [""71.9 kPa"", ""711.8 km/h"", ""-6.4 m/s"", ""4786 kg"", ""716 °C"", ""Iris"", ""9765 m""], [""65.1 kPa"", ""815.1 km/h"", ""-3.8 m/s"", ""9156 kg"", ""467 °C"", ""Julia"", ""11628 m""], [""73.0 kPa"", ""694.0 km/h"", ""5.5 m/s"", ""3113 kg"", ""887 °C"", ""Lucas"", ""6911 m""]]}"
A-L3-0046,3,argmin,ml_benchmark,"According to the table, which model has the minimum F1 score?","| Throughput | Memory usage | Energy use | Accuracy | Model | Latency | F1 score |
| --- | --- | --- | --- | --- | --- | --- |
| 104.6 req/s | 16.7 GB | 465.2 Wh | 71.0 % | Vertex | 179.0 ms | 48.6 % |
| 102.0 req/s | 15.2 GB | 33.2 Wh | 64.7 % | Aurora | 146.2 ms | 76.3 % |
| 261.7 req/s | 5.0 GB | 101.7 Wh | 58.4 % | Pulse | 24.5 ms | 93.6 % |
| 332.0 req/s | 14.4 GB | 392.3 Wh | 95.1 % | Atlas | 179.6 ms | 61.7 % |
| 140.2 req/s | 8.6 GB | 259.6 Wh | 57.0 % | Nimbus | 157.9 ms | 55.7 % |","Answer the question using the table. Return only the final answer.

Table:
| Throughput | Memory usage | Energy use | Accuracy | Model | Latency | F1 score |
| --- | --- | --- | --- | --- | --- | --- |
| 104.6 req/s | 16.7 GB | 465.2 Wh | 71.0 % | Vertex | 179.0 ms | 48.6 % |
| 102.0 req/s | 15.2 GB | 33.2 Wh | 64.7 % | Aurora | 146.2 ms | 76.3 % |
| 261.7 req/s | 5.0 GB | 101.7 Wh | 58.4 % | Pulse | 24.5 ms | 93.6 % |
| 332.0 req/s | 14.4 GB | 392.3 Wh | 95.1 % | Atlas | 179.6 ms | 61.7 % |
| 140.2 req/s | 8.6 GB | 259.6 Wh | 57.0 % | Nimbus | 157.9 ms | 55.7 % |

Question: According to the table, which model has the minimum F1 score?",Vertex,argmin,5,F1 score,"[{""row_index"": 0, ""column_index"": 6, ""row_identifier_column"": ""Model"", ""row_identifier_value"": ""Vertex"", ""column"": ""F1 score"", ""raw_value"": 48.6, ""display_value"": ""48.6 %""}, {""row_index"": 1, ""column_index"": 6, ""row_identifier_column"": ""Model"", ""row_identifier_value"": ""Aurora"", ""column"": ""F1 score"", ""raw_value"": 76.3, ""display_value"": ""76.3 %""}, {""row_index"": 2, ""column_index"": 6, ""row_identifier_column"": ""Model"", ""row_identifier_value"": ""Pulse"", ""column"": ""F1 score"", ""raw_value"": 93.6, ""display_value"": ""93.6 %""}, {""row_index"": 3, ""column_index"": 6, ""row_identifier_column"": ""Model"", ""row_identifier_value"": ""Atlas"", ""column"": ""F1 score"", ""raw_value"": 61.7, ""display_value"": ""61.7 %""}, {""row_index"": 4, ""column_index"": 6, ""row_identifier_column"": ""Model"", ""row_identifier_value"": ""Nimbus"", ""column"": ""F1 score"", ""raw_value"": 55.7, ""display_value"": ""55.7 %""}]","{""target_column"": ""F1 score"", ""column_allowed_for_operation"": true}","{""headers"": [""Throughput"", ""Memory usage"", ""Energy use"", ""Accuracy"", ""Model"", ""Latency"", ""F1 score""], ""rows"": [[""104.6 req/s"", ""16.7 GB"", ""465.2 Wh"", ""71.0 %"", ""Vertex"", ""179.0 ms"", ""48.6 %""], [""102.0 req/s"", ""15.2 GB"", ""33.2 Wh"", ""64.7 %"", ""Aurora"", ""146.2 ms"", ""76.3 %""], [""261.7 req/s"", ""5.0 GB"", ""101.7 Wh"", ""58.4 %"", ""Pulse"", ""24.5 ms"", ""93.6 %""], [""332.0 req/s"", ""14.4 GB"", ""392.3 Wh"", ""95.1 %"", ""Atlas"", ""179.6 ms"", ""61.7 %""], [""140.2 req/s"", ""8.6 GB"", ""259.6 Wh"", ""57.0 %"", ""Nimbus"", ""157.9 ms"", ""55.7 %""]]}"
A-L3-0047,3,column_sum,lab_measurements,Add all values in the Mass column. What is the total?,"| Temperature | pH | Volume | Mass | Sample | Conductivity | Density |
| --- | --- | --- | --- | --- | --- | --- |
| 57.2 °C | 2.11 | 254.6 mL | 146.7 g | Sample-I | 6.64 mS/cm | 3.63 g/mL |
| 75.4 °C | 3.84 | 255.6 mL | 315.3 g | Sample-L | 22.37 mS/cm | 3.00 g/mL |
| 24.5 °C | 5.49 | 280.0 mL | 136.4 g | Sample-A | 3.32 mS/cm | 1.95 g/mL |
| 34.9 °C | 8.68 | 257.0 mL | 347.1 g | Sample-E | 23.89 mS/cm | 0.55 g/mL |
| 57.7 °C | 5.35 | 66.5 mL | 138.0 g | Sample-B | 4.17 mS/cm | 2.49 g/mL |
| 94.5 °C | 2.99 | 54.8 mL | 170.3 g | Sample-H | 11.58 mS/cm | 2.18 g/mL |
| 76.4 °C | 9.98 | 180.7 mL | 341.0 g | Sample-J | 20.64 mS/cm | 2.94 g/mL |
| 44.0 °C | 6.99 | 165.5 mL | 265.0 g | Sample-C | 9.94 mS/cm | 0.58 g/mL |
| 63.9 °C | 10.39 | 79.0 mL | 21.3 g | Sample-D | 3.64 mS/cm | 2.23 g/mL |
| 18.7 °C | 3.87 | 273.1 mL | 175.8 g | Sample-K | 17.19 mS/cm | 2.54 g/mL |","Answer the question using the table. Return only the final answer.

Table:
| Temperature | pH | Volume | Mass | Sample | Conductivity | Density |
| --- | --- | --- | --- | --- | --- | --- |
| 57.2 °C | 2.11 | 254.6 mL | 146.7 g | Sample-I | 6.64 mS/cm | 3.63 g/mL |
| 75.4 °C | 3.84 | 255.6 mL | 315.3 g | Sample-L | 22.37 mS/cm | 3.00 g/mL |
| 24.5 °C | 5.49 | 280.0 mL | 136.4 g | Sample-A | 3.32 mS/cm | 1.95 g/mL |
| 34.9 °C | 8.68 | 257.0 mL | 347.1 g | Sample-E | 23.89 mS/cm | 0.55 g/mL |
| 57.7 °C | 5.35 | 66.5 mL | 138.0 g | Sample-B | 4.17 mS/cm | 2.49 g/mL |
| 94.5 °C | 2.99 | 54.8 mL | 170.3 g | Sample-H | 11.58 mS/cm | 2.18 g/mL |
| 76.4 °C | 9.98 | 180.7 mL | 341.0 g | Sample-J | 20.64 mS/cm | 2.94 g/mL |
| 44.0 °C | 6.99 | 165.5 mL | 265.0 g | Sample-C | 9.94 mS/cm | 0.58 g/mL |
| 63.9 °C | 10.39 | 79.0 mL | 21.3 g | Sample-D | 3.64 mS/cm | 2.23 g/mL |
| 18.7 °C | 3.87 | 273.1 mL | 175.8 g | Sample-K | 17.19 mS/cm | 2.54 g/mL |

Question: Add all values in the Mass column. What is the total?",2056.9 g,sum,10,Mass,"[{""row_index"": 0, ""column_index"": 3, ""row_identifier_column"": ""Sample"", ""row_identifier_value"": ""Sample-I"", ""column"": ""Mass"", ""raw_value"": 146.7, ""display_value"": ""146.7 g""}, {""row_index"": 1, ""column_index"": 3, ""row_identifier_column"": ""Sample"", ""row_identifier_value"": ""Sample-L"", ""column"": ""Mass"", ""raw_value"": 315.3, ""display_value"": ""315.3 g""}, {""row_index"": 2, ""column_index"": 3, ""row_identifier_column"": ""Sample"", ""row_identifier_value"": ""Sample-A"", ""column"": ""Mass"", ""raw_value"": 136.4, ""display_value"": ""136.4 g""}, {""row_index"": 3, ""column_index"": 3, ""row_identifier_column"": ""Sample"", ""row_identifier_value"": ""Sample-E"", ""column"": ""Mass"", ""raw_value"": 347.1, ""display_value"": ""347.1 g""}, {""row_index"": 4, ""column_index"": 3, ""row_identifier_column"": ""Sample"", ""row_identifier_value"": ""Sample-B"", ""column"": ""Mass"", ""raw_value"": 138.0, ""display_value"": ""138.0 g""}, {""row_index"": 5, ""column_index"": 3, ""row_identifier_column"": ""Sample"", ""row_identifier_value"": ""Sample-H"", ""column"": ""Mass"", ""raw_value"": 170.3, ""display_value"": ""170.3 g""}, {""row_index"": 6, ""column_index"": 3, ""row_identifier_column"": ""Sample"", ""row_identifier_value"": ""Sample-J"", ""column"": ""Mass"", ""raw_value"": 341.0, ""display_value"": ""341.0 g""}, {""row_index"": 7, ""column_index"": 3, ""row_identifier_column"": ""Sample"", ""row_identifier_value"": ""Sample-C"", ""column"": ""Mass"", ""raw_value"": 265.0, ""display_value"": ""265.0 g""}, {""row_index"": 8, ""column_index"": 3, ""row_identifier_column"": ""Sample"", ""row_identifier_value"": ""Sample-D"", ""column"": ""Mass"", ""raw_value"": 21.3, ""display_value"": ""21.3 g""}, {""row_index"": 9, ""column_index"": 3, ""row_identifier_column"": ""Sample"", ""row_identifier_value"": ""Sample-K"", ""column"": ""Mass"", ""raw_value"": 175.8, ""display_value"": ""175.8 g""}]","{""target_column"": ""Mass"", ""column_allowed_for_operation"": true}","{""headers"": [""Temperature"", ""pH"", ""Volume"", ""Mass"", ""Sample"", ""Conductivity"", ""Density""], ""rows"": [[""57.2 °C"", ""2.11"", ""254.6 mL"", ""146.7 g"", ""Sample-I"", ""6.64 mS/cm"", ""3.63 g/mL""], [""75.4 °C"", ""3.84"", ""255.6 mL"", ""315.3 g"", ""Sample-L"", ""22.37 mS/cm"", ""3.00 g/mL""], [""24.5 °C"", ""5.49"", ""280.0 mL"", ""136.4 g"", ""Sample-A"", ""3.32 mS/cm"", ""1.95 g/mL""], [""34.9 °C"", ""8.68"", ""257.0 mL"", ""347.1 g"", ""Sample-E"", ""23.89 mS/cm"", ""0.55 g/mL""], [""57.7 °C"", ""5.35"", ""66.5 mL"", ""138.0 g"", ""Sample-B"", ""4.17 mS/cm"", ""2.49 g/mL""], [""94.5 °C"", ""2.99"", ""54.8 mL"", ""170.3 g"", ""Sample-H"", ""11.58 mS/cm"", ""2.18 g/mL""], [""76.4 °C"", ""9.98"", ""180.7 mL"", ""341.0 g"", ""Sample-J"", ""20.64 mS/cm"", ""2.94 g/mL""], [""44.0 °C"", ""6.99"", ""165.5 mL"", ""265.0 g"", ""Sample-C"", ""9.94 mS/cm"", ""0.58 g/mL""], [""63.9 °C"", ""10.39"", ""79.0 mL"", ""21.3 g"", ""Sample-D"", ""3.64 mS/cm"", ""2.23 g/mL""], [""18.7 °C"", ""3.87"", ""273.1 mL"", ""175.8 g"", ""Sample-K"", ""17.19 mS/cm"", ""2.54 g/mL""]]}"
A-L3-0048,3,argmin,weather_stations,"According to the table, which station has the minimum Wind speed?","| Temperature | Pressure | Visibility | Rainfall | Station | Wind speed |
| --- | --- | --- | --- | --- | --- |
| 39.0 °C | 982.6 hPa | 25.1 km | 86.4 mm | Lakeside | 26.0 m/s |
| 19.3 °C | 935.2 hPa | 25.1 km | 65.3 mm | Oakridge | 16.1 m/s |
| 23.3 °C | 962.8 hPa | 6.7 km | 6.5 mm | Riverton | 0.1 m/s |
| 29.0 °C | 932.0 hPa | 25.9 km | 7.9 mm | Hillcrest | 10.1 m/s |
| 23.8 °C | 987.6 hPa | 25.3 km | 114.5 mm | Fairview | 23.1 m/s |","Answer the question using the table. Return only the final answer.

Table:
| Temperature | Pressure | Visibility | Rainfall | Station | Wind speed |
| --- | --- | --- | --- | --- | --- |
| 39.0 °C | 982.6 hPa | 25.1 km | 86.4 mm | Lakeside | 26.0 m/s |
| 19.3 °C | 935.2 hPa | 25.1 km | 65.3 mm | Oakridge | 16.1 m/s |
| 23.3 °C | 962.8 hPa | 6.7 km | 6.5 mm | Riverton | 0.1 m/s |
| 29.0 °C | 932.0 hPa | 25.9 km | 7.9 mm | Hillcrest | 10.1 m/s |
| 23.8 °C | 987.6 hPa | 25.3 km | 114.5 mm | Fairview | 23.1 m/s |

Question: According to the table, which station has the minimum Wind speed?",Riverton,argmin,5,Wind speed,"[{""row_index"": 0, ""column_index"": 5, ""row_identifier_column"": ""Station"", ""row_identifier_value"": ""Lakeside"", ""column"": ""Wind speed"", ""raw_value"": 26.0, ""display_value"": ""26.0 m/s""}, {""row_index"": 1, ""column_index"": 5, ""row_identifier_column"": ""Station"", ""row_identifier_value"": ""Oakridge"", ""column"": ""Wind speed"", ""raw_value"": 16.1, ""display_value"": ""16.1 m/s""}, {""row_index"": 2, ""column_index"": 5, ""row_identifier_column"": ""Station"", ""row_identifier_value"": ""Riverton"", ""column"": ""Wind speed"", ""raw_value"": 0.1, ""display_value"": ""0.1 m/s""}, {""row_index"": 3, ""column_index"": 5, ""row_identifier_column"": ""Station"", ""row_identifier_value"": ""Hillcrest"", ""column"": ""Wind speed"", ""raw_value"": 10.1, ""display_value"": ""10.1 m/s""}, {""row_index"": 4, ""column_index"": 5, ""row_identifier_column"": ""Station"", ""row_identifier_value"": ""Fairview"", ""column"": ""Wind speed"", ""raw_value"": 23.1, ""display_value"": ""23.1 m/s""}]","{""target_column"": ""Wind speed"", ""column_allowed_for_operation"": true}","{""headers"": [""Temperature"", ""Pressure"", ""Visibility"", ""Rainfall"", ""Station"", ""Wind speed""], ""rows"": [[""39.0 °C"", ""982.6 hPa"", ""25.1 km"", ""86.4 mm"", ""Lakeside"", ""26.0 m/s""], [""19.3 °C"", ""935.2 hPa"", ""25.1 km"", ""65.3 mm"", ""Oakridge"", ""16.1 m/s""], [""23.3 °C"", ""962.8 hPa"", ""6.7 km"", ""6.5 mm"", ""Riverton"", ""0.1 m/s""], [""29.0 °C"", ""932.0 hPa"", ""25.9 km"", ""7.9 mm"", ""Hillcrest"", ""10.1 m/s""], [""23.8 °C"", ""987.6 hPa"", ""25.3 km"", ""114.5 mm"", ""Fairview"", ""23.1 m/s""]]}"
A-L3-0049,3,column_average,sports_statistics,Calculate the mean Shots of all entries in the table.,"| Fouls | Goals scored | Team | Points | Shots | Passes | Possession |
| --- | --- | --- | --- | --- | --- | --- |
| 7 fouls | 13 goals | Panthers | 87 points | 32 shots | 702 passes | 30.7 % |
| 8 fouls | 25 goals | Bulls | 76 points | 106 shots | 872 passes | 49.3 % |
| 23 fouls | 33 goals | Falcons | 25 points | 118 shots | 399 passes | 31.5 % |
| 33 fouls | 19 goals | Wolves | 72 points | 106 shots | 847 passes | 51.2 % |
| 18 fouls | 27 goals | Tigers | 86 points | 30 shots | 272 passes | 49.4 % |
| 7 fouls | 22 goals | Cyclones | 97 points | 194 shots | 566 passes | 34.6 % |
| 20 fouls | 30 goals | Hawks | 80 points | 242 shots | 584 passes | 54.6 % |
| 35 fouls | 33 goals | Dragons | 110 points | 96 shots | 247 passes | 65.0 % |
| 10 fouls | 40 goals | Ravens | 38 points | 239 shots | 791 passes | 67.9 % |","Answer the question using the table. Return only the final answer.

Table:
| Fouls | Goals scored | Team | Points | Shots | Passes | Possession |
| --- | --- | --- | --- | --- | --- | --- |
| 7 fouls | 13 goals | Panthers | 87 points | 32 shots | 702 passes | 30.7 % |
| 8 fouls | 25 goals | Bulls | 76 points | 106 shots | 872 passes | 49.3 % |
| 23 fouls | 33 goals | Falcons | 25 points | 118 shots | 399 passes | 31.5 % |
| 33 fouls | 19 goals | Wolves | 72 points | 106 shots | 847 passes | 51.2 % |
| 18 fouls | 27 goals | Tigers | 86 points | 30 shots | 272 passes | 49.4 % |
| 7 fouls | 22 goals | Cyclones | 97 points | 194 shots | 566 passes | 34.6 % |
| 20 fouls | 30 goals | Hawks | 80 points | 242 shots | 584 passes | 54.6 % |
| 35 fouls | 33 goals | Dragons | 110 points | 96 shots | 247 passes | 65.0 % |
| 10 fouls | 40 goals | Ravens | 38 points | 239 shots | 791 passes | 67.9 % |

Question: Calculate the mean Shots of all entries in the table.",129.22 shots,mean,9,Shots,"[{""row_index"": 0, ""column_index"": 4, ""row_identifier_column"": ""Team"", ""row_identifier_value"": ""Panthers"", ""column"": ""Shots"", ""raw_value"": 32.0, ""display_value"": ""32 shots""}, {""row_index"": 1, ""column_index"": 4, ""row_identifier_column"": ""Team"", ""row_identifier_value"": ""Bulls"", ""column"": ""Shots"", ""raw_value"": 106.0, ""display_value"": ""106 shots""}, {""row_index"": 2, ""column_index"": 4, ""row_identifier_column"": ""Team"", ""row_identifier_value"": ""Falcons"", ""column"": ""Shots"", ""raw_value"": 118.0, ""display_value"": ""118 shots""}, {""row_index"": 3, ""column_index"": 4, ""row_identifier_column"": ""Team"", ""row_identifier_value"": ""Wolves"", ""column"": ""Shots"", ""raw_value"": 106.0, ""display_value"": ""106 shots""}, {""row_index"": 4, ""column_index"": 4, ""row_identifier_column"": ""Team"", ""row_identifier_value"": ""Tigers"", ""column"": ""Shots"", ""raw_value"": 30.0, ""display_value"": ""30 shots""}, {""row_index"": 5, ""column_index"": 4, ""row_identifier_column"": ""Team"", ""row_identifier_value"": ""Cyclones"", ""column"": ""Shots"", ""raw_value"": 194.0, ""display_value"": ""194 shots""}, {""row_index"": 6, ""column_index"": 4, ""row_identifier_column"": ""Team"", ""row_identifier_value"": ""Hawks"", ""column"": ""Shots"", ""raw_value"": 242.0, ""display_value"": ""242 shots""}, {""row_index"": 7, ""column_index"": 4, ""row_identifier_column"": ""Team"", ""row_identifier_value"": ""Dragons"", ""column"": ""Shots"", ""raw_value"": 96.0, ""display_value"": ""96 shots""}, {""row_index"": 8, ""column_index"": 4, ""row_identifier_column"": ""Team"", ""row_identifier_value"": ""Ravens"", ""column"": ""Shots"", ""raw_value"": 239.0, ""display_value"": ""239 shots""}]","{""target_column"": ""Shots"", ""column_allowed_for_operation"": true, ""answer_digits"": 2}","{""headers"": [""Fouls"", ""Goals scored"", ""Team"", ""Points"", ""Shots"", ""Passes"", ""Possession""], ""rows"": [[""7 fouls"", ""13 goals"", ""Panthers"", ""87 points"", ""32 shots"", ""702 passes"", ""30.7 %""], [""8 fouls"", ""25 goals"", ""Bulls"", ""76 points"", ""106 shots"", ""872 passes"", ""49.3 %""], [""23 fouls"", ""33 goals"", ""Falcons"", ""25 points"", ""118 shots"", ""399 passes"", ""31.5 %""], [""33 fouls"", ""19 goals"", ""Wolves"", ""72 points"", ""106 shots"", ""847 passes"", ""51.2 %""], [""18 fouls"", ""27 goals"", ""Tigers"", ""86 points"", ""30 shots"", ""272 passes"", ""49.4 %""], [""7 fouls"", ""22 goals"", ""Cyclones"", ""97 points"", ""194 shots"", ""566 passes"", ""34.6 %""], [""20 fouls"", ""30 goals"", ""Hawks"", ""80 points"", ""242 shots"", ""584 passes"", ""54.6 %""], [""35 fouls"", ""33 goals"", ""Dragons"", ""110 points"", ""96 shots"", ""247 passes"", ""65.0 %""], [""10 fouls"", ""40 goals"", ""Ravens"", ""38 points"", ""239 shots"", ""791 passes"", ""67.9 %""]]}"
A-L3-0050,3,argmin,weather_stations,Which station has the lowest Temperature?,"| Temperature | Pressure | Visibility | Wind speed | Station | Humidity |
| --- | --- | --- | --- | --- | --- |
| 23.7 °C | 969.7 hPa | 8.1 km | 0.7 m/s | Pinehurst | 29 % |
| 28.8 °C | 953.3 hPa | 14.1 km | 24.8 m/s | Orion | 54 % |
| 14.1 °C | 964.1 hPa | 28.6 km | 17.0 m/s | Fairview | 44 % |
| 30.7 °C | 1030.4 hPa | 17.7 km | 9.0 m/s | Brookfield | 40 % |
| -6.5 °C | 938.3 hPa | 22.0 km | 19.4 m/s | Cedar | 79 % |
| 20.0 °C | 1022.1 hPa | 14.6 km | 0.5 m/s | Clearwater | 31 % |
| 19.3 °C | 931.5 hPa | 20.0 km | 20.5 m/s | Lakeside | 41 % |","Answer the question using the table. Return only the final answer.

Table:
| Temperature | Pressure | Visibility | Wind speed | Station | Humidity |
| --- | --- | --- | --- | --- | --- |
| 23.7 °C | 969.7 hPa | 8.1 km | 0.7 m/s | Pinehurst | 29 % |
| 28.8 °C | 953.3 hPa | 14.1 km | 24.8 m/s | Orion | 54 % |
| 14.1 °C | 964.1 hPa | 28.6 km | 17.0 m/s | Fairview | 44 % |
| 30.7 °C | 1030.4 hPa | 17.7 km | 9.0 m/s | Brookfield | 40 % |
| -6.5 °C | 938.3 hPa | 22.0 km | 19.4 m/s | Cedar | 79 % |
| 20.0 °C | 1022.1 hPa | 14.6 km | 0.5 m/s | Clearwater | 31 % |
| 19.3 °C | 931.5 hPa | 20.0 km | 20.5 m/s | Lakeside | 41 % |

Question: Which station has the lowest Temperature?",Cedar,argmin,7,Temperature,"[{""row_index"": 0, ""column_index"": 0, ""row_identifier_column"": ""Station"", ""row_identifier_value"": ""Pinehurst"", ""column"": ""Temperature"", ""raw_value"": 23.7, ""display_value"": ""23.7 °C""}, {""row_index"": 1, ""column_index"": 0, ""row_identifier_column"": ""Station"", ""row_identifier_value"": ""Orion"", ""column"": ""Temperature"", ""raw_value"": 28.8, ""display_value"": ""28.8 °C""}, {""row_index"": 2, ""column_index"": 0, ""row_identifier_column"": ""Station"", ""row_identifier_value"": ""Fairview"", ""column"": ""Temperature"", ""raw_value"": 14.1, ""display_value"": ""14.1 °C""}, {""row_index"": 3, ""column_index"": 0, ""row_identifier_column"": ""Station"", ""row_identifier_value"": ""Brookfield"", ""column"": ""Temperature"", ""raw_value"": 30.7, ""display_value"": ""30.7 °C""}, {""row_index"": 4, ""column_index"": 0, ""row_identifier_column"": ""Station"", ""row_identifier_value"": ""Cedar"", ""column"": ""Temperature"", ""raw_value"": -6.5, ""display_value"": ""-6.5 °C""}, {""row_index"": 5, ""column_index"": 0, ""row_identifier_column"": ""Station"", ""row_identifier_value"": ""Clearwater"", ""column"": ""Temperature"", ""raw_value"": 20.0, ""display_value"": ""20.0 °C""}, {""row_index"": 6, ""column_index"": 0, ""row_identifier_column"": ""Station"", ""row_identifier_value"": ""Lakeside"", ""column"": ""Temperature"", ""raw_value"": 19.3, ""display_value"": ""19.3 °C""}]","{""target_column"": ""Temperature"", ""column_allowed_for_operation"": true}","{""headers"": [""Temperature"", ""Pressure"", ""Visibility"", ""Wind speed"", ""Station"", ""Humidity""], ""rows"": [[""23.7 °C"", ""969.7 hPa"", ""8.1 km"", ""0.7 m/s"", ""Pinehurst"", ""29 %""], [""28.8 °C"", ""953.3 hPa"", ""14.1 km"", ""24.8 m/s"", ""Orion"", ""54 %""], [""14.1 °C"", ""964.1 hPa"", ""28.6 km"", ""17.0 m/s"", ""Fairview"", ""44 %""], [""30.7 °C"", ""1030.4 hPa"", ""17.7 km"", ""9.0 m/s"", ""Brookfield"", ""40 %""], [""-6.5 °C"", ""938.3 hPa"", ""22.0 km"", ""19.4 m/s"", ""Cedar"", ""79 %""], [""20.0 °C"", ""1022.1 hPa"", ""14.6 km"", ""0.5 m/s"", ""Clearwater"", ""31 %""], [""19.3 °C"", ""931.5 hPa"", ""20.0 km"", ""20.5 m/s"", ""Lakeside"", ""41 %""]]}"
A-L3-0051,3,argmin,regional_sales,"According to the table, which region has the minimum Retail orders?","| Ad spend | Retail orders | Units sold | Returns | Region | Revenue |
| --- | --- | --- | --- | --- | --- |
| 10.0 kUSD | 2109 orders | 3901 units | 51 units | Hillcrest | 242.5 kUSD |
| 215.9 kUSD | 464 orders | 7055 units | 202 units | Cedar | 347.1 kUSD |
| 212.2 kUSD | 796 orders | 5971 units | 100 units | Pinehurst | 111.8 kUSD |
| 110.3 kUSD | 3355 orders | 7680 units | 371 units | Riverton | 343.9 kUSD |
| 89.4 kUSD | 3687 orders | 6299 units | 279 units | Westhaven | 742.8 kUSD |
| 34.4 kUSD | 2326 orders | 2566 units | 268 units | Orion | 404.0 kUSD |
| 99.9 kUSD | 1327 orders | 1945 units | 95 units | Clearwater | 132.5 kUSD |
| 111.7 kUSD | 2403 orders | 6229 units | 358 units | Maple | 340.9 kUSD |
| 21.0 kUSD | 1041 orders | 7142 units | 430 units | Oakridge | 933.5 kUSD |","Answer the question using the table. Return only the final answer.

Table:
| Ad spend | Retail orders | Units sold | Returns | Region | Revenue |
| --- | --- | --- | --- | --- | --- |
| 10.0 kUSD | 2109 orders | 3901 units | 51 units | Hillcrest | 242.5 kUSD |
| 215.9 kUSD | 464 orders | 7055 units | 202 units | Cedar | 347.1 kUSD |
| 212.2 kUSD | 796 orders | 5971 units | 100 units | Pinehurst | 111.8 kUSD |
| 110.3 kUSD | 3355 orders | 7680 units | 371 units | Riverton | 343.9 kUSD |
| 89.4 kUSD | 3687 orders | 6299 units | 279 units | Westhaven | 742.8 kUSD |
| 34.4 kUSD | 2326 orders | 2566 units | 268 units | Orion | 404.0 kUSD |
| 99.9 kUSD | 1327 orders | 1945 units | 95 units | Clearwater | 132.5 kUSD |
| 111.7 kUSD | 2403 orders | 6229 units | 358 units | Maple | 340.9 kUSD |
| 21.0 kUSD | 1041 orders | 7142 units | 430 units | Oakridge | 933.5 kUSD |

Question: According to the table, which region has the minimum Retail orders?",Cedar,argmin,9,Retail orders,"[{""row_index"": 0, ""column_index"": 1, ""row_identifier_column"": ""Region"", ""row_identifier_value"": ""Hillcrest"", ""column"": ""Retail orders"", ""raw_value"": 2109.0, ""display_value"": ""2109 orders""}, {""row_index"": 1, ""column_index"": 1, ""row_identifier_column"": ""Region"", ""row_identifier_value"": ""Cedar"", ""column"": ""Retail orders"", ""raw_value"": 464.0, ""display_value"": ""464 orders""}, {""row_index"": 2, ""column_index"": 1, ""row_identifier_column"": ""Region"", ""row_identifier_value"": ""Pinehurst"", ""column"": ""Retail orders"", ""raw_value"": 796.0, ""display_value"": ""796 orders""}, {""row_index"": 3, ""column_index"": 1, ""row_identifier_column"": ""Region"", ""row_identifier_value"": ""Riverton"", ""column"": ""Retail orders"", ""raw_value"": 3355.0, ""display_value"": ""3355 orders""}, {""row_index"": 4, ""column_index"": 1, ""row_identifier_column"": ""Region"", ""row_identifier_value"": ""Westhaven"", ""column"": ""Retail orders"", ""raw_value"": 3687.0, ""display_value"": ""3687 orders""}, {""row_index"": 5, ""column_index"": 1, ""row_identifier_column"": ""Region"", ""row_identifier_value"": ""Orion"", ""column"": ""Retail orders"", ""raw_value"": 2326.0, ""display_value"": ""2326 orders""}, {""row_index"": 6, ""column_index"": 1, ""row_identifier_column"": ""Region"", ""row_identifier_value"": ""Clearwater"", ""column"": ""Retail orders"", ""raw_value"": 1327.0, ""display_value"": ""1327 orders""}, {""row_index"": 7, ""column_index"": 1, ""row_identifier_column"": ""Region"", ""row_identifier_value"": ""Maple"", ""column"": ""Retail orders"", ""raw_value"": 2403.0, ""display_value"": ""2403 orders""}, {""row_index"": 8, ""column_index"": 1, ""row_identifier_column"": ""Region"", ""row_identifier_value"": ""Oakridge"", ""column"": ""Retail orders"", ""raw_value"": 1041.0, ""display_value"": ""1041 orders""}]","{""target_column"": ""Retail orders"", ""column_allowed_for_operation"": true}","{""headers"": [""Ad spend"", ""Retail orders"", ""Units sold"", ""Returns"", ""Region"", ""Revenue""], ""rows"": [[""10.0 kUSD"", ""2109 orders"", ""3901 units"", ""51 units"", ""Hillcrest"", ""242.5 kUSD""], [""215.9 kUSD"", ""464 orders"", ""7055 units"", ""202 units"", ""Cedar"", ""347.1 kUSD""], [""212.2 kUSD"", ""796 orders"", ""5971 units"", ""100 units"", ""Pinehurst"", ""111.8 kUSD""], [""110.3 kUSD"", ""3355 orders"", ""7680 units"", ""371 units"", ""Riverton"", ""343.9 kUSD""], [""89.4 kUSD"", ""3687 orders"", ""6299 units"", ""279 units"", ""Westhaven"", ""742.8 kUSD""], [""34.4 kUSD"", ""2326 orders"", ""2566 units"", ""268 units"", ""Orion"", ""404.0 kUSD""], [""99.9 kUSD"", ""1327 orders"", ""1945 units"", ""95 units"", ""Clearwater"", ""132.5 kUSD""], [""111.7 kUSD"", ""2403 orders"", ""6229 units"", ""358 units"", ""Maple"", ""340.9 kUSD""], [""21.0 kUSD"", ""1041 orders"", ""7142 units"", ""430 units"", ""Oakridge"", ""933.5 kUSD""]]}"
A-L3-0052,3,count_condition,ml_benchmark,How many entries have Memory usage greater than 15.85 GB?,"| Model | Accuracy | Energy use | Memory usage | F1 score |
| --- | --- | --- | --- | --- |
| Echo | 89.0 % | 492.6 Wh | 15.7 GB | 90.2 % |
| Nimbus | 71.6 % | 197.5 Wh | 16.0 GB | 64.3 % |
| Delta | 78.4 % | 92.8 Wh | 3.8 GB | 57.2 % |
| Quartz | 96.9 % | 231.8 Wh | 5.1 GB | 59.3 % |
| Nova | 69.8 % | 401.6 Wh | 10.6 GB | 47.9 % |
| Aurora | 75.4 % | 106.5 Wh | 7.9 GB | 52.3 % |
| Zenith | 55.2 % | 78.5 Wh | 9.1 GB | 91.5 % |
| Helix | 92.9 % | 496.6 Wh | 14.3 GB | 64.2 % |","Answer the question using the table. Return only the final answer.

Table:
| Model | Accuracy | Energy use | Memory usage | F1 score |
| --- | --- | --- | --- | --- |
| Echo | 89.0 % | 492.6 Wh | 15.7 GB | 90.2 % |
| Nimbus | 71.6 % | 197.5 Wh | 16.0 GB | 64.3 % |
| Delta | 78.4 % | 92.8 Wh | 3.8 GB | 57.2 % |
| Quartz | 96.9 % | 231.8 Wh | 5.1 GB | 59.3 % |
| Nova | 69.8 % | 401.6 Wh | 10.6 GB | 47.9 % |
| Aurora | 75.4 % | 106.5 Wh | 7.9 GB | 52.3 % |
| Zenith | 55.2 % | 78.5 Wh | 9.1 GB | 91.5 % |
| Helix | 92.9 % | 496.6 Wh | 14.3 GB | 64.2 % |

Question: How many entries have Memory usage greater than 15.85 GB?",1,count_condition,8,Memory usage,"[{""row_index"": 0, ""column_index"": 3, ""row_identifier_column"": ""Model"", ""row_identifier_value"": ""Echo"", ""column"": ""Memory usage"", ""raw_value"": 15.7, ""display_value"": ""15.7 GB""}, {""row_index"": 1, ""column_index"": 3, ""row_identifier_column"": ""Model"", ""row_identifier_value"": ""Nimbus"", ""column"": ""Memory usage"", ""raw_value"": 16.0, ""display_value"": ""16.0 GB""}, {""row_index"": 2, ""column_index"": 3, ""row_identifier_column"": ""Model"", ""row_identifier_value"": ""Delta"", ""column"": ""Memory usage"", ""raw_value"": 3.8, ""display_value"": ""3.8 GB""}, {""row_index"": 3, ""column_index"": 3, ""row_identifier_column"": ""Model"", ""row_identifier_value"": ""Quartz"", ""column"": ""Memory usage"", ""raw_value"": 5.1, ""display_value"": ""5.1 GB""}, {""row_index"": 4, ""column_index"": 3, ""row_identifier_column"": ""Model"", ""row_identifier_value"": ""Nova"", ""column"": ""Memory usage"", ""raw_value"": 10.6, ""display_value"": ""10.6 GB""}, {""row_index"": 5, ""column_index"": 3, ""row_identifier_column"": ""Model"", ""row_identifier_value"": ""Aurora"", ""column"": ""Memory usage"", ""raw_value"": 7.9, ""display_value"": ""7.9 GB""}, {""row_index"": 6, ""column_index"": 3, ""row_identifier_column"": ""Model"", ""row_identifier_value"": ""Zenith"", ""column"": ""Memory usage"", ""raw_value"": 9.1, ""display_value"": ""9.1 GB""}, {""row_index"": 7, ""column_index"": 3, ""row_identifier_column"": ""Model"", ""row_identifier_value"": ""Helix"", ""column"": ""Memory usage"", ""raw_value"": 14.3, ""display_value"": ""14.3 GB""}]","{""target_column"": ""Memory usage"", ""column_allowed_for_operation"": true, ""comparison"": ""greater_than"", ""threshold_raw"": 15.85, ""threshold_display"": ""15.85 GB""}","{""headers"": [""Model"", ""Accuracy"", ""Energy use"", ""Memory usage"", ""F1 score""], ""rows"": [[""Echo"", ""89.0 %"", ""492.6 Wh"", ""15.7 GB"", ""90.2 %""], [""Nimbus"", ""71.6 %"", ""197.5 Wh"", ""16.0 GB"", ""64.3 %""], [""Delta"", ""78.4 %"", ""92.8 Wh"", ""3.8 GB"", ""57.2 %""], [""Quartz"", ""96.9 %"", ""231.8 Wh"", ""5.1 GB"", ""59.3 %""], [""Nova"", ""69.8 %"", ""401.6 Wh"", ""10.6 GB"", ""47.9 %""], [""Aurora"", ""75.4 %"", ""106.5 Wh"", ""7.9 GB"", ""52.3 %""], [""Zenith"", ""55.2 %"", ""78.5 Wh"", ""9.1 GB"", ""91.5 %""], [""Helix"", ""92.9 %"", ""496.6 Wh"", ""14.3 GB"", ""64.2 %""]]}"
A-L3-0053,3,argmax,sports_statistics,Which team has the highest Fouls?,"| Passes | Fouls | Team | Points | Goals scored |
| --- | --- | --- | --- | --- |
| 400 passes | 35 fouls | Dragons | 37 points | 88 goals |
| 897 passes | 2 fouls | Panthers | 113 points | 72 goals |
| 540 passes | 8 fouls | Knights | 53 points | 72 goals |
| 223 passes | 24 fouls | Bulls | 93 points | 49 goals |
| 486 passes | 17 fouls | Tigers | 91 points | 28 goals |
| 333 passes | 7 fouls | Falcons | 89 points | 72 goals |
| 808 passes | 5 fouls | Cyclones | 60 points | 61 goals |
| 326 passes | 24 fouls | Ravens | 78 points | 79 goals |
| 834 passes | 23 fouls | Hawks | 93 points | 58 goals |","Answer the question using the table. Return only the final answer.

Table:
| Passes | Fouls | Team | Points | Goals scored |
| --- | --- | --- | --- | --- |
| 400 passes | 35 fouls | Dragons | 37 points | 88 goals |
| 897 passes | 2 fouls | Panthers | 113 points | 72 goals |
| 540 passes | 8 fouls | Knights | 53 points | 72 goals |
| 223 passes | 24 fouls | Bulls | 93 points | 49 goals |
| 486 passes | 17 fouls | Tigers | 91 points | 28 goals |
| 333 passes | 7 fouls | Falcons | 89 points | 72 goals |
| 808 passes | 5 fouls | Cyclones | 60 points | 61 goals |
| 326 passes | 24 fouls | Ravens | 78 points | 79 goals |
| 834 passes | 23 fouls | Hawks | 93 points | 58 goals |

Question: Which team has the highest Fouls?",Dragons,argmax,9,Fouls,"[{""row_index"": 0, ""column_index"": 1, ""row_identifier_column"": ""Team"", ""row_identifier_value"": ""Dragons"", ""column"": ""Fouls"", ""raw_value"": 35.0, ""display_value"": ""35 fouls""}, {""row_index"": 1, ""column_index"": 1, ""row_identifier_column"": ""Team"", ""row_identifier_value"": ""Panthers"", ""column"": ""Fouls"", ""raw_value"": 2.0, ""display_value"": ""2 fouls""}, {""row_index"": 2, ""column_index"": 1, ""row_identifier_column"": ""Team"", ""row_identifier_value"": ""Knights"", ""column"": ""Fouls"", ""raw_value"": 8.0, ""display_value"": ""8 fouls""}, {""row_index"": 3, ""column_index"": 1, ""row_identifier_column"": ""Team"", ""row_identifier_value"": ""Bulls"", ""column"": ""Fouls"", ""raw_value"": 24.0, ""display_value"": ""24 fouls""}, {""row_index"": 4, ""column_index"": 1, ""row_identifier_column"": ""Team"", ""row_identifier_value"": ""Tigers"", ""column"": ""Fouls"", ""raw_value"": 17.0, ""display_value"": ""17 fouls""}, {""row_index"": 5, ""column_index"": 1, ""row_identifier_column"": ""Team"", ""row_identifier_value"": ""Falcons"", ""column"": ""Fouls"", ""raw_value"": 7.0, ""display_value"": ""7 fouls""}, {""row_index"": 6, ""column_index"": 1, ""row_identifier_column"": ""Team"", ""row_identifier_value"": ""Cyclones"", ""column"": ""Fouls"", ""raw_value"": 5.0, ""display_value"": ""5 fouls""}, {""row_index"": 7, ""column_index"": 1, ""row_identifier_column"": ""Team"", ""row_identifier_value"": ""Ravens"", ""column"": ""Fouls"", ""raw_value"": 24.0, ""display_value"": ""24 fouls""}, {""row_index"": 8, ""column_index"": 1, ""row_identifier_column"": ""Team"", ""row_identifier_value"": ""Hawks"", ""column"": ""Fouls"", ""raw_value"": 23.0, ""display_value"": ""23 fouls""}]","{""target_column"": ""Fouls"", ""column_allowed_for_operation"": true}","{""headers"": [""Passes"", ""Fouls"", ""Team"", ""Points"", ""Goals scored""], ""rows"": [[""400 passes"", ""35 fouls"", ""Dragons"", ""37 points"", ""88 goals""], [""897 passes"", ""2 fouls"", ""Panthers"", ""113 points"", ""72 goals""], [""540 passes"", ""8 fouls"", ""Knights"", ""53 points"", ""72 goals""], [""223 passes"", ""24 fouls"", ""Bulls"", ""93 points"", ""49 goals""], [""486 passes"", ""17 fouls"", ""Tigers"", ""91 points"", ""28 goals""], [""333 passes"", ""7 fouls"", ""Falcons"", ""89 points"", ""72 goals""], [""808 passes"", ""5 fouls"", ""Cyclones"", ""60 points"", ""61 goals""], [""326 passes"", ""24 fouls"", ""Ravens"", ""78 points"", ""79 goals""], [""834 passes"", ""23 fouls"", ""Hawks"", ""93 points"", ""58 goals""]]}"
A-L3-0054,3,column_sum,sports_statistics,What is the total Shots across all rows?,"| Possession | Team | Points | Shots | Passes | Goals scored | Fouls |
| --- | --- | --- | --- | --- | --- | --- |
| 40.6 % | Bulls | 72 points | 117 shots | 827 passes | 73 goals | 16 fouls |
| 40.5 % | Hawks | 105 points | 236 shots | 747 passes | 74 goals | 15 fouls |
| 38.6 % | Cyclones | 105 points | 176 shots | 419 passes | 87 goals | 4 fouls |
| 30.7 % | Sharks | 72 points | 250 shots | 617 passes | 43 goals | 27 fouls |
| 43.9 % | Wolves | 41 points | 239 shots | 742 passes | 54 goals | 9 fouls |
| 37.3 % | Ravens | 101 points | 25 shots | 658 passes | 71 goals | 22 fouls |
| 67.0 % | Panthers | 115 points | 95 shots | 633 passes | 99 goals | 22 fouls |
| 41.7 % | Comets | 30 points | 68 shots | 656 passes | 30 goals | 30 fouls |
| 49.5 % | Dragons | 82 points | 181 shots | 600 passes | 31 goals | 15 fouls |
| 67.1 % | Knights | 25 points | 62 shots | 323 passes | 93 goals | 26 fouls |","Answer the question using the table. Return only the final answer.

Table:
| Possession | Team | Points | Shots | Passes | Goals scored | Fouls |
| --- | --- | --- | --- | --- | --- | --- |
| 40.6 % | Bulls | 72 points | 117 shots | 827 passes | 73 goals | 16 fouls |
| 40.5 % | Hawks | 105 points | 236 shots | 747 passes | 74 goals | 15 fouls |
| 38.6 % | Cyclones | 105 points | 176 shots | 419 passes | 87 goals | 4 fouls |
| 30.7 % | Sharks | 72 points | 250 shots | 617 passes | 43 goals | 27 fouls |
| 43.9 % | Wolves | 41 points | 239 shots | 742 passes | 54 goals | 9 fouls |
| 37.3 % | Ravens | 101 points | 25 shots | 658 passes | 71 goals | 22 fouls |
| 67.0 % | Panthers | 115 points | 95 shots | 633 passes | 99 goals | 22 fouls |
| 41.7 % | Comets | 30 points | 68 shots | 656 passes | 30 goals | 30 fouls |
| 49.5 % | Dragons | 82 points | 181 shots | 600 passes | 31 goals | 15 fouls |
| 67.1 % | Knights | 25 points | 62 shots | 323 passes | 93 goals | 26 fouls |

Question: What is the total Shots across all rows?",1449 shots,sum,10,Shots,"[{""row_index"": 0, ""column_index"": 3, ""row_identifier_column"": ""Team"", ""row_identifier_value"": ""Bulls"", ""column"": ""Shots"", ""raw_value"": 117.0, ""display_value"": ""117 shots""}, {""row_index"": 1, ""column_index"": 3, ""row_identifier_column"": ""Team"", ""row_identifier_value"": ""Hawks"", ""column"": ""Shots"", ""raw_value"": 236.0, ""display_value"": ""236 shots""}, {""row_index"": 2, ""column_index"": 3, ""row_identifier_column"": ""Team"", ""row_identifier_value"": ""Cyclones"", ""column"": ""Shots"", ""raw_value"": 176.0, ""display_value"": ""176 shots""}, {""row_index"": 3, ""column_index"": 3, ""row_identifier_column"": ""Team"", ""row_identifier_value"": ""Sharks"", ""column"": ""Shots"", ""raw_value"": 250.0, ""display_value"": ""250 shots""}, {""row_index"": 4, ""column_index"": 3, ""row_identifier_column"": ""Team"", ""row_identifier_value"": ""Wolves"", ""column"": ""Shots"", ""raw_value"": 239.0, ""display_value"": ""239 shots""}, {""row_index"": 5, ""column_index"": 3, ""row_identifier_column"": ""Team"", ""row_identifier_value"": ""Ravens"", ""column"": ""Shots"", ""raw_value"": 25.0, ""display_value"": ""25 shots""}, {""row_index"": 6, ""column_index"": 3, ""row_identifier_column"": ""Team"", ""row_identifier_value"": ""Panthers"", ""column"": ""Shots"", ""raw_value"": 95.0, ""display_value"": ""95 shots""}, {""row_index"": 7, ""column_index"": 3, ""row_identifier_column"": ""Team"", ""row_identifier_value"": ""Comets"", ""column"": ""Shots"", ""raw_value"": 68.0, ""display_value"": ""68 shots""}, {""row_index"": 8, ""column_index"": 3, ""row_identifier_column"": ""Team"", ""row_identifier_value"": ""Dragons"", ""column"": ""Shots"", ""raw_value"": 181.0, ""display_value"": ""181 shots""}, {""row_index"": 9, ""column_index"": 3, ""row_identifier_column"": ""Team"", ""row_identifier_value"": ""Knights"", ""column"": ""Shots"", ""raw_value"": 62.0, ""display_value"": ""62 shots""}]","{""target_column"": ""Shots"", ""column_allowed_for_operation"": true}","{""headers"": [""Possession"", ""Team"", ""Points"", ""Shots"", ""Passes"", ""Goals scored"", ""Fouls""], ""rows"": [[""40.6 %"", ""Bulls"", ""72 points"", ""117 shots"", ""827 passes"", ""73 goals"", ""16 fouls""], [""40.5 %"", ""Hawks"", ""105 points"", ""236 shots"", ""747 passes"", ""74 goals"", ""15 fouls""], [""38.6 %"", ""Cyclones"", ""105 points"", ""176 shots"", ""419 passes"", ""87 goals"", ""4 fouls""], [""30.7 %"", ""Sharks"", ""72 points"", ""250 shots"", ""617 passes"", ""43 goals"", ""27 fouls""], [""43.9 %"", ""Wolves"", ""41 points"", ""239 shots"", ""742 passes"", ""54 goals"", ""9 fouls""], [""37.3 %"", ""Ravens"", ""101 points"", ""25 shots"", ""658 passes"", ""71 goals"", ""22 fouls""], [""67.0 %"", ""Panthers"", ""115 points"", ""95 shots"", ""633 passes"", ""99 goals"", ""22 fouls""], [""41.7 %"", ""Comets"", ""30 points"", ""68 shots"", ""656 passes"", ""30 goals"", ""30 fouls""], [""49.5 %"", ""Dragons"", ""82 points"", ""181 shots"", ""600 passes"", ""31 goals"", ""15 fouls""], [""67.1 %"", ""Knights"", ""25 points"", ""62 shots"", ""323 passes"", ""93 goals"", ""26 fouls""]]}"
A-L3-0055,3,column_sum,lab_measurements,"According to the table, what is the sum of Mass for all entries?","| Volume | pH | Density | Sample | Mass |
| --- | --- | --- | --- | --- |
| 109.0 mL | 4.07 | 1.83 g/mL | Sample-L | 109.9 g |
| 52.2 mL | 8.86 | 2.14 g/mL | Sample-A | 432.5 g |
| 252.7 mL | 2.02 | 3.56 g/mL | Sample-I | 161.9 g |
| 299.8 mL | 3.19 | 2.21 g/mL | Sample-J | 318.4 g |
| 200.1 mL | 5.18 | 1.02 g/mL | Sample-H | 420.4 g |
| 202.7 mL | 11.49 | 1.26 g/mL | Sample-B | 99.6 g |
| 88.5 mL | 7.59 | 1.76 g/mL | Sample-F | 76.6 g |
| 160.7 mL | 7.39 | 3.96 g/mL | Sample-K | 356.6 g |
| 2.3 mL | 7.05 | 0.77 g/mL | Sample-C | 446.1 g |
| 282.6 mL | 6.16 | 1.08 g/mL | Sample-E | 119.4 g |","Answer the question using the table. Return only the final answer.

Table:
| Volume | pH | Density | Sample | Mass |
| --- | --- | --- | --- | --- |
| 109.0 mL | 4.07 | 1.83 g/mL | Sample-L | 109.9 g |
| 52.2 mL | 8.86 | 2.14 g/mL | Sample-A | 432.5 g |
| 252.7 mL | 2.02 | 3.56 g/mL | Sample-I | 161.9 g |
| 299.8 mL | 3.19 | 2.21 g/mL | Sample-J | 318.4 g |
| 200.1 mL | 5.18 | 1.02 g/mL | Sample-H | 420.4 g |
| 202.7 mL | 11.49 | 1.26 g/mL | Sample-B | 99.6 g |
| 88.5 mL | 7.59 | 1.76 g/mL | Sample-F | 76.6 g |
| 160.7 mL | 7.39 | 3.96 g/mL | Sample-K | 356.6 g |
| 2.3 mL | 7.05 | 0.77 g/mL | Sample-C | 446.1 g |
| 282.6 mL | 6.16 | 1.08 g/mL | Sample-E | 119.4 g |

Question: According to the table, what is the sum of Mass for all entries?",2541.4 g,sum,10,Mass,"[{""row_index"": 0, ""column_index"": 4, ""row_identifier_column"": ""Sample"", ""row_identifier_value"": ""Sample-L"", ""column"": ""Mass"", ""raw_value"": 109.9, ""display_value"": ""109.9 g""}, {""row_index"": 1, ""column_index"": 4, ""row_identifier_column"": ""Sample"", ""row_identifier_value"": ""Sample-A"", ""column"": ""Mass"", ""raw_value"": 432.5, ""display_value"": ""432.5 g""}, {""row_index"": 2, ""column_index"": 4, ""row_identifier_column"": ""Sample"", ""row_identifier_value"": ""Sample-I"", ""column"": ""Mass"", ""raw_value"": 161.9, ""display_value"": ""161.9 g""}, {""row_index"": 3, ""column_index"": 4, ""row_identifier_column"": ""Sample"", ""row_identifier_value"": ""Sample-J"", ""column"": ""Mass"", ""raw_value"": 318.4, ""display_value"": ""318.4 g""}, {""row_index"": 4, ""column_index"": 4, ""row_identifier_column"": ""Sample"", ""row_identifier_value"": ""Sample-H"", ""column"": ""Mass"", ""raw_value"": 420.4, ""display_value"": ""420.4 g""}, {""row_index"": 5, ""column_index"": 4, ""row_identifier_column"": ""Sample"", ""row_identifier_value"": ""Sample-B"", ""column"": ""Mass"", ""raw_value"": 99.6, ""display_value"": ""99.6 g""}, {""row_index"": 6, ""column_index"": 4, ""row_identifier_column"": ""Sample"", ""row_identifier_value"": ""Sample-F"", ""column"": ""Mass"", ""raw_value"": 76.6, ""display_value"": ""76.6 g""}, {""row_index"": 7, ""column_index"": 4, ""row_identifier_column"": ""Sample"", ""row_identifier_value"": ""Sample-K"", ""column"": ""Mass"", ""raw_value"": 356.6, ""display_value"": ""356.6 g""}, {""row_index"": 8, ""column_index"": 4, ""row_identifier_column"": ""Sample"", ""row_identifier_value"": ""Sample-C"", ""column"": ""Mass"", ""raw_value"": 446.1, ""display_value"": ""446.1 g""}, {""row_index"": 9, ""column_index"": 4, ""row_identifier_column"": ""Sample"", ""row_identifier_value"": ""Sample-E"", ""column"": ""Mass"", ""raw_value"": 119.4, ""display_value"": ""119.4 g""}]","{""target_column"": ""Mass"", ""column_allowed_for_operation"": true}","{""headers"": [""Volume"", ""pH"", ""Density"", ""Sample"", ""Mass""], ""rows"": [[""109.0 mL"", ""4.07"", ""1.83 g/mL"", ""Sample-L"", ""109.9 g""], [""52.2 mL"", ""8.86"", ""2.14 g/mL"", ""Sample-A"", ""432.5 g""], [""252.7 mL"", ""2.02"", ""3.56 g/mL"", ""Sample-I"", ""161.9 g""], [""299.8 mL"", ""3.19"", ""2.21 g/mL"", ""Sample-J"", ""318.4 g""], [""200.1 mL"", ""5.18"", ""1.02 g/mL"", ""Sample-H"", ""420.4 g""], [""202.7 mL"", ""11.49"", ""1.26 g/mL"", ""Sample-B"", ""99.6 g""], [""88.5 mL"", ""7.59"", ""1.76 g/mL"", ""Sample-F"", ""76.6 g""], [""160.7 mL"", ""7.39"", ""3.96 g/mL"", ""Sample-K"", ""356.6 g""], [""2.3 mL"", ""7.05"", ""0.77 g/mL"", ""Sample-C"", ""446.1 g""], [""282.6 mL"", ""6.16"", ""1.08 g/mL"", ""Sample-E"", ""119.4 g""]]}"
A-L3-0056,3,argmin,weather_stations,Which station has the lowest Wind speed?,"| Temperature | Wind speed | Pressure | Rainfall | Visibility | Station |
| --- | --- | --- | --- | --- | --- |
| 28.9 °C | 23.0 m/s | 1017.5 hPa | 5.4 mm | 27.5 km | Hillcrest |
| -1.7 °C | 12.5 m/s | 938.8 hPa | 37.6 mm | 22.7 km | Oakridge |
| 22.4 °C | 18.9 m/s | 1013.7 hPa | 25.1 mm | 25.3 km | Westhaven |
| 35.1 °C | 23.4 m/s | 1018.4 hPa | 68.1 mm | 20.6 km | Clearwater |
| 34.9 °C | 9.8 m/s | 1012.4 hPa | 50.5 mm | 13.4 km | Fairview |
| 9.3 °C | 26.8 m/s | 995.2 hPa | 7.8 mm | 26.1 km | Orion |
| 20.4 °C | 1.8 m/s | 952.6 hPa | 24.5 mm | 24.1 km | Brookfield |
| 16.7 °C | 28.4 m/s | 985.5 hPa | 80.7 mm | 3.1 km | Cedar |","Answer the question using the table. Return only the final answer.

Table:
| Temperature | Wind speed | Pressure | Rainfall | Visibility | Station |
| --- | --- | --- | --- | --- | --- |
| 28.9 °C | 23.0 m/s | 1017.5 hPa | 5.4 mm | 27.5 km | Hillcrest |
| -1.7 °C | 12.5 m/s | 938.8 hPa | 37.6 mm | 22.7 km | Oakridge |
| 22.4 °C | 18.9 m/s | 1013.7 hPa | 25.1 mm | 25.3 km | Westhaven |
| 35.1 °C | 23.4 m/s | 1018.4 hPa | 68.1 mm | 20.6 km | Clearwater |
| 34.9 °C | 9.8 m/s | 1012.4 hPa | 50.5 mm | 13.4 km | Fairview |
| 9.3 °C | 26.8 m/s | 995.2 hPa | 7.8 mm | 26.1 km | Orion |
| 20.4 °C | 1.8 m/s | 952.6 hPa | 24.5 mm | 24.1 km | Brookfield |
| 16.7 °C | 28.4 m/s | 985.5 hPa | 80.7 mm | 3.1 km | Cedar |

Question: Which station has the lowest Wind speed?",Brookfield,argmin,8,Wind speed,"[{""row_index"": 0, ""column_index"": 1, ""row_identifier_column"": ""Station"", ""row_identifier_value"": ""Hillcrest"", ""column"": ""Wind speed"", ""raw_value"": 23.0, ""display_value"": ""23.0 m/s""}, {""row_index"": 1, ""column_index"": 1, ""row_identifier_column"": ""Station"", ""row_identifier_value"": ""Oakridge"", ""column"": ""Wind speed"", ""raw_value"": 12.5, ""display_value"": ""12.5 m/s""}, {""row_index"": 2, ""column_index"": 1, ""row_identifier_column"": ""Station"", ""row_identifier_value"": ""Westhaven"", ""column"": ""Wind speed"", ""raw_value"": 18.9, ""display_value"": ""18.9 m/s""}, {""row_index"": 3, ""column_index"": 1, ""row_identifier_column"": ""Station"", ""row_identifier_value"": ""Clearwater"", ""column"": ""Wind speed"", ""raw_value"": 23.4, ""display_value"": ""23.4 m/s""}, {""row_index"": 4, ""column_index"": 1, ""row_identifier_column"": ""Station"", ""row_identifier_value"": ""Fairview"", ""column"": ""Wind speed"", ""raw_value"": 9.8, ""display_value"": ""9.8 m/s""}, {""row_index"": 5, ""column_index"": 1, ""row_identifier_column"": ""Station"", ""row_identifier_value"": ""Orion"", ""column"": ""Wind speed"", ""raw_value"": 26.8, ""display_value"": ""26.8 m/s""}, {""row_index"": 6, ""column_index"": 1, ""row_identifier_column"": ""Station"", ""row_identifier_value"": ""Brookfield"", ""column"": ""Wind speed"", ""raw_value"": 1.8, ""display_value"": ""1.8 m/s""}, {""row_index"": 7, ""column_index"": 1, ""row_identifier_column"": ""Station"", ""row_identifier_value"": ""Cedar"", ""column"": ""Wind speed"", ""raw_value"": 28.4, ""display_value"": ""28.4 m/s""}]","{""target_column"": ""Wind speed"", ""column_allowed_for_operation"": true}","{""headers"": [""Temperature"", ""Wind speed"", ""Pressure"", ""Rainfall"", ""Visibility"", ""Station""], ""rows"": [[""28.9 °C"", ""23.0 m/s"", ""1017.5 hPa"", ""5.4 mm"", ""27.5 km"", ""Hillcrest""], [""-1.7 °C"", ""12.5 m/s"", ""938.8 hPa"", ""37.6 mm"", ""22.7 km"", ""Oakridge""], [""22.4 °C"", ""18.9 m/s"", ""1013.7 hPa"", ""25.1 mm"", ""25.3 km"", ""Westhaven""], [""35.1 °C"", ""23.4 m/s"", ""1018.4 hPa"", ""68.1 mm"", ""20.6 km"", ""Clearwater""], [""34.9 °C"", ""9.8 m/s"", ""1012.4 hPa"", ""50.5 mm"", ""13.4 km"", ""Fairview""], [""9.3 °C"", ""26.8 m/s"", ""995.2 hPa"", ""7.8 mm"", ""26.1 km"", ""Orion""], [""20.4 °C"", ""1.8 m/s"", ""952.6 hPa"", ""24.5 mm"", ""24.1 km"", ""Brookfield""], [""16.7 °C"", ""28.4 m/s"", ""985.5 hPa"", ""80.7 mm"", ""3.1 km"", ""Cedar""]]}"
A-L3-0057,3,column_average,sports_statistics,Calculate the mean Fouls of all entries in the table.,"| Passes | Team | Points | Fouls | Possession |
| --- | --- | --- | --- | --- |
| 857 passes | Tigers | 73 points | 34 fouls | 37.6 % |
| 845 passes | Falcons | 93 points | 8 fouls | 58.9 % |
| 694 passes | Hawks | 95 points | 17 fouls | 53.0 % |
| 175 passes | Knights | 118 points | 12 fouls | 49.0 % |
| 269 passes | Wolves | 37 points | 7 fouls | 50.3 % |
| 321 passes | Sharks | 31 points | 14 fouls | 42.9 % |
| 614 passes | Panthers | 22 points | 4 fouls | 40.9 % |","Answer the question using the table. Return only the final answer.

Table:
| Passes | Team | Points | Fouls | Possession |
| --- | --- | --- | --- | --- |
| 857 passes | Tigers | 73 points | 34 fouls | 37.6 % |
| 845 passes | Falcons | 93 points | 8 fouls | 58.9 % |
| 694 passes | Hawks | 95 points | 17 fouls | 53.0 % |
| 175 passes | Knights | 118 points | 12 fouls | 49.0 % |
| 269 passes | Wolves | 37 points | 7 fouls | 50.3 % |
| 321 passes | Sharks | 31 points | 14 fouls | 42.9 % |
| 614 passes | Panthers | 22 points | 4 fouls | 40.9 % |

Question: Calculate the mean Fouls of all entries in the table.",13.71 fouls,mean,7,Fouls,"[{""row_index"": 0, ""column_index"": 3, ""row_identifier_column"": ""Team"", ""row_identifier_value"": ""Tigers"", ""column"": ""Fouls"", ""raw_value"": 34.0, ""display_value"": ""34 fouls""}, {""row_index"": 1, ""column_index"": 3, ""row_identifier_column"": ""Team"", ""row_identifier_value"": ""Falcons"", ""column"": ""Fouls"", ""raw_value"": 8.0, ""display_value"": ""8 fouls""}, {""row_index"": 2, ""column_index"": 3, ""row_identifier_column"": ""Team"", ""row_identifier_value"": ""Hawks"", ""column"": ""Fouls"", ""raw_value"": 17.0, ""display_value"": ""17 fouls""}, {""row_index"": 3, ""column_index"": 3, ""row_identifier_column"": ""Team"", ""row_identifier_value"": ""Knights"", ""column"": ""Fouls"", ""raw_value"": 12.0, ""display_value"": ""12 fouls""}, {""row_index"": 4, ""column_index"": 3, ""row_identifier_column"": ""Team"", ""row_identifier_value"": ""Wolves"", ""column"": ""Fouls"", ""raw_value"": 7.0, ""display_value"": ""7 fouls""}, {""row_index"": 5, ""column_index"": 3, ""row_identifier_column"": ""Team"", ""row_identifier_value"": ""Sharks"", ""column"": ""Fouls"", ""raw_value"": 14.0, ""display_value"": ""14 fouls""}, {""row_index"": 6, ""column_index"": 3, ""row_identifier_column"": ""Team"", ""row_identifier_value"": ""Panthers"", ""column"": ""Fouls"", ""raw_value"": 4.0, ""display_value"": ""4 fouls""}]","{""target_column"": ""Fouls"", ""column_allowed_for_operation"": true, ""answer_digits"": 2}","{""headers"": [""Passes"", ""Team"", ""Points"", ""Fouls"", ""Possession""], ""rows"": [[""857 passes"", ""Tigers"", ""73 points"", ""34 fouls"", ""37.6 %""], [""845 passes"", ""Falcons"", ""93 points"", ""8 fouls"", ""58.9 %""], [""694 passes"", ""Hawks"", ""95 points"", ""17 fouls"", ""53.0 %""], [""175 passes"", ""Knights"", ""118 points"", ""12 fouls"", ""49.0 %""], [""269 passes"", ""Wolves"", ""37 points"", ""7 fouls"", ""50.3 %""], [""321 passes"", ""Sharks"", ""31 points"", ""14 fouls"", ""42.9 %""], [""614 passes"", ""Panthers"", ""22 points"", ""4 fouls"", ""40.9 %""]]}"
A-L3-0058,3,column_average,lab_measurements,"According to the table, what is the average value of pH?","| pH | Density | Temperature | Mass | Sample | Conductivity |
| --- | --- | --- | --- | --- | --- |
| 9.93 | 1.75 g/mL | 28.2 °C | 409.0 g | Sample-B | 20.25 mS/cm |
| 6.39 | 3.08 g/mL | 27.7 °C | 224.2 g | Sample-C | 2.79 mS/cm |
| 10.84 | 1.38 g/mL | 92.8 °C | 49.4 g | Sample-K | 7.62 mS/cm |
| 7.07 | 2.37 g/mL | 5.9 °C | 268.0 g | Sample-L | 14.15 mS/cm |
| 7.26 | 0.76 g/mL | 16.0 °C | 72.3 g | Sample-A | 0.98 mS/cm |
| 5.18 | 3.19 g/mL | 21.9 °C | 143.0 g | Sample-E | 6.20 mS/cm |","Answer the question using the table. Return only the final answer.

Table:
| pH | Density | Temperature | Mass | Sample | Conductivity |
| --- | --- | --- | --- | --- | --- |
| 9.93 | 1.75 g/mL | 28.2 °C | 409.0 g | Sample-B | 20.25 mS/cm |
| 6.39 | 3.08 g/mL | 27.7 °C | 224.2 g | Sample-C | 2.79 mS/cm |
| 10.84 | 1.38 g/mL | 92.8 °C | 49.4 g | Sample-K | 7.62 mS/cm |
| 7.07 | 2.37 g/mL | 5.9 °C | 268.0 g | Sample-L | 14.15 mS/cm |
| 7.26 | 0.76 g/mL | 16.0 °C | 72.3 g | Sample-A | 0.98 mS/cm |
| 5.18 | 3.19 g/mL | 21.9 °C | 143.0 g | Sample-E | 6.20 mS/cm |

Question: According to the table, what is the average value of pH?",7.78,mean,6,pH,"[{""row_index"": 0, ""column_index"": 0, ""row_identifier_column"": ""Sample"", ""row_identifier_value"": ""Sample-B"", ""column"": ""pH"", ""raw_value"": 9.93, ""display_value"": ""9.93""}, {""row_index"": 1, ""column_index"": 0, ""row_identifier_column"": ""Sample"", ""row_identifier_value"": ""Sample-C"", ""column"": ""pH"", ""raw_value"": 6.39, ""display_value"": ""6.39""}, {""row_index"": 2, ""column_index"": 0, ""row_identifier_column"": ""Sample"", ""row_identifier_value"": ""Sample-K"", ""column"": ""pH"", ""raw_value"": 10.84, ""display_value"": ""10.84""}, {""row_index"": 3, ""column_index"": 0, ""row_identifier_column"": ""Sample"", ""row_identifier_value"": ""Sample-L"", ""column"": ""pH"", ""raw_value"": 7.07, ""display_value"": ""7.07""}, {""row_index"": 4, ""column_index"": 0, ""row_identifier_column"": ""Sample"", ""row_identifier_value"": ""Sample-A"", ""column"": ""pH"", ""raw_value"": 7.26, ""display_value"": ""7.26""}, {""row_index"": 5, ""column_index"": 0, ""row_identifier_column"": ""Sample"", ""row_identifier_value"": ""Sample-E"", ""column"": ""pH"", ""raw_value"": 5.18, ""display_value"": ""5.18""}]","{""target_column"": ""pH"", ""column_allowed_for_operation"": true, ""answer_digits"": 2}","{""headers"": [""pH"", ""Density"", ""Temperature"", ""Mass"", ""Sample"", ""Conductivity""], ""rows"": [[""9.93"", ""1.75 g/mL"", ""28.2 °C"", ""409.0 g"", ""Sample-B"", ""20.25 mS/cm""], [""6.39"", ""3.08 g/mL"", ""27.7 °C"", ""224.2 g"", ""Sample-C"", ""2.79 mS/cm""], [""10.84"", ""1.38 g/mL"", ""92.8 °C"", ""49.4 g"", ""Sample-K"", ""7.62 mS/cm""], [""7.07"", ""2.37 g/mL"", ""5.9 °C"", ""268.0 g"", ""Sample-L"", ""14.15 mS/cm""], [""7.26"", ""0.76 g/mL"", ""16.0 °C"", ""72.3 g"", ""Sample-A"", ""0.98 mS/cm""], [""5.18"", ""3.19 g/mL"", ""21.9 °C"", ""143.0 g"", ""Sample-E"", ""6.20 mS/cm""]]}"
A-L3-0059,3,argmax,battery_tests,Which cell has the highest Capacity?,"| Internal resistance | Cell | Temperature | Charge cycles | State of health | Capacity |
| --- | --- | --- | --- | --- | --- |
| 106.8 mΩ | Cell-F2 | 24.8 °C | 588 cycles | 72.4 % | 5533 mAh |
| 32.3 mΩ | Cell-E1 | 23.3 °C | 663 cycles | 68.7 % | 2859 mAh |
| 122.9 mΩ | Cell-A2 | 60.1 °C | 1 cycles | 84.1 % | 4458 mAh |
| 56.6 mΩ | Cell-E2 | 35.4 °C | 509 cycles | 96.9 % | 3056 mAh |
| 10.3 mΩ | Cell-D2 | 56.9 °C | 1090 cycles | 99.3 % | 5417 mAh |
| 149.8 mΩ | Cell-B1 | 64.7 °C | 1479 cycles | 77.6 % | 1869 mAh |","Answer the question using the table. Return only the final answer.

Table:
| Internal resistance | Cell | Temperature | Charge cycles | State of health | Capacity |
| --- | --- | --- | --- | --- | --- |
| 106.8 mΩ | Cell-F2 | 24.8 °C | 588 cycles | 72.4 % | 5533 mAh |
| 32.3 mΩ | Cell-E1 | 23.3 °C | 663 cycles | 68.7 % | 2859 mAh |
| 122.9 mΩ | Cell-A2 | 60.1 °C | 1 cycles | 84.1 % | 4458 mAh |
| 56.6 mΩ | Cell-E2 | 35.4 °C | 509 cycles | 96.9 % | 3056 mAh |
| 10.3 mΩ | Cell-D2 | 56.9 °C | 1090 cycles | 99.3 % | 5417 mAh |
| 149.8 mΩ | Cell-B1 | 64.7 °C | 1479 cycles | 77.6 % | 1869 mAh |

Question: Which cell has the highest Capacity?",Cell-F2,argmax,6,Capacity,"[{""row_index"": 0, ""column_index"": 5, ""row_identifier_column"": ""Cell"", ""row_identifier_value"": ""Cell-F2"", ""column"": ""Capacity"", ""raw_value"": 5533.0, ""display_value"": ""5533 mAh""}, {""row_index"": 1, ""column_index"": 5, ""row_identifier_column"": ""Cell"", ""row_identifier_value"": ""Cell-E1"", ""column"": ""Capacity"", ""raw_value"": 2859.0, ""display_value"": ""2859 mAh""}, {""row_index"": 2, ""column_index"": 5, ""row_identifier_column"": ""Cell"", ""row_identifier_value"": ""Cell-A2"", ""column"": ""Capacity"", ""raw_value"": 4458.0, ""display_value"": ""4458 mAh""}, {""row_index"": 3, ""column_index"": 5, ""row_identifier_column"": ""Cell"", ""row_identifier_value"": ""Cell-E2"", ""column"": ""Capacity"", ""raw_value"": 3056.0, ""display_value"": ""3056 mAh""}, {""row_index"": 4, ""column_index"": 5, ""row_identifier_column"": ""Cell"", ""row_identifier_value"": ""Cell-D2"", ""column"": ""Capacity"", ""raw_value"": 5417.0, ""display_value"": ""5417 mAh""}, {""row_index"": 5, ""column_index"": 5, ""row_identifier_column"": ""Cell"", ""row_identifier_value"": ""Cell-B1"", ""column"": ""Capacity"", ""raw_value"": 1869.0, ""display_value"": ""1869 mAh""}]","{""target_column"": ""Capacity"", ""column_allowed_for_operation"": true}","{""headers"": [""Internal resistance"", ""Cell"", ""Temperature"", ""Charge cycles"", ""State of health"", ""Capacity""], ""rows"": [[""106.8 mΩ"", ""Cell-F2"", ""24.8 °C"", ""588 cycles"", ""72.4 %"", ""5533 mAh""], [""32.3 mΩ"", ""Cell-E1"", ""23.3 °C"", ""663 cycles"", ""68.7 %"", ""2859 mAh""], [""122.9 mΩ"", ""Cell-A2"", ""60.1 °C"", ""1 cycles"", ""84.1 %"", ""4458 mAh""], [""56.6 mΩ"", ""Cell-E2"", ""35.4 °C"", ""509 cycles"", ""96.9 %"", ""3056 mAh""], [""10.3 mΩ"", ""Cell-D2"", ""56.9 °C"", ""1090 cycles"", ""99.3 %"", ""5417 mAh""], [""149.8 mΩ"", ""Cell-B1"", ""64.7 °C"", ""1479 cycles"", ""77.6 %"", ""1869 mAh""]]}"
A-L3-0060,3,count_condition,weather_stations,"According to the table, how many entries have Humidity less than 41.50 %?","| Rainfall | Visibility | Station | Temperature | Pressure | Humidity |
| --- | --- | --- | --- | --- | --- |
| 91.3 mm | 24.6 km | Maple | 36.8 °C | 1011.0 hPa | 34 % |
| 72.1 mm | 18.4 km | Lakeside | -7.1 °C | 1038.6 hPa | 44 % |
| 87.2 mm | 22.8 km | Clearwater | 2.7 °C | 964.8 hPa | 61 % |
| 43.8 mm | 19.8 km | Hillcrest | 19.8 °C | 976.4 hPa | 39 % |
| 117.3 mm | 0.8 km | Westhaven | 34.7 °C | 1034.9 hPa | 73 % |","Answer the question using the table. Return only the final answer.

Table:
| Rainfall | Visibility | Station | Temperature | Pressure | Humidity |
| --- | --- | --- | --- | --- | --- |
| 91.3 mm | 24.6 km | Maple | 36.8 °C | 1011.0 hPa | 34 % |
| 72.1 mm | 18.4 km | Lakeside | -7.1 °C | 1038.6 hPa | 44 % |
| 87.2 mm | 22.8 km | Clearwater | 2.7 °C | 964.8 hPa | 61 % |
| 43.8 mm | 19.8 km | Hillcrest | 19.8 °C | 976.4 hPa | 39 % |
| 117.3 mm | 0.8 km | Westhaven | 34.7 °C | 1034.9 hPa | 73 % |

Question: According to the table, how many entries have Humidity less than 41.50 %?",2,count_condition,5,Humidity,"[{""row_index"": 0, ""column_index"": 5, ""row_identifier_column"": ""Station"", ""row_identifier_value"": ""Maple"", ""column"": ""Humidity"", ""raw_value"": 34.0, ""display_value"": ""34 %""}, {""row_index"": 1, ""column_index"": 5, ""row_identifier_column"": ""Station"", ""row_identifier_value"": ""Lakeside"", ""column"": ""Humidity"", ""raw_value"": 44.0, ""display_value"": ""44 %""}, {""row_index"": 2, ""column_index"": 5, ""row_identifier_column"": ""Station"", ""row_identifier_value"": ""Clearwater"", ""column"": ""Humidity"", ""raw_value"": 61.0, ""display_value"": ""61 %""}, {""row_index"": 3, ""column_index"": 5, ""row_identifier_column"": ""Station"", ""row_identifier_value"": ""Hillcrest"", ""column"": ""Humidity"", ""raw_value"": 39.0, ""display_value"": ""39 %""}, {""row_index"": 4, ""column_index"": 5, ""row_identifier_column"": ""Station"", ""row_identifier_value"": ""Westhaven"", ""column"": ""Humidity"", ""raw_value"": 73.0, ""display_value"": ""73 %""}]","{""target_column"": ""Humidity"", ""column_allowed_for_operation"": true, ""comparison"": ""less_than"", ""threshold_raw"": 41.5, ""threshold_display"": ""41.50 %""}","{""headers"": [""Rainfall"", ""Visibility"", ""Station"", ""Temperature"", ""Pressure"", ""Humidity""], ""rows"": [[""91.3 mm"", ""24.6 km"", ""Maple"", ""36.8 °C"", ""1011.0 hPa"", ""34 %""], [""72.1 mm"", ""18.4 km"", ""Lakeside"", ""-7.1 °C"", ""1038.6 hPa"", ""44 %""], [""87.2 mm"", ""22.8 km"", ""Clearwater"", ""2.7 °C"", ""964.8 hPa"", ""61 %""], [""43.8 mm"", ""19.8 km"", ""Hillcrest"", ""19.8 °C"", ""976.4 hPa"", ""39 %""], [""117.3 mm"", ""0.8 km"", ""Westhaven"", ""34.7 °C"", ""1034.9 hPa"", ""73 %""]]}"
A-L3-0061,3,column_sum,sports_statistics,Add all values in the Goals scored column. What is the total?,"| Possession | Passes | Points | Team | Fouls | Shots | Goals scored |
| --- | --- | --- | --- | --- | --- | --- |
| 60.6 % | 439 passes | 30 points | Ravens | 28 fouls | 169 shots | 15 goals |
| 56.7 % | 387 passes | 31 points | Dragons | 22 fouls | 83 shots | 91 goals |
| 44.1 % | 321 passes | 21 points | Cyclones | 23 fouls | 229 shots | 14 goals |
| 48.7 % | 305 passes | 96 points | Sharks | 9 fouls | 214 shots | 81 goals |
| 58.5 % | 781 passes | 50 points | Tigers | 34 fouls | 238 shots | 72 goals |
| 48.2 % | 415 passes | 83 points | Wolves | 10 fouls | 178 shots | 11 goals |
| 48.3 % | 488 passes | 113 points | Falcons | 12 fouls | 133 shots | 59 goals |
| 56.4 % | 804 passes | 72 points | Hawks | 7 fouls | 215 shots | 78 goals |
| 61.7 % | 271 passes | 72 points | Bulls | 35 fouls | 177 shots | 98 goals |
| 60.9 % | 748 passes | 64 points | Knights | 8 fouls | 216 shots | 30 goals |","Answer the question using the table. Return only the final answer.

Table:
| Possession | Passes | Points | Team | Fouls | Shots | Goals scored |
| --- | --- | --- | --- | --- | --- | --- |
| 60.6 % | 439 passes | 30 points | Ravens | 28 fouls | 169 shots | 15 goals |
| 56.7 % | 387 passes | 31 points | Dragons | 22 fouls | 83 shots | 91 goals |
| 44.1 % | 321 passes | 21 points | Cyclones | 23 fouls | 229 shots | 14 goals |
| 48.7 % | 305 passes | 96 points | Sharks | 9 fouls | 214 shots | 81 goals |
| 58.5 % | 781 passes | 50 points | Tigers | 34 fouls | 238 shots | 72 goals |
| 48.2 % | 415 passes | 83 points | Wolves | 10 fouls | 178 shots | 11 goals |
| 48.3 % | 488 passes | 113 points | Falcons | 12 fouls | 133 shots | 59 goals |
| 56.4 % | 804 passes | 72 points | Hawks | 7 fouls | 215 shots | 78 goals |
| 61.7 % | 271 passes | 72 points | Bulls | 35 fouls | 177 shots | 98 goals |
| 60.9 % | 748 passes | 64 points | Knights | 8 fouls | 216 shots | 30 goals |

Question: Add all values in the Goals scored column. What is the total?",549 goals,sum,10,Goals scored,"[{""row_index"": 0, ""column_index"": 6, ""row_identifier_column"": ""Team"", ""row_identifier_value"": ""Ravens"", ""column"": ""Goals scored"", ""raw_value"": 15.0, ""display_value"": ""15 goals""}, {""row_index"": 1, ""column_index"": 6, ""row_identifier_column"": ""Team"", ""row_identifier_value"": ""Dragons"", ""column"": ""Goals scored"", ""raw_value"": 91.0, ""display_value"": ""91 goals""}, {""row_index"": 2, ""column_index"": 6, ""row_identifier_column"": ""Team"", ""row_identifier_value"": ""Cyclones"", ""column"": ""Goals scored"", ""raw_value"": 14.0, ""display_value"": ""14 goals""}, {""row_index"": 3, ""column_index"": 6, ""row_identifier_column"": ""Team"", ""row_identifier_value"": ""Sharks"", ""column"": ""Goals scored"", ""raw_value"": 81.0, ""display_value"": ""81 goals""}, {""row_index"": 4, ""column_index"": 6, ""row_identifier_column"": ""Team"", ""row_identifier_value"": ""Tigers"", ""column"": ""Goals scored"", ""raw_value"": 72.0, ""display_value"": ""72 goals""}, {""row_index"": 5, ""column_index"": 6, ""row_identifier_column"": ""Team"", ""row_identifier_value"": ""Wolves"", ""column"": ""Goals scored"", ""raw_value"": 11.0, ""display_value"": ""11 goals""}, {""row_index"": 6, ""column_index"": 6, ""row_identifier_column"": ""Team"", ""row_identifier_value"": ""Falcons"", ""column"": ""Goals scored"", ""raw_value"": 59.0, ""display_value"": ""59 goals""}, {""row_index"": 7, ""column_index"": 6, ""row_identifier_column"": ""Team"", ""row_identifier_value"": ""Hawks"", ""column"": ""Goals scored"", ""raw_value"": 78.0, ""display_value"": ""78 goals""}, {""row_index"": 8, ""column_index"": 6, ""row_identifier_column"": ""Team"", ""row_identifier_value"": ""Bulls"", ""column"": ""Goals scored"", ""raw_value"": 98.0, ""display_value"": ""98 goals""}, {""row_index"": 9, ""column_index"": 6, ""row_identifier_column"": ""Team"", ""row_identifier_value"": ""Knights"", ""column"": ""Goals scored"", ""raw_value"": 30.0, ""display_value"": ""30 goals""}]","{""target_column"": ""Goals scored"", ""column_allowed_for_operation"": true}","{""headers"": [""Possession"", ""Passes"", ""Points"", ""Team"", ""Fouls"", ""Shots"", ""Goals scored""], ""rows"": [[""60.6 %"", ""439 passes"", ""30 points"", ""Ravens"", ""28 fouls"", ""169 shots"", ""15 goals""], [""56.7 %"", ""387 passes"", ""31 points"", ""Dragons"", ""22 fouls"", ""83 shots"", ""91 goals""], [""44.1 %"", ""321 passes"", ""21 points"", ""Cyclones"", ""23 fouls"", ""229 shots"", ""14 goals""], [""48.7 %"", ""305 passes"", ""96 points"", ""Sharks"", ""9 fouls"", ""214 shots"", ""81 goals""], [""58.5 %"", ""781 passes"", ""50 points"", ""Tigers"", ""34 fouls"", ""238 shots"", ""72 goals""], [""48.2 %"", ""415 passes"", ""83 points"", ""Wolves"", ""10 fouls"", ""178 shots"", ""11 goals""], [""48.3 %"", ""488 passes"", ""113 points"", ""Falcons"", ""12 fouls"", ""133 shots"", ""59 goals""], [""56.4 %"", ""804 passes"", ""72 points"", ""Hawks"", ""7 fouls"", ""215 shots"", ""78 goals""], [""61.7 %"", ""271 passes"", ""72 points"", ""Bulls"", ""35 fouls"", ""177 shots"", ""98 goals""], [""60.9 %"", ""748 passes"", ""64 points"", ""Knights"", ""8 fouls"", ""216 shots"", ""30 goals""]]}"
A-L3-0062,3,column_average,race_telemetry,What is the average Brake temperature across all rows?,"| Brake temperature | Fuel remaining | Driver | Lap time | Tire temperature | Pit time |
| --- | --- | --- | --- | --- | --- |
| 827 °C | 3.8 L | Ava | 147.20 s | 92.6 °C | 11.12 s |
| 510 °C | 49.1 L | Lena | 62.63 s | 127.1 °C | 10.41 s |
| 560 °C | 17.1 L | Julia | 136.78 s | 105.7 °C | 44.18 s |
| 352 °C | 46.6 L | Chris | 69.87 s | 56.3 °C | 4.86 s |
| 691 °C | 58.4 L | Lucas | 98.52 s | 130.4 °C | 25.76 s |
| 643 °C | 14.1 L | Noah | 62.00 s | 61.5 °C | 18.90 s |
| 747 °C | 66.8 L | Oliver | 96.77 s | 82.1 °C | 12.15 s |
| 719 °C | 32.4 L | Alex | 83.97 s | 113.3 °C | 0.57 s |","Answer the question using the table. Return only the final answer.

Table:
| Brake temperature | Fuel remaining | Driver | Lap time | Tire temperature | Pit time |
| --- | --- | --- | --- | --- | --- |
| 827 °C | 3.8 L | Ava | 147.20 s | 92.6 °C | 11.12 s |
| 510 °C | 49.1 L | Lena | 62.63 s | 127.1 °C | 10.41 s |
| 560 °C | 17.1 L | Julia | 136.78 s | 105.7 °C | 44.18 s |
| 352 °C | 46.6 L | Chris | 69.87 s | 56.3 °C | 4.86 s |
| 691 °C | 58.4 L | Lucas | 98.52 s | 130.4 °C | 25.76 s |
| 643 °C | 14.1 L | Noah | 62.00 s | 61.5 °C | 18.90 s |
| 747 °C | 66.8 L | Oliver | 96.77 s | 82.1 °C | 12.15 s |
| 719 °C | 32.4 L | Alex | 83.97 s | 113.3 °C | 0.57 s |

Question: What is the average Brake temperature across all rows?",631.12 °C,mean,8,Brake temperature,"[{""row_index"": 0, ""column_index"": 0, ""row_identifier_column"": ""Driver"", ""row_identifier_value"": ""Ava"", ""column"": ""Brake temperature"", ""raw_value"": 827.0, ""display_value"": ""827 °C""}, {""row_index"": 1, ""column_index"": 0, ""row_identifier_column"": ""Driver"", ""row_identifier_value"": ""Lena"", ""column"": ""Brake temperature"", ""raw_value"": 510.0, ""display_value"": ""510 °C""}, {""row_index"": 2, ""column_index"": 0, ""row_identifier_column"": ""Driver"", ""row_identifier_value"": ""Julia"", ""column"": ""Brake temperature"", ""raw_value"": 560.0, ""display_value"": ""560 °C""}, {""row_index"": 3, ""column_index"": 0, ""row_identifier_column"": ""Driver"", ""row_identifier_value"": ""Chris"", ""column"": ""Brake temperature"", ""raw_value"": 352.0, ""display_value"": ""352 °C""}, {""row_index"": 4, ""column_index"": 0, ""row_identifier_column"": ""Driver"", ""row_identifier_value"": ""Lucas"", ""column"": ""Brake temperature"", ""raw_value"": 691.0, ""display_value"": ""691 °C""}, {""row_index"": 5, ""column_index"": 0, ""row_identifier_column"": ""Driver"", ""row_identifier_value"": ""Noah"", ""column"": ""Brake temperature"", ""raw_value"": 643.0, ""display_value"": ""643 °C""}, {""row_index"": 6, ""column_index"": 0, ""row_identifier_column"": ""Driver"", ""row_identifier_value"": ""Oliver"", ""column"": ""Brake temperature"", ""raw_value"": 747.0, ""display_value"": ""747 °C""}, {""row_index"": 7, ""column_index"": 0, ""row_identifier_column"": ""Driver"", ""row_identifier_value"": ""Alex"", ""column"": ""Brake temperature"", ""raw_value"": 719.0, ""display_value"": ""719 °C""}]","{""target_column"": ""Brake temperature"", ""column_allowed_for_operation"": true, ""answer_digits"": 2}","{""headers"": [""Brake temperature"", ""Fuel remaining"", ""Driver"", ""Lap time"", ""Tire temperature"", ""Pit time""], ""rows"": [[""827 °C"", ""3.8 L"", ""Ava"", ""147.20 s"", ""92.6 °C"", ""11.12 s""], [""510 °C"", ""49.1 L"", ""Lena"", ""62.63 s"", ""127.1 °C"", ""10.41 s""], [""560 °C"", ""17.1 L"", ""Julia"", ""136.78 s"", ""105.7 °C"", ""44.18 s""], [""352 °C"", ""46.6 L"", ""Chris"", ""69.87 s"", ""56.3 °C"", ""4.86 s""], [""691 °C"", ""58.4 L"", ""Lucas"", ""98.52 s"", ""130.4 °C"", ""25.76 s""], [""643 °C"", ""14.1 L"", ""Noah"", ""62.00 s"", ""61.5 °C"", ""18.90 s""], [""747 °C"", ""66.8 L"", ""Oliver"", ""96.77 s"", ""82.1 °C"", ""12.15 s""], [""719 °C"", ""32.4 L"", ""Alex"", ""83.97 s"", ""113.3 °C"", ""0.57 s""]]}"
A-L3-0063,3,column_sum,ml_benchmark,What is the total Energy use across all rows?,"| Model | Energy use | Accuracy | F1 score | Throughput |
| --- | --- | --- | --- | --- |
| Helix | 218.1 Wh | 89.5 % | 72.2 % | 439.6 req/s |
| Atlas | 281.7 Wh | 55.3 % | 59.0 % | 123.9 req/s |
| Delta | 303.5 Wh | 92.7 % | 92.7 % | 482.6 req/s |
| Aurora | 492.6 Wh | 60.6 % | 71.5 % | 363.8 req/s |
| Zenith | 73.7 Wh | 62.7 % | 75.3 % | 250.8 req/s |
| Nova | 188.6 Wh | 84.3 % | 74.1 % | 105.1 req/s |
| Vertex | 407.3 Wh | 86.5 % | 59.9 % | 446.2 req/s |","Answer the question using the table. Return only the final answer.

Table:
| Model | Energy use | Accuracy | F1 score | Throughput |
| --- | --- | --- | --- | --- |
| Helix | 218.1 Wh | 89.5 % | 72.2 % | 439.6 req/s |
| Atlas | 281.7 Wh | 55.3 % | 59.0 % | 123.9 req/s |
| Delta | 303.5 Wh | 92.7 % | 92.7 % | 482.6 req/s |
| Aurora | 492.6 Wh | 60.6 % | 71.5 % | 363.8 req/s |
| Zenith | 73.7 Wh | 62.7 % | 75.3 % | 250.8 req/s |
| Nova | 188.6 Wh | 84.3 % | 74.1 % | 105.1 req/s |
| Vertex | 407.3 Wh | 86.5 % | 59.9 % | 446.2 req/s |

Question: What is the total Energy use across all rows?",1965.5 Wh,sum,7,Energy use,"[{""row_index"": 0, ""column_index"": 1, ""row_identifier_column"": ""Model"", ""row_identifier_value"": ""Helix"", ""column"": ""Energy use"", ""raw_value"": 218.1, ""display_value"": ""218.1 Wh""}, {""row_index"": 1, ""column_index"": 1, ""row_identifier_column"": ""Model"", ""row_identifier_value"": ""Atlas"", ""column"": ""Energy use"", ""raw_value"": 281.7, ""display_value"": ""281.7 Wh""}, {""row_index"": 2, ""column_index"": 1, ""row_identifier_column"": ""Model"", ""row_identifier_value"": ""Delta"", ""column"": ""Energy use"", ""raw_value"": 303.5, ""display_value"": ""303.5 Wh""}, {""row_index"": 3, ""column_index"": 1, ""row_identifier_column"": ""Model"", ""row_identifier_value"": ""Aurora"", ""column"": ""Energy use"", ""raw_value"": 492.6, ""display_value"": ""492.6 Wh""}, {""row_index"": 4, ""column_index"": 1, ""row_identifier_column"": ""Model"", ""row_identifier_value"": ""Zenith"", ""column"": ""Energy use"", ""raw_value"": 73.7, ""display_value"": ""73.7 Wh""}, {""row_index"": 5, ""column_index"": 1, ""row_identifier_column"": ""Model"", ""row_identifier_value"": ""Nova"", ""column"": ""Energy use"", ""raw_value"": 188.6, ""display_value"": ""188.6 Wh""}, {""row_index"": 6, ""column_index"": 1, ""row_identifier_column"": ""Model"", ""row_identifier_value"": ""Vertex"", ""column"": ""Energy use"", ""raw_value"": 407.3, ""display_value"": ""407.3 Wh""}]","{""target_column"": ""Energy use"", ""column_allowed_for_operation"": true}","{""headers"": [""Model"", ""Energy use"", ""Accuracy"", ""F1 score"", ""Throughput""], ""rows"": [[""Helix"", ""218.1 Wh"", ""89.5 %"", ""72.2 %"", ""439.6 req/s""], [""Atlas"", ""281.7 Wh"", ""55.3 %"", ""59.0 %"", ""123.9 req/s""], [""Delta"", ""303.5 Wh"", ""92.7 %"", ""92.7 %"", ""482.6 req/s""], [""Aurora"", ""492.6 Wh"", ""60.6 %"", ""71.5 %"", ""363.8 req/s""], [""Zenith"", ""73.7 Wh"", ""62.7 %"", ""75.3 %"", ""250.8 req/s""], [""Nova"", ""188.6 Wh"", ""84.3 %"", ""74.1 %"", ""105.1 req/s""], [""Vertex"", ""407.3 Wh"", ""86.5 %"", ""59.9 %"", ""446.2 req/s""]]}"
A-L3-0064,3,argmax,race_telemetry,Which driver has the highest Top speed?,"| Fuel remaining | Top speed | Driver | Brake temperature | Tire temperature | Pit time |
| --- | --- | --- | --- | --- | --- |
| 60.7 L | 289.3 km/h | Julia | 779 °C | 121.7 °C | 3.79 s |
| 76.2 L | 340.3 km/h | Yuna | 489 °C | 103.5 °C | 42.19 s |
| 50.6 L | 225.6 km/h | David | 891 °C | 58.1 °C | 25.89 s |
| 56.1 L | 347.8 km/h | Noah | 443 °C | 82.5 °C | 31.52 s |
| 59.5 L | 331.9 km/h | Theo | 260 °C | 59.2 °C | 35.77 s |
| 67.6 L | 367.2 km/h | Chris | 833 °C | 110.4 °C | 1.23 s |
| 21.4 L | 171.7 km/h | Daniel | 293 °C | 74.9 °C | 22.50 s |
| 5.4 L | 354.7 km/h | Nora | 390 °C | 124.0 °C | 35.63 s |
| 35.6 L | 170.0 km/h | Sofia | 432 °C | 140.4 °C | 35.71 s |
| 22.5 L | 293.9 km/h | Leo | 569 °C | 121.8 °C | 44.49 s |","Answer the question using the table. Return only the final answer.

Table:
| Fuel remaining | Top speed | Driver | Brake temperature | Tire temperature | Pit time |
| --- | --- | --- | --- | --- | --- |
| 60.7 L | 289.3 km/h | Julia | 779 °C | 121.7 °C | 3.79 s |
| 76.2 L | 340.3 km/h | Yuna | 489 °C | 103.5 °C | 42.19 s |
| 50.6 L | 225.6 km/h | David | 891 °C | 58.1 °C | 25.89 s |
| 56.1 L | 347.8 km/h | Noah | 443 °C | 82.5 °C | 31.52 s |
| 59.5 L | 331.9 km/h | Theo | 260 °C | 59.2 °C | 35.77 s |
| 67.6 L | 367.2 km/h | Chris | 833 °C | 110.4 °C | 1.23 s |
| 21.4 L | 171.7 km/h | Daniel | 293 °C | 74.9 °C | 22.50 s |
| 5.4 L | 354.7 km/h | Nora | 390 °C | 124.0 °C | 35.63 s |
| 35.6 L | 170.0 km/h | Sofia | 432 °C | 140.4 °C | 35.71 s |
| 22.5 L | 293.9 km/h | Leo | 569 °C | 121.8 °C | 44.49 s |

Question: Which driver has the highest Top speed?",Chris,argmax,10,Top speed,"[{""row_index"": 0, ""column_index"": 1, ""row_identifier_column"": ""Driver"", ""row_identifier_value"": ""Julia"", ""column"": ""Top speed"", ""raw_value"": 289.3, ""display_value"": ""289.3 km/h""}, {""row_index"": 1, ""column_index"": 1, ""row_identifier_column"": ""Driver"", ""row_identifier_value"": ""Yuna"", ""column"": ""Top speed"", ""raw_value"": 340.3, ""display_value"": ""340.3 km/h""}, {""row_index"": 2, ""column_index"": 1, ""row_identifier_column"": ""Driver"", ""row_identifier_value"": ""David"", ""column"": ""Top speed"", ""raw_value"": 225.6, ""display_value"": ""225.6 km/h""}, {""row_index"": 3, ""column_index"": 1, ""row_identifier_column"": ""Driver"", ""row_identifier_value"": ""Noah"", ""column"": ""Top speed"", ""raw_value"": 347.8, ""display_value"": ""347.8 km/h""}, {""row_index"": 4, ""column_index"": 1, ""row_identifier_column"": ""Driver"", ""row_identifier_value"": ""Theo"", ""column"": ""Top speed"", ""raw_value"": 331.9, ""display_value"": ""331.9 km/h""}, {""row_index"": 5, ""column_index"": 1, ""row_identifier_column"": ""Driver"", ""row_identifier_value"": ""Chris"", ""column"": ""Top speed"", ""raw_value"": 367.2, ""display_value"": ""367.2 km/h""}, {""row_index"": 6, ""column_index"": 1, ""row_identifier_column"": ""Driver"", ""row_identifier_value"": ""Daniel"", ""column"": ""Top speed"", ""raw_value"": 171.7, ""display_value"": ""171.7 km/h""}, {""row_index"": 7, ""column_index"": 1, ""row_identifier_column"": ""Driver"", ""row_identifier_value"": ""Nora"", ""column"": ""Top speed"", ""raw_value"": 354.7, ""display_value"": ""354.7 km/h""}, {""row_index"": 8, ""column_index"": 1, ""row_identifier_column"": ""Driver"", ""row_identifier_value"": ""Sofia"", ""column"": ""Top speed"", ""raw_value"": 170.0, ""display_value"": ""170.0 km/h""}, {""row_index"": 9, ""column_index"": 1, ""row_identifier_column"": ""Driver"", ""row_identifier_value"": ""Leo"", ""column"": ""Top speed"", ""raw_value"": 293.9, ""display_value"": ""293.9 km/h""}]","{""target_column"": ""Top speed"", ""column_allowed_for_operation"": true}","{""headers"": [""Fuel remaining"", ""Top speed"", ""Driver"", ""Brake temperature"", ""Tire temperature"", ""Pit time""], ""rows"": [[""60.7 L"", ""289.3 km/h"", ""Julia"", ""779 °C"", ""121.7 °C"", ""3.79 s""], [""76.2 L"", ""340.3 km/h"", ""Yuna"", ""489 °C"", ""103.5 °C"", ""42.19 s""], [""50.6 L"", ""225.6 km/h"", ""David"", ""891 °C"", ""58.1 °C"", ""25.89 s""], [""56.1 L"", ""347.8 km/h"", ""Noah"", ""443 °C"", ""82.5 °C"", ""31.52 s""], [""59.5 L"", ""331.9 km/h"", ""Theo"", ""260 °C"", ""59.2 °C"", ""35.77 s""], [""67.6 L"", ""367.2 km/h"", ""Chris"", ""833 °C"", ""110.4 °C"", ""1.23 s""], [""21.4 L"", ""171.7 km/h"", ""Daniel"", ""293 °C"", ""74.9 °C"", ""22.50 s""], [""5.4 L"", ""354.7 km/h"", ""Nora"", ""390 °C"", ""124.0 °C"", ""35.63 s""], [""35.6 L"", ""170.0 km/h"", ""Sofia"", ""432 °C"", ""140.4 °C"", ""35.71 s""], [""22.5 L"", ""293.9 km/h"", ""Leo"", ""569 °C"", ""121.8 °C"", ""44.49 s""]]}"
A-L3-0065,3,argmax,weather_stations,"According to the table, which station has the maximum Wind speed?","| Rainfall | Visibility | Humidity | Temperature | Wind speed | Station |
| --- | --- | --- | --- | --- | --- |
| 50.5 mm | 14.5 km | 86 % | -6.9 °C | 8.4 m/s | Riverton |
| 72.6 mm | 24.2 km | 44 % | 12.1 °C | 19.6 m/s | Clearwater |
| 58.2 mm | 9.4 km | 57 % | 23.2 °C | 14.2 m/s | Maple |
| 43.4 mm | 15.5 km | 58 % | 21.9 °C | 25.5 m/s | Brookfield |
| 13.9 mm | 19.0 km | 92 % | 12.3 °C | 31.4 m/s | Orion |
| 36.9 mm | 25.7 km | 92 % | 24.8 °C | 1.6 m/s | Cedar |
| 28.1 mm | 7.1 km | 34 % | 28.5 °C | 26.3 m/s | Oakridge |
| 4.8 mm | 0.8 km | 97 % | 13.2 °C | 30.3 m/s | Hillcrest |","Answer the question using the table. Return only the final answer.

Table:
| Rainfall | Visibility | Humidity | Temperature | Wind speed | Station |
| --- | --- | --- | --- | --- | --- |
| 50.5 mm | 14.5 km | 86 % | -6.9 °C | 8.4 m/s | Riverton |
| 72.6 mm | 24.2 km | 44 % | 12.1 °C | 19.6 m/s | Clearwater |
| 58.2 mm | 9.4 km | 57 % | 23.2 °C | 14.2 m/s | Maple |
| 43.4 mm | 15.5 km | 58 % | 21.9 °C | 25.5 m/s | Brookfield |
| 13.9 mm | 19.0 km | 92 % | 12.3 °C | 31.4 m/s | Orion |
| 36.9 mm | 25.7 km | 92 % | 24.8 °C | 1.6 m/s | Cedar |
| 28.1 mm | 7.1 km | 34 % | 28.5 °C | 26.3 m/s | Oakridge |
| 4.8 mm | 0.8 km | 97 % | 13.2 °C | 30.3 m/s | Hillcrest |

Question: According to the table, which station has the maximum Wind speed?",Orion,argmax,8,Wind speed,"[{""row_index"": 0, ""column_index"": 4, ""row_identifier_column"": ""Station"", ""row_identifier_value"": ""Riverton"", ""column"": ""Wind speed"", ""raw_value"": 8.4, ""display_value"": ""8.4 m/s""}, {""row_index"": 1, ""column_index"": 4, ""row_identifier_column"": ""Station"", ""row_identifier_value"": ""Clearwater"", ""column"": ""Wind speed"", ""raw_value"": 19.6, ""display_value"": ""19.6 m/s""}, {""row_index"": 2, ""column_index"": 4, ""row_identifier_column"": ""Station"", ""row_identifier_value"": ""Maple"", ""column"": ""Wind speed"", ""raw_value"": 14.2, ""display_value"": ""14.2 m/s""}, {""row_index"": 3, ""column_index"": 4, ""row_identifier_column"": ""Station"", ""row_identifier_value"": ""Brookfield"", ""column"": ""Wind speed"", ""raw_value"": 25.5, ""display_value"": ""25.5 m/s""}, {""row_index"": 4, ""column_index"": 4, ""row_identifier_column"": ""Station"", ""row_identifier_value"": ""Orion"", ""column"": ""Wind speed"", ""raw_value"": 31.4, ""display_value"": ""31.4 m/s""}, {""row_index"": 5, ""column_index"": 4, ""row_identifier_column"": ""Station"", ""row_identifier_value"": ""Cedar"", ""column"": ""Wind speed"", ""raw_value"": 1.6, ""display_value"": ""1.6 m/s""}, {""row_index"": 6, ""column_index"": 4, ""row_identifier_column"": ""Station"", ""row_identifier_value"": ""Oakridge"", ""column"": ""Wind speed"", ""raw_value"": 26.3, ""display_value"": ""26.3 m/s""}, {""row_index"": 7, ""column_index"": 4, ""row_identifier_column"": ""Station"", ""row_identifier_value"": ""Hillcrest"", ""column"": ""Wind speed"", ""raw_value"": 30.3, ""display_value"": ""30.3 m/s""}]","{""target_column"": ""Wind speed"", ""column_allowed_for_operation"": true}","{""headers"": [""Rainfall"", ""Visibility"", ""Humidity"", ""Temperature"", ""Wind speed"", ""Station""], ""rows"": [[""50.5 mm"", ""14.5 km"", ""86 %"", ""-6.9 °C"", ""8.4 m/s"", ""Riverton""], [""72.6 mm"", ""24.2 km"", ""44 %"", ""12.1 °C"", ""19.6 m/s"", ""Clearwater""], [""58.2 mm"", ""9.4 km"", ""57 %"", ""23.2 °C"", ""14.2 m/s"", ""Maple""], [""43.4 mm"", ""15.5 km"", ""58 %"", ""21.9 °C"", ""25.5 m/s"", ""Brookfield""], [""13.9 mm"", ""19.0 km"", ""92 %"", ""12.3 °C"", ""31.4 m/s"", ""Orion""], [""36.9 mm"", ""25.7 km"", ""92 %"", ""24.8 °C"", ""1.6 m/s"", ""Cedar""], [""28.1 mm"", ""7.1 km"", ""34 %"", ""28.5 °C"", ""26.3 m/s"", ""Oakridge""], [""4.8 mm"", ""0.8 km"", ""97 %"", ""13.2 °C"", ""30.3 m/s"", ""Hillcrest""]]}"
A-L3-0066,3,count_condition,sports_statistics,"According to the table, how many entries have Passes greater than 424.50 passes?","| Team | Possession | Fouls | Passes | Shots |
| --- | --- | --- | --- | --- |
| Bulls | 31.5 % | 13 fouls | 171 passes | 197 shots |
| Ravens | 39.9 % | 2 fouls | 306 passes | 155 shots |
| Falcons | 57.8 % | 6 fouls | 244 passes | 91 shots |
| Hawks | 45.3 % | 10 fouls | 709 passes | 139 shots |
| Cyclones | 44.5 % | 3 fouls | 543 passes | 175 shots |","Answer the question using the table. Return only the final answer.

Table:
| Team | Possession | Fouls | Passes | Shots |
| --- | --- | --- | --- | --- |
| Bulls | 31.5 % | 13 fouls | 171 passes | 197 shots |
| Ravens | 39.9 % | 2 fouls | 306 passes | 155 shots |
| Falcons | 57.8 % | 6 fouls | 244 passes | 91 shots |
| Hawks | 45.3 % | 10 fouls | 709 passes | 139 shots |
| Cyclones | 44.5 % | 3 fouls | 543 passes | 175 shots |

Question: According to the table, how many entries have Passes greater than 424.50 passes?",2,count_condition,5,Passes,"[{""row_index"": 0, ""column_index"": 3, ""row_identifier_column"": ""Team"", ""row_identifier_value"": ""Bulls"", ""column"": ""Passes"", ""raw_value"": 171.0, ""display_value"": ""171 passes""}, {""row_index"": 1, ""column_index"": 3, ""row_identifier_column"": ""Team"", ""row_identifier_value"": ""Ravens"", ""column"": ""Passes"", ""raw_value"": 306.0, ""display_value"": ""306 passes""}, {""row_index"": 2, ""column_index"": 3, ""row_identifier_column"": ""Team"", ""row_identifier_value"": ""Falcons"", ""column"": ""Passes"", ""raw_value"": 244.0, ""display_value"": ""244 passes""}, {""row_index"": 3, ""column_index"": 3, ""row_identifier_column"": ""Team"", ""row_identifier_value"": ""Hawks"", ""column"": ""Passes"", ""raw_value"": 709.0, ""display_value"": ""709 passes""}, {""row_index"": 4, ""column_index"": 3, ""row_identifier_column"": ""Team"", ""row_identifier_value"": ""Cyclones"", ""column"": ""Passes"", ""raw_value"": 543.0, ""display_value"": ""543 passes""}]","{""target_column"": ""Passes"", ""column_allowed_for_operation"": true, ""comparison"": ""greater_than"", ""threshold_raw"": 424.5, ""threshold_display"": ""424.50 passes""}","{""headers"": [""Team"", ""Possession"", ""Fouls"", ""Passes"", ""Shots""], ""rows"": [[""Bulls"", ""31.5 %"", ""13 fouls"", ""171 passes"", ""197 shots""], [""Ravens"", ""39.9 %"", ""2 fouls"", ""306 passes"", ""155 shots""], [""Falcons"", ""57.8 %"", ""6 fouls"", ""244 passes"", ""91 shots""], [""Hawks"", ""45.3 %"", ""10 fouls"", ""709 passes"", ""139 shots""], [""Cyclones"", ""44.5 %"", ""3 fouls"", ""543 passes"", ""175 shots""]]}"
A-L3-0067,3,column_sum,sports_statistics,Add all values in the Fouls column. What is the total?,"| Goals scored | Team | Possession | Passes | Fouls |
| --- | --- | --- | --- | --- |
| 23 goals | Falcons | 56.5 % | 380 passes | 35 fouls |
| 54 goals | Ravens | 61.1 % | 546 passes | 25 fouls |
| 37 goals | Wolves | 45.8 % | 289 passes | 6 fouls |
| 53 goals | Bulls | 67.0 % | 257 passes | 13 fouls |
| 38 goals | Panthers | 39.8 % | 412 passes | 16 fouls |
| 20 goals | Sharks | 48.3 % | 784 passes | 13 fouls |
| 73 goals | Hawks | 38.8 % | 430 passes | 33 fouls |
| 51 goals | Dragons | 36.3 % | 729 passes | 8 fouls |
| 65 goals | Tigers | 60.8 % | 345 passes | 21 fouls |","Answer the question using the table. Return only the final answer.

Table:
| Goals scored | Team | Possession | Passes | Fouls |
| --- | --- | --- | --- | --- |
| 23 goals | Falcons | 56.5 % | 380 passes | 35 fouls |
| 54 goals | Ravens | 61.1 % | 546 passes | 25 fouls |
| 37 goals | Wolves | 45.8 % | 289 passes | 6 fouls |
| 53 goals | Bulls | 67.0 % | 257 passes | 13 fouls |
| 38 goals | Panthers | 39.8 % | 412 passes | 16 fouls |
| 20 goals | Sharks | 48.3 % | 784 passes | 13 fouls |
| 73 goals | Hawks | 38.8 % | 430 passes | 33 fouls |
| 51 goals | Dragons | 36.3 % | 729 passes | 8 fouls |
| 65 goals | Tigers | 60.8 % | 345 passes | 21 fouls |

Question: Add all values in the Fouls column. What is the total?",170 fouls,sum,9,Fouls,"[{""row_index"": 0, ""column_index"": 4, ""row_identifier_column"": ""Team"", ""row_identifier_value"": ""Falcons"", ""column"": ""Fouls"", ""raw_value"": 35.0, ""display_value"": ""35 fouls""}, {""row_index"": 1, ""column_index"": 4, ""row_identifier_column"": ""Team"", ""row_identifier_value"": ""Ravens"", ""column"": ""Fouls"", ""raw_value"": 25.0, ""display_value"": ""25 fouls""}, {""row_index"": 2, ""column_index"": 4, ""row_identifier_column"": ""Team"", ""row_identifier_value"": ""Wolves"", ""column"": ""Fouls"", ""raw_value"": 6.0, ""display_value"": ""6 fouls""}, {""row_index"": 3, ""column_index"": 4, ""row_identifier_column"": ""Team"", ""row_identifier_value"": ""Bulls"", ""column"": ""Fouls"", ""raw_value"": 13.0, ""display_value"": ""13 fouls""}, {""row_index"": 4, ""column_index"": 4, ""row_identifier_column"": ""Team"", ""row_identifier_value"": ""Panthers"", ""column"": ""Fouls"", ""raw_value"": 16.0, ""display_value"": ""16 fouls""}, {""row_index"": 5, ""column_index"": 4, ""row_identifier_column"": ""Team"", ""row_identifier_value"": ""Sharks"", ""column"": ""Fouls"", ""raw_value"": 13.0, ""display_value"": ""13 fouls""}, {""row_index"": 6, ""column_index"": 4, ""row_identifier_column"": ""Team"", ""row_identifier_value"": ""Hawks"", ""column"": ""Fouls"", ""raw_value"": 33.0, ""display_value"": ""33 fouls""}, {""row_index"": 7, ""column_index"": 4, ""row_identifier_column"": ""Team"", ""row_identifier_value"": ""Dragons"", ""column"": ""Fouls"", ""raw_value"": 8.0, ""display_value"": ""8 fouls""}, {""row_index"": 8, ""column_index"": 4, ""row_identifier_column"": ""Team"", ""row_identifier_value"": ""Tigers"", ""column"": ""Fouls"", ""raw_value"": 21.0, ""display_value"": ""21 fouls""}]","{""target_column"": ""Fouls"", ""column_allowed_for_operation"": true}","{""headers"": [""Goals scored"", ""Team"", ""Possession"", ""Passes"", ""Fouls""], ""rows"": [[""23 goals"", ""Falcons"", ""56.5 %"", ""380 passes"", ""35 fouls""], [""54 goals"", ""Ravens"", ""61.1 %"", ""546 passes"", ""25 fouls""], [""37 goals"", ""Wolves"", ""45.8 %"", ""289 passes"", ""6 fouls""], [""53 goals"", ""Bulls"", ""67.0 %"", ""257 passes"", ""13 fouls""], [""38 goals"", ""Panthers"", ""39.8 %"", ""412 passes"", ""16 fouls""], [""20 goals"", ""Sharks"", ""48.3 %"", ""784 passes"", ""13 fouls""], [""73 goals"", ""Hawks"", ""38.8 %"", ""430 passes"", ""33 fouls""], [""51 goals"", ""Dragons"", ""36.3 %"", ""729 passes"", ""8 fouls""], [""65 goals"", ""Tigers"", ""60.8 %"", ""345 passes"", ""21 fouls""]]}"
A-L3-0068,3,column_average,weather_stations,"According to the table, what is the average value of Pressure?","| Temperature | Station | Wind speed | Pressure | Rainfall | Visibility |
| --- | --- | --- | --- | --- | --- |
| -0.3 °C | Maple | 5.5 m/s | 954.8 hPa | 99.7 mm | 20.4 km |
| -6.6 °C | Clearwater | 29.6 m/s | 993.1 hPa | 51.0 mm | 2.4 km |
| 15.6 °C | Oakridge | 29.7 m/s | 1038.5 hPa | 27.4 mm | 29.3 km |
| 21.6 °C | Fairview | 12.2 m/s | 992.2 hPa | 86.6 mm | 10.2 km |
| -7.6 °C | Hillcrest | 23.3 m/s | 978.8 hPa | 93.7 mm | 13.1 km |
| -5.9 °C | Orion | 13.1 m/s | 979.9 hPa | 48.0 mm | 25.6 km |","Answer the question using the table. Return only the final answer.

Table:
| Temperature | Station | Wind speed | Pressure | Rainfall | Visibility |
| --- | --- | --- | --- | --- | --- |
| -0.3 °C | Maple | 5.5 m/s | 954.8 hPa | 99.7 mm | 20.4 km |
| -6.6 °C | Clearwater | 29.6 m/s | 993.1 hPa | 51.0 mm | 2.4 km |
| 15.6 °C | Oakridge | 29.7 m/s | 1038.5 hPa | 27.4 mm | 29.3 km |
| 21.6 °C | Fairview | 12.2 m/s | 992.2 hPa | 86.6 mm | 10.2 km |
| -7.6 °C | Hillcrest | 23.3 m/s | 978.8 hPa | 93.7 mm | 13.1 km |
| -5.9 °C | Orion | 13.1 m/s | 979.9 hPa | 48.0 mm | 25.6 km |

Question: According to the table, what is the average value of Pressure?",989.55 hPa,mean,6,Pressure,"[{""row_index"": 0, ""column_index"": 3, ""row_identifier_column"": ""Station"", ""row_identifier_value"": ""Maple"", ""column"": ""Pressure"", ""raw_value"": 954.8, ""display_value"": ""954.8 hPa""}, {""row_index"": 1, ""column_index"": 3, ""row_identifier_column"": ""Station"", ""row_identifier_value"": ""Clearwater"", ""column"": ""Pressure"", ""raw_value"": 993.1, ""display_value"": ""993.1 hPa""}, {""row_index"": 2, ""column_index"": 3, ""row_identifier_column"": ""Station"", ""row_identifier_value"": ""Oakridge"", ""column"": ""Pressure"", ""raw_value"": 1038.5, ""display_value"": ""1038.5 hPa""}, {""row_index"": 3, ""column_index"": 3, ""row_identifier_column"": ""Station"", ""row_identifier_value"": ""Fairview"", ""column"": ""Pressure"", ""raw_value"": 992.2, ""display_value"": ""992.2 hPa""}, {""row_index"": 4, ""column_index"": 3, ""row_identifier_column"": ""Station"", ""row_identifier_value"": ""Hillcrest"", ""column"": ""Pressure"", ""raw_value"": 978.8, ""display_value"": ""978.8 hPa""}, {""row_index"": 5, ""column_index"": 3, ""row_identifier_column"": ""Station"", ""row_identifier_value"": ""Orion"", ""column"": ""Pressure"", ""raw_value"": 979.9, ""display_value"": ""979.9 hPa""}]","{""target_column"": ""Pressure"", ""column_allowed_for_operation"": true, ""answer_digits"": 2}","{""headers"": [""Temperature"", ""Station"", ""Wind speed"", ""Pressure"", ""Rainfall"", ""Visibility""], ""rows"": [[""-0.3 °C"", ""Maple"", ""5.5 m/s"", ""954.8 hPa"", ""99.7 mm"", ""20.4 km""], [""-6.6 °C"", ""Clearwater"", ""29.6 m/s"", ""993.1 hPa"", ""51.0 mm"", ""2.4 km""], [""15.6 °C"", ""Oakridge"", ""29.7 m/s"", ""1038.5 hPa"", ""27.4 mm"", ""29.3 km""], [""21.6 °C"", ""Fairview"", ""12.2 m/s"", ""992.2 hPa"", ""86.6 mm"", ""10.2 km""], [""-7.6 °C"", ""Hillcrest"", ""23.3 m/s"", ""978.8 hPa"", ""93.7 mm"", ""13.1 km""], [""-5.9 °C"", ""Orion"", ""13.1 m/s"", ""979.9 hPa"", ""48.0 mm"", ""25.6 km""]]}"
A-L3-0069,3,column_average,race_telemetry,What is the average Fuel remaining across all rows?,"| Tire temperature | Brake temperature | Pit time | Top speed | Lap time | Driver | Fuel remaining |
| --- | --- | --- | --- | --- | --- | --- |
| 105.5 °C | 551 °C | 21.40 s | 173.8 km/h | 147.99 s | Ethan | 20.1 L |
| 59.0 °C | 689 °C | 32.79 s | 269.7 km/h | 130.58 s | Emma | 83.0 L |
| 140.9 °C | 774 °C | 3.18 s | 260.3 km/h | 86.89 s | Lena | 73.0 L |
| 92.4 °C | 328 °C | 39.38 s | 204.0 km/h | 124.70 s | Noah | 32.8 L |
| 62.9 °C | 836 °C | 1.72 s | 192.0 km/h | 124.52 s | Theo | 8.7 L |
| 144.4 °C | 598 °C | 20.78 s | 322.5 km/h | 73.56 s | Chris | 49.7 L |
| 130.8 °C | 365 °C | 41.38 s | 230.9 km/h | 119.47 s | Yuna | 78.4 L |
| 70.3 °C | 753 °C | 36.21 s | 219.8 km/h | 107.77 s | Alex | 84.9 L |
| 98.0 °C | 757 °C | 18.92 s | 217.7 km/h | 101.58 s | David | 69.1 L |
| 56.2 °C | 380 °C | 1.68 s | 175.8 km/h | 133.42 s | Hana | 42.8 L |","Answer the question using the table. Return only the final answer.

Table:
| Tire temperature | Brake temperature | Pit time | Top speed | Lap time | Driver | Fuel remaining |
| --- | --- | --- | --- | --- | --- | --- |
| 105.5 °C | 551 °C | 21.40 s | 173.8 km/h | 147.99 s | Ethan | 20.1 L |
| 59.0 °C | 689 °C | 32.79 s | 269.7 km/h | 130.58 s | Emma | 83.0 L |
| 140.9 °C | 774 °C | 3.18 s | 260.3 km/h | 86.89 s | Lena | 73.0 L |
| 92.4 °C | 328 °C | 39.38 s | 204.0 km/h | 124.70 s | Noah | 32.8 L |
| 62.9 °C | 836 °C | 1.72 s | 192.0 km/h | 124.52 s | Theo | 8.7 L |
| 144.4 °C | 598 °C | 20.78 s | 322.5 km/h | 73.56 s | Chris | 49.7 L |
| 130.8 °C | 365 °C | 41.38 s | 230.9 km/h | 119.47 s | Yuna | 78.4 L |
| 70.3 °C | 753 °C | 36.21 s | 219.8 km/h | 107.77 s | Alex | 84.9 L |
| 98.0 °C | 757 °C | 18.92 s | 217.7 km/h | 101.58 s | David | 69.1 L |
| 56.2 °C | 380 °C | 1.68 s | 175.8 km/h | 133.42 s | Hana | 42.8 L |

Question: What is the average Fuel remaining across all rows?",54.25 L,mean,10,Fuel remaining,"[{""row_index"": 0, ""column_index"": 6, ""row_identifier_column"": ""Driver"", ""row_identifier_value"": ""Ethan"", ""column"": ""Fuel remaining"", ""raw_value"": 20.1, ""display_value"": ""20.1 L""}, {""row_index"": 1, ""column_index"": 6, ""row_identifier_column"": ""Driver"", ""row_identifier_value"": ""Emma"", ""column"": ""Fuel remaining"", ""raw_value"": 83.0, ""display_value"": ""83.0 L""}, {""row_index"": 2, ""column_index"": 6, ""row_identifier_column"": ""Driver"", ""row_identifier_value"": ""Lena"", ""column"": ""Fuel remaining"", ""raw_value"": 73.0, ""display_value"": ""73.0 L""}, {""row_index"": 3, ""column_index"": 6, ""row_identifier_column"": ""Driver"", ""row_identifier_value"": ""Noah"", ""column"": ""Fuel remaining"", ""raw_value"": 32.8, ""display_value"": ""32.8 L""}, {""row_index"": 4, ""column_index"": 6, ""row_identifier_column"": ""Driver"", ""row_identifier_value"": ""Theo"", ""column"": ""Fuel remaining"", ""raw_value"": 8.7, ""display_value"": ""8.7 L""}, {""row_index"": 5, ""column_index"": 6, ""row_identifier_column"": ""Driver"", ""row_identifier_value"": ""Chris"", ""column"": ""Fuel remaining"", ""raw_value"": 49.7, ""display_value"": ""49.7 L""}, {""row_index"": 6, ""column_index"": 6, ""row_identifier_column"": ""Driver"", ""row_identifier_value"": ""Yuna"", ""column"": ""Fuel remaining"", ""raw_value"": 78.4, ""display_value"": ""78.4 L""}, {""row_index"": 7, ""column_index"": 6, ""row_identifier_column"": ""Driver"", ""row_identifier_value"": ""Alex"", ""column"": ""Fuel remaining"", ""raw_value"": 84.9, ""display_value"": ""84.9 L""}, {""row_index"": 8, ""column_index"": 6, ""row_identifier_column"": ""Driver"", ""row_identifier_value"": ""David"", ""column"": ""Fuel remaining"", ""raw_value"": 69.1, ""display_value"": ""69.1 L""}, {""row_index"": 9, ""column_index"": 6, ""row_identifier_column"": ""Driver"", ""row_identifier_value"": ""Hana"", ""column"": ""Fuel remaining"", ""raw_value"": 42.8, ""display_value"": ""42.8 L""}]","{""target_column"": ""Fuel remaining"", ""column_allowed_for_operation"": true, ""answer_digits"": 2}","{""headers"": [""Tire temperature"", ""Brake temperature"", ""Pit time"", ""Top speed"", ""Lap time"", ""Driver"", ""Fuel remaining""], ""rows"": [[""105.5 °C"", ""551 °C"", ""21.40 s"", ""173.8 km/h"", ""147.99 s"", ""Ethan"", ""20.1 L""], [""59.0 °C"", ""689 °C"", ""32.79 s"", ""269.7 km/h"", ""130.58 s"", ""Emma"", ""83.0 L""], [""140.9 °C"", ""774 °C"", ""3.18 s"", ""260.3 km/h"", ""86.89 s"", ""Lena"", ""73.0 L""], [""92.4 °C"", ""328 °C"", ""39.38 s"", ""204.0 km/h"", ""124.70 s"", ""Noah"", ""32.8 L""], [""62.9 °C"", ""836 °C"", ""1.72 s"", ""192.0 km/h"", ""124.52 s"", ""Theo"", ""8.7 L""], [""144.4 °C"", ""598 °C"", ""20.78 s"", ""322.5 km/h"", ""73.56 s"", ""Chris"", ""49.7 L""], [""130.8 °C"", ""365 °C"", ""41.38 s"", ""230.9 km/h"", ""119.47 s"", ""Yuna"", ""78.4 L""], [""70.3 °C"", ""753 °C"", ""36.21 s"", ""219.8 km/h"", ""107.77 s"", ""Alex"", ""84.9 L""], [""98.0 °C"", ""757 °C"", ""18.92 s"", ""217.7 km/h"", ""101.58 s"", ""David"", ""69.1 L""], [""56.2 °C"", ""380 °C"", ""1.68 s"", ""175.8 km/h"", ""133.42 s"", ""Hana"", ""42.8 L""]]}"
A-L3-0070,3,argmin,battery_tests,Which cell has the lowest Temperature?,"| Charge cycles | Capacity | Cell | Internal resistance | State of health | Temperature |
| --- | --- | --- | --- | --- | --- |
| 669 cycles | 5235 mAh | Cell-B2 | 8.4 mΩ | 95.9 % | 18.7 °C |
| 575 cycles | 3401 mAh | Cell-B1 | 102.3 mΩ | 85.5 % | 56.5 °C |
| 566 cycles | 4114 mAh | Cell-A2 | 93.0 mΩ | 51.8 % | 28.3 °C |
| 1470 cycles | 5434 mAh | Cell-E2 | 12.0 mΩ | 63.8 % | 24.1 °C |
| 124 cycles | 3245 mAh | Cell-A1 | 128.1 mΩ | 53.7 % | 37.8 °C |
| 1500 cycles | 3211 mAh | Cell-C2 | 129.1 mΩ | 82.8 % | 66.5 °C |
| 1209 cycles | 4102 mAh | Cell-D1 | 37.4 mΩ | 98.4 % | 68.8 °C |","Answer the question using the table. Return only the final answer.

Table:
| Charge cycles | Capacity | Cell | Internal resistance | State of health | Temperature |
| --- | --- | --- | --- | --- | --- |
| 669 cycles | 5235 mAh | Cell-B2 | 8.4 mΩ | 95.9 % | 18.7 °C |
| 575 cycles | 3401 mAh | Cell-B1 | 102.3 mΩ | 85.5 % | 56.5 °C |
| 566 cycles | 4114 mAh | Cell-A2 | 93.0 mΩ | 51.8 % | 28.3 °C |
| 1470 cycles | 5434 mAh | Cell-E2 | 12.0 mΩ | 63.8 % | 24.1 °C |
| 124 cycles | 3245 mAh | Cell-A1 | 128.1 mΩ | 53.7 % | 37.8 °C |
| 1500 cycles | 3211 mAh | Cell-C2 | 129.1 mΩ | 82.8 % | 66.5 °C |
| 1209 cycles | 4102 mAh | Cell-D1 | 37.4 mΩ | 98.4 % | 68.8 °C |

Question: Which cell has the lowest Temperature?",Cell-B2,argmin,7,Temperature,"[{""row_index"": 0, ""column_index"": 5, ""row_identifier_column"": ""Cell"", ""row_identifier_value"": ""Cell-B2"", ""column"": ""Temperature"", ""raw_value"": 18.7, ""display_value"": ""18.7 °C""}, {""row_index"": 1, ""column_index"": 5, ""row_identifier_column"": ""Cell"", ""row_identifier_value"": ""Cell-B1"", ""column"": ""Temperature"", ""raw_value"": 56.5, ""display_value"": ""56.5 °C""}, {""row_index"": 2, ""column_index"": 5, ""row_identifier_column"": ""Cell"", ""row_identifier_value"": ""Cell-A2"", ""column"": ""Temperature"", ""raw_value"": 28.3, ""display_value"": ""28.3 °C""}, {""row_index"": 3, ""column_index"": 5, ""row_identifier_column"": ""Cell"", ""row_identifier_value"": ""Cell-E2"", ""column"": ""Temperature"", ""raw_value"": 24.1, ""display_value"": ""24.1 °C""}, {""row_index"": 4, ""column_index"": 5, ""row_identifier_column"": ""Cell"", ""row_identifier_value"": ""Cell-A1"", ""column"": ""Temperature"", ""raw_value"": 37.8, ""display_value"": ""37.8 °C""}, {""row_index"": 5, ""column_index"": 5, ""row_identifier_column"": ""Cell"", ""row_identifier_value"": ""Cell-C2"", ""column"": ""Temperature"", ""raw_value"": 66.5, ""display_value"": ""66.5 °C""}, {""row_index"": 6, ""column_index"": 5, ""row_identifier_column"": ""Cell"", ""row_identifier_value"": ""Cell-D1"", ""column"": ""Temperature"", ""raw_value"": 68.8, ""display_value"": ""68.8 °C""}]","{""target_column"": ""Temperature"", ""column_allowed_for_operation"": true}","{""headers"": [""Charge cycles"", ""Capacity"", ""Cell"", ""Internal resistance"", ""State of health"", ""Temperature""], ""rows"": [[""669 cycles"", ""5235 mAh"", ""Cell-B2"", ""8.4 mΩ"", ""95.9 %"", ""18.7 °C""], [""575 cycles"", ""3401 mAh"", ""Cell-B1"", ""102.3 mΩ"", ""85.5 %"", ""56.5 °C""], [""566 cycles"", ""4114 mAh"", ""Cell-A2"", ""93.0 mΩ"", ""51.8 %"", ""28.3 °C""], [""1470 cycles"", ""5434 mAh"", ""Cell-E2"", ""12.0 mΩ"", ""63.8 %"", ""24.1 °C""], [""124 cycles"", ""3245 mAh"", ""Cell-A1"", ""128.1 mΩ"", ""53.7 %"", ""37.8 °C""], [""1500 cycles"", ""3211 mAh"", ""Cell-C2"", ""129.1 mΩ"", ""82.8 %"", ""66.5 °C""], [""1209 cycles"", ""4102 mAh"", ""Cell-D1"", ""37.4 mΩ"", ""98.4 %"", ""68.8 °C""]]}"
A-L3-0071,3,column_average,battery_tests,What is the average Voltage across all rows?,"| Temperature | Voltage | Capacity | Charge cycles | Internal resistance | State of health | Cell |
| --- | --- | --- | --- | --- | --- | --- |
| 68.5 °C | 4.09 V | 4773 mAh | 730 cycles | 163.9 mΩ | 62.1 % | Cell-C2 |
| 30.1 °C | 3.25 V | 1291 mAh | 1166 cycles | 168.5 mΩ | 64.3 % | Cell-B2 |
| 59.4 °C | 4.36 V | 4124 mAh | 240 cycles | 70.9 mΩ | 88.0 % | Cell-A1 |
| 44.5 °C | 3.55 V | 5920 mAh | 571 cycles | 31.8 mΩ | 82.0 % | Cell-C1 |
| 17.2 °C | 4.37 V | 1750 mAh | 696 cycles | 102.1 mΩ | 76.9 % | Cell-D2 |
| 32.5 °C | 3.78 V | 2134 mAh | 912 cycles | 168.9 mΩ | 60.0 % | Cell-D1 |
| 20.9 °C | 3.94 V | 2865 mAh | 90 cycles | 69.6 mΩ | 72.1 % | Cell-B1 |","Answer the question using the table. Return only the final answer.

Table:
| Temperature | Voltage | Capacity | Charge cycles | Internal resistance | State of health | Cell |
| --- | --- | --- | --- | --- | --- | --- |
| 68.5 °C | 4.09 V | 4773 mAh | 730 cycles | 163.9 mΩ | 62.1 % | Cell-C2 |
| 30.1 °C | 3.25 V | 1291 mAh | 1166 cycles | 168.5 mΩ | 64.3 % | Cell-B2 |
| 59.4 °C | 4.36 V | 4124 mAh | 240 cycles | 70.9 mΩ | 88.0 % | Cell-A1 |
| 44.5 °C | 3.55 V | 5920 mAh | 571 cycles | 31.8 mΩ | 82.0 % | Cell-C1 |
| 17.2 °C | 4.37 V | 1750 mAh | 696 cycles | 102.1 mΩ | 76.9 % | Cell-D2 |
| 32.5 °C | 3.78 V | 2134 mAh | 912 cycles | 168.9 mΩ | 60.0 % | Cell-D1 |
| 20.9 °C | 3.94 V | 2865 mAh | 90 cycles | 69.6 mΩ | 72.1 % | Cell-B1 |

Question: What is the average Voltage across all rows?",3.91 V,mean,7,Voltage,"[{""row_index"": 0, ""column_index"": 1, ""row_identifier_column"": ""Cell"", ""row_identifier_value"": ""Cell-C2"", ""column"": ""Voltage"", ""raw_value"": 4.09, ""display_value"": ""4.09 V""}, {""row_index"": 1, ""column_index"": 1, ""row_identifier_column"": ""Cell"", ""row_identifier_value"": ""Cell-B2"", ""column"": ""Voltage"", ""raw_value"": 3.25, ""display_value"": ""3.25 V""}, {""row_index"": 2, ""column_index"": 1, ""row_identifier_column"": ""Cell"", ""row_identifier_value"": ""Cell-A1"", ""column"": ""Voltage"", ""raw_value"": 4.36, ""display_value"": ""4.36 V""}, {""row_index"": 3, ""column_index"": 1, ""row_identifier_column"": ""Cell"", ""row_identifier_value"": ""Cell-C1"", ""column"": ""Voltage"", ""raw_value"": 3.55, ""display_value"": ""3.55 V""}, {""row_index"": 4, ""column_index"": 1, ""row_identifier_column"": ""Cell"", ""row_identifier_value"": ""Cell-D2"", ""column"": ""Voltage"", ""raw_value"": 4.37, ""display_value"": ""4.37 V""}, {""row_index"": 5, ""column_index"": 1, ""row_identifier_column"": ""Cell"", ""row_identifier_value"": ""Cell-D1"", ""column"": ""Voltage"", ""raw_value"": 3.78, ""display_value"": ""3.78 V""}, {""row_index"": 6, ""column_index"": 1, ""row_identifier_column"": ""Cell"", ""row_identifier_value"": ""Cell-B1"", ""column"": ""Voltage"", ""raw_value"": 3.94, ""display_value"": ""3.94 V""}]","{""target_column"": ""Voltage"", ""column_allowed_for_operation"": true, ""answer_digits"": 2}","{""headers"": [""Temperature"", ""Voltage"", ""Capacity"", ""Charge cycles"", ""Internal resistance"", ""State of health"", ""Cell""], ""rows"": [[""68.5 °C"", ""4.09 V"", ""4773 mAh"", ""730 cycles"", ""163.9 mΩ"", ""62.1 %"", ""Cell-C2""], [""30.1 °C"", ""3.25 V"", ""1291 mAh"", ""1166 cycles"", ""168.5 mΩ"", ""64.3 %"", ""Cell-B2""], [""59.4 °C"", ""4.36 V"", ""4124 mAh"", ""240 cycles"", ""70.9 mΩ"", ""88.0 %"", ""Cell-A1""], [""44.5 °C"", ""3.55 V"", ""5920 mAh"", ""571 cycles"", ""31.8 mΩ"", ""82.0 %"", ""Cell-C1""], [""17.2 °C"", ""4.37 V"", ""1750 mAh"", ""696 cycles"", ""102.1 mΩ"", ""76.9 %"", ""Cell-D2""], [""32.5 °C"", ""3.78 V"", ""2134 mAh"", ""912 cycles"", ""168.9 mΩ"", ""60.0 %"", ""Cell-D1""], [""20.9 °C"", ""3.94 V"", ""2865 mAh"", ""90 cycles"", ""69.6 mΩ"", ""72.1 %"", ""Cell-B1""]]}"
A-L3-0072,3,column_average,weather_stations,What is the average Temperature across all rows?,"| Humidity | Temperature | Pressure | Wind speed | Station |
| --- | --- | --- | --- | --- |
| 59 % | 14.0 °C | 989.1 hPa | 15.2 m/s | Lakeside |
| 94 % | 1.2 °C | 961.2 hPa | 9.0 m/s | Riverton |
| 32 % | 24.8 °C | 1038.8 hPa | 7.5 m/s | Maple |
| 53 % | 9.5 °C | 977.3 hPa | 25.6 m/s | Westhaven |
| 70 % | 39.3 °C | 961.6 hPa | 23.1 m/s | Pinehurst |
| 85 % | 29.1 °C | 1021.9 hPa | 30.8 m/s | Hillcrest |
| 51 % | 17.4 °C | 966.8 hPa | 14.1 m/s | Fairview |
| 61 % | 36.8 °C | 1022.7 hPa | 5.8 m/s | Clearwater |
| 25 % | -3.1 °C | 972.1 hPa | 2.5 m/s | Orion |
| 57 % | 19.6 °C | 939.4 hPa | 26.7 m/s | Cedar |","Answer the question using the table. Return only the final answer.

Table:
| Humidity | Temperature | Pressure | Wind speed | Station |
| --- | --- | --- | --- | --- |
| 59 % | 14.0 °C | 989.1 hPa | 15.2 m/s | Lakeside |
| 94 % | 1.2 °C | 961.2 hPa | 9.0 m/s | Riverton |
| 32 % | 24.8 °C | 1038.8 hPa | 7.5 m/s | Maple |
| 53 % | 9.5 °C | 977.3 hPa | 25.6 m/s | Westhaven |
| 70 % | 39.3 °C | 961.6 hPa | 23.1 m/s | Pinehurst |
| 85 % | 29.1 °C | 1021.9 hPa | 30.8 m/s | Hillcrest |
| 51 % | 17.4 °C | 966.8 hPa | 14.1 m/s | Fairview |
| 61 % | 36.8 °C | 1022.7 hPa | 5.8 m/s | Clearwater |
| 25 % | -3.1 °C | 972.1 hPa | 2.5 m/s | Orion |
| 57 % | 19.6 °C | 939.4 hPa | 26.7 m/s | Cedar |

Question: What is the average Temperature across all rows?",18.86 °C,mean,10,Temperature,"[{""row_index"": 0, ""column_index"": 1, ""row_identifier_column"": ""Station"", ""row_identifier_value"": ""Lakeside"", ""column"": ""Temperature"", ""raw_value"": 14.0, ""display_value"": ""14.0 °C""}, {""row_index"": 1, ""column_index"": 1, ""row_identifier_column"": ""Station"", ""row_identifier_value"": ""Riverton"", ""column"": ""Temperature"", ""raw_value"": 1.2, ""display_value"": ""1.2 °C""}, {""row_index"": 2, ""column_index"": 1, ""row_identifier_column"": ""Station"", ""row_identifier_value"": ""Maple"", ""column"": ""Temperature"", ""raw_value"": 24.8, ""display_value"": ""24.8 °C""}, {""row_index"": 3, ""column_index"": 1, ""row_identifier_column"": ""Station"", ""row_identifier_value"": ""Westhaven"", ""column"": ""Temperature"", ""raw_value"": 9.5, ""display_value"": ""9.5 °C""}, {""row_index"": 4, ""column_index"": 1, ""row_identifier_column"": ""Station"", ""row_identifier_value"": ""Pinehurst"", ""column"": ""Temperature"", ""raw_value"": 39.3, ""display_value"": ""39.3 °C""}, {""row_index"": 5, ""column_index"": 1, ""row_identifier_column"": ""Station"", ""row_identifier_value"": ""Hillcrest"", ""column"": ""Temperature"", ""raw_value"": 29.1, ""display_value"": ""29.1 °C""}, {""row_index"": 6, ""column_index"": 1, ""row_identifier_column"": ""Station"", ""row_identifier_value"": ""Fairview"", ""column"": ""Temperature"", ""raw_value"": 17.4, ""display_value"": ""17.4 °C""}, {""row_index"": 7, ""column_index"": 1, ""row_identifier_column"": ""Station"", ""row_identifier_value"": ""Clearwater"", ""column"": ""Temperature"", ""raw_value"": 36.8, ""display_value"": ""36.8 °C""}, {""row_index"": 8, ""column_index"": 1, ""row_identifier_column"": ""Station"", ""row_identifier_value"": ""Orion"", ""column"": ""Temperature"", ""raw_value"": -3.1, ""display_value"": ""-3.1 °C""}, {""row_index"": 9, ""column_index"": 1, ""row_identifier_column"": ""Station"", ""row_identifier_value"": ""Cedar"", ""column"": ""Temperature"", ""raw_value"": 19.6, ""display_value"": ""19.6 °C""}]","{""target_column"": ""Temperature"", ""column_allowed_for_operation"": true, ""answer_digits"": 2}","{""headers"": [""Humidity"", ""Temperature"", ""Pressure"", ""Wind speed"", ""Station""], ""rows"": [[""59 %"", ""14.0 °C"", ""989.1 hPa"", ""15.2 m/s"", ""Lakeside""], [""94 %"", ""1.2 °C"", ""961.2 hPa"", ""9.0 m/s"", ""Riverton""], [""32 %"", ""24.8 °C"", ""1038.8 hPa"", ""7.5 m/s"", ""Maple""], [""53 %"", ""9.5 °C"", ""977.3 hPa"", ""25.6 m/s"", ""Westhaven""], [""70 %"", ""39.3 °C"", ""961.6 hPa"", ""23.1 m/s"", ""Pinehurst""], [""85 %"", ""29.1 °C"", ""1021.9 hPa"", ""30.8 m/s"", ""Hillcrest""], [""51 %"", ""17.4 °C"", ""966.8 hPa"", ""14.1 m/s"", ""Fairview""], [""61 %"", ""36.8 °C"", ""1022.7 hPa"", ""5.8 m/s"", ""Clearwater""], [""25 %"", ""-3.1 °C"", ""972.1 hPa"", ""2.5 m/s"", ""Orion""], [""57 %"", ""19.6 °C"", ""939.4 hPa"", ""26.7 m/s"", ""Cedar""]]}"
A-L3-0073,3,argmin,lab_measurements,Which sample has the lowest Temperature?,"| Temperature | Mass | Density | pH | Sample |
| --- | --- | --- | --- | --- |
| 67.1 °C | 494.4 g | 0.58 g/mL | 3.39 | Sample-I |
| 43.5 °C | 75.0 g | 2.46 g/mL | 2.40 | Sample-A |
| 63.5 °C | 235.8 g | 2.72 g/mL | 7.66 | Sample-L |
| 51.9 °C | 127.3 g | 3.96 g/mL | 5.80 | Sample-E |
| 27.3 °C | 373.8 g | 0.63 g/mL | 7.75 | Sample-H |
| 28.9 °C | 387.6 g | 3.62 g/mL | 7.69 | Sample-F |
| 41.4 °C | 342.1 g | 2.65 g/mL | 7.33 | Sample-J |
| 29.9 °C | 442.6 g | 3.50 g/mL | 4.80 | Sample-B |
| 67.1 °C | 122.3 g | 2.61 g/mL | 5.67 | Sample-D |
| 70.5 °C | 184.9 g | 1.36 g/mL | 4.66 | Sample-K |","Answer the question using the table. Return only the final answer.

Table:
| Temperature | Mass | Density | pH | Sample |
| --- | --- | --- | --- | --- |
| 67.1 °C | 494.4 g | 0.58 g/mL | 3.39 | Sample-I |
| 43.5 °C | 75.0 g | 2.46 g/mL | 2.40 | Sample-A |
| 63.5 °C | 235.8 g | 2.72 g/mL | 7.66 | Sample-L |
| 51.9 °C | 127.3 g | 3.96 g/mL | 5.80 | Sample-E |
| 27.3 °C | 373.8 g | 0.63 g/mL | 7.75 | Sample-H |
| 28.9 °C | 387.6 g | 3.62 g/mL | 7.69 | Sample-F |
| 41.4 °C | 342.1 g | 2.65 g/mL | 7.33 | Sample-J |
| 29.9 °C | 442.6 g | 3.50 g/mL | 4.80 | Sample-B |
| 67.1 °C | 122.3 g | 2.61 g/mL | 5.67 | Sample-D |
| 70.5 °C | 184.9 g | 1.36 g/mL | 4.66 | Sample-K |

Question: Which sample has the lowest Temperature?",Sample-H,argmin,10,Temperature,"[{""row_index"": 0, ""column_index"": 0, ""row_identifier_column"": ""Sample"", ""row_identifier_value"": ""Sample-I"", ""column"": ""Temperature"", ""raw_value"": 67.1, ""display_value"": ""67.1 °C""}, {""row_index"": 1, ""column_index"": 0, ""row_identifier_column"": ""Sample"", ""row_identifier_value"": ""Sample-A"", ""column"": ""Temperature"", ""raw_value"": 43.5, ""display_value"": ""43.5 °C""}, {""row_index"": 2, ""column_index"": 0, ""row_identifier_column"": ""Sample"", ""row_identifier_value"": ""Sample-L"", ""column"": ""Temperature"", ""raw_value"": 63.5, ""display_value"": ""63.5 °C""}, {""row_index"": 3, ""column_index"": 0, ""row_identifier_column"": ""Sample"", ""row_identifier_value"": ""Sample-E"", ""column"": ""Temperature"", ""raw_value"": 51.9, ""display_value"": ""51.9 °C""}, {""row_index"": 4, ""column_index"": 0, ""row_identifier_column"": ""Sample"", ""row_identifier_value"": ""Sample-H"", ""column"": ""Temperature"", ""raw_value"": 27.3, ""display_value"": ""27.3 °C""}, {""row_index"": 5, ""column_index"": 0, ""row_identifier_column"": ""Sample"", ""row_identifier_value"": ""Sample-F"", ""column"": ""Temperature"", ""raw_value"": 28.9, ""display_value"": ""28.9 °C""}, {""row_index"": 6, ""column_index"": 0, ""row_identifier_column"": ""Sample"", ""row_identifier_value"": ""Sample-J"", ""column"": ""Temperature"", ""raw_value"": 41.4, ""display_value"": ""41.4 °C""}, {""row_index"": 7, ""column_index"": 0, ""row_identifier_column"": ""Sample"", ""row_identifier_value"": ""Sample-B"", ""column"": ""Temperature"", ""raw_value"": 29.9, ""display_value"": ""29.9 °C""}, {""row_index"": 8, ""column_index"": 0, ""row_identifier_column"": ""Sample"", ""row_identifier_value"": ""Sample-D"", ""column"": ""Temperature"", ""raw_value"": 67.1, ""display_value"": ""67.1 °C""}, {""row_index"": 9, ""column_index"": 0, ""row_identifier_column"": ""Sample"", ""row_identifier_value"": ""Sample-K"", ""column"": ""Temperature"", ""raw_value"": 70.5, ""display_value"": ""70.5 °C""}]","{""target_column"": ""Temperature"", ""column_allowed_for_operation"": true}","{""headers"": [""Temperature"", ""Mass"", ""Density"", ""pH"", ""Sample""], ""rows"": [[""67.1 °C"", ""494.4 g"", ""0.58 g/mL"", ""3.39"", ""Sample-I""], [""43.5 °C"", ""75.0 g"", ""2.46 g/mL"", ""2.40"", ""Sample-A""], [""63.5 °C"", ""235.8 g"", ""2.72 g/mL"", ""7.66"", ""Sample-L""], [""51.9 °C"", ""127.3 g"", ""3.96 g/mL"", ""5.80"", ""Sample-E""], [""27.3 °C"", ""373.8 g"", ""0.63 g/mL"", ""7.75"", ""Sample-H""], [""28.9 °C"", ""387.6 g"", ""3.62 g/mL"", ""7.69"", ""Sample-F""], [""41.4 °C"", ""342.1 g"", ""2.65 g/mL"", ""7.33"", ""Sample-J""], [""29.9 °C"", ""442.6 g"", ""3.50 g/mL"", ""4.80"", ""Sample-B""], [""67.1 °C"", ""122.3 g"", ""2.61 g/mL"", ""5.67"", ""Sample-D""], [""70.5 °C"", ""184.9 g"", ""1.36 g/mL"", ""4.66"", ""Sample-K""]]}"
A-L3-0074,3,argmax,battery_tests,Which cell has the highest Voltage?,"| Voltage | Cell | Internal resistance | Charge cycles | Capacity | State of health | Temperature |
| --- | --- | --- | --- | --- | --- | --- |
| 4.34 V | Cell-A1 | 92.8 mΩ | 676 cycles | 5823 mAh | 61.1 % | 53.2 °C |
| 3.80 V | Cell-E1 | 90.2 mΩ | 1094 cycles | 4254 mAh | 97.7 % | 25.3 °C |
| 3.83 V | Cell-D2 | 89.9 mΩ | 783 cycles | 3628 mAh | 97.1 % | 59.9 °C |
| 2.83 V | Cell-F1 | 141.8 mΩ | 434 cycles | 1582 mAh | 86.6 % | 29.3 °C |
| 4.13 V | Cell-B1 | 38.0 mΩ | 467 cycles | 1659 mAh | 89.2 % | 59.4 °C |
| 2.95 V | Cell-C1 | 127.0 mΩ | 107 cycles | 1524 mAh | 60.9 % | 60.9 °C |","Answer the question using the table. Return only the final answer.

Table:
| Voltage | Cell | Internal resistance | Charge cycles | Capacity | State of health | Temperature |
| --- | --- | --- | --- | --- | --- | --- |
| 4.34 V | Cell-A1 | 92.8 mΩ | 676 cycles | 5823 mAh | 61.1 % | 53.2 °C |
| 3.80 V | Cell-E1 | 90.2 mΩ | 1094 cycles | 4254 mAh | 97.7 % | 25.3 °C |
| 3.83 V | Cell-D2 | 89.9 mΩ | 783 cycles | 3628 mAh | 97.1 % | 59.9 °C |
| 2.83 V | Cell-F1 | 141.8 mΩ | 434 cycles | 1582 mAh | 86.6 % | 29.3 °C |
| 4.13 V | Cell-B1 | 38.0 mΩ | 467 cycles | 1659 mAh | 89.2 % | 59.4 °C |
| 2.95 V | Cell-C1 | 127.0 mΩ | 107 cycles | 1524 mAh | 60.9 % | 60.9 °C |

Question: Which cell has the highest Voltage?",Cell-A1,argmax,6,Voltage,"[{""row_index"": 0, ""column_index"": 0, ""row_identifier_column"": ""Cell"", ""row_identifier_value"": ""Cell-A1"", ""column"": ""Voltage"", ""raw_value"": 4.34, ""display_value"": ""4.34 V""}, {""row_index"": 1, ""column_index"": 0, ""row_identifier_column"": ""Cell"", ""row_identifier_value"": ""Cell-E1"", ""column"": ""Voltage"", ""raw_value"": 3.8, ""display_value"": ""3.80 V""}, {""row_index"": 2, ""column_index"": 0, ""row_identifier_column"": ""Cell"", ""row_identifier_value"": ""Cell-D2"", ""column"": ""Voltage"", ""raw_value"": 3.83, ""display_value"": ""3.83 V""}, {""row_index"": 3, ""column_index"": 0, ""row_identifier_column"": ""Cell"", ""row_identifier_value"": ""Cell-F1"", ""column"": ""Voltage"", ""raw_value"": 2.83, ""display_value"": ""2.83 V""}, {""row_index"": 4, ""column_index"": 0, ""row_identifier_column"": ""Cell"", ""row_identifier_value"": ""Cell-B1"", ""column"": ""Voltage"", ""raw_value"": 4.13, ""display_value"": ""4.13 V""}, {""row_index"": 5, ""column_index"": 0, ""row_identifier_column"": ""Cell"", ""row_identifier_value"": ""Cell-C1"", ""column"": ""Voltage"", ""raw_value"": 2.95, ""display_value"": ""2.95 V""}]","{""target_column"": ""Voltage"", ""column_allowed_for_operation"": true}","{""headers"": [""Voltage"", ""Cell"", ""Internal resistance"", ""Charge cycles"", ""Capacity"", ""State of health"", ""Temperature""], ""rows"": [[""4.34 V"", ""Cell-A1"", ""92.8 mΩ"", ""676 cycles"", ""5823 mAh"", ""61.1 %"", ""53.2 °C""], [""3.80 V"", ""Cell-E1"", ""90.2 mΩ"", ""1094 cycles"", ""4254 mAh"", ""97.7 %"", ""25.3 °C""], [""3.83 V"", ""Cell-D2"", ""89.9 mΩ"", ""783 cycles"", ""3628 mAh"", ""97.1 %"", ""59.9 °C""], [""2.83 V"", ""Cell-F1"", ""141.8 mΩ"", ""434 cycles"", ""1582 mAh"", ""86.6 %"", ""29.3 °C""], [""4.13 V"", ""Cell-B1"", ""38.0 mΩ"", ""467 cycles"", ""1659 mAh"", ""89.2 %"", ""59.4 °C""], [""2.95 V"", ""Cell-C1"", ""127.0 mΩ"", ""107 cycles"", ""1524 mAh"", ""60.9 %"", ""60.9 °C""]]}"
A-L3-0075,3,column_sum,regional_sales,"According to the table, what is the sum of Revenue for all entries?","| Returns | Revenue | Units sold | Ad spend | Retail orders | Region |
| --- | --- | --- | --- | --- | --- |
| 396 units | 203.3 kUSD | 3632 units | 233.4 kUSD | 1693 orders | Hillcrest |
| 29 units | 537.8 kUSD | 6035 units | 214.8 kUSD | 2614 orders | Maple |
| 290 units | 858.0 kUSD | 8152 units | 171.2 kUSD | 3777 orders | Oakridge |
| 116 units | 705.8 kUSD | 411 units | 147.5 kUSD | 3851 orders | Riverton |
| 460 units | 969.8 kUSD | 1768 units | 43.6 kUSD | 2785 orders | Lakeside |","Answer the question using the table. Return only the final answer.

Table:
| Returns | Revenue | Units sold | Ad spend | Retail orders | Region |
| --- | --- | --- | --- | --- | --- |
| 396 units | 203.3 kUSD | 3632 units | 233.4 kUSD | 1693 orders | Hillcrest |
| 29 units | 537.8 kUSD | 6035 units | 214.8 kUSD | 2614 orders | Maple |
| 290 units | 858.0 kUSD | 8152 units | 171.2 kUSD | 3777 orders | Oakridge |
| 116 units | 705.8 kUSD | 411 units | 147.5 kUSD | 3851 orders | Riverton |
| 460 units | 969.8 kUSD | 1768 units | 43.6 kUSD | 2785 orders | Lakeside |

Question: According to the table, what is the sum of Revenue for all entries?",3274.7 kUSD,sum,5,Revenue,"[{""row_index"": 0, ""column_index"": 1, ""row_identifier_column"": ""Region"", ""row_identifier_value"": ""Hillcrest"", ""column"": ""Revenue"", ""raw_value"": 203.3, ""display_value"": ""203.3 kUSD""}, {""row_index"": 1, ""column_index"": 1, ""row_identifier_column"": ""Region"", ""row_identifier_value"": ""Maple"", ""column"": ""Revenue"", ""raw_value"": 537.8, ""display_value"": ""537.8 kUSD""}, {""row_index"": 2, ""column_index"": 1, ""row_identifier_column"": ""Region"", ""row_identifier_value"": ""Oakridge"", ""column"": ""Revenue"", ""raw_value"": 858.0, ""display_value"": ""858.0 kUSD""}, {""row_index"": 3, ""column_index"": 1, ""row_identifier_column"": ""Region"", ""row_identifier_value"": ""Riverton"", ""column"": ""Revenue"", ""raw_value"": 705.8, ""display_value"": ""705.8 kUSD""}, {""row_index"": 4, ""column_index"": 1, ""row_identifier_column"": ""Region"", ""row_identifier_value"": ""Lakeside"", ""column"": ""Revenue"", ""raw_value"": 969.8, ""display_value"": ""969.8 kUSD""}]","{""target_column"": ""Revenue"", ""column_allowed_for_operation"": true}","{""headers"": [""Returns"", ""Revenue"", ""Units sold"", ""Ad spend"", ""Retail orders"", ""Region""], ""rows"": [[""396 units"", ""203.3 kUSD"", ""3632 units"", ""233.4 kUSD"", ""1693 orders"", ""Hillcrest""], [""29 units"", ""537.8 kUSD"", ""6035 units"", ""214.8 kUSD"", ""2614 orders"", ""Maple""], [""290 units"", ""858.0 kUSD"", ""8152 units"", ""171.2 kUSD"", ""3777 orders"", ""Oakridge""], [""116 units"", ""705.8 kUSD"", ""411 units"", ""147.5 kUSD"", ""3851 orders"", ""Riverton""], [""460 units"", ""969.8 kUSD"", ""1768 units"", ""43.6 kUSD"", ""2785 orders"", ""Lakeside""]]}"
A-L3-0076,3,argmin,regional_sales,Which region has the lowest Online orders?,"| Ad spend | Region | Units sold | Revenue | Returns | Online orders |
| --- | --- | --- | --- | --- | --- |
| 106.2 kUSD | Westhaven | 1781 units | 979.7 kUSD | 332 units | 3978 orders |
| 190.5 kUSD | Maple | 3639 units | 973.7 kUSD | 346 units | 4402 orders |
| 231.0 kUSD | Cedar | 5776 units | 96.3 kUSD | 168 units | 4648 orders |
| 206.8 kUSD | Orion | 7240 units | 183.5 kUSD | 217 units | 1109 orders |
| 201.3 kUSD | Clearwater | 1592 units | 393.3 kUSD | 194 units | 3501 orders |
| 69.7 kUSD | Oakridge | 679 units | 785.9 kUSD | 275 units | 1592 orders |","Answer the question using the table. Return only the final answer.

Table:
| Ad spend | Region | Units sold | Revenue | Returns | Online orders |
| --- | --- | --- | --- | --- | --- |
| 106.2 kUSD | Westhaven | 1781 units | 979.7 kUSD | 332 units | 3978 orders |
| 190.5 kUSD | Maple | 3639 units | 973.7 kUSD | 346 units | 4402 orders |
| 231.0 kUSD | Cedar | 5776 units | 96.3 kUSD | 168 units | 4648 orders |
| 206.8 kUSD | Orion | 7240 units | 183.5 kUSD | 217 units | 1109 orders |
| 201.3 kUSD | Clearwater | 1592 units | 393.3 kUSD | 194 units | 3501 orders |
| 69.7 kUSD | Oakridge | 679 units | 785.9 kUSD | 275 units | 1592 orders |

Question: Which region has the lowest Online orders?",Orion,argmin,6,Online orders,"[{""row_index"": 0, ""column_index"": 5, ""row_identifier_column"": ""Region"", ""row_identifier_value"": ""Westhaven"", ""column"": ""Online orders"", ""raw_value"": 3978.0, ""display_value"": ""3978 orders""}, {""row_index"": 1, ""column_index"": 5, ""row_identifier_column"": ""Region"", ""row_identifier_value"": ""Maple"", ""column"": ""Online orders"", ""raw_value"": 4402.0, ""display_value"": ""4402 orders""}, {""row_index"": 2, ""column_index"": 5, ""row_identifier_column"": ""Region"", ""row_identifier_value"": ""Cedar"", ""column"": ""Online orders"", ""raw_value"": 4648.0, ""display_value"": ""4648 orders""}, {""row_index"": 3, ""column_index"": 5, ""row_identifier_column"": ""Region"", ""row_identifier_value"": ""Orion"", ""column"": ""Online orders"", ""raw_value"": 1109.0, ""display_value"": ""1109 orders""}, {""row_index"": 4, ""column_index"": 5, ""row_identifier_column"": ""Region"", ""row_identifier_value"": ""Clearwater"", ""column"": ""Online orders"", ""raw_value"": 3501.0, ""display_value"": ""3501 orders""}, {""row_index"": 5, ""column_index"": 5, ""row_identifier_column"": ""Region"", ""row_identifier_value"": ""Oakridge"", ""column"": ""Online orders"", ""raw_value"": 1592.0, ""display_value"": ""1592 orders""}]","{""target_column"": ""Online orders"", ""column_allowed_for_operation"": true}","{""headers"": [""Ad spend"", ""Region"", ""Units sold"", ""Revenue"", ""Returns"", ""Online orders""], ""rows"": [[""106.2 kUSD"", ""Westhaven"", ""1781 units"", ""979.7 kUSD"", ""332 units"", ""3978 orders""], [""190.5 kUSD"", ""Maple"", ""3639 units"", ""973.7 kUSD"", ""346 units"", ""4402 orders""], [""231.0 kUSD"", ""Cedar"", ""5776 units"", ""96.3 kUSD"", ""168 units"", ""4648 orders""], [""206.8 kUSD"", ""Orion"", ""7240 units"", ""183.5 kUSD"", ""217 units"", ""1109 orders""], [""201.3 kUSD"", ""Clearwater"", ""1592 units"", ""393.3 kUSD"", ""194 units"", ""3501 orders""], [""69.7 kUSD"", ""Oakridge"", ""679 units"", ""785.9 kUSD"", ""275 units"", ""1592 orders""]]}"
A-L3-0077,3,count_condition,weather_stations,How many entries have Rainfall less than 53.85 mm?,"| Temperature | Visibility | Wind speed | Station | Rainfall | Humidity | Pressure |
| --- | --- | --- | --- | --- | --- | --- |
| -0.6 °C | 15.7 km | 19.1 m/s | Oakridge | 66.2 mm | 58 % | 994.8 hPa |
| 8.2 °C | 12.2 km | 0.5 m/s | Orion | 106.3 mm | 67 % | 1029.9 hPa |
| 39.8 °C | 13.8 km | 18.0 m/s | Lakeside | 101.6 mm | 44 % | 947.2 hPa |
| 10.9 °C | 8.5 km | 18.3 m/s | Cedar | 88.9 mm | 66 % | 957.1 hPa |
| -9.0 °C | 14.5 km | 6.9 m/s | Clearwater | 81.8 mm | 95 % | 962.8 hPa |
| 29.5 °C | 20.5 km | 3.6 m/s | Hillcrest | 39.9 mm | 53 % | 971.1 hPa |
| 11.6 °C | 13.1 km | 33.5 m/s | Fairview | 61.5 mm | 47 % | 986.9 hPa |
| 34.2 °C | 20.3 km | 33.2 m/s | Brookfield | 68.0 mm | 91 % | 977.5 hPa |
| -3.7 °C | 3.8 km | 29.4 m/s | Maple | 46.2 mm | 15 % | 994.7 hPa |
| 2.0 °C | 11.2 km | 33.5 m/s | Riverton | 68.5 mm | 22 % | 930.6 hPa |","Answer the question using the table. Return only the final answer.

Table:
| Temperature | Visibility | Wind speed | Station | Rainfall | Humidity | Pressure |
| --- | --- | --- | --- | --- | --- | --- |
| -0.6 °C | 15.7 km | 19.1 m/s | Oakridge | 66.2 mm | 58 % | 994.8 hPa |
| 8.2 °C | 12.2 km | 0.5 m/s | Orion | 106.3 mm | 67 % | 1029.9 hPa |
| 39.8 °C | 13.8 km | 18.0 m/s | Lakeside | 101.6 mm | 44 % | 947.2 hPa |
| 10.9 °C | 8.5 km | 18.3 m/s | Cedar | 88.9 mm | 66 % | 957.1 hPa |
| -9.0 °C | 14.5 km | 6.9 m/s | Clearwater | 81.8 mm | 95 % | 962.8 hPa |
| 29.5 °C | 20.5 km | 3.6 m/s | Hillcrest | 39.9 mm | 53 % | 971.1 hPa |
| 11.6 °C | 13.1 km | 33.5 m/s | Fairview | 61.5 mm | 47 % | 986.9 hPa |
| 34.2 °C | 20.3 km | 33.2 m/s | Brookfield | 68.0 mm | 91 % | 977.5 hPa |
| -3.7 °C | 3.8 km | 29.4 m/s | Maple | 46.2 mm | 15 % | 994.7 hPa |
| 2.0 °C | 11.2 km | 33.5 m/s | Riverton | 68.5 mm | 22 % | 930.6 hPa |

Question: How many entries have Rainfall less than 53.85 mm?",2,count_condition,10,Rainfall,"[{""row_index"": 0, ""column_index"": 4, ""row_identifier_column"": ""Station"", ""row_identifier_value"": ""Oakridge"", ""column"": ""Rainfall"", ""raw_value"": 66.2, ""display_value"": ""66.2 mm""}, {""row_index"": 1, ""column_index"": 4, ""row_identifier_column"": ""Station"", ""row_identifier_value"": ""Orion"", ""column"": ""Rainfall"", ""raw_value"": 106.3, ""display_value"": ""106.3 mm""}, {""row_index"": 2, ""column_index"": 4, ""row_identifier_column"": ""Station"", ""row_identifier_value"": ""Lakeside"", ""column"": ""Rainfall"", ""raw_value"": 101.6, ""display_value"": ""101.6 mm""}, {""row_index"": 3, ""column_index"": 4, ""row_identifier_column"": ""Station"", ""row_identifier_value"": ""Cedar"", ""column"": ""Rainfall"", ""raw_value"": 88.9, ""display_value"": ""88.9 mm""}, {""row_index"": 4, ""column_index"": 4, ""row_identifier_column"": ""Station"", ""row_identifier_value"": ""Clearwater"", ""column"": ""Rainfall"", ""raw_value"": 81.8, ""display_value"": ""81.8 mm""}, {""row_index"": 5, ""column_index"": 4, ""row_identifier_column"": ""Station"", ""row_identifier_value"": ""Hillcrest"", ""column"": ""Rainfall"", ""raw_value"": 39.9, ""display_value"": ""39.9 mm""}, {""row_index"": 6, ""column_index"": 4, ""row_identifier_column"": ""Station"", ""row_identifier_value"": ""Fairview"", ""column"": ""Rainfall"", ""raw_value"": 61.5, ""display_value"": ""61.5 mm""}, {""row_index"": 7, ""column_index"": 4, ""row_identifier_column"": ""Station"", ""row_identifier_value"": ""Brookfield"", ""column"": ""Rainfall"", ""raw_value"": 68.0, ""display_value"": ""68.0 mm""}, {""row_index"": 8, ""column_index"": 4, ""row_identifier_column"": ""Station"", ""row_identifier_value"": ""Maple"", ""column"": ""Rainfall"", ""raw_value"": 46.2, ""display_value"": ""46.2 mm""}, {""row_index"": 9, ""column_index"": 4, ""row_identifier_column"": ""Station"", ""row_identifier_value"": ""Riverton"", ""column"": ""Rainfall"", ""raw_value"": 68.5, ""display_value"": ""68.5 mm""}]","{""target_column"": ""Rainfall"", ""column_allowed_for_operation"": true, ""comparison"": ""less_than"", ""threshold_raw"": 53.85, ""threshold_display"": ""53.85 mm""}","{""headers"": [""Temperature"", ""Visibility"", ""Wind speed"", ""Station"", ""Rainfall"", ""Humidity"", ""Pressure""], ""rows"": [[""-0.6 °C"", ""15.7 km"", ""19.1 m/s"", ""Oakridge"", ""66.2 mm"", ""58 %"", ""994.8 hPa""], [""8.2 °C"", ""12.2 km"", ""0.5 m/s"", ""Orion"", ""106.3 mm"", ""67 %"", ""1029.9 hPa""], [""39.8 °C"", ""13.8 km"", ""18.0 m/s"", ""Lakeside"", ""101.6 mm"", ""44 %"", ""947.2 hPa""], [""10.9 °C"", ""8.5 km"", ""18.3 m/s"", ""Cedar"", ""88.9 mm"", ""66 %"", ""957.1 hPa""], [""-9.0 °C"", ""14.5 km"", ""6.9 m/s"", ""Clearwater"", ""81.8 mm"", ""95 %"", ""962.8 hPa""], [""29.5 °C"", ""20.5 km"", ""3.6 m/s"", ""Hillcrest"", ""39.9 mm"", ""53 %"", ""971.1 hPa""], [""11.6 °C"", ""13.1 km"", ""33.5 m/s"", ""Fairview"", ""61.5 mm"", ""47 %"", ""986.9 hPa""], [""34.2 °C"", ""20.3 km"", ""33.2 m/s"", ""Brookfield"", ""68.0 mm"", ""91 %"", ""977.5 hPa""], [""-3.7 °C"", ""3.8 km"", ""29.4 m/s"", ""Maple"", ""46.2 mm"", ""15 %"", ""994.7 hPa""], [""2.0 °C"", ""11.2 km"", ""33.5 m/s"", ""Riverton"", ""68.5 mm"", ""22 %"", ""930.6 hPa""]]}"
A-L3-0078,3,argmin,battery_tests,Find the cell with the smallest Capacity.,"| State of health | Temperature | Capacity | Cell | Voltage | Internal resistance | Charge cycles |
| --- | --- | --- | --- | --- | --- | --- |
| 56.1 % | 21.1 °C | 3297 mAh | Cell-A2 | 3.64 V | 65.1 mΩ | 704 cycles |
| 51.7 % | 48.8 °C | 4826 mAh | Cell-A1 | 3.67 V | 103.4 mΩ | 578 cycles |
| 63.6 % | 35.5 °C | 1626 mAh | Cell-E1 | 3.25 V | 12.8 mΩ | 1120 cycles |
| 90.0 % | 20.2 °C | 5206 mAh | Cell-D1 | 2.96 V | 81.5 mΩ | 79 cycles |
| 73.4 % | 68.8 °C | 1430 mAh | Cell-F1 | 3.64 V | 61.0 mΩ | 782 cycles |","Answer the question using the table. Return only the final answer.

Table:
| State of health | Temperature | Capacity | Cell | Voltage | Internal resistance | Charge cycles |
| --- | --- | --- | --- | --- | --- | --- |
| 56.1 % | 21.1 °C | 3297 mAh | Cell-A2 | 3.64 V | 65.1 mΩ | 704 cycles |
| 51.7 % | 48.8 °C | 4826 mAh | Cell-A1 | 3.67 V | 103.4 mΩ | 578 cycles |
| 63.6 % | 35.5 °C | 1626 mAh | Cell-E1 | 3.25 V | 12.8 mΩ | 1120 cycles |
| 90.0 % | 20.2 °C | 5206 mAh | Cell-D1 | 2.96 V | 81.5 mΩ | 79 cycles |
| 73.4 % | 68.8 °C | 1430 mAh | Cell-F1 | 3.64 V | 61.0 mΩ | 782 cycles |

Question: Find the cell with the smallest Capacity.",Cell-F1,argmin,5,Capacity,"[{""row_index"": 0, ""column_index"": 2, ""row_identifier_column"": ""Cell"", ""row_identifier_value"": ""Cell-A2"", ""column"": ""Capacity"", ""raw_value"": 3297.0, ""display_value"": ""3297 mAh""}, {""row_index"": 1, ""column_index"": 2, ""row_identifier_column"": ""Cell"", ""row_identifier_value"": ""Cell-A1"", ""column"": ""Capacity"", ""raw_value"": 4826.0, ""display_value"": ""4826 mAh""}, {""row_index"": 2, ""column_index"": 2, ""row_identifier_column"": ""Cell"", ""row_identifier_value"": ""Cell-E1"", ""column"": ""Capacity"", ""raw_value"": 1626.0, ""display_value"": ""1626 mAh""}, {""row_index"": 3, ""column_index"": 2, ""row_identifier_column"": ""Cell"", ""row_identifier_value"": ""Cell-D1"", ""column"": ""Capacity"", ""raw_value"": 5206.0, ""display_value"": ""5206 mAh""}, {""row_index"": 4, ""column_index"": 2, ""row_identifier_column"": ""Cell"", ""row_identifier_value"": ""Cell-F1"", ""column"": ""Capacity"", ""raw_value"": 1430.0, ""display_value"": ""1430 mAh""}]","{""target_column"": ""Capacity"", ""column_allowed_for_operation"": true}","{""headers"": [""State of health"", ""Temperature"", ""Capacity"", ""Cell"", ""Voltage"", ""Internal resistance"", ""Charge cycles""], ""rows"": [[""56.1 %"", ""21.1 °C"", ""3297 mAh"", ""Cell-A2"", ""3.64 V"", ""65.1 mΩ"", ""704 cycles""], [""51.7 %"", ""48.8 °C"", ""4826 mAh"", ""Cell-A1"", ""3.67 V"", ""103.4 mΩ"", ""578 cycles""], [""63.6 %"", ""35.5 °C"", ""1626 mAh"", ""Cell-E1"", ""3.25 V"", ""12.8 mΩ"", ""1120 cycles""], [""90.0 %"", ""20.2 °C"", ""5206 mAh"", ""Cell-D1"", ""2.96 V"", ""81.5 mΩ"", ""79 cycles""], [""73.4 %"", ""68.8 °C"", ""1430 mAh"", ""Cell-F1"", ""3.64 V"", ""61.0 mΩ"", ""782 cycles""]]}"
A-L3-0079,3,argmin,regional_sales,Which region has the lowest Retail orders?,"| Revenue | Retail orders | Units sold | Returns | Region | Online orders |
| --- | --- | --- | --- | --- | --- |
| 51.0 kUSD | 360 orders | 452 units | 53 units | Orion | 511 orders |
| 694.4 kUSD | 2044 orders | 3637 units | 415 units | Fairview | 4297 orders |
| 961.4 kUSD | 3260 orders | 1698 units | 160 units | Cedar | 2452 orders |
| 926.1 kUSD | 4817 orders | 3253 units | 135 units | Pinehurst | 2603 orders |
| 331.5 kUSD | 1838 orders | 7323 units | 223 units | Hillcrest | 4221 orders |
| 236.3 kUSD | 3260 orders | 3157 units | 442 units | Westhaven | 454 orders |
| 819.1 kUSD | 1286 orders | 2479 units | 254 units | Oakridge | 1598 orders |","Answer the question using the table. Return only the final answer.

Table:
| Revenue | Retail orders | Units sold | Returns | Region | Online orders |
| --- | --- | --- | --- | --- | --- |
| 51.0 kUSD | 360 orders | 452 units | 53 units | Orion | 511 orders |
| 694.4 kUSD | 2044 orders | 3637 units | 415 units | Fairview | 4297 orders |
| 961.4 kUSD | 3260 orders | 1698 units | 160 units | Cedar | 2452 orders |
| 926.1 kUSD | 4817 orders | 3253 units | 135 units | Pinehurst | 2603 orders |
| 331.5 kUSD | 1838 orders | 7323 units | 223 units | Hillcrest | 4221 orders |
| 236.3 kUSD | 3260 orders | 3157 units | 442 units | Westhaven | 454 orders |
| 819.1 kUSD | 1286 orders | 2479 units | 254 units | Oakridge | 1598 orders |

Question: Which region has the lowest Retail orders?",Orion,argmin,7,Retail orders,"[{""row_index"": 0, ""column_index"": 1, ""row_identifier_column"": ""Region"", ""row_identifier_value"": ""Orion"", ""column"": ""Retail orders"", ""raw_value"": 360.0, ""display_value"": ""360 orders""}, {""row_index"": 1, ""column_index"": 1, ""row_identifier_column"": ""Region"", ""row_identifier_value"": ""Fairview"", ""column"": ""Retail orders"", ""raw_value"": 2044.0, ""display_value"": ""2044 orders""}, {""row_index"": 2, ""column_index"": 1, ""row_identifier_column"": ""Region"", ""row_identifier_value"": ""Cedar"", ""column"": ""Retail orders"", ""raw_value"": 3260.0, ""display_value"": ""3260 orders""}, {""row_index"": 3, ""column_index"": 1, ""row_identifier_column"": ""Region"", ""row_identifier_value"": ""Pinehurst"", ""column"": ""Retail orders"", ""raw_value"": 4817.0, ""display_value"": ""4817 orders""}, {""row_index"": 4, ""column_index"": 1, ""row_identifier_column"": ""Region"", ""row_identifier_value"": ""Hillcrest"", ""column"": ""Retail orders"", ""raw_value"": 1838.0, ""display_value"": ""1838 orders""}, {""row_index"": 5, ""column_index"": 1, ""row_identifier_column"": ""Region"", ""row_identifier_value"": ""Westhaven"", ""column"": ""Retail orders"", ""raw_value"": 3260.0, ""display_value"": ""3260 orders""}, {""row_index"": 6, ""column_index"": 1, ""row_identifier_column"": ""Region"", ""row_identifier_value"": ""Oakridge"", ""column"": ""Retail orders"", ""raw_value"": 1286.0, ""display_value"": ""1286 orders""}]","{""target_column"": ""Retail orders"", ""column_allowed_for_operation"": true}","{""headers"": [""Revenue"", ""Retail orders"", ""Units sold"", ""Returns"", ""Region"", ""Online orders""], ""rows"": [[""51.0 kUSD"", ""360 orders"", ""452 units"", ""53 units"", ""Orion"", ""511 orders""], [""694.4 kUSD"", ""2044 orders"", ""3637 units"", ""415 units"", ""Fairview"", ""4297 orders""], [""961.4 kUSD"", ""3260 orders"", ""1698 units"", ""160 units"", ""Cedar"", ""2452 orders""], [""926.1 kUSD"", ""4817 orders"", ""3253 units"", ""135 units"", ""Pinehurst"", ""2603 orders""], [""331.5 kUSD"", ""1838 orders"", ""7323 units"", ""223 units"", ""Hillcrest"", ""4221 orders""], [""236.3 kUSD"", ""3260 orders"", ""3157 units"", ""442 units"", ""Westhaven"", ""454 orders""], [""819.1 kUSD"", ""1286 orders"", ""2479 units"", ""254 units"", ""Oakridge"", ""1598 orders""]]}"
A-L3-0080,3,argmin,race_telemetry,"According to the table, which driver has the minimum Fuel remaining?","| Lap time | Tire temperature | Brake temperature | Fuel remaining | Pit time | Top speed | Driver |
| --- | --- | --- | --- | --- | --- | --- |
| 114.74 s | 113.4 °C | 250 °C | 55.4 L | 4.65 s | 328.4 km/h | Hana |
| 144.26 s | 141.3 °C | 364 °C | 66.0 L | 4.86 s | 243.9 km/h | Ava |
| 71.03 s | 143.6 °C | 356 °C | 56.6 L | 39.68 s | 355.6 km/h | Lucas |
| 146.91 s | 73.2 °C | 437 °C | 84.0 L | 38.03 s | 183.9 km/h | Lena |
| 74.34 s | 74.0 °C | 418 °C | 43.9 L | 18.94 s | 221.0 km/h | Daniel |","Answer the question using the table. Return only the final answer.

Table:
| Lap time | Tire temperature | Brake temperature | Fuel remaining | Pit time | Top speed | Driver |
| --- | --- | --- | --- | --- | --- | --- |
| 114.74 s | 113.4 °C | 250 °C | 55.4 L | 4.65 s | 328.4 km/h | Hana |
| 144.26 s | 141.3 °C | 364 °C | 66.0 L | 4.86 s | 243.9 km/h | Ava |
| 71.03 s | 143.6 °C | 356 °C | 56.6 L | 39.68 s | 355.6 km/h | Lucas |
| 146.91 s | 73.2 °C | 437 °C | 84.0 L | 38.03 s | 183.9 km/h | Lena |
| 74.34 s | 74.0 °C | 418 °C | 43.9 L | 18.94 s | 221.0 km/h | Daniel |

Question: According to the table, which driver has the minimum Fuel remaining?",Daniel,argmin,5,Fuel remaining,"[{""row_index"": 0, ""column_index"": 3, ""row_identifier_column"": ""Driver"", ""row_identifier_value"": ""Hana"", ""column"": ""Fuel remaining"", ""raw_value"": 55.4, ""display_value"": ""55.4 L""}, {""row_index"": 1, ""column_index"": 3, ""row_identifier_column"": ""Driver"", ""row_identifier_value"": ""Ava"", ""column"": ""Fuel remaining"", ""raw_value"": 66.0, ""display_value"": ""66.0 L""}, {""row_index"": 2, ""column_index"": 3, ""row_identifier_column"": ""Driver"", ""row_identifier_value"": ""Lucas"", ""column"": ""Fuel remaining"", ""raw_value"": 56.6, ""display_value"": ""56.6 L""}, {""row_index"": 3, ""column_index"": 3, ""row_identifier_column"": ""Driver"", ""row_identifier_value"": ""Lena"", ""column"": ""Fuel remaining"", ""raw_value"": 84.0, ""display_value"": ""84.0 L""}, {""row_index"": 4, ""column_index"": 3, ""row_identifier_column"": ""Driver"", ""row_identifier_value"": ""Daniel"", ""column"": ""Fuel remaining"", ""raw_value"": 43.9, ""display_value"": ""43.9 L""}]","{""target_column"": ""Fuel remaining"", ""column_allowed_for_operation"": true}","{""headers"": [""Lap time"", ""Tire temperature"", ""Brake temperature"", ""Fuel remaining"", ""Pit time"", ""Top speed"", ""Driver""], ""rows"": [[""114.74 s"", ""113.4 °C"", ""250 °C"", ""55.4 L"", ""4.65 s"", ""328.4 km/h"", ""Hana""], [""144.26 s"", ""141.3 °C"", ""364 °C"", ""66.0 L"", ""4.86 s"", ""243.9 km/h"", ""Ava""], [""71.03 s"", ""143.6 °C"", ""356 °C"", ""56.6 L"", ""39.68 s"", ""355.6 km/h"", ""Lucas""], [""146.91 s"", ""73.2 °C"", ""437 °C"", ""84.0 L"", ""38.03 s"", ""183.9 km/h"", ""Lena""], [""74.34 s"", ""74.0 °C"", ""418 °C"", ""43.9 L"", ""18.94 s"", ""221.0 km/h"", ""Daniel""]]}"
A-L3-0081,3,count_condition,ml_benchmark,How many entries have Energy use less than 434.30 Wh?,"| Accuracy | Energy use | Throughput | Model | Latency |
| --- | --- | --- | --- | --- |
| 71.7 % | 433.8 Wh | 154.3 req/s | Echo | 173.9 ms |
| 73.5 % | 499.4 Wh | 485.6 req/s | Helix | 47.5 ms |
| 82.8 % | 92.2 Wh | 465.7 req/s | Sigma | 45.1 ms |
| 68.9 % | 82.7 Wh | 233.3 req/s | Delta | 54.5 ms |
| 74.6 % | 480.3 Wh | 100.8 req/s | Nova | 9.3 ms |
| 63.9 % | 114.4 Wh | 492.3 req/s | Quartz | 102.0 ms |
| 75.5 % | 403.8 Wh | 457.4 req/s | Zenith | 52.2 ms |
| 98.3 % | 311.4 Wh | 337.4 req/s | Aurora | 48.6 ms |
| 70.5 % | 163.3 Wh | 310.7 req/s | Atlas | 149.7 ms |
| 84.5 % | 434.8 Wh | 7.6 req/s | Nimbus | 157.8 ms |","Answer the question using the table. Return only the final answer.

Table:
| Accuracy | Energy use | Throughput | Model | Latency |
| --- | --- | --- | --- | --- |
| 71.7 % | 433.8 Wh | 154.3 req/s | Echo | 173.9 ms |
| 73.5 % | 499.4 Wh | 485.6 req/s | Helix | 47.5 ms |
| 82.8 % | 92.2 Wh | 465.7 req/s | Sigma | 45.1 ms |
| 68.9 % | 82.7 Wh | 233.3 req/s | Delta | 54.5 ms |
| 74.6 % | 480.3 Wh | 100.8 req/s | Nova | 9.3 ms |
| 63.9 % | 114.4 Wh | 492.3 req/s | Quartz | 102.0 ms |
| 75.5 % | 403.8 Wh | 457.4 req/s | Zenith | 52.2 ms |
| 98.3 % | 311.4 Wh | 337.4 req/s | Aurora | 48.6 ms |
| 70.5 % | 163.3 Wh | 310.7 req/s | Atlas | 149.7 ms |
| 84.5 % | 434.8 Wh | 7.6 req/s | Nimbus | 157.8 ms |

Question: How many entries have Energy use less than 434.30 Wh?",7,count_condition,10,Energy use,"[{""row_index"": 0, ""column_index"": 1, ""row_identifier_column"": ""Model"", ""row_identifier_value"": ""Echo"", ""column"": ""Energy use"", ""raw_value"": 433.8, ""display_value"": ""433.8 Wh""}, {""row_index"": 1, ""column_index"": 1, ""row_identifier_column"": ""Model"", ""row_identifier_value"": ""Helix"", ""column"": ""Energy use"", ""raw_value"": 499.4, ""display_value"": ""499.4 Wh""}, {""row_index"": 2, ""column_index"": 1, ""row_identifier_column"": ""Model"", ""row_identifier_value"": ""Sigma"", ""column"": ""Energy use"", ""raw_value"": 92.2, ""display_value"": ""92.2 Wh""}, {""row_index"": 3, ""column_index"": 1, ""row_identifier_column"": ""Model"", ""row_identifier_value"": ""Delta"", ""column"": ""Energy use"", ""raw_value"": 82.7, ""display_value"": ""82.7 Wh""}, {""row_index"": 4, ""column_index"": 1, ""row_identifier_column"": ""Model"", ""row_identifier_value"": ""Nova"", ""column"": ""Energy use"", ""raw_value"": 480.3, ""display_value"": ""480.3 Wh""}, {""row_index"": 5, ""column_index"": 1, ""row_identifier_column"": ""Model"", ""row_identifier_value"": ""Quartz"", ""column"": ""Energy use"", ""raw_value"": 114.4, ""display_value"": ""114.4 Wh""}, {""row_index"": 6, ""column_index"": 1, ""row_identifier_column"": ""Model"", ""row_identifier_value"": ""Zenith"", ""column"": ""Energy use"", ""raw_value"": 403.8, ""display_value"": ""403.8 Wh""}, {""row_index"": 7, ""column_index"": 1, ""row_identifier_column"": ""Model"", ""row_identifier_value"": ""Aurora"", ""column"": ""Energy use"", ""raw_value"": 311.4, ""display_value"": ""311.4 Wh""}, {""row_index"": 8, ""column_index"": 1, ""row_identifier_column"": ""Model"", ""row_identifier_value"": ""Atlas"", ""column"": ""Energy use"", ""raw_value"": 163.3, ""display_value"": ""163.3 Wh""}, {""row_index"": 9, ""column_index"": 1, ""row_identifier_column"": ""Model"", ""row_identifier_value"": ""Nimbus"", ""column"": ""Energy use"", ""raw_value"": 434.8, ""display_value"": ""434.8 Wh""}]","{""target_column"": ""Energy use"", ""column_allowed_for_operation"": true, ""comparison"": ""less_than"", ""threshold_raw"": 434.3, ""threshold_display"": ""434.30 Wh""}","{""headers"": [""Accuracy"", ""Energy use"", ""Throughput"", ""Model"", ""Latency""], ""rows"": [[""71.7 %"", ""433.8 Wh"", ""154.3 req/s"", ""Echo"", ""173.9 ms""], [""73.5 %"", ""499.4 Wh"", ""485.6 req/s"", ""Helix"", ""47.5 ms""], [""82.8 %"", ""92.2 Wh"", ""465.7 req/s"", ""Sigma"", ""45.1 ms""], [""68.9 %"", ""82.7 Wh"", ""233.3 req/s"", ""Delta"", ""54.5 ms""], [""74.6 %"", ""480.3 Wh"", ""100.8 req/s"", ""Nova"", ""9.3 ms""], [""63.9 %"", ""114.4 Wh"", ""492.3 req/s"", ""Quartz"", ""102.0 ms""], [""75.5 %"", ""403.8 Wh"", ""457.4 req/s"", ""Zenith"", ""52.2 ms""], [""98.3 %"", ""311.4 Wh"", ""337.4 req/s"", ""Aurora"", ""48.6 ms""], [""70.5 %"", ""163.3 Wh"", ""310.7 req/s"", ""Atlas"", ""149.7 ms""], [""84.5 %"", ""434.8 Wh"", ""7.6 req/s"", ""Nimbus"", ""157.8 ms""]]}"
A-L3-0082,3,count_condition,sports_statistics,How many entries have Points greater than 77.00 points?,"| Fouls | Team | Possession | Points | Passes |
| --- | --- | --- | --- | --- |
| 10 fouls | Sharks | 34.8 % | 102 points | 462 passes |
| 7 fouls | Knights | 58.0 % | 75 points | 580 passes |
| 26 fouls | Wolves | 48.1 % | 79 points | 868 passes |
| 20 fouls | Ravens | 37.7 % | 102 points | 778 passes |
| 25 fouls | Tigers | 45.2 % | 67 points | 499 passes |
| 19 fouls | Panthers | 41.9 % | 86 points | 169 passes |","Answer the question using the table. Return only the final answer.

Table:
| Fouls | Team | Possession | Points | Passes |
| --- | --- | --- | --- | --- |
| 10 fouls | Sharks | 34.8 % | 102 points | 462 passes |
| 7 fouls | Knights | 58.0 % | 75 points | 580 passes |
| 26 fouls | Wolves | 48.1 % | 79 points | 868 passes |
| 20 fouls | Ravens | 37.7 % | 102 points | 778 passes |
| 25 fouls | Tigers | 45.2 % | 67 points | 499 passes |
| 19 fouls | Panthers | 41.9 % | 86 points | 169 passes |

Question: How many entries have Points greater than 77.00 points?",4,count_condition,6,Points,"[{""row_index"": 0, ""column_index"": 3, ""row_identifier_column"": ""Team"", ""row_identifier_value"": ""Sharks"", ""column"": ""Points"", ""raw_value"": 102.0, ""display_value"": ""102 points""}, {""row_index"": 1, ""column_index"": 3, ""row_identifier_column"": ""Team"", ""row_identifier_value"": ""Knights"", ""column"": ""Points"", ""raw_value"": 75.0, ""display_value"": ""75 points""}, {""row_index"": 2, ""column_index"": 3, ""row_identifier_column"": ""Team"", ""row_identifier_value"": ""Wolves"", ""column"": ""Points"", ""raw_value"": 79.0, ""display_value"": ""79 points""}, {""row_index"": 3, ""column_index"": 3, ""row_identifier_column"": ""Team"", ""row_identifier_value"": ""Ravens"", ""column"": ""Points"", ""raw_value"": 102.0, ""display_value"": ""102 points""}, {""row_index"": 4, ""column_index"": 3, ""row_identifier_column"": ""Team"", ""row_identifier_value"": ""Tigers"", ""column"": ""Points"", ""raw_value"": 67.0, ""display_value"": ""67 points""}, {""row_index"": 5, ""column_index"": 3, ""row_identifier_column"": ""Team"", ""row_identifier_value"": ""Panthers"", ""column"": ""Points"", ""raw_value"": 86.0, ""display_value"": ""86 points""}]","{""target_column"": ""Points"", ""column_allowed_for_operation"": true, ""comparison"": ""greater_than"", ""threshold_raw"": 77.0, ""threshold_display"": ""77.00 points""}","{""headers"": [""Fouls"", ""Team"", ""Possession"", ""Points"", ""Passes""], ""rows"": [[""10 fouls"", ""Sharks"", ""34.8 %"", ""102 points"", ""462 passes""], [""7 fouls"", ""Knights"", ""58.0 %"", ""75 points"", ""580 passes""], [""26 fouls"", ""Wolves"", ""48.1 %"", ""79 points"", ""868 passes""], [""20 fouls"", ""Ravens"", ""37.7 %"", ""102 points"", ""778 passes""], [""25 fouls"", ""Tigers"", ""45.2 %"", ""67 points"", ""499 passes""], [""19 fouls"", ""Panthers"", ""41.9 %"", ""86 points"", ""169 passes""]]}"
A-L3-0083,3,argmin,flight_measurements,Which pilot has the lowest Cabin pressure?,"| Cabin pressure | Vertical speed | Engine temperature | Fuel | Altitude | Pilot | Ground speed |
| --- | --- | --- | --- | --- | --- | --- |
| 97.6 kPa | 19.2 m/s | 699 °C | 3454 kg | 1266 m | Ryan | 656.7 km/h |
| 77.8 kPa | -16.2 m/s | 695 °C | 8573 kg | 10194 m | Maya | 753.7 km/h |
| 78.7 kPa | 7.9 m/s | 935 °C | 10677 kg | 9000 m | Mina | 662.3 km/h |
| 91.6 kPa | -6.2 m/s | 970 °C | 11632 kg | 2615 m | Sam | 598.1 km/h |
| 74.0 kPa | -13.8 m/s | 495 °C | 8796 kg | 2777 m | Iris | 870.2 km/h |
| 84.1 kPa | -3.8 m/s | 793 °C | 7987 kg | 5147 m | Noah | 166.1 km/h |
| 75.3 kPa | -7.0 m/s | 514 °C | 4225 kg | 11473 m | Sofia | 726.1 km/h |
| 88.8 kPa | 8.3 m/s | 926 °C | 11275 kg | 9319 m | Oliver | 726.0 km/h |","Answer the question using the table. Return only the final answer.

Table:
| Cabin pressure | Vertical speed | Engine temperature | Fuel | Altitude | Pilot | Ground speed |
| --- | --- | --- | --- | --- | --- | --- |
| 97.6 kPa | 19.2 m/s | 699 °C | 3454 kg | 1266 m | Ryan | 656.7 km/h |
| 77.8 kPa | -16.2 m/s | 695 °C | 8573 kg | 10194 m | Maya | 753.7 km/h |
| 78.7 kPa | 7.9 m/s | 935 °C | 10677 kg | 9000 m | Mina | 662.3 km/h |
| 91.6 kPa | -6.2 m/s | 970 °C | 11632 kg | 2615 m | Sam | 598.1 km/h |
| 74.0 kPa | -13.8 m/s | 495 °C | 8796 kg | 2777 m | Iris | 870.2 km/h |
| 84.1 kPa | -3.8 m/s | 793 °C | 7987 kg | 5147 m | Noah | 166.1 km/h |
| 75.3 kPa | -7.0 m/s | 514 °C | 4225 kg | 11473 m | Sofia | 726.1 km/h |
| 88.8 kPa | 8.3 m/s | 926 °C | 11275 kg | 9319 m | Oliver | 726.0 km/h |

Question: Which pilot has the lowest Cabin pressure?",Iris,argmin,8,Cabin pressure,"[{""row_index"": 0, ""column_index"": 0, ""row_identifier_column"": ""Pilot"", ""row_identifier_value"": ""Ryan"", ""column"": ""Cabin pressure"", ""raw_value"": 97.6, ""display_value"": ""97.6 kPa""}, {""row_index"": 1, ""column_index"": 0, ""row_identifier_column"": ""Pilot"", ""row_identifier_value"": ""Maya"", ""column"": ""Cabin pressure"", ""raw_value"": 77.8, ""display_value"": ""77.8 kPa""}, {""row_index"": 2, ""column_index"": 0, ""row_identifier_column"": ""Pilot"", ""row_identifier_value"": ""Mina"", ""column"": ""Cabin pressure"", ""raw_value"": 78.7, ""display_value"": ""78.7 kPa""}, {""row_index"": 3, ""column_index"": 0, ""row_identifier_column"": ""Pilot"", ""row_identifier_value"": ""Sam"", ""column"": ""Cabin pressure"", ""raw_value"": 91.6, ""display_value"": ""91.6 kPa""}, {""row_index"": 4, ""column_index"": 0, ""row_identifier_column"": ""Pilot"", ""row_identifier_value"": ""Iris"", ""column"": ""Cabin pressure"", ""raw_value"": 74.0, ""display_value"": ""74.0 kPa""}, {""row_index"": 5, ""column_index"": 0, ""row_identifier_column"": ""Pilot"", ""row_identifier_value"": ""Noah"", ""column"": ""Cabin pressure"", ""raw_value"": 84.1, ""display_value"": ""84.1 kPa""}, {""row_index"": 6, ""column_index"": 0, ""row_identifier_column"": ""Pilot"", ""row_identifier_value"": ""Sofia"", ""column"": ""Cabin pressure"", ""raw_value"": 75.3, ""display_value"": ""75.3 kPa""}, {""row_index"": 7, ""column_index"": 0, ""row_identifier_column"": ""Pilot"", ""row_identifier_value"": ""Oliver"", ""column"": ""Cabin pressure"", ""raw_value"": 88.8, ""display_value"": ""88.8 kPa""}]","{""target_column"": ""Cabin pressure"", ""column_allowed_for_operation"": true}","{""headers"": [""Cabin pressure"", ""Vertical speed"", ""Engine temperature"", ""Fuel"", ""Altitude"", ""Pilot"", ""Ground speed""], ""rows"": [[""97.6 kPa"", ""19.2 m/s"", ""699 °C"", ""3454 kg"", ""1266 m"", ""Ryan"", ""656.7 km/h""], [""77.8 kPa"", ""-16.2 m/s"", ""695 °C"", ""8573 kg"", ""10194 m"", ""Maya"", ""753.7 km/h""], [""78.7 kPa"", ""7.9 m/s"", ""935 °C"", ""10677 kg"", ""9000 m"", ""Mina"", ""662.3 km/h""], [""91.6 kPa"", ""-6.2 m/s"", ""970 °C"", ""11632 kg"", ""2615 m"", ""Sam"", ""598.1 km/h""], [""74.0 kPa"", ""-13.8 m/s"", ""495 °C"", ""8796 kg"", ""2777 m"", ""Iris"", ""870.2 km/h""], [""84.1 kPa"", ""-3.8 m/s"", ""793 °C"", ""7987 kg"", ""5147 m"", ""Noah"", ""166.1 km/h""], [""75.3 kPa"", ""-7.0 m/s"", ""514 °C"", ""4225 kg"", ""11473 m"", ""Sofia"", ""726.1 km/h""], [""88.8 kPa"", ""8.3 m/s"", ""926 °C"", ""11275 kg"", ""9319 m"", ""Oliver"", ""726.0 km/h""]]}"
A-L3-0084,3,column_sum,lab_measurements,What is the total Volume across all rows?,"| Sample | pH | Density | Volume | Temperature |
| --- | --- | --- | --- | --- |
| Sample-H | 6.98 | 1.60 g/mL | 213.1 mL | 36.5 °C |
| Sample-L | 4.69 | 1.36 g/mL | 92.3 mL | 5.9 °C |
| Sample-A | 5.38 | 3.42 g/mL | 255.7 mL | 11.2 °C |
| Sample-G | 9.21 | 2.35 g/mL | 116.3 mL | 18.6 °C |
| Sample-I | 6.01 | 1.95 g/mL | 30.6 mL | 63.6 °C |","Answer the question using the table. Return only the final answer.

Table:
| Sample | pH | Density | Volume | Temperature |
| --- | --- | --- | --- | --- |
| Sample-H | 6.98 | 1.60 g/mL | 213.1 mL | 36.5 °C |
| Sample-L | 4.69 | 1.36 g/mL | 92.3 mL | 5.9 °C |
| Sample-A | 5.38 | 3.42 g/mL | 255.7 mL | 11.2 °C |
| Sample-G | 9.21 | 2.35 g/mL | 116.3 mL | 18.6 °C |
| Sample-I | 6.01 | 1.95 g/mL | 30.6 mL | 63.6 °C |

Question: What is the total Volume across all rows?",708.0 mL,sum,5,Volume,"[{""row_index"": 0, ""column_index"": 3, ""row_identifier_column"": ""Sample"", ""row_identifier_value"": ""Sample-H"", ""column"": ""Volume"", ""raw_value"": 213.1, ""display_value"": ""213.1 mL""}, {""row_index"": 1, ""column_index"": 3, ""row_identifier_column"": ""Sample"", ""row_identifier_value"": ""Sample-L"", ""column"": ""Volume"", ""raw_value"": 92.3, ""display_value"": ""92.3 mL""}, {""row_index"": 2, ""column_index"": 3, ""row_identifier_column"": ""Sample"", ""row_identifier_value"": ""Sample-A"", ""column"": ""Volume"", ""raw_value"": 255.7, ""display_value"": ""255.7 mL""}, {""row_index"": 3, ""column_index"": 3, ""row_identifier_column"": ""Sample"", ""row_identifier_value"": ""Sample-G"", ""column"": ""Volume"", ""raw_value"": 116.3, ""display_value"": ""116.3 mL""}, {""row_index"": 4, ""column_index"": 3, ""row_identifier_column"": ""Sample"", ""row_identifier_value"": ""Sample-I"", ""column"": ""Volume"", ""raw_value"": 30.6, ""display_value"": ""30.6 mL""}]","{""target_column"": ""Volume"", ""column_allowed_for_operation"": true}","{""headers"": [""Sample"", ""pH"", ""Density"", ""Volume"", ""Temperature""], ""rows"": [[""Sample-H"", ""6.98"", ""1.60 g/mL"", ""213.1 mL"", ""36.5 °C""], [""Sample-L"", ""4.69"", ""1.36 g/mL"", ""92.3 mL"", ""5.9 °C""], [""Sample-A"", ""5.38"", ""3.42 g/mL"", ""255.7 mL"", ""11.2 °C""], [""Sample-G"", ""9.21"", ""2.35 g/mL"", ""116.3 mL"", ""18.6 °C""], [""Sample-I"", ""6.01"", ""1.95 g/mL"", ""30.6 mL"", ""63.6 °C""]]}"
A-L3-0085,3,column_sum,battery_tests,What is the total Charge cycles across all rows?,"| Internal resistance | Cell | Temperature | Charge cycles | State of health | Voltage | Capacity |
| --- | --- | --- | --- | --- | --- | --- |
| 26.6 mΩ | Cell-A1 | 43.9 °C | 1307 cycles | 73.7 % | 3.75 V | 4371 mAh |
| 169.9 mΩ | Cell-F2 | 18.4 °C | 721 cycles | 81.2 % | 2.84 V | 5765 mAh |
| 124.3 mΩ | Cell-D1 | 50.8 °C | 175 cycles | 83.9 % | 4.27 V | 3455 mAh |
| 8.7 mΩ | Cell-F1 | 53.9 °C | 469 cycles | 85.6 % | 3.26 V | 4141 mAh |
| 16.8 mΩ | Cell-D2 | 40.7 °C | 476 cycles | 54.6 % | 3.74 V | 3333 mAh |
| 83.8 mΩ | Cell-E2 | 30.4 °C | 744 cycles | 93.3 % | 3.13 V | 1613 mAh |
| 68.1 mΩ | Cell-C1 | 67.3 °C | 1046 cycles | 80.2 % | 3.23 V | 5817 mAh |
| 100.3 mΩ | Cell-B1 | 65.3 °C | 1130 cycles | 57.5 % | 3.96 V | 3011 mAh |
| 29.0 mΩ | Cell-A2 | 40.9 °C | 825 cycles | 96.4 % | 3.96 V | 3872 mAh |
| 174.6 mΩ | Cell-E1 | 67.6 °C | 1303 cycles | 81.2 % | 3.28 V | 2551 mAh |","Answer the question using the table. Return only the final answer.

Table:
| Internal resistance | Cell | Temperature | Charge cycles | State of health | Voltage | Capacity |
| --- | --- | --- | --- | --- | --- | --- |
| 26.6 mΩ | Cell-A1 | 43.9 °C | 1307 cycles | 73.7 % | 3.75 V | 4371 mAh |
| 169.9 mΩ | Cell-F2 | 18.4 °C | 721 cycles | 81.2 % | 2.84 V | 5765 mAh |
| 124.3 mΩ | Cell-D1 | 50.8 °C | 175 cycles | 83.9 % | 4.27 V | 3455 mAh |
| 8.7 mΩ | Cell-F1 | 53.9 °C | 469 cycles | 85.6 % | 3.26 V | 4141 mAh |
| 16.8 mΩ | Cell-D2 | 40.7 °C | 476 cycles | 54.6 % | 3.74 V | 3333 mAh |
| 83.8 mΩ | Cell-E2 | 30.4 °C | 744 cycles | 93.3 % | 3.13 V | 1613 mAh |
| 68.1 mΩ | Cell-C1 | 67.3 °C | 1046 cycles | 80.2 % | 3.23 V | 5817 mAh |
| 100.3 mΩ | Cell-B1 | 65.3 °C | 1130 cycles | 57.5 % | 3.96 V | 3011 mAh |
| 29.0 mΩ | Cell-A2 | 40.9 °C | 825 cycles | 96.4 % | 3.96 V | 3872 mAh |
| 174.6 mΩ | Cell-E1 | 67.6 °C | 1303 cycles | 81.2 % | 3.28 V | 2551 mAh |

Question: What is the total Charge cycles across all rows?",8196 cycles,sum,10,Charge cycles,"[{""row_index"": 0, ""column_index"": 3, ""row_identifier_column"": ""Cell"", ""row_identifier_value"": ""Cell-A1"", ""column"": ""Charge cycles"", ""raw_value"": 1307.0, ""display_value"": ""1307 cycles""}, {""row_index"": 1, ""column_index"": 3, ""row_identifier_column"": ""Cell"", ""row_identifier_value"": ""Cell-F2"", ""column"": ""Charge cycles"", ""raw_value"": 721.0, ""display_value"": ""721 cycles""}, {""row_index"": 2, ""column_index"": 3, ""row_identifier_column"": ""Cell"", ""row_identifier_value"": ""Cell-D1"", ""column"": ""Charge cycles"", ""raw_value"": 175.0, ""display_value"": ""175 cycles""}, {""row_index"": 3, ""column_index"": 3, ""row_identifier_column"": ""Cell"", ""row_identifier_value"": ""Cell-F1"", ""column"": ""Charge cycles"", ""raw_value"": 469.0, ""display_value"": ""469 cycles""}, {""row_index"": 4, ""column_index"": 3, ""row_identifier_column"": ""Cell"", ""row_identifier_value"": ""Cell-D2"", ""column"": ""Charge cycles"", ""raw_value"": 476.0, ""display_value"": ""476 cycles""}, {""row_index"": 5, ""column_index"": 3, ""row_identifier_column"": ""Cell"", ""row_identifier_value"": ""Cell-E2"", ""column"": ""Charge cycles"", ""raw_value"": 744.0, ""display_value"": ""744 cycles""}, {""row_index"": 6, ""column_index"": 3, ""row_identifier_column"": ""Cell"", ""row_identifier_value"": ""Cell-C1"", ""column"": ""Charge cycles"", ""raw_value"": 1046.0, ""display_value"": ""1046 cycles""}, {""row_index"": 7, ""column_index"": 3, ""row_identifier_column"": ""Cell"", ""row_identifier_value"": ""Cell-B1"", ""column"": ""Charge cycles"", ""raw_value"": 1130.0, ""display_value"": ""1130 cycles""}, {""row_index"": 8, ""column_index"": 3, ""row_identifier_column"": ""Cell"", ""row_identifier_value"": ""Cell-A2"", ""column"": ""Charge cycles"", ""raw_value"": 825.0, ""display_value"": ""825 cycles""}, {""row_index"": 9, ""column_index"": 3, ""row_identifier_column"": ""Cell"", ""row_identifier_value"": ""Cell-E1"", ""column"": ""Charge cycles"", ""raw_value"": 1303.0, ""display_value"": ""1303 cycles""}]","{""target_column"": ""Charge cycles"", ""column_allowed_for_operation"": true}","{""headers"": [""Internal resistance"", ""Cell"", ""Temperature"", ""Charge cycles"", ""State of health"", ""Voltage"", ""Capacity""], ""rows"": [[""26.6 mΩ"", ""Cell-A1"", ""43.9 °C"", ""1307 cycles"", ""73.7 %"", ""3.75 V"", ""4371 mAh""], [""169.9 mΩ"", ""Cell-F2"", ""18.4 °C"", ""721 cycles"", ""81.2 %"", ""2.84 V"", ""5765 mAh""], [""124.3 mΩ"", ""Cell-D1"", ""50.8 °C"", ""175 cycles"", ""83.9 %"", ""4.27 V"", ""3455 mAh""], [""8.7 mΩ"", ""Cell-F1"", ""53.9 °C"", ""469 cycles"", ""85.6 %"", ""3.26 V"", ""4141 mAh""], [""16.8 mΩ"", ""Cell-D2"", ""40.7 °C"", ""476 cycles"", ""54.6 %"", ""3.74 V"", ""3333 mAh""], [""83.8 mΩ"", ""Cell-E2"", ""30.4 °C"", ""744 cycles"", ""93.3 %"", ""3.13 V"", ""1613 mAh""], [""68.1 mΩ"", ""Cell-C1"", ""67.3 °C"", ""1046 cycles"", ""80.2 %"", ""3.23 V"", ""5817 mAh""], [""100.3 mΩ"", ""Cell-B1"", ""65.3 °C"", ""1130 cycles"", ""57.5 %"", ""3.96 V"", ""3011 mAh""], [""29.0 mΩ"", ""Cell-A2"", ""40.9 °C"", ""825 cycles"", ""96.4 %"", ""3.96 V"", ""3872 mAh""], [""174.6 mΩ"", ""Cell-E1"", ""67.6 °C"", ""1303 cycles"", ""81.2 %"", ""3.28 V"", ""2551 mAh""]]}"
A-L3-0086,3,column_average,flight_measurements,What is the average Ground speed across all rows?,"| Ground speed | Engine temperature | Fuel | Vertical speed | Pilot | Cabin pressure | Altitude |
| --- | --- | --- | --- | --- | --- | --- |
| 141.9 km/h | 815 °C | 2604 kg | -1.9 m/s | Hana | 89.3 kPa | 1008 m |
| 767.1 km/h | 944 °C | 9167 kg | -6.2 m/s | Maya | 77.0 kPa | 8099 m |
| 625.7 km/h | 888 °C | 8427 kg | 8.2 m/s | Emma | 93.8 kPa | 7200 m |
| 846.3 km/h | 884 °C | 11710 kg | 11.7 m/s | Yuna | 81.0 kPa | 2357 m |
| 412.6 km/h | 507 °C | 10814 kg | -11.4 m/s | Ryan | 68.5 kPa | 10900 m |
| 528.2 km/h | 882 °C | 907 kg | 14.3 m/s | Ava | 69.0 kPa | 6715 m |
| 530.6 km/h | 892 °C | 2149 kg | -14.1 m/s | Julia | 65.2 kPa | 6982 m |
| 857.0 km/h | 537 °C | 3516 kg | -16.7 m/s | Chris | 77.1 kPa | 11950 m |
| 191.8 km/h | 841 °C | 10570 kg | -16.1 m/s | Lucas | 92.4 kPa | 11095 m |","Answer the question using the table. Return only the final answer.

Table:
| Ground speed | Engine temperature | Fuel | Vertical speed | Pilot | Cabin pressure | Altitude |
| --- | --- | --- | --- | --- | --- | --- |
| 141.9 km/h | 815 °C | 2604 kg | -1.9 m/s | Hana | 89.3 kPa | 1008 m |
| 767.1 km/h | 944 °C | 9167 kg | -6.2 m/s | Maya | 77.0 kPa | 8099 m |
| 625.7 km/h | 888 °C | 8427 kg | 8.2 m/s | Emma | 93.8 kPa | 7200 m |
| 846.3 km/h | 884 °C | 11710 kg | 11.7 m/s | Yuna | 81.0 kPa | 2357 m |
| 412.6 km/h | 507 °C | 10814 kg | -11.4 m/s | Ryan | 68.5 kPa | 10900 m |
| 528.2 km/h | 882 °C | 907 kg | 14.3 m/s | Ava | 69.0 kPa | 6715 m |
| 530.6 km/h | 892 °C | 2149 kg | -14.1 m/s | Julia | 65.2 kPa | 6982 m |
| 857.0 km/h | 537 °C | 3516 kg | -16.7 m/s | Chris | 77.1 kPa | 11950 m |
| 191.8 km/h | 841 °C | 10570 kg | -16.1 m/s | Lucas | 92.4 kPa | 11095 m |

Question: What is the average Ground speed across all rows?",544.58 km/h,mean,9,Ground speed,"[{""row_index"": 0, ""column_index"": 0, ""row_identifier_column"": ""Pilot"", ""row_identifier_value"": ""Hana"", ""column"": ""Ground speed"", ""raw_value"": 141.9, ""display_value"": ""141.9 km/h""}, {""row_index"": 1, ""column_index"": 0, ""row_identifier_column"": ""Pilot"", ""row_identifier_value"": ""Maya"", ""column"": ""Ground speed"", ""raw_value"": 767.1, ""display_value"": ""767.1 km/h""}, {""row_index"": 2, ""column_index"": 0, ""row_identifier_column"": ""Pilot"", ""row_identifier_value"": ""Emma"", ""column"": ""Ground speed"", ""raw_value"": 625.7, ""display_value"": ""625.7 km/h""}, {""row_index"": 3, ""column_index"": 0, ""row_identifier_column"": ""Pilot"", ""row_identifier_value"": ""Yuna"", ""column"": ""Ground speed"", ""raw_value"": 846.3, ""display_value"": ""846.3 km/h""}, {""row_index"": 4, ""column_index"": 0, ""row_identifier_column"": ""Pilot"", ""row_identifier_value"": ""Ryan"", ""column"": ""Ground speed"", ""raw_value"": 412.6, ""display_value"": ""412.6 km/h""}, {""row_index"": 5, ""column_index"": 0, ""row_identifier_column"": ""Pilot"", ""row_identifier_value"": ""Ava"", ""column"": ""Ground speed"", ""raw_value"": 528.2, ""display_value"": ""528.2 km/h""}, {""row_index"": 6, ""column_index"": 0, ""row_identifier_column"": ""Pilot"", ""row_identifier_value"": ""Julia"", ""column"": ""Ground speed"", ""raw_value"": 530.6, ""display_value"": ""530.6 km/h""}, {""row_index"": 7, ""column_index"": 0, ""row_identifier_column"": ""Pilot"", ""row_identifier_value"": ""Chris"", ""column"": ""Ground speed"", ""raw_value"": 857.0, ""display_value"": ""857.0 km/h""}, {""row_index"": 8, ""column_index"": 0, ""row_identifier_column"": ""Pilot"", ""row_identifier_value"": ""Lucas"", ""column"": ""Ground speed"", ""raw_value"": 191.8, ""display_value"": ""191.8 km/h""}]","{""target_column"": ""Ground speed"", ""column_allowed_for_operation"": true, ""answer_digits"": 2}","{""headers"": [""Ground speed"", ""Engine temperature"", ""Fuel"", ""Vertical speed"", ""Pilot"", ""Cabin pressure"", ""Altitude""], ""rows"": [[""141.9 km/h"", ""815 °C"", ""2604 kg"", ""-1.9 m/s"", ""Hana"", ""89.3 kPa"", ""1008 m""], [""767.1 km/h"", ""944 °C"", ""9167 kg"", ""-6.2 m/s"", ""Maya"", ""77.0 kPa"", ""8099 m""], [""625.7 km/h"", ""888 °C"", ""8427 kg"", ""8.2 m/s"", ""Emma"", ""93.8 kPa"", ""7200 m""], [""846.3 km/h"", ""884 °C"", ""11710 kg"", ""11.7 m/s"", ""Yuna"", ""81.0 kPa"", ""2357 m""], [""412.6 km/h"", ""507 °C"", ""10814 kg"", ""-11.4 m/s"", ""Ryan"", ""68.5 kPa"", ""10900 m""], [""528.2 km/h"", ""882 °C"", ""907 kg"", ""14.3 m/s"", ""Ava"", ""69.0 kPa"", ""6715 m""], [""530.6 km/h"", ""892 °C"", ""2149 kg"", ""-14.1 m/s"", ""Julia"", ""65.2 kPa"", ""6982 m""], [""857.0 km/h"", ""537 °C"", ""3516 kg"", ""-16.7 m/s"", ""Chris"", ""77.1 kPa"", ""11950 m""], [""191.8 km/h"", ""841 °C"", ""10570 kg"", ""-16.1 m/s"", ""Lucas"", ""92.4 kPa"", ""11095 m""]]}"
A-L3-0087,3,column_sum,sports_statistics,"According to the table, what is the sum of Passes for all entries?","| Goals scored | Passes | Points | Fouls | Team | Possession |
| --- | --- | --- | --- | --- | --- |
| 95 goals | 272 passes | 116 points | 33 fouls | Panthers | 44.3 % |
| 71 goals | 490 passes | 41 points | 32 fouls | Sharks | 60.7 % |
| 22 goals | 557 passes | 106 points | 21 fouls | Dragons | 46.9 % |
| 89 goals | 162 passes | 88 points | 5 fouls | Ravens | 62.1 % |
| 90 goals | 684 passes | 39 points | 24 fouls | Falcons | 47.3 % |
| 99 goals | 351 passes | 29 points | 10 fouls | Cyclones | 40.3 % |","Answer the question using the table. Return only the final answer.

Table:
| Goals scored | Passes | Points | Fouls | Team | Possession |
| --- | --- | --- | --- | --- | --- |
| 95 goals | 272 passes | 116 points | 33 fouls | Panthers | 44.3 % |
| 71 goals | 490 passes | 41 points | 32 fouls | Sharks | 60.7 % |
| 22 goals | 557 passes | 106 points | 21 fouls | Dragons | 46.9 % |
| 89 goals | 162 passes | 88 points | 5 fouls | Ravens | 62.1 % |
| 90 goals | 684 passes | 39 points | 24 fouls | Falcons | 47.3 % |
| 99 goals | 351 passes | 29 points | 10 fouls | Cyclones | 40.3 % |

Question: According to the table, what is the sum of Passes for all entries?",2516 passes,sum,6,Passes,"[{""row_index"": 0, ""column_index"": 1, ""row_identifier_column"": ""Team"", ""row_identifier_value"": ""Panthers"", ""column"": ""Passes"", ""raw_value"": 272.0, ""display_value"": ""272 passes""}, {""row_index"": 1, ""column_index"": 1, ""row_identifier_column"": ""Team"", ""row_identifier_value"": ""Sharks"", ""column"": ""Passes"", ""raw_value"": 490.0, ""display_value"": ""490 passes""}, {""row_index"": 2, ""column_index"": 1, ""row_identifier_column"": ""Team"", ""row_identifier_value"": ""Dragons"", ""column"": ""Passes"", ""raw_value"": 557.0, ""display_value"": ""557 passes""}, {""row_index"": 3, ""column_index"": 1, ""row_identifier_column"": ""Team"", ""row_identifier_value"": ""Ravens"", ""column"": ""Passes"", ""raw_value"": 162.0, ""display_value"": ""162 passes""}, {""row_index"": 4, ""column_index"": 1, ""row_identifier_column"": ""Team"", ""row_identifier_value"": ""Falcons"", ""column"": ""Passes"", ""raw_value"": 684.0, ""display_value"": ""684 passes""}, {""row_index"": 5, ""column_index"": 1, ""row_identifier_column"": ""Team"", ""row_identifier_value"": ""Cyclones"", ""column"": ""Passes"", ""raw_value"": 351.0, ""display_value"": ""351 passes""}]","{""target_column"": ""Passes"", ""column_allowed_for_operation"": true}","{""headers"": [""Goals scored"", ""Passes"", ""Points"", ""Fouls"", ""Team"", ""Possession""], ""rows"": [[""95 goals"", ""272 passes"", ""116 points"", ""33 fouls"", ""Panthers"", ""44.3 %""], [""71 goals"", ""490 passes"", ""41 points"", ""32 fouls"", ""Sharks"", ""60.7 %""], [""22 goals"", ""557 passes"", ""106 points"", ""21 fouls"", ""Dragons"", ""46.9 %""], [""89 goals"", ""162 passes"", ""88 points"", ""5 fouls"", ""Ravens"", ""62.1 %""], [""90 goals"", ""684 passes"", ""39 points"", ""24 fouls"", ""Falcons"", ""47.3 %""], [""99 goals"", ""351 passes"", ""29 points"", ""10 fouls"", ""Cyclones"", ""40.3 %""]]}"
A-L3-0088,3,count_condition,lab_measurements,Count the rows where Density is greater than 2.965 g/mL.,"| Conductivity | pH | Temperature | Volume | Density | Sample | Mass |
| --- | --- | --- | --- | --- | --- | --- |
| 18.12 mS/cm | 8.25 | 56.5 °C | 200.6 mL | 1.52 g/mL | Sample-H | 199.6 g |
| 6.54 mS/cm | 11.02 | 86.8 °C | 197.2 mL | 1.68 g/mL | Sample-E | 227.1 g |
| 4.80 mS/cm | 7.83 | 44.2 °C | 241.8 mL | 3.90 g/mL | Sample-L | 167.4 g |
| 19.05 mS/cm | 3.82 | 58.6 °C | 40.1 mL | 1.25 g/mL | Sample-C | 153.5 g |
| 24.11 mS/cm | 2.76 | 63.2 °C | 286.7 mL | 1.50 g/mL | Sample-G | 432.5 g |
| 24.30 mS/cm | 8.05 | 46.2 °C | 200.5 mL | 0.74 g/mL | Sample-D | 128.5 g |
| 12.97 mS/cm | 11.10 | 59.5 °C | 54.9 mL | 0.93 g/mL | Sample-F | 66.0 g |
| 12.04 mS/cm | 6.86 | 36.8 °C | 299.7 mL | 2.03 g/mL | Sample-B | 431.2 g |","Answer the question using the table. Return only the final answer.

Table:
| Conductivity | pH | Temperature | Volume | Density | Sample | Mass |
| --- | --- | --- | --- | --- | --- | --- |
| 18.12 mS/cm | 8.25 | 56.5 °C | 200.6 mL | 1.52 g/mL | Sample-H | 199.6 g |
| 6.54 mS/cm | 11.02 | 86.8 °C | 197.2 mL | 1.68 g/mL | Sample-E | 227.1 g |
| 4.80 mS/cm | 7.83 | 44.2 °C | 241.8 mL | 3.90 g/mL | Sample-L | 167.4 g |
| 19.05 mS/cm | 3.82 | 58.6 °C | 40.1 mL | 1.25 g/mL | Sample-C | 153.5 g |
| 24.11 mS/cm | 2.76 | 63.2 °C | 286.7 mL | 1.50 g/mL | Sample-G | 432.5 g |
| 24.30 mS/cm | 8.05 | 46.2 °C | 200.5 mL | 0.74 g/mL | Sample-D | 128.5 g |
| 12.97 mS/cm | 11.10 | 59.5 °C | 54.9 mL | 0.93 g/mL | Sample-F | 66.0 g |
| 12.04 mS/cm | 6.86 | 36.8 °C | 299.7 mL | 2.03 g/mL | Sample-B | 431.2 g |

Question: Count the rows where Density is greater than 2.965 g/mL.",1,count_condition,8,Density,"[{""row_index"": 0, ""column_index"": 4, ""row_identifier_column"": ""Sample"", ""row_identifier_value"": ""Sample-H"", ""column"": ""Density"", ""raw_value"": 1.52, ""display_value"": ""1.52 g/mL""}, {""row_index"": 1, ""column_index"": 4, ""row_identifier_column"": ""Sample"", ""row_identifier_value"": ""Sample-E"", ""column"": ""Density"", ""raw_value"": 1.68, ""display_value"": ""1.68 g/mL""}, {""row_index"": 2, ""column_index"": 4, ""row_identifier_column"": ""Sample"", ""row_identifier_value"": ""Sample-L"", ""column"": ""Density"", ""raw_value"": 3.9, ""display_value"": ""3.90 g/mL""}, {""row_index"": 3, ""column_index"": 4, ""row_identifier_column"": ""Sample"", ""row_identifier_value"": ""Sample-C"", ""column"": ""Density"", ""raw_value"": 1.25, ""display_value"": ""1.25 g/mL""}, {""row_index"": 4, ""column_index"": 4, ""row_identifier_column"": ""Sample"", ""row_identifier_value"": ""Sample-G"", ""column"": ""Density"", ""raw_value"": 1.5, ""display_value"": ""1.50 g/mL""}, {""row_index"": 5, ""column_index"": 4, ""row_identifier_column"": ""Sample"", ""row_identifier_value"": ""Sample-D"", ""column"": ""Density"", ""raw_value"": 0.74, ""display_value"": ""0.74 g/mL""}, {""row_index"": 6, ""column_index"": 4, ""row_identifier_column"": ""Sample"", ""row_identifier_value"": ""Sample-F"", ""column"": ""Density"", ""raw_value"": 0.93, ""display_value"": ""0.93 g/mL""}, {""row_index"": 7, ""column_index"": 4, ""row_identifier_column"": ""Sample"", ""row_identifier_value"": ""Sample-B"", ""column"": ""Density"", ""raw_value"": 2.03, ""display_value"": ""2.03 g/mL""}]","{""target_column"": ""Density"", ""column_allowed_for_operation"": true, ""comparison"": ""greater_than"", ""threshold_raw"": 2.965, ""threshold_display"": ""2.965 g/mL""}","{""headers"": [""Conductivity"", ""pH"", ""Temperature"", ""Volume"", ""Density"", ""Sample"", ""Mass""], ""rows"": [[""18.12 mS/cm"", ""8.25"", ""56.5 °C"", ""200.6 mL"", ""1.52 g/mL"", ""Sample-H"", ""199.6 g""], [""6.54 mS/cm"", ""11.02"", ""86.8 °C"", ""197.2 mL"", ""1.68 g/mL"", ""Sample-E"", ""227.1 g""], [""4.80 mS/cm"", ""7.83"", ""44.2 °C"", ""241.8 mL"", ""3.90 g/mL"", ""Sample-L"", ""167.4 g""], [""19.05 mS/cm"", ""3.82"", ""58.6 °C"", ""40.1 mL"", ""1.25 g/mL"", ""Sample-C"", ""153.5 g""], [""24.11 mS/cm"", ""2.76"", ""63.2 °C"", ""286.7 mL"", ""1.50 g/mL"", ""Sample-G"", ""432.5 g""], [""24.30 mS/cm"", ""8.05"", ""46.2 °C"", ""200.5 mL"", ""0.74 g/mL"", ""Sample-D"", ""128.5 g""], [""12.97 mS/cm"", ""11.10"", ""59.5 °C"", ""54.9 mL"", ""0.93 g/mL"", ""Sample-F"", ""66.0 g""], [""12.04 mS/cm"", ""6.86"", ""36.8 °C"", ""299.7 mL"", ""2.03 g/mL"", ""Sample-B"", ""431.2 g""]]}"
A-L3-0089,3,argmin,race_telemetry,Find the driver with the smallest Brake temperature.,"| Lap time | Fuel remaining | Top speed | Pit time | Brake temperature | Tire temperature | Driver |
| --- | --- | --- | --- | --- | --- | --- |
| 111.18 s | 35.1 L | 331.3 km/h | 19.58 s | 452 °C | 90.5 °C | Iris |
| 113.01 s | 3.0 L | 272.0 km/h | 16.80 s | 933 °C | 111.3 °C | Lena |
| 78.17 s | 78.0 L | 210.1 km/h | 0.43 s | 857 °C | 91.6 °C | Nora |
| 119.98 s | 76.0 L | 334.1 km/h | 29.35 s | 572 °C | 56.6 °C | Lucas |
| 78.78 s | 83.4 L | 215.9 km/h | 5.53 s | 671 °C | 109.6 °C | Sofia |","Answer the question using the table. Return only the final answer.

Table:
| Lap time | Fuel remaining | Top speed | Pit time | Brake temperature | Tire temperature | Driver |
| --- | --- | --- | --- | --- | --- | --- |
| 111.18 s | 35.1 L | 331.3 km/h | 19.58 s | 452 °C | 90.5 °C | Iris |
| 113.01 s | 3.0 L | 272.0 km/h | 16.80 s | 933 °C | 111.3 °C | Lena |
| 78.17 s | 78.0 L | 210.1 km/h | 0.43 s | 857 °C | 91.6 °C | Nora |
| 119.98 s | 76.0 L | 334.1 km/h | 29.35 s | 572 °C | 56.6 °C | Lucas |
| 78.78 s | 83.4 L | 215.9 km/h | 5.53 s | 671 °C | 109.6 °C | Sofia |

Question: Find the driver with the smallest Brake temperature.",Iris,argmin,5,Brake temperature,"[{""row_index"": 0, ""column_index"": 4, ""row_identifier_column"": ""Driver"", ""row_identifier_value"": ""Iris"", ""column"": ""Brake temperature"", ""raw_value"": 452.0, ""display_value"": ""452 °C""}, {""row_index"": 1, ""column_index"": 4, ""row_identifier_column"": ""Driver"", ""row_identifier_value"": ""Lena"", ""column"": ""Brake temperature"", ""raw_value"": 933.0, ""display_value"": ""933 °C""}, {""row_index"": 2, ""column_index"": 4, ""row_identifier_column"": ""Driver"", ""row_identifier_value"": ""Nora"", ""column"": ""Brake temperature"", ""raw_value"": 857.0, ""display_value"": ""857 °C""}, {""row_index"": 3, ""column_index"": 4, ""row_identifier_column"": ""Driver"", ""row_identifier_value"": ""Lucas"", ""column"": ""Brake temperature"", ""raw_value"": 572.0, ""display_value"": ""572 °C""}, {""row_index"": 4, ""column_index"": 4, ""row_identifier_column"": ""Driver"", ""row_identifier_value"": ""Sofia"", ""column"": ""Brake temperature"", ""raw_value"": 671.0, ""display_value"": ""671 °C""}]","{""target_column"": ""Brake temperature"", ""column_allowed_for_operation"": true}","{""headers"": [""Lap time"", ""Fuel remaining"", ""Top speed"", ""Pit time"", ""Brake temperature"", ""Tire temperature"", ""Driver""], ""rows"": [[""111.18 s"", ""35.1 L"", ""331.3 km/h"", ""19.58 s"", ""452 °C"", ""90.5 °C"", ""Iris""], [""113.01 s"", ""3.0 L"", ""272.0 km/h"", ""16.80 s"", ""933 °C"", ""111.3 °C"", ""Lena""], [""78.17 s"", ""78.0 L"", ""210.1 km/h"", ""0.43 s"", ""857 °C"", ""91.6 °C"", ""Nora""], [""119.98 s"", ""76.0 L"", ""334.1 km/h"", ""29.35 s"", ""572 °C"", ""56.6 °C"", ""Lucas""], [""78.78 s"", ""83.4 L"", ""215.9 km/h"", ""5.53 s"", ""671 °C"", ""109.6 °C"", ""Sofia""]]}"
A-L3-0090,3,column_average,flight_measurements,What is the average Engine temperature across all rows?,"| Pilot | Cabin pressure | Fuel | Engine temperature | Ground speed |
| --- | --- | --- | --- | --- |
| Lucas | 75.6 kPa | 8367 kg | 631 °C | 881.2 km/h |
| Maya | 85.2 kPa | 2416 kg | 763 °C | 509.2 km/h |
| Ava | 85.2 kPa | 11042 kg | 762 °C | 537.3 km/h |
| Yuna | 71.3 kPa | 9097 kg | 930 °C | 223.8 km/h |
| Iris | 70.5 kPa | 4538 kg | 878 °C | 799.5 km/h |
| Sofia | 89.7 kPa | 2485 kg | 871 °C | 364.9 km/h |
| Sam | 80.7 kPa | 1023 kg | 509 °C | 501.1 km/h |
| Chris | 93.4 kPa | 380 kg | 610 °C | 698.6 km/h |","Answer the question using the table. Return only the final answer.

Table:
| Pilot | Cabin pressure | Fuel | Engine temperature | Ground speed |
| --- | --- | --- | --- | --- |
| Lucas | 75.6 kPa | 8367 kg | 631 °C | 881.2 km/h |
| Maya | 85.2 kPa | 2416 kg | 763 °C | 509.2 km/h |
| Ava | 85.2 kPa | 11042 kg | 762 °C | 537.3 km/h |
| Yuna | 71.3 kPa | 9097 kg | 930 °C | 223.8 km/h |
| Iris | 70.5 kPa | 4538 kg | 878 °C | 799.5 km/h |
| Sofia | 89.7 kPa | 2485 kg | 871 °C | 364.9 km/h |
| Sam | 80.7 kPa | 1023 kg | 509 °C | 501.1 km/h |
| Chris | 93.4 kPa | 380 kg | 610 °C | 698.6 km/h |

Question: What is the average Engine temperature across all rows?",744.25 °C,mean,8,Engine temperature,"[{""row_index"": 0, ""column_index"": 3, ""row_identifier_column"": ""Pilot"", ""row_identifier_value"": ""Lucas"", ""column"": ""Engine temperature"", ""raw_value"": 631.0, ""display_value"": ""631 °C""}, {""row_index"": 1, ""column_index"": 3, ""row_identifier_column"": ""Pilot"", ""row_identifier_value"": ""Maya"", ""column"": ""Engine temperature"", ""raw_value"": 763.0, ""display_value"": ""763 °C""}, {""row_index"": 2, ""column_index"": 3, ""row_identifier_column"": ""Pilot"", ""row_identifier_value"": ""Ava"", ""column"": ""Engine temperature"", ""raw_value"": 762.0, ""display_value"": ""762 °C""}, {""row_index"": 3, ""column_index"": 3, ""row_identifier_column"": ""Pilot"", ""row_identifier_value"": ""Yuna"", ""column"": ""Engine temperature"", ""raw_value"": 930.0, ""display_value"": ""930 °C""}, {""row_index"": 4, ""column_index"": 3, ""row_identifier_column"": ""Pilot"", ""row_identifier_value"": ""Iris"", ""column"": ""Engine temperature"", ""raw_value"": 878.0, ""display_value"": ""878 °C""}, {""row_index"": 5, ""column_index"": 3, ""row_identifier_column"": ""Pilot"", ""row_identifier_value"": ""Sofia"", ""column"": ""Engine temperature"", ""raw_value"": 871.0, ""display_value"": ""871 °C""}, {""row_index"": 6, ""column_index"": 3, ""row_identifier_column"": ""Pilot"", ""row_identifier_value"": ""Sam"", ""column"": ""Engine temperature"", ""raw_value"": 509.0, ""display_value"": ""509 °C""}, {""row_index"": 7, ""column_index"": 3, ""row_identifier_column"": ""Pilot"", ""row_identifier_value"": ""Chris"", ""column"": ""Engine temperature"", ""raw_value"": 610.0, ""display_value"": ""610 °C""}]","{""target_column"": ""Engine temperature"", ""column_allowed_for_operation"": true, ""answer_digits"": 2}","{""headers"": [""Pilot"", ""Cabin pressure"", ""Fuel"", ""Engine temperature"", ""Ground speed""], ""rows"": [[""Lucas"", ""75.6 kPa"", ""8367 kg"", ""631 °C"", ""881.2 km/h""], [""Maya"", ""85.2 kPa"", ""2416 kg"", ""763 °C"", ""509.2 km/h""], [""Ava"", ""85.2 kPa"", ""11042 kg"", ""762 °C"", ""537.3 km/h""], [""Yuna"", ""71.3 kPa"", ""9097 kg"", ""930 °C"", ""223.8 km/h""], [""Iris"", ""70.5 kPa"", ""4538 kg"", ""878 °C"", ""799.5 km/h""], [""Sofia"", ""89.7 kPa"", ""2485 kg"", ""871 °C"", ""364.9 km/h""], [""Sam"", ""80.7 kPa"", ""1023 kg"", ""509 °C"", ""501.1 km/h""], [""Chris"", ""93.4 kPa"", ""380 kg"", ""610 °C"", ""698.6 km/h""]]}"
A-L3-0091,3,count_condition,race_telemetry,How many entries have Fuel remaining greater than 46.20 L?,"| Lap time | Tire temperature | Fuel remaining | Driver | Top speed | Pit time | Brake temperature |
| --- | --- | --- | --- | --- | --- | --- |
| 69.22 s | 92.3 °C | 28.9 L | Mina | 251.7 km/h | 15.25 s | 467 °C |
| 90.53 s | 82.5 °C | 51.3 L | Emma | 318.5 km/h | 15.86 s | 537 °C |
| 61.90 s | 135.3 °C | 41.1 L | Chris | 181.4 km/h | 14.23 s | 594 °C |
| 112.93 s | 87.7 °C | 25.9 L | Lena | 233.4 km/h | 24.56 s | 730 °C |
| 127.63 s | 105.7 °C | 53.9 L | Ethan | 229.5 km/h | 42.34 s | 661 °C |
| 75.21 s | 67.9 °C | 16.1 L | Theo | 303.3 km/h | 10.52 s | 625 °C |
| 95.77 s | 137.0 °C | 31.4 L | Alex | 176.6 km/h | 15.76 s | 708 °C |","Answer the question using the table. Return only the final answer.

Table:
| Lap time | Tire temperature | Fuel remaining | Driver | Top speed | Pit time | Brake temperature |
| --- | --- | --- | --- | --- | --- | --- |
| 69.22 s | 92.3 °C | 28.9 L | Mina | 251.7 km/h | 15.25 s | 467 °C |
| 90.53 s | 82.5 °C | 51.3 L | Emma | 318.5 km/h | 15.86 s | 537 °C |
| 61.90 s | 135.3 °C | 41.1 L | Chris | 181.4 km/h | 14.23 s | 594 °C |
| 112.93 s | 87.7 °C | 25.9 L | Lena | 233.4 km/h | 24.56 s | 730 °C |
| 127.63 s | 105.7 °C | 53.9 L | Ethan | 229.5 km/h | 42.34 s | 661 °C |
| 75.21 s | 67.9 °C | 16.1 L | Theo | 303.3 km/h | 10.52 s | 625 °C |
| 95.77 s | 137.0 °C | 31.4 L | Alex | 176.6 km/h | 15.76 s | 708 °C |

Question: How many entries have Fuel remaining greater than 46.20 L?",2,count_condition,7,Fuel remaining,"[{""row_index"": 0, ""column_index"": 2, ""row_identifier_column"": ""Driver"", ""row_identifier_value"": ""Mina"", ""column"": ""Fuel remaining"", ""raw_value"": 28.9, ""display_value"": ""28.9 L""}, {""row_index"": 1, ""column_index"": 2, ""row_identifier_column"": ""Driver"", ""row_identifier_value"": ""Emma"", ""column"": ""Fuel remaining"", ""raw_value"": 51.3, ""display_value"": ""51.3 L""}, {""row_index"": 2, ""column_index"": 2, ""row_identifier_column"": ""Driver"", ""row_identifier_value"": ""Chris"", ""column"": ""Fuel remaining"", ""raw_value"": 41.1, ""display_value"": ""41.1 L""}, {""row_index"": 3, ""column_index"": 2, ""row_identifier_column"": ""Driver"", ""row_identifier_value"": ""Lena"", ""column"": ""Fuel remaining"", ""raw_value"": 25.9, ""display_value"": ""25.9 L""}, {""row_index"": 4, ""column_index"": 2, ""row_identifier_column"": ""Driver"", ""row_identifier_value"": ""Ethan"", ""column"": ""Fuel remaining"", ""raw_value"": 53.9, ""display_value"": ""53.9 L""}, {""row_index"": 5, ""column_index"": 2, ""row_identifier_column"": ""Driver"", ""row_identifier_value"": ""Theo"", ""column"": ""Fuel remaining"", ""raw_value"": 16.1, ""display_value"": ""16.1 L""}, {""row_index"": 6, ""column_index"": 2, ""row_identifier_column"": ""Driver"", ""row_identifier_value"": ""Alex"", ""column"": ""Fuel remaining"", ""raw_value"": 31.4, ""display_value"": ""31.4 L""}]","{""target_column"": ""Fuel remaining"", ""column_allowed_for_operation"": true, ""comparison"": ""greater_than"", ""threshold_raw"": 46.2, ""threshold_display"": ""46.20 L""}","{""headers"": [""Lap time"", ""Tire temperature"", ""Fuel remaining"", ""Driver"", ""Top speed"", ""Pit time"", ""Brake temperature""], ""rows"": [[""69.22 s"", ""92.3 °C"", ""28.9 L"", ""Mina"", ""251.7 km/h"", ""15.25 s"", ""467 °C""], [""90.53 s"", ""82.5 °C"", ""51.3 L"", ""Emma"", ""318.5 km/h"", ""15.86 s"", ""537 °C""], [""61.90 s"", ""135.3 °C"", ""41.1 L"", ""Chris"", ""181.4 km/h"", ""14.23 s"", ""594 °C""], [""112.93 s"", ""87.7 °C"", ""25.9 L"", ""Lena"", ""233.4 km/h"", ""24.56 s"", ""730 °C""], [""127.63 s"", ""105.7 °C"", ""53.9 L"", ""Ethan"", ""229.5 km/h"", ""42.34 s"", ""661 °C""], [""75.21 s"", ""67.9 °C"", ""16.1 L"", ""Theo"", ""303.3 km/h"", ""10.52 s"", ""625 °C""], [""95.77 s"", ""137.0 °C"", ""31.4 L"", ""Alex"", ""176.6 km/h"", ""15.76 s"", ""708 °C""]]}"
A-L3-0092,3,argmax,race_telemetry,"According to the table, which driver has the maximum Lap time?","| Top speed | Tire temperature | Brake temperature | Lap time | Driver |
| --- | --- | --- | --- | --- |
| 304.0 km/h | 73.7 °C | 798 °C | 74.77 s | Sofia |
| 315.0 km/h | 129.6 °C | 481 °C | 126.90 s | Nora |
| 290.2 km/h | 112.9 °C | 820 °C | 122.78 s | Lucas |
| 331.8 km/h | 144.6 °C | 882 °C | 104.69 s | David |
| 294.7 km/h | 69.3 °C | 535 °C | 92.70 s | Lena |","Answer the question using the table. Return only the final answer.

Table:
| Top speed | Tire temperature | Brake temperature | Lap time | Driver |
| --- | --- | --- | --- | --- |
| 304.0 km/h | 73.7 °C | 798 °C | 74.77 s | Sofia |
| 315.0 km/h | 129.6 °C | 481 °C | 126.90 s | Nora |
| 290.2 km/h | 112.9 °C | 820 °C | 122.78 s | Lucas |
| 331.8 km/h | 144.6 °C | 882 °C | 104.69 s | David |
| 294.7 km/h | 69.3 °C | 535 °C | 92.70 s | Lena |

Question: According to the table, which driver has the maximum Lap time?",Nora,argmax,5,Lap time,"[{""row_index"": 0, ""column_index"": 3, ""row_identifier_column"": ""Driver"", ""row_identifier_value"": ""Sofia"", ""column"": ""Lap time"", ""raw_value"": 74.77, ""display_value"": ""74.77 s""}, {""row_index"": 1, ""column_index"": 3, ""row_identifier_column"": ""Driver"", ""row_identifier_value"": ""Nora"", ""column"": ""Lap time"", ""raw_value"": 126.9, ""display_value"": ""126.90 s""}, {""row_index"": 2, ""column_index"": 3, ""row_identifier_column"": ""Driver"", ""row_identifier_value"": ""Lucas"", ""column"": ""Lap time"", ""raw_value"": 122.78, ""display_value"": ""122.78 s""}, {""row_index"": 3, ""column_index"": 3, ""row_identifier_column"": ""Driver"", ""row_identifier_value"": ""David"", ""column"": ""Lap time"", ""raw_value"": 104.69, ""display_value"": ""104.69 s""}, {""row_index"": 4, ""column_index"": 3, ""row_identifier_column"": ""Driver"", ""row_identifier_value"": ""Lena"", ""column"": ""Lap time"", ""raw_value"": 92.7, ""display_value"": ""92.70 s""}]","{""target_column"": ""Lap time"", ""column_allowed_for_operation"": true}","{""headers"": [""Top speed"", ""Tire temperature"", ""Brake temperature"", ""Lap time"", ""Driver""], ""rows"": [[""304.0 km/h"", ""73.7 °C"", ""798 °C"", ""74.77 s"", ""Sofia""], [""315.0 km/h"", ""129.6 °C"", ""481 °C"", ""126.90 s"", ""Nora""], [""290.2 km/h"", ""112.9 °C"", ""820 °C"", ""122.78 s"", ""Lucas""], [""331.8 km/h"", ""144.6 °C"", ""882 °C"", ""104.69 s"", ""David""], [""294.7 km/h"", ""69.3 °C"", ""535 °C"", ""92.70 s"", ""Lena""]]}"
A-L3-0093,3,column_sum,ml_benchmark,What is the total Energy use across all rows?,"| F1 score | Energy use | Memory usage | Model | Latency | Throughput |
| --- | --- | --- | --- | --- | --- |
| 61.4 % | 25.1 Wh | 12.6 GB | Pulse | 147.3 ms | 204.3 req/s |
| 72.2 % | 27.0 Wh | 18.6 GB | Aurora | 59.3 ms | 451.2 req/s |
| 46.1 % | 32.4 Wh | 15.2 GB | Sigma | 103.1 ms | 193.6 req/s |
| 55.9 % | 418.2 Wh | 4.9 GB | Nova | 30.2 ms | 458.7 req/s |
| 88.1 % | 211.7 Wh | 16.6 GB | Delta | 57.6 ms | 83.7 req/s |
| 87.8 % | 328.3 Wh | 1.8 GB | Echo | 172.4 ms | 350.8 req/s |
| 65.7 % | 392.0 Wh | 7.7 GB | Vertex | 37.6 ms | 245.1 req/s |
| 47.3 % | 206.0 Wh | 11.0 GB | Nimbus | 14.6 ms | 371.3 req/s |","Answer the question using the table. Return only the final answer.

Table:
| F1 score | Energy use | Memory usage | Model | Latency | Throughput |
| --- | --- | --- | --- | --- | --- |
| 61.4 % | 25.1 Wh | 12.6 GB | Pulse | 147.3 ms | 204.3 req/s |
| 72.2 % | 27.0 Wh | 18.6 GB | Aurora | 59.3 ms | 451.2 req/s |
| 46.1 % | 32.4 Wh | 15.2 GB | Sigma | 103.1 ms | 193.6 req/s |
| 55.9 % | 418.2 Wh | 4.9 GB | Nova | 30.2 ms | 458.7 req/s |
| 88.1 % | 211.7 Wh | 16.6 GB | Delta | 57.6 ms | 83.7 req/s |
| 87.8 % | 328.3 Wh | 1.8 GB | Echo | 172.4 ms | 350.8 req/s |
| 65.7 % | 392.0 Wh | 7.7 GB | Vertex | 37.6 ms | 245.1 req/s |
| 47.3 % | 206.0 Wh | 11.0 GB | Nimbus | 14.6 ms | 371.3 req/s |

Question: What is the total Energy use across all rows?",1640.7 Wh,sum,8,Energy use,"[{""row_index"": 0, ""column_index"": 1, ""row_identifier_column"": ""Model"", ""row_identifier_value"": ""Pulse"", ""column"": ""Energy use"", ""raw_value"": 25.1, ""display_value"": ""25.1 Wh""}, {""row_index"": 1, ""column_index"": 1, ""row_identifier_column"": ""Model"", ""row_identifier_value"": ""Aurora"", ""column"": ""Energy use"", ""raw_value"": 27.0, ""display_value"": ""27.0 Wh""}, {""row_index"": 2, ""column_index"": 1, ""row_identifier_column"": ""Model"", ""row_identifier_value"": ""Sigma"", ""column"": ""Energy use"", ""raw_value"": 32.4, ""display_value"": ""32.4 Wh""}, {""row_index"": 3, ""column_index"": 1, ""row_identifier_column"": ""Model"", ""row_identifier_value"": ""Nova"", ""column"": ""Energy use"", ""raw_value"": 418.2, ""display_value"": ""418.2 Wh""}, {""row_index"": 4, ""column_index"": 1, ""row_identifier_column"": ""Model"", ""row_identifier_value"": ""Delta"", ""column"": ""Energy use"", ""raw_value"": 211.7, ""display_value"": ""211.7 Wh""}, {""row_index"": 5, ""column_index"": 1, ""row_identifier_column"": ""Model"", ""row_identifier_value"": ""Echo"", ""column"": ""Energy use"", ""raw_value"": 328.3, ""display_value"": ""328.3 Wh""}, {""row_index"": 6, ""column_index"": 1, ""row_identifier_column"": ""Model"", ""row_identifier_value"": ""Vertex"", ""column"": ""Energy use"", ""raw_value"": 392.0, ""display_value"": ""392.0 Wh""}, {""row_index"": 7, ""column_index"": 1, ""row_identifier_column"": ""Model"", ""row_identifier_value"": ""Nimbus"", ""column"": ""Energy use"", ""raw_value"": 206.0, ""display_value"": ""206.0 Wh""}]","{""target_column"": ""Energy use"", ""column_allowed_for_operation"": true}","{""headers"": [""F1 score"", ""Energy use"", ""Memory usage"", ""Model"", ""Latency"", ""Throughput""], ""rows"": [[""61.4 %"", ""25.1 Wh"", ""12.6 GB"", ""Pulse"", ""147.3 ms"", ""204.3 req/s""], [""72.2 %"", ""27.0 Wh"", ""18.6 GB"", ""Aurora"", ""59.3 ms"", ""451.2 req/s""], [""46.1 %"", ""32.4 Wh"", ""15.2 GB"", ""Sigma"", ""103.1 ms"", ""193.6 req/s""], [""55.9 %"", ""418.2 Wh"", ""4.9 GB"", ""Nova"", ""30.2 ms"", ""458.7 req/s""], [""88.1 %"", ""211.7 Wh"", ""16.6 GB"", ""Delta"", ""57.6 ms"", ""83.7 req/s""], [""87.8 %"", ""328.3 Wh"", ""1.8 GB"", ""Echo"", ""172.4 ms"", ""350.8 req/s""], [""65.7 %"", ""392.0 Wh"", ""7.7 GB"", ""Vertex"", ""37.6 ms"", ""245.1 req/s""], [""47.3 %"", ""206.0 Wh"", ""11.0 GB"", ""Nimbus"", ""14.6 ms"", ""371.3 req/s""]]}"
A-L3-0094,3,column_sum,flight_measurements,"According to the table, what is the sum of Fuel for all entries?","| Pilot | Vertical speed | Cabin pressure | Altitude | Ground speed | Engine temperature | Fuel |
| --- | --- | --- | --- | --- | --- | --- |
| Iris | -3.8 m/s | 91.2 kPa | 11679 m | 157.9 km/h | 762 °C | 1863 kg |
| Julia | 6.7 m/s | 69.5 kPa | 11231 m | 739.6 km/h | 845 °C | 810 kg |
| Maya | 9.3 m/s | 77.9 kPa | 515 m | 906.6 km/h | 841 °C | 881 kg |
| Jisoo | 5.6 m/s | 86.1 kPa | 9870 m | 246.1 km/h | 520 °C | 1822 kg |
| Hana | 18.1 m/s | 65.3 kPa | 4960 m | 610.8 km/h | 567 °C | 1228 kg |
| Theo | -6.0 m/s | 76.7 kPa | 2795 m | 512.4 km/h | 723 °C | 7554 kg |
| Lena | 5.9 m/s | 88.9 kPa | 9489 m | 627.7 km/h | 806 °C | 7660 kg |
| Oliver | -18.0 m/s | 96.8 kPa | 11946 m | 564.2 km/h | 754 °C | 1508 kg |
| Alex | -16.7 m/s | 97.9 kPa | 8387 m | 753.0 km/h | 947 °C | 695 kg |","Answer the question using the table. Return only the final answer.

Table:
| Pilot | Vertical speed | Cabin pressure | Altitude | Ground speed | Engine temperature | Fuel |
| --- | --- | --- | --- | --- | --- | --- |
| Iris | -3.8 m/s | 91.2 kPa | 11679 m | 157.9 km/h | 762 °C | 1863 kg |
| Julia | 6.7 m/s | 69.5 kPa | 11231 m | 739.6 km/h | 845 °C | 810 kg |
| Maya | 9.3 m/s | 77.9 kPa | 515 m | 906.6 km/h | 841 °C | 881 kg |
| Jisoo | 5.6 m/s | 86.1 kPa | 9870 m | 246.1 km/h | 520 °C | 1822 kg |
| Hana | 18.1 m/s | 65.3 kPa | 4960 m | 610.8 km/h | 567 °C | 1228 kg |
| Theo | -6.0 m/s | 76.7 kPa | 2795 m | 512.4 km/h | 723 °C | 7554 kg |
| Lena | 5.9 m/s | 88.9 kPa | 9489 m | 627.7 km/h | 806 °C | 7660 kg |
| Oliver | -18.0 m/s | 96.8 kPa | 11946 m | 564.2 km/h | 754 °C | 1508 kg |
| Alex | -16.7 m/s | 97.9 kPa | 8387 m | 753.0 km/h | 947 °C | 695 kg |

Question: According to the table, what is the sum of Fuel for all entries?",24021 kg,sum,9,Fuel,"[{""row_index"": 0, ""column_index"": 6, ""row_identifier_column"": ""Pilot"", ""row_identifier_value"": ""Iris"", ""column"": ""Fuel"", ""raw_value"": 1863.0, ""display_value"": ""1863 kg""}, {""row_index"": 1, ""column_index"": 6, ""row_identifier_column"": ""Pilot"", ""row_identifier_value"": ""Julia"", ""column"": ""Fuel"", ""raw_value"": 810.0, ""display_value"": ""810 kg""}, {""row_index"": 2, ""column_index"": 6, ""row_identifier_column"": ""Pilot"", ""row_identifier_value"": ""Maya"", ""column"": ""Fuel"", ""raw_value"": 881.0, ""display_value"": ""881 kg""}, {""row_index"": 3, ""column_index"": 6, ""row_identifier_column"": ""Pilot"", ""row_identifier_value"": ""Jisoo"", ""column"": ""Fuel"", ""raw_value"": 1822.0, ""display_value"": ""1822 kg""}, {""row_index"": 4, ""column_index"": 6, ""row_identifier_column"": ""Pilot"", ""row_identifier_value"": ""Hana"", ""column"": ""Fuel"", ""raw_value"": 1228.0, ""display_value"": ""1228 kg""}, {""row_index"": 5, ""column_index"": 6, ""row_identifier_column"": ""Pilot"", ""row_identifier_value"": ""Theo"", ""column"": ""Fuel"", ""raw_value"": 7554.0, ""display_value"": ""7554 kg""}, {""row_index"": 6, ""column_index"": 6, ""row_identifier_column"": ""Pilot"", ""row_identifier_value"": ""Lena"", ""column"": ""Fuel"", ""raw_value"": 7660.0, ""display_value"": ""7660 kg""}, {""row_index"": 7, ""column_index"": 6, ""row_identifier_column"": ""Pilot"", ""row_identifier_value"": ""Oliver"", ""column"": ""Fuel"", ""raw_value"": 1508.0, ""display_value"": ""1508 kg""}, {""row_index"": 8, ""column_index"": 6, ""row_identifier_column"": ""Pilot"", ""row_identifier_value"": ""Alex"", ""column"": ""Fuel"", ""raw_value"": 695.0, ""display_value"": ""695 kg""}]","{""target_column"": ""Fuel"", ""column_allowed_for_operation"": true}","{""headers"": [""Pilot"", ""Vertical speed"", ""Cabin pressure"", ""Altitude"", ""Ground speed"", ""Engine temperature"", ""Fuel""], ""rows"": [[""Iris"", ""-3.8 m/s"", ""91.2 kPa"", ""11679 m"", ""157.9 km/h"", ""762 °C"", ""1863 kg""], [""Julia"", ""6.7 m/s"", ""69.5 kPa"", ""11231 m"", ""739.6 km/h"", ""845 °C"", ""810 kg""], [""Maya"", ""9.3 m/s"", ""77.9 kPa"", ""515 m"", ""906.6 km/h"", ""841 °C"", ""881 kg""], [""Jisoo"", ""5.6 m/s"", ""86.1 kPa"", ""9870 m"", ""246.1 km/h"", ""520 °C"", ""1822 kg""], [""Hana"", ""18.1 m/s"", ""65.3 kPa"", ""4960 m"", ""610.8 km/h"", ""567 °C"", ""1228 kg""], [""Theo"", ""-6.0 m/s"", ""76.7 kPa"", ""2795 m"", ""512.4 km/h"", ""723 °C"", ""7554 kg""], [""Lena"", ""5.9 m/s"", ""88.9 kPa"", ""9489 m"", ""627.7 km/h"", ""806 °C"", ""7660 kg""], [""Oliver"", ""-18.0 m/s"", ""96.8 kPa"", ""11946 m"", ""564.2 km/h"", ""754 °C"", ""1508 kg""], [""Alex"", ""-16.7 m/s"", ""97.9 kPa"", ""8387 m"", ""753.0 km/h"", ""947 °C"", ""695 kg""]]}"
A-L3-0095,3,column_average,battery_tests,Calculate the mean Internal resistance of all entries in the table.,"| State of health | Capacity | Voltage | Charge cycles | Internal resistance | Cell |
| --- | --- | --- | --- | --- | --- |
| 74.1 % | 5770 mAh | 3.56 V | 938 cycles | 114.8 mΩ | Cell-C1 |
| 79.3 % | 5945 mAh | 4.23 V | 993 cycles | 75.8 mΩ | Cell-A1 |
| 61.9 % | 3865 mAh | 3.17 V | 940 cycles | 143.9 mΩ | Cell-B2 |
| 89.7 % | 5551 mAh | 3.17 V | 1074 cycles | 55.9 mΩ | Cell-B1 |
| 79.4 % | 3316 mAh | 3.11 V | 1208 cycles | 9.1 mΩ | Cell-D1 |
| 72.3 % | 3941 mAh | 3.74 V | 593 cycles | 62.1 mΩ | Cell-E1 |
| 67.7 % | 3571 mAh | 2.84 V | 12 cycles | 75.0 mΩ | Cell-F2 |","Answer the question using the table. Return only the final answer.

Table:
| State of health | Capacity | Voltage | Charge cycles | Internal resistance | Cell |
| --- | --- | --- | --- | --- | --- |
| 74.1 % | 5770 mAh | 3.56 V | 938 cycles | 114.8 mΩ | Cell-C1 |
| 79.3 % | 5945 mAh | 4.23 V | 993 cycles | 75.8 mΩ | Cell-A1 |
| 61.9 % | 3865 mAh | 3.17 V | 940 cycles | 143.9 mΩ | Cell-B2 |
| 89.7 % | 5551 mAh | 3.17 V | 1074 cycles | 55.9 mΩ | Cell-B1 |
| 79.4 % | 3316 mAh | 3.11 V | 1208 cycles | 9.1 mΩ | Cell-D1 |
| 72.3 % | 3941 mAh | 3.74 V | 593 cycles | 62.1 mΩ | Cell-E1 |
| 67.7 % | 3571 mAh | 2.84 V | 12 cycles | 75.0 mΩ | Cell-F2 |

Question: Calculate the mean Internal resistance of all entries in the table.",76.66 mΩ,mean,7,Internal resistance,"[{""row_index"": 0, ""column_index"": 4, ""row_identifier_column"": ""Cell"", ""row_identifier_value"": ""Cell-C1"", ""column"": ""Internal resistance"", ""raw_value"": 114.8, ""display_value"": ""114.8 mΩ""}, {""row_index"": 1, ""column_index"": 4, ""row_identifier_column"": ""Cell"", ""row_identifier_value"": ""Cell-A1"", ""column"": ""Internal resistance"", ""raw_value"": 75.8, ""display_value"": ""75.8 mΩ""}, {""row_index"": 2, ""column_index"": 4, ""row_identifier_column"": ""Cell"", ""row_identifier_value"": ""Cell-B2"", ""column"": ""Internal resistance"", ""raw_value"": 143.9, ""display_value"": ""143.9 mΩ""}, {""row_index"": 3, ""column_index"": 4, ""row_identifier_column"": ""Cell"", ""row_identifier_value"": ""Cell-B1"", ""column"": ""Internal resistance"", ""raw_value"": 55.9, ""display_value"": ""55.9 mΩ""}, {""row_index"": 4, ""column_index"": 4, ""row_identifier_column"": ""Cell"", ""row_identifier_value"": ""Cell-D1"", ""column"": ""Internal resistance"", ""raw_value"": 9.1, ""display_value"": ""9.1 mΩ""}, {""row_index"": 5, ""column_index"": 4, ""row_identifier_column"": ""Cell"", ""row_identifier_value"": ""Cell-E1"", ""column"": ""Internal resistance"", ""raw_value"": 62.1, ""display_value"": ""62.1 mΩ""}, {""row_index"": 6, ""column_index"": 4, ""row_identifier_column"": ""Cell"", ""row_identifier_value"": ""Cell-F2"", ""column"": ""Internal resistance"", ""raw_value"": 75.0, ""display_value"": ""75.0 mΩ""}]","{""target_column"": ""Internal resistance"", ""column_allowed_for_operation"": true, ""answer_digits"": 2}","{""headers"": [""State of health"", ""Capacity"", ""Voltage"", ""Charge cycles"", ""Internal resistance"", ""Cell""], ""rows"": [[""74.1 %"", ""5770 mAh"", ""3.56 V"", ""938 cycles"", ""114.8 mΩ"", ""Cell-C1""], [""79.3 %"", ""5945 mAh"", ""4.23 V"", ""993 cycles"", ""75.8 mΩ"", ""Cell-A1""], [""61.9 %"", ""3865 mAh"", ""3.17 V"", ""940 cycles"", ""143.9 mΩ"", ""Cell-B2""], [""89.7 %"", ""5551 mAh"", ""3.17 V"", ""1074 cycles"", ""55.9 mΩ"", ""Cell-B1""], [""79.4 %"", ""3316 mAh"", ""3.11 V"", ""1208 cycles"", ""9.1 mΩ"", ""Cell-D1""], [""72.3 %"", ""3941 mAh"", ""3.74 V"", ""593 cycles"", ""62.1 mΩ"", ""Cell-E1""], [""67.7 %"", ""3571 mAh"", ""2.84 V"", ""12 cycles"", ""75.0 mΩ"", ""Cell-F2""]]}"
A-L3-0096,3,argmax,sports_statistics,Which team has the highest Passes?,"| Passes | Points | Team | Goals scored | Possession | Shots |
| --- | --- | --- | --- | --- | --- |
| 259 passes | 92 points | Cyclones | 36 goals | 56.2 % | 116 shots |
| 869 passes | 99 points | Panthers | 94 goals | 47.5 % | 96 shots |
| 163 passes | 83 points | Comets | 12 goals | 46.6 % | 150 shots |
| 860 passes | 40 points | Knights | 22 goals | 37.0 % | 158 shots |
| 323 passes | 81 points | Falcons | 87 goals | 43.8 % | 116 shots |
| 225 passes | 81 points | Wolves | 22 goals | 37.6 % | 63 shots |","Answer the question using the table. Return only the final answer.

Table:
| Passes | Points | Team | Goals scored | Possession | Shots |
| --- | --- | --- | --- | --- | --- |
| 259 passes | 92 points | Cyclones | 36 goals | 56.2 % | 116 shots |
| 869 passes | 99 points | Panthers | 94 goals | 47.5 % | 96 shots |
| 163 passes | 83 points | Comets | 12 goals | 46.6 % | 150 shots |
| 860 passes | 40 points | Knights | 22 goals | 37.0 % | 158 shots |
| 323 passes | 81 points | Falcons | 87 goals | 43.8 % | 116 shots |
| 225 passes | 81 points | Wolves | 22 goals | 37.6 % | 63 shots |

Question: Which team has the highest Passes?",Panthers,argmax,6,Passes,"[{""row_index"": 0, ""column_index"": 0, ""row_identifier_column"": ""Team"", ""row_identifier_value"": ""Cyclones"", ""column"": ""Passes"", ""raw_value"": 259.0, ""display_value"": ""259 passes""}, {""row_index"": 1, ""column_index"": 0, ""row_identifier_column"": ""Team"", ""row_identifier_value"": ""Panthers"", ""column"": ""Passes"", ""raw_value"": 869.0, ""display_value"": ""869 passes""}, {""row_index"": 2, ""column_index"": 0, ""row_identifier_column"": ""Team"", ""row_identifier_value"": ""Comets"", ""column"": ""Passes"", ""raw_value"": 163.0, ""display_value"": ""163 passes""}, {""row_index"": 3, ""column_index"": 0, ""row_identifier_column"": ""Team"", ""row_identifier_value"": ""Knights"", ""column"": ""Passes"", ""raw_value"": 860.0, ""display_value"": ""860 passes""}, {""row_index"": 4, ""column_index"": 0, ""row_identifier_column"": ""Team"", ""row_identifier_value"": ""Falcons"", ""column"": ""Passes"", ""raw_value"": 323.0, ""display_value"": ""323 passes""}, {""row_index"": 5, ""column_index"": 0, ""row_identifier_column"": ""Team"", ""row_identifier_value"": ""Wolves"", ""column"": ""Passes"", ""raw_value"": 225.0, ""display_value"": ""225 passes""}]","{""target_column"": ""Passes"", ""column_allowed_for_operation"": true}","{""headers"": [""Passes"", ""Points"", ""Team"", ""Goals scored"", ""Possession"", ""Shots""], ""rows"": [[""259 passes"", ""92 points"", ""Cyclones"", ""36 goals"", ""56.2 %"", ""116 shots""], [""869 passes"", ""99 points"", ""Panthers"", ""94 goals"", ""47.5 %"", ""96 shots""], [""163 passes"", ""83 points"", ""Comets"", ""12 goals"", ""46.6 %"", ""150 shots""], [""860 passes"", ""40 points"", ""Knights"", ""22 goals"", ""37.0 %"", ""158 shots""], [""323 passes"", ""81 points"", ""Falcons"", ""87 goals"", ""43.8 %"", ""116 shots""], [""225 passes"", ""81 points"", ""Wolves"", ""22 goals"", ""37.6 %"", ""63 shots""]]}"
A-L3-0097,3,count_condition,regional_sales,"According to the table, how many entries have Revenue less than 381.90 kUSD?","| Retail orders | Ad spend | Region | Returns | Revenue | Online orders |
| --- | --- | --- | --- | --- | --- |
| 3495 orders | 99.6 kUSD | Maple | 497 units | 571.5 kUSD | 3461 orders |
| 3634 orders | 235.5 kUSD | Brookfield | 399 units | 221.2 kUSD | 1626 orders |
| 3547 orders | 225.7 kUSD | Fairview | 205 units | 742.0 kUSD | 3037 orders |
| 4067 orders | 78.6 kUSD | Pinehurst | 487 units | 901.2 kUSD | 4306 orders |
| 1159 orders | 109.8 kUSD | Riverton | 391 units | 424.3 kUSD | 4321 orders |
| 2374 orders | 22.9 kUSD | Oakridge | 494 units | 82.8 kUSD | 3616 orders |
| 3951 orders | 237.8 kUSD | Lakeside | 230 units | 75.8 kUSD | 3526 orders |
| 3724 orders | 18.0 kUSD | Hillcrest | 305 units | 339.5 kUSD | 3553 orders |","Answer the question using the table. Return only the final answer.

Table:
| Retail orders | Ad spend | Region | Returns | Revenue | Online orders |
| --- | --- | --- | --- | --- | --- |
| 3495 orders | 99.6 kUSD | Maple | 497 units | 571.5 kUSD | 3461 orders |
| 3634 orders | 235.5 kUSD | Brookfield | 399 units | 221.2 kUSD | 1626 orders |
| 3547 orders | 225.7 kUSD | Fairview | 205 units | 742.0 kUSD | 3037 orders |
| 4067 orders | 78.6 kUSD | Pinehurst | 487 units | 901.2 kUSD | 4306 orders |
| 1159 orders | 109.8 kUSD | Riverton | 391 units | 424.3 kUSD | 4321 orders |
| 2374 orders | 22.9 kUSD | Oakridge | 494 units | 82.8 kUSD | 3616 orders |
| 3951 orders | 237.8 kUSD | Lakeside | 230 units | 75.8 kUSD | 3526 orders |
| 3724 orders | 18.0 kUSD | Hillcrest | 305 units | 339.5 kUSD | 3553 orders |

Question: According to the table, how many entries have Revenue less than 381.90 kUSD?",4,count_condition,8,Revenue,"[{""row_index"": 0, ""column_index"": 4, ""row_identifier_column"": ""Region"", ""row_identifier_value"": ""Maple"", ""column"": ""Revenue"", ""raw_value"": 571.5, ""display_value"": ""571.5 kUSD""}, {""row_index"": 1, ""column_index"": 4, ""row_identifier_column"": ""Region"", ""row_identifier_value"": ""Brookfield"", ""column"": ""Revenue"", ""raw_value"": 221.2, ""display_value"": ""221.2 kUSD""}, {""row_index"": 2, ""column_index"": 4, ""row_identifier_column"": ""Region"", ""row_identifier_value"": ""Fairview"", ""column"": ""Revenue"", ""raw_value"": 742.0, ""display_value"": ""742.0 kUSD""}, {""row_index"": 3, ""column_index"": 4, ""row_identifier_column"": ""Region"", ""row_identifier_value"": ""Pinehurst"", ""column"": ""Revenue"", ""raw_value"": 901.2, ""display_value"": ""901.2 kUSD""}, {""row_index"": 4, ""column_index"": 4, ""row_identifier_column"": ""Region"", ""row_identifier_value"": ""Riverton"", ""column"": ""Revenue"", ""raw_value"": 424.3, ""display_value"": ""424.3 kUSD""}, {""row_index"": 5, ""column_index"": 4, ""row_identifier_column"": ""Region"", ""row_identifier_value"": ""Oakridge"", ""column"": ""Revenue"", ""raw_value"": 82.8, ""display_value"": ""82.8 kUSD""}, {""row_index"": 6, ""column_index"": 4, ""row_identifier_column"": ""Region"", ""row_identifier_value"": ""Lakeside"", ""column"": ""Revenue"", ""raw_value"": 75.8, ""display_value"": ""75.8 kUSD""}, {""row_index"": 7, ""column_index"": 4, ""row_identifier_column"": ""Region"", ""row_identifier_value"": ""Hillcrest"", ""column"": ""Revenue"", ""raw_value"": 339.5, ""display_value"": ""339.5 kUSD""}]","{""target_column"": ""Revenue"", ""column_allowed_for_operation"": true, ""comparison"": ""less_than"", ""threshold_raw"": 381.9, ""threshold_display"": ""381.90 kUSD""}","{""headers"": [""Retail orders"", ""Ad spend"", ""Region"", ""Returns"", ""Revenue"", ""Online orders""], ""rows"": [[""3495 orders"", ""99.6 kUSD"", ""Maple"", ""497 units"", ""571.5 kUSD"", ""3461 orders""], [""3634 orders"", ""235.5 kUSD"", ""Brookfield"", ""399 units"", ""221.2 kUSD"", ""1626 orders""], [""3547 orders"", ""225.7 kUSD"", ""Fairview"", ""205 units"", ""742.0 kUSD"", ""3037 orders""], [""4067 orders"", ""78.6 kUSD"", ""Pinehurst"", ""487 units"", ""901.2 kUSD"", ""4306 orders""], [""1159 orders"", ""109.8 kUSD"", ""Riverton"", ""391 units"", ""424.3 kUSD"", ""4321 orders""], [""2374 orders"", ""22.9 kUSD"", ""Oakridge"", ""494 units"", ""82.8 kUSD"", ""3616 orders""], [""3951 orders"", ""237.8 kUSD"", ""Lakeside"", ""230 units"", ""75.8 kUSD"", ""3526 orders""], [""3724 orders"", ""18.0 kUSD"", ""Hillcrest"", ""305 units"", ""339.5 kUSD"", ""3553 orders""]]}"
A-L3-0098,3,count_condition,race_telemetry,"According to the table, how many entries have Lap time greater than 64.215 s?","| Driver | Pit time | Fuel remaining | Top speed | Lap time |
| --- | --- | --- | --- | --- |
| Daniel | 19.62 s | 86.1 L | 317.9 km/h | 58.08 s |
| Maya | 20.37 s | 73.7 L | 229.2 km/h | 113.09 s |
| Nora | 38.46 s | 58.7 L | 250.8 km/h | 136.04 s |
| Noah | 19.74 s | 78.8 L | 209.3 km/h | 70.35 s |
| Chris | 35.09 s | 58.2 L | 361.7 km/h | 100.30 s |","Answer the question using the table. Return only the final answer.

Table:
| Driver | Pit time | Fuel remaining | Top speed | Lap time |
| --- | --- | --- | --- | --- |
| Daniel | 19.62 s | 86.1 L | 317.9 km/h | 58.08 s |
| Maya | 20.37 s | 73.7 L | 229.2 km/h | 113.09 s |
| Nora | 38.46 s | 58.7 L | 250.8 km/h | 136.04 s |
| Noah | 19.74 s | 78.8 L | 209.3 km/h | 70.35 s |
| Chris | 35.09 s | 58.2 L | 361.7 km/h | 100.30 s |

Question: According to the table, how many entries have Lap time greater than 64.215 s?",4,count_condition,5,Lap time,"[{""row_index"": 0, ""column_index"": 4, ""row_identifier_column"": ""Driver"", ""row_identifier_value"": ""Daniel"", ""column"": ""Lap time"", ""raw_value"": 58.08, ""display_value"": ""58.08 s""}, {""row_index"": 1, ""column_index"": 4, ""row_identifier_column"": ""Driver"", ""row_identifier_value"": ""Maya"", ""column"": ""Lap time"", ""raw_value"": 113.09, ""display_value"": ""113.09 s""}, {""row_index"": 2, ""column_index"": 4, ""row_identifier_column"": ""Driver"", ""row_identifier_value"": ""Nora"", ""column"": ""Lap time"", ""raw_value"": 136.04, ""display_value"": ""136.04 s""}, {""row_index"": 3, ""column_index"": 4, ""row_identifier_column"": ""Driver"", ""row_identifier_value"": ""Noah"", ""column"": ""Lap time"", ""raw_value"": 70.35, ""display_value"": ""70.35 s""}, {""row_index"": 4, ""column_index"": 4, ""row_identifier_column"": ""Driver"", ""row_identifier_value"": ""Chris"", ""column"": ""Lap time"", ""raw_value"": 100.3, ""display_value"": ""100.30 s""}]","{""target_column"": ""Lap time"", ""column_allowed_for_operation"": true, ""comparison"": ""greater_than"", ""threshold_raw"": 64.215, ""threshold_display"": ""64.215 s""}","{""headers"": [""Driver"", ""Pit time"", ""Fuel remaining"", ""Top speed"", ""Lap time""], ""rows"": [[""Daniel"", ""19.62 s"", ""86.1 L"", ""317.9 km/h"", ""58.08 s""], [""Maya"", ""20.37 s"", ""73.7 L"", ""229.2 km/h"", ""113.09 s""], [""Nora"", ""38.46 s"", ""58.7 L"", ""250.8 km/h"", ""136.04 s""], [""Noah"", ""19.74 s"", ""78.8 L"", ""209.3 km/h"", ""70.35 s""], [""Chris"", ""35.09 s"", ""58.2 L"", ""361.7 km/h"", ""100.30 s""]]}"
A-L3-0099,3,argmax,flight_measurements,Find the pilot with the greatest Engine temperature.,"| Vertical speed | Fuel | Engine temperature | Ground speed | Pilot |
| --- | --- | --- | --- | --- |
| 14.8 m/s | 708 kg | 785 °C | 318.1 km/h | Alex |
| -9.7 m/s | 3977 kg | 570 °C | 927.4 km/h | Julia |
| 4.8 m/s | 11783 kg | 886 °C | 476.9 km/h | Lucas |
| 16.3 m/s | 11927 kg | 497 °C | 694.6 km/h | David |
| -7.6 m/s | 4220 kg | 761 °C | 363.1 km/h | Ava |
| 16.3 m/s | 11309 kg | 498 °C | 653.1 km/h | Daniel |","Answer the question using the table. Return only the final answer.

Table:
| Vertical speed | Fuel | Engine temperature | Ground speed | Pilot |
| --- | --- | --- | --- | --- |
| 14.8 m/s | 708 kg | 785 °C | 318.1 km/h | Alex |
| -9.7 m/s | 3977 kg | 570 °C | 927.4 km/h | Julia |
| 4.8 m/s | 11783 kg | 886 °C | 476.9 km/h | Lucas |
| 16.3 m/s | 11927 kg | 497 °C | 694.6 km/h | David |
| -7.6 m/s | 4220 kg | 761 °C | 363.1 km/h | Ava |
| 16.3 m/s | 11309 kg | 498 °C | 653.1 km/h | Daniel |

Question: Find the pilot with the greatest Engine temperature.",Lucas,argmax,6,Engine temperature,"[{""row_index"": 0, ""column_index"": 2, ""row_identifier_column"": ""Pilot"", ""row_identifier_value"": ""Alex"", ""column"": ""Engine temperature"", ""raw_value"": 785.0, ""display_value"": ""785 °C""}, {""row_index"": 1, ""column_index"": 2, ""row_identifier_column"": ""Pilot"", ""row_identifier_value"": ""Julia"", ""column"": ""Engine temperature"", ""raw_value"": 570.0, ""display_value"": ""570 °C""}, {""row_index"": 2, ""column_index"": 2, ""row_identifier_column"": ""Pilot"", ""row_identifier_value"": ""Lucas"", ""column"": ""Engine temperature"", ""raw_value"": 886.0, ""display_value"": ""886 °C""}, {""row_index"": 3, ""column_index"": 2, ""row_identifier_column"": ""Pilot"", ""row_identifier_value"": ""David"", ""column"": ""Engine temperature"", ""raw_value"": 497.0, ""display_value"": ""497 °C""}, {""row_index"": 4, ""column_index"": 2, ""row_identifier_column"": ""Pilot"", ""row_identifier_value"": ""Ava"", ""column"": ""Engine temperature"", ""raw_value"": 761.0, ""display_value"": ""761 °C""}, {""row_index"": 5, ""column_index"": 2, ""row_identifier_column"": ""Pilot"", ""row_identifier_value"": ""Daniel"", ""column"": ""Engine temperature"", ""raw_value"": 498.0, ""display_value"": ""498 °C""}]","{""target_column"": ""Engine temperature"", ""column_allowed_for_operation"": true}","{""headers"": [""Vertical speed"", ""Fuel"", ""Engine temperature"", ""Ground speed"", ""Pilot""], ""rows"": [[""14.8 m/s"", ""708 kg"", ""785 °C"", ""318.1 km/h"", ""Alex""], [""-9.7 m/s"", ""3977 kg"", ""570 °C"", ""927.4 km/h"", ""Julia""], [""4.8 m/s"", ""11783 kg"", ""886 °C"", ""476.9 km/h"", ""Lucas""], [""16.3 m/s"", ""11927 kg"", ""497 °C"", ""694.6 km/h"", ""David""], [""-7.6 m/s"", ""4220 kg"", ""761 °C"", ""363.1 km/h"", ""Ava""], [""16.3 m/s"", ""11309 kg"", ""498 °C"", ""653.1 km/h"", ""Daniel""]]}"
A-L3-0100,3,count_condition,flight_measurements,How many entries have Engine temperature less than 899.00 °C?,"| Vertical speed | Fuel | Pilot | Cabin pressure | Engine temperature |
| --- | --- | --- | --- | --- |
| 16.6 m/s | 5129 kg | Jisoo | 97.9 kPa | 881 °C |
| 9.8 m/s | 6498 kg | Ryan | 96.7 kPa | 677 °C |
| 8.5 m/s | 10360 kg | Hana | 88.5 kPa | 917 °C |
| 11.3 m/s | 6806 kg | Ethan | 77.2 kPa | 523 °C |
| -10.1 m/s | 5094 kg | Chris | 93.8 kPa | 921 °C |","Answer the question using the table. Return only the final answer.

Table:
| Vertical speed | Fuel | Pilot | Cabin pressure | Engine temperature |
| --- | --- | --- | --- | --- |
| 16.6 m/s | 5129 kg | Jisoo | 97.9 kPa | 881 °C |
| 9.8 m/s | 6498 kg | Ryan | 96.7 kPa | 677 °C |
| 8.5 m/s | 10360 kg | Hana | 88.5 kPa | 917 °C |
| 11.3 m/s | 6806 kg | Ethan | 77.2 kPa | 523 °C |
| -10.1 m/s | 5094 kg | Chris | 93.8 kPa | 921 °C |

Question: How many entries have Engine temperature less than 899.00 °C?",3,count_condition,5,Engine temperature,"[{""row_index"": 0, ""column_index"": 4, ""row_identifier_column"": ""Pilot"", ""row_identifier_value"": ""Jisoo"", ""column"": ""Engine temperature"", ""raw_value"": 881.0, ""display_value"": ""881 °C""}, {""row_index"": 1, ""column_index"": 4, ""row_identifier_column"": ""Pilot"", ""row_identifier_value"": ""Ryan"", ""column"": ""Engine temperature"", ""raw_value"": 677.0, ""display_value"": ""677 °C""}, {""row_index"": 2, ""column_index"": 4, ""row_identifier_column"": ""Pilot"", ""row_identifier_value"": ""Hana"", ""column"": ""Engine temperature"", ""raw_value"": 917.0, ""display_value"": ""917 °C""}, {""row_index"": 3, ""column_index"": 4, ""row_identifier_column"": ""Pilot"", ""row_identifier_value"": ""Ethan"", ""column"": ""Engine temperature"", ""raw_value"": 523.0, ""display_value"": ""523 °C""}, {""row_index"": 4, ""column_index"": 4, ""row_identifier_column"": ""Pilot"", ""row_identifier_value"": ""Chris"", ""column"": ""Engine temperature"", ""raw_value"": 921.0, ""display_value"": ""921 °C""}]","{""target_column"": ""Engine temperature"", ""column_allowed_for_operation"": true, ""comparison"": ""less_than"", ""threshold_raw"": 899.0, ""threshold_display"": ""899.00 °C""}","{""headers"": [""Vertical speed"", ""Fuel"", ""Pilot"", ""Cabin pressure"", ""Engine temperature""], ""rows"": [[""16.6 m/s"", ""5129 kg"", ""Jisoo"", ""97.9 kPa"", ""881 °C""], [""9.8 m/s"", ""6498 kg"", ""Ryan"", ""96.7 kPa"", ""677 °C""], [""8.5 m/s"", ""10360 kg"", ""Hana"", ""88.5 kPa"", ""917 °C""], [""11.3 m/s"", ""6806 kg"", ""Ethan"", ""77.2 kPa"", ""523 °C""], [""-10.1 m/s"", ""5094 kg"", ""Chris"", ""93.8 kPa"", ""921 °C""]]}"
A-L3-0101,3,column_sum,sports_statistics,"According to the table, what is the sum of Shots for all entries?","| Possession | Team | Points | Goals scored | Shots | Passes | Fouls |
| --- | --- | --- | --- | --- | --- | --- |
| 47.3 % | Tigers | 93 points | 36 goals | 63 shots | 568 passes | 26 fouls |
| 40.2 % | Dragons | 45 points | 7 goals | 135 shots | 651 passes | 15 fouls |
| 68.5 % | Ravens | 42 points | 78 goals | 173 shots | 356 passes | 11 fouls |
| 38.5 % | Wolves | 57 points | 58 goals | 222 shots | 850 passes | 22 fouls |
| 64.3 % | Sharks | 34 points | 63 goals | 105 shots | 708 passes | 24 fouls |
| 67.8 % | Comets | 106 points | 75 goals | 162 shots | 320 passes | 2 fouls |
| 50.0 % | Knights | 101 points | 81 goals | 218 shots | 175 passes | 32 fouls |
| 68.4 % | Cyclones | 44 points | 95 goals | 161 shots | 675 passes | 2 fouls |
| 53.8 % | Panthers | 117 points | 23 goals | 97 shots | 586 passes | 26 fouls |
| 53.3 % | Falcons | 69 points | 97 goals | 63 shots | 895 passes | 33 fouls |","Answer the question using the table. Return only the final answer.

Table:
| Possession | Team | Points | Goals scored | Shots | Passes | Fouls |
| --- | --- | --- | --- | --- | --- | --- |
| 47.3 % | Tigers | 93 points | 36 goals | 63 shots | 568 passes | 26 fouls |
| 40.2 % | Dragons | 45 points | 7 goals | 135 shots | 651 passes | 15 fouls |
| 68.5 % | Ravens | 42 points | 78 goals | 173 shots | 356 passes | 11 fouls |
| 38.5 % | Wolves | 57 points | 58 goals | 222 shots | 850 passes | 22 fouls |
| 64.3 % | Sharks | 34 points | 63 goals | 105 shots | 708 passes | 24 fouls |
| 67.8 % | Comets | 106 points | 75 goals | 162 shots | 320 passes | 2 fouls |
| 50.0 % | Knights | 101 points | 81 goals | 218 shots | 175 passes | 32 fouls |
| 68.4 % | Cyclones | 44 points | 95 goals | 161 shots | 675 passes | 2 fouls |
| 53.8 % | Panthers | 117 points | 23 goals | 97 shots | 586 passes | 26 fouls |
| 53.3 % | Falcons | 69 points | 97 goals | 63 shots | 895 passes | 33 fouls |

Question: According to the table, what is the sum of Shots for all entries?",1399 shots,sum,10,Shots,"[{""row_index"": 0, ""column_index"": 4, ""row_identifier_column"": ""Team"", ""row_identifier_value"": ""Tigers"", ""column"": ""Shots"", ""raw_value"": 63.0, ""display_value"": ""63 shots""}, {""row_index"": 1, ""column_index"": 4, ""row_identifier_column"": ""Team"", ""row_identifier_value"": ""Dragons"", ""column"": ""Shots"", ""raw_value"": 135.0, ""display_value"": ""135 shots""}, {""row_index"": 2, ""column_index"": 4, ""row_identifier_column"": ""Team"", ""row_identifier_value"": ""Ravens"", ""column"": ""Shots"", ""raw_value"": 173.0, ""display_value"": ""173 shots""}, {""row_index"": 3, ""column_index"": 4, ""row_identifier_column"": ""Team"", ""row_identifier_value"": ""Wolves"", ""column"": ""Shots"", ""raw_value"": 222.0, ""display_value"": ""222 shots""}, {""row_index"": 4, ""column_index"": 4, ""row_identifier_column"": ""Team"", ""row_identifier_value"": ""Sharks"", ""column"": ""Shots"", ""raw_value"": 105.0, ""display_value"": ""105 shots""}, {""row_index"": 5, ""column_index"": 4, ""row_identifier_column"": ""Team"", ""row_identifier_value"": ""Comets"", ""column"": ""Shots"", ""raw_value"": 162.0, ""display_value"": ""162 shots""}, {""row_index"": 6, ""column_index"": 4, ""row_identifier_column"": ""Team"", ""row_identifier_value"": ""Knights"", ""column"": ""Shots"", ""raw_value"": 218.0, ""display_value"": ""218 shots""}, {""row_index"": 7, ""column_index"": 4, ""row_identifier_column"": ""Team"", ""row_identifier_value"": ""Cyclones"", ""column"": ""Shots"", ""raw_value"": 161.0, ""display_value"": ""161 shots""}, {""row_index"": 8, ""column_index"": 4, ""row_identifier_column"": ""Team"", ""row_identifier_value"": ""Panthers"", ""column"": ""Shots"", ""raw_value"": 97.0, ""display_value"": ""97 shots""}, {""row_index"": 9, ""column_index"": 4, ""row_identifier_column"": ""Team"", ""row_identifier_value"": ""Falcons"", ""column"": ""Shots"", ""raw_value"": 63.0, ""display_value"": ""63 shots""}]","{""target_column"": ""Shots"", ""column_allowed_for_operation"": true}","{""headers"": [""Possession"", ""Team"", ""Points"", ""Goals scored"", ""Shots"", ""Passes"", ""Fouls""], ""rows"": [[""47.3 %"", ""Tigers"", ""93 points"", ""36 goals"", ""63 shots"", ""568 passes"", ""26 fouls""], [""40.2 %"", ""Dragons"", ""45 points"", ""7 goals"", ""135 shots"", ""651 passes"", ""15 fouls""], [""68.5 %"", ""Ravens"", ""42 points"", ""78 goals"", ""173 shots"", ""356 passes"", ""11 fouls""], [""38.5 %"", ""Wolves"", ""57 points"", ""58 goals"", ""222 shots"", ""850 passes"", ""22 fouls""], [""64.3 %"", ""Sharks"", ""34 points"", ""63 goals"", ""105 shots"", ""708 passes"", ""24 fouls""], [""67.8 %"", ""Comets"", ""106 points"", ""75 goals"", ""162 shots"", ""320 passes"", ""2 fouls""], [""50.0 %"", ""Knights"", ""101 points"", ""81 goals"", ""218 shots"", ""175 passes"", ""32 fouls""], [""68.4 %"", ""Cyclones"", ""44 points"", ""95 goals"", ""161 shots"", ""675 passes"", ""2 fouls""], [""53.8 %"", ""Panthers"", ""117 points"", ""23 goals"", ""97 shots"", ""586 passes"", ""26 fouls""], [""53.3 %"", ""Falcons"", ""69 points"", ""97 goals"", ""63 shots"", ""895 passes"", ""33 fouls""]]}"
A-L3-0102,3,argmax,battery_tests,Find the cell with the greatest Voltage.,"| Voltage | Internal resistance | Cell | Capacity | Temperature |
| --- | --- | --- | --- | --- |
| 3.53 V | 114.1 mΩ | Cell-D1 | 5216 mAh | 27.9 °C |
| 4.11 V | 81.1 mΩ | Cell-F2 | 2312 mAh | 35.2 °C |
| 3.99 V | 156.0 mΩ | Cell-E1 | 1462 mAh | 56.5 °C |
| 3.76 V | 138.5 mΩ | Cell-A1 | 1885 mAh | 35.6 °C |
| 3.61 V | 10.7 mΩ | Cell-E2 | 2326 mAh | 24.6 °C |","Answer the question using the table. Return only the final answer.

Table:
| Voltage | Internal resistance | Cell | Capacity | Temperature |
| --- | --- | --- | --- | --- |
| 3.53 V | 114.1 mΩ | Cell-D1 | 5216 mAh | 27.9 °C |
| 4.11 V | 81.1 mΩ | Cell-F2 | 2312 mAh | 35.2 °C |
| 3.99 V | 156.0 mΩ | Cell-E1 | 1462 mAh | 56.5 °C |
| 3.76 V | 138.5 mΩ | Cell-A1 | 1885 mAh | 35.6 °C |
| 3.61 V | 10.7 mΩ | Cell-E2 | 2326 mAh | 24.6 °C |

Question: Find the cell with the greatest Voltage.",Cell-F2,argmax,5,Voltage,"[{""row_index"": 0, ""column_index"": 0, ""row_identifier_column"": ""Cell"", ""row_identifier_value"": ""Cell-D1"", ""column"": ""Voltage"", ""raw_value"": 3.53, ""display_value"": ""3.53 V""}, {""row_index"": 1, ""column_index"": 0, ""row_identifier_column"": ""Cell"", ""row_identifier_value"": ""Cell-F2"", ""column"": ""Voltage"", ""raw_value"": 4.11, ""display_value"": ""4.11 V""}, {""row_index"": 2, ""column_index"": 0, ""row_identifier_column"": ""Cell"", ""row_identifier_value"": ""Cell-E1"", ""column"": ""Voltage"", ""raw_value"": 3.99, ""display_value"": ""3.99 V""}, {""row_index"": 3, ""column_index"": 0, ""row_identifier_column"": ""Cell"", ""row_identifier_value"": ""Cell-A1"", ""column"": ""Voltage"", ""raw_value"": 3.76, ""display_value"": ""3.76 V""}, {""row_index"": 4, ""column_index"": 0, ""row_identifier_column"": ""Cell"", ""row_identifier_value"": ""Cell-E2"", ""column"": ""Voltage"", ""raw_value"": 3.61, ""display_value"": ""3.61 V""}]","{""target_column"": ""Voltage"", ""column_allowed_for_operation"": true}","{""headers"": [""Voltage"", ""Internal resistance"", ""Cell"", ""Capacity"", ""Temperature""], ""rows"": [[""3.53 V"", ""114.1 mΩ"", ""Cell-D1"", ""5216 mAh"", ""27.9 °C""], [""4.11 V"", ""81.1 mΩ"", ""Cell-F2"", ""2312 mAh"", ""35.2 °C""], [""3.99 V"", ""156.0 mΩ"", ""Cell-E1"", ""1462 mAh"", ""56.5 °C""], [""3.76 V"", ""138.5 mΩ"", ""Cell-A1"", ""1885 mAh"", ""35.6 °C""], [""3.61 V"", ""10.7 mΩ"", ""Cell-E2"", ""2326 mAh"", ""24.6 °C""]]}"
A-L3-0103,3,column_average,ml_benchmark,What is the average Memory usage across all rows?,"| Energy use | Model | F1 score | Memory usage | Throughput |
| --- | --- | --- | --- | --- |
| 44.6 Wh | Pulse | 57.2 % | 10.0 GB | 169.8 req/s |
| 428.5 Wh | Atlas | 94.1 % | 13.6 GB | 435.3 req/s |
| 407.1 Wh | Helix | 69.8 % | 15.0 GB | 52.9 req/s |
| 104.9 Wh | Echo | 47.5 % | 0.8 GB | 70.2 req/s |
| 256.3 Wh | Quartz | 96.6 % | 13.2 GB | 200.5 req/s |
| 295.2 Wh | Nimbus | 51.2 % | 11.8 GB | 63.6 req/s |
| 223.6 Wh | Nova | 51.1 % | 8.0 GB | 243.6 req/s |
| 434.3 Wh | Sigma | 49.6 % | 10.0 GB | 235.4 req/s |
| 296.1 Wh | Vertex | 78.8 % | 11.2 GB | 392.2 req/s |","Answer the question using the table. Return only the final answer.

Table:
| Energy use | Model | F1 score | Memory usage | Throughput |
| --- | --- | --- | --- | --- |
| 44.6 Wh | Pulse | 57.2 % | 10.0 GB | 169.8 req/s |
| 428.5 Wh | Atlas | 94.1 % | 13.6 GB | 435.3 req/s |
| 407.1 Wh | Helix | 69.8 % | 15.0 GB | 52.9 req/s |
| 104.9 Wh | Echo | 47.5 % | 0.8 GB | 70.2 req/s |
| 256.3 Wh | Quartz | 96.6 % | 13.2 GB | 200.5 req/s |
| 295.2 Wh | Nimbus | 51.2 % | 11.8 GB | 63.6 req/s |
| 223.6 Wh | Nova | 51.1 % | 8.0 GB | 243.6 req/s |
| 434.3 Wh | Sigma | 49.6 % | 10.0 GB | 235.4 req/s |
| 296.1 Wh | Vertex | 78.8 % | 11.2 GB | 392.2 req/s |

Question: What is the average Memory usage across all rows?",10.40 GB,mean,9,Memory usage,"[{""row_index"": 0, ""column_index"": 3, ""row_identifier_column"": ""Model"", ""row_identifier_value"": ""Pulse"", ""column"": ""Memory usage"", ""raw_value"": 10.0, ""display_value"": ""10.0 GB""}, {""row_index"": 1, ""column_index"": 3, ""row_identifier_column"": ""Model"", ""row_identifier_value"": ""Atlas"", ""column"": ""Memory usage"", ""raw_value"": 13.6, ""display_value"": ""13.6 GB""}, {""row_index"": 2, ""column_index"": 3, ""row_identifier_column"": ""Model"", ""row_identifier_value"": ""Helix"", ""column"": ""Memory usage"", ""raw_value"": 15.0, ""display_value"": ""15.0 GB""}, {""row_index"": 3, ""column_index"": 3, ""row_identifier_column"": ""Model"", ""row_identifier_value"": ""Echo"", ""column"": ""Memory usage"", ""raw_value"": 0.8, ""display_value"": ""0.8 GB""}, {""row_index"": 4, ""column_index"": 3, ""row_identifier_column"": ""Model"", ""row_identifier_value"": ""Quartz"", ""column"": ""Memory usage"", ""raw_value"": 13.2, ""display_value"": ""13.2 GB""}, {""row_index"": 5, ""column_index"": 3, ""row_identifier_column"": ""Model"", ""row_identifier_value"": ""Nimbus"", ""column"": ""Memory usage"", ""raw_value"": 11.8, ""display_value"": ""11.8 GB""}, {""row_index"": 6, ""column_index"": 3, ""row_identifier_column"": ""Model"", ""row_identifier_value"": ""Nova"", ""column"": ""Memory usage"", ""raw_value"": 8.0, ""display_value"": ""8.0 GB""}, {""row_index"": 7, ""column_index"": 3, ""row_identifier_column"": ""Model"", ""row_identifier_value"": ""Sigma"", ""column"": ""Memory usage"", ""raw_value"": 10.0, ""display_value"": ""10.0 GB""}, {""row_index"": 8, ""column_index"": 3, ""row_identifier_column"": ""Model"", ""row_identifier_value"": ""Vertex"", ""column"": ""Memory usage"", ""raw_value"": 11.2, ""display_value"": ""11.2 GB""}]","{""target_column"": ""Memory usage"", ""column_allowed_for_operation"": true, ""answer_digits"": 2}","{""headers"": [""Energy use"", ""Model"", ""F1 score"", ""Memory usage"", ""Throughput""], ""rows"": [[""44.6 Wh"", ""Pulse"", ""57.2 %"", ""10.0 GB"", ""169.8 req/s""], [""428.5 Wh"", ""Atlas"", ""94.1 %"", ""13.6 GB"", ""435.3 req/s""], [""407.1 Wh"", ""Helix"", ""69.8 %"", ""15.0 GB"", ""52.9 req/s""], [""104.9 Wh"", ""Echo"", ""47.5 %"", ""0.8 GB"", ""70.2 req/s""], [""256.3 Wh"", ""Quartz"", ""96.6 %"", ""13.2 GB"", ""200.5 req/s""], [""295.2 Wh"", ""Nimbus"", ""51.2 %"", ""11.8 GB"", ""63.6 req/s""], [""223.6 Wh"", ""Nova"", ""51.1 %"", ""8.0 GB"", ""243.6 req/s""], [""434.3 Wh"", ""Sigma"", ""49.6 %"", ""10.0 GB"", ""235.4 req/s""], [""296.1 Wh"", ""Vertex"", ""78.8 %"", ""11.2 GB"", ""392.2 req/s""]]}"
A-L3-0104,3,column_sum,ml_benchmark,What is the total Energy use across all rows?,"| Accuracy | Memory usage | Energy use | F1 score | Latency | Model | Throughput |
| --- | --- | --- | --- | --- | --- | --- |
| 78.9 % | 4.9 GB | 138.2 Wh | 94.5 % | 67.1 ms | Delta | 462.4 req/s |
| 94.1 % | 3.5 GB | 347.2 Wh | 49.1 % | 5.1 ms | Pulse | 160.8 req/s |
| 66.9 % | 5.1 GB | 488.4 Wh | 66.7 % | 171.3 ms | Nimbus | 127.5 req/s |
| 71.8 % | 16.0 GB | 497.2 Wh | 92.8 % | 192.5 ms | Atlas | 288.8 req/s |
| 55.8 % | 5.7 GB | 156.0 Wh | 64.8 % | 144.3 ms | Sigma | 381.3 req/s |
| 62.0 % | 4.3 GB | 26.7 Wh | 59.5 % | 175.8 ms | Nova | 488.1 req/s |
| 76.2 % | 4.2 GB | 362.1 Wh | 95.9 % | 180.3 ms | Vertex | 51.4 req/s |
| 95.3 % | 7.9 GB | 464.6 Wh | 61.7 % | 56.4 ms | Aurora | 182.5 req/s |
| 59.2 % | 1.1 GB | 120.5 Wh | 89.1 % | 126.0 ms | Helix | 363.2 req/s |","Answer the question using the table. Return only the final answer.

Table:
| Accuracy | Memory usage | Energy use | F1 score | Latency | Model | Throughput |
| --- | --- | --- | --- | --- | --- | --- |
| 78.9 % | 4.9 GB | 138.2 Wh | 94.5 % | 67.1 ms | Delta | 462.4 req/s |
| 94.1 % | 3.5 GB | 347.2 Wh | 49.1 % | 5.1 ms | Pulse | 160.8 req/s |
| 66.9 % | 5.1 GB | 488.4 Wh | 66.7 % | 171.3 ms | Nimbus | 127.5 req/s |
| 71.8 % | 16.0 GB | 497.2 Wh | 92.8 % | 192.5 ms | Atlas | 288.8 req/s |
| 55.8 % | 5.7 GB | 156.0 Wh | 64.8 % | 144.3 ms | Sigma | 381.3 req/s |
| 62.0 % | 4.3 GB | 26.7 Wh | 59.5 % | 175.8 ms | Nova | 488.1 req/s |
| 76.2 % | 4.2 GB | 362.1 Wh | 95.9 % | 180.3 ms | Vertex | 51.4 req/s |
| 95.3 % | 7.9 GB | 464.6 Wh | 61.7 % | 56.4 ms | Aurora | 182.5 req/s |
| 59.2 % | 1.1 GB | 120.5 Wh | 89.1 % | 126.0 ms | Helix | 363.2 req/s |

Question: What is the total Energy use across all rows?",2600.9 Wh,sum,9,Energy use,"[{""row_index"": 0, ""column_index"": 2, ""row_identifier_column"": ""Model"", ""row_identifier_value"": ""Delta"", ""column"": ""Energy use"", ""raw_value"": 138.2, ""display_value"": ""138.2 Wh""}, {""row_index"": 1, ""column_index"": 2, ""row_identifier_column"": ""Model"", ""row_identifier_value"": ""Pulse"", ""column"": ""Energy use"", ""raw_value"": 347.2, ""display_value"": ""347.2 Wh""}, {""row_index"": 2, ""column_index"": 2, ""row_identifier_column"": ""Model"", ""row_identifier_value"": ""Nimbus"", ""column"": ""Energy use"", ""raw_value"": 488.4, ""display_value"": ""488.4 Wh""}, {""row_index"": 3, ""column_index"": 2, ""row_identifier_column"": ""Model"", ""row_identifier_value"": ""Atlas"", ""column"": ""Energy use"", ""raw_value"": 497.2, ""display_value"": ""497.2 Wh""}, {""row_index"": 4, ""column_index"": 2, ""row_identifier_column"": ""Model"", ""row_identifier_value"": ""Sigma"", ""column"": ""Energy use"", ""raw_value"": 156.0, ""display_value"": ""156.0 Wh""}, {""row_index"": 5, ""column_index"": 2, ""row_identifier_column"": ""Model"", ""row_identifier_value"": ""Nova"", ""column"": ""Energy use"", ""raw_value"": 26.7, ""display_value"": ""26.7 Wh""}, {""row_index"": 6, ""column_index"": 2, ""row_identifier_column"": ""Model"", ""row_identifier_value"": ""Vertex"", ""column"": ""Energy use"", ""raw_value"": 362.1, ""display_value"": ""362.1 Wh""}, {""row_index"": 7, ""column_index"": 2, ""row_identifier_column"": ""Model"", ""row_identifier_value"": ""Aurora"", ""column"": ""Energy use"", ""raw_value"": 464.6, ""display_value"": ""464.6 Wh""}, {""row_index"": 8, ""column_index"": 2, ""row_identifier_column"": ""Model"", ""row_identifier_value"": ""Helix"", ""column"": ""Energy use"", ""raw_value"": 120.5, ""display_value"": ""120.5 Wh""}]","{""target_column"": ""Energy use"", ""column_allowed_for_operation"": true}","{""headers"": [""Accuracy"", ""Memory usage"", ""Energy use"", ""F1 score"", ""Latency"", ""Model"", ""Throughput""], ""rows"": [[""78.9 %"", ""4.9 GB"", ""138.2 Wh"", ""94.5 %"", ""67.1 ms"", ""Delta"", ""462.4 req/s""], [""94.1 %"", ""3.5 GB"", ""347.2 Wh"", ""49.1 %"", ""5.1 ms"", ""Pulse"", ""160.8 req/s""], [""66.9 %"", ""5.1 GB"", ""488.4 Wh"", ""66.7 %"", ""171.3 ms"", ""Nimbus"", ""127.5 req/s""], [""71.8 %"", ""16.0 GB"", ""497.2 Wh"", ""92.8 %"", ""192.5 ms"", ""Atlas"", ""288.8 req/s""], [""55.8 %"", ""5.7 GB"", ""156.0 Wh"", ""64.8 %"", ""144.3 ms"", ""Sigma"", ""381.3 req/s""], [""62.0 %"", ""4.3 GB"", ""26.7 Wh"", ""59.5 %"", ""175.8 ms"", ""Nova"", ""488.1 req/s""], [""76.2 %"", ""4.2 GB"", ""362.1 Wh"", ""95.9 %"", ""180.3 ms"", ""Vertex"", ""51.4 req/s""], [""95.3 %"", ""7.9 GB"", ""464.6 Wh"", ""61.7 %"", ""56.4 ms"", ""Aurora"", ""182.5 req/s""], [""59.2 %"", ""1.1 GB"", ""120.5 Wh"", ""89.1 %"", ""126.0 ms"", ""Helix"", ""363.2 req/s""]]}"
A-L3-0105,3,argmax,ml_benchmark,Which model has the highest Energy use?,"| Model | F1 score | Energy use | Latency | Throughput | Accuracy |
| --- | --- | --- | --- | --- | --- |
| Pulse | 49.8 % | 415.7 Wh | 185.2 ms | 43.4 req/s | 71.1 % |
| Nimbus | 96.7 % | 494.0 Wh | 110.7 ms | 247.6 req/s | 95.8 % |
| Quartz | 75.1 % | 148.4 Wh | 105.0 ms | 420.9 req/s | 78.8 % |
| Vertex | 94.6 % | 158.3 Wh | 31.9 ms | 332.5 req/s | 81.1 % |
| Aurora | 75.2 % | 430.6 Wh | 15.0 ms | 114.5 req/s | 56.4 % |
| Atlas | 79.5 % | 321.0 Wh | 185.0 ms | 292.7 req/s | 66.5 % |","Answer the question using the table. Return only the final answer.

Table:
| Model | F1 score | Energy use | Latency | Throughput | Accuracy |
| --- | --- | --- | --- | --- | --- |
| Pulse | 49.8 % | 415.7 Wh | 185.2 ms | 43.4 req/s | 71.1 % |
| Nimbus | 96.7 % | 494.0 Wh | 110.7 ms | 247.6 req/s | 95.8 % |
| Quartz | 75.1 % | 148.4 Wh | 105.0 ms | 420.9 req/s | 78.8 % |
| Vertex | 94.6 % | 158.3 Wh | 31.9 ms | 332.5 req/s | 81.1 % |
| Aurora | 75.2 % | 430.6 Wh | 15.0 ms | 114.5 req/s | 56.4 % |
| Atlas | 79.5 % | 321.0 Wh | 185.0 ms | 292.7 req/s | 66.5 % |

Question: Which model has the highest Energy use?",Nimbus,argmax,6,Energy use,"[{""row_index"": 0, ""column_index"": 2, ""row_identifier_column"": ""Model"", ""row_identifier_value"": ""Pulse"", ""column"": ""Energy use"", ""raw_value"": 415.7, ""display_value"": ""415.7 Wh""}, {""row_index"": 1, ""column_index"": 2, ""row_identifier_column"": ""Model"", ""row_identifier_value"": ""Nimbus"", ""column"": ""Energy use"", ""raw_value"": 494.0, ""display_value"": ""494.0 Wh""}, {""row_index"": 2, ""column_index"": 2, ""row_identifier_column"": ""Model"", ""row_identifier_value"": ""Quartz"", ""column"": ""Energy use"", ""raw_value"": 148.4, ""display_value"": ""148.4 Wh""}, {""row_index"": 3, ""column_index"": 2, ""row_identifier_column"": ""Model"", ""row_identifier_value"": ""Vertex"", ""column"": ""Energy use"", ""raw_value"": 158.3, ""display_value"": ""158.3 Wh""}, {""row_index"": 4, ""column_index"": 2, ""row_identifier_column"": ""Model"", ""row_identifier_value"": ""Aurora"", ""column"": ""Energy use"", ""raw_value"": 430.6, ""display_value"": ""430.6 Wh""}, {""row_index"": 5, ""column_index"": 2, ""row_identifier_column"": ""Model"", ""row_identifier_value"": ""Atlas"", ""column"": ""Energy use"", ""raw_value"": 321.0, ""display_value"": ""321.0 Wh""}]","{""target_column"": ""Energy use"", ""column_allowed_for_operation"": true}","{""headers"": [""Model"", ""F1 score"", ""Energy use"", ""Latency"", ""Throughput"", ""Accuracy""], ""rows"": [[""Pulse"", ""49.8 %"", ""415.7 Wh"", ""185.2 ms"", ""43.4 req/s"", ""71.1 %""], [""Nimbus"", ""96.7 %"", ""494.0 Wh"", ""110.7 ms"", ""247.6 req/s"", ""95.8 %""], [""Quartz"", ""75.1 %"", ""148.4 Wh"", ""105.0 ms"", ""420.9 req/s"", ""78.8 %""], [""Vertex"", ""94.6 %"", ""158.3 Wh"", ""31.9 ms"", ""332.5 req/s"", ""81.1 %""], [""Aurora"", ""75.2 %"", ""430.6 Wh"", ""15.0 ms"", ""114.5 req/s"", ""56.4 %""], [""Atlas"", ""79.5 %"", ""321.0 Wh"", ""185.0 ms"", ""292.7 req/s"", ""66.5 %""]]}"
A-L3-0106,3,count_condition,flight_measurements,How many entries have Cabin pressure greater than 74.80 kPa?,"| Altitude | Pilot | Cabin pressure | Engine temperature | Fuel | Vertical speed | Ground speed |
| --- | --- | --- | --- | --- | --- | --- |
| 7067 m | Emma | 66.2 kPa | 702 °C | 7351 kg | 4.0 m/s | 221.1 km/h |
| 5449 m | Lena | 70.0 kPa | 788 °C | 3171 kg | -3.2 m/s | 808.0 km/h |
| 1708 m | Ryan | 71.0 kPa | 937 °C | 7442 kg | -20.0 m/s | 889.6 km/h |
| 4553 m | Daniel | 91.7 kPa | 848 °C | 2658 kg | 5.6 m/s | 487.0 km/h |
| 6779 m | Hana | 71.5 kPa | 583 °C | 9217 kg | 15.3 m/s | 275.0 km/h |
| 9444 m | Julia | 82.4 kPa | 722 °C | 3865 kg | -11.8 m/s | 721.5 km/h |
| 8867 m | David | 78.1 kPa | 823 °C | 10749 kg | 1.5 m/s | 453.1 km/h |","Answer the question using the table. Return only the final answer.

Table:
| Altitude | Pilot | Cabin pressure | Engine temperature | Fuel | Vertical speed | Ground speed |
| --- | --- | --- | --- | --- | --- | --- |
| 7067 m | Emma | 66.2 kPa | 702 °C | 7351 kg | 4.0 m/s | 221.1 km/h |
| 5449 m | Lena | 70.0 kPa | 788 °C | 3171 kg | -3.2 m/s | 808.0 km/h |
| 1708 m | Ryan | 71.0 kPa | 937 °C | 7442 kg | -20.0 m/s | 889.6 km/h |
| 4553 m | Daniel | 91.7 kPa | 848 °C | 2658 kg | 5.6 m/s | 487.0 km/h |
| 6779 m | Hana | 71.5 kPa | 583 °C | 9217 kg | 15.3 m/s | 275.0 km/h |
| 9444 m | Julia | 82.4 kPa | 722 °C | 3865 kg | -11.8 m/s | 721.5 km/h |
| 8867 m | David | 78.1 kPa | 823 °C | 10749 kg | 1.5 m/s | 453.1 km/h |

Question: How many entries have Cabin pressure greater than 74.80 kPa?",3,count_condition,7,Cabin pressure,"[{""row_index"": 0, ""column_index"": 2, ""row_identifier_column"": ""Pilot"", ""row_identifier_value"": ""Emma"", ""column"": ""Cabin pressure"", ""raw_value"": 66.2, ""display_value"": ""66.2 kPa""}, {""row_index"": 1, ""column_index"": 2, ""row_identifier_column"": ""Pilot"", ""row_identifier_value"": ""Lena"", ""column"": ""Cabin pressure"", ""raw_value"": 70.0, ""display_value"": ""70.0 kPa""}, {""row_index"": 2, ""column_index"": 2, ""row_identifier_column"": ""Pilot"", ""row_identifier_value"": ""Ryan"", ""column"": ""Cabin pressure"", ""raw_value"": 71.0, ""display_value"": ""71.0 kPa""}, {""row_index"": 3, ""column_index"": 2, ""row_identifier_column"": ""Pilot"", ""row_identifier_value"": ""Daniel"", ""column"": ""Cabin pressure"", ""raw_value"": 91.7, ""display_value"": ""91.7 kPa""}, {""row_index"": 4, ""column_index"": 2, ""row_identifier_column"": ""Pilot"", ""row_identifier_value"": ""Hana"", ""column"": ""Cabin pressure"", ""raw_value"": 71.5, ""display_value"": ""71.5 kPa""}, {""row_index"": 5, ""column_index"": 2, ""row_identifier_column"": ""Pilot"", ""row_identifier_value"": ""Julia"", ""column"": ""Cabin pressure"", ""raw_value"": 82.4, ""display_value"": ""82.4 kPa""}, {""row_index"": 6, ""column_index"": 2, ""row_identifier_column"": ""Pilot"", ""row_identifier_value"": ""David"", ""column"": ""Cabin pressure"", ""raw_value"": 78.1, ""display_value"": ""78.1 kPa""}]","{""target_column"": ""Cabin pressure"", ""column_allowed_for_operation"": true, ""comparison"": ""greater_than"", ""threshold_raw"": 74.8, ""threshold_display"": ""74.80 kPa""}","{""headers"": [""Altitude"", ""Pilot"", ""Cabin pressure"", ""Engine temperature"", ""Fuel"", ""Vertical speed"", ""Ground speed""], ""rows"": [[""7067 m"", ""Emma"", ""66.2 kPa"", ""702 °C"", ""7351 kg"", ""4.0 m/s"", ""221.1 km/h""], [""5449 m"", ""Lena"", ""70.0 kPa"", ""788 °C"", ""3171 kg"", ""-3.2 m/s"", ""808.0 km/h""], [""1708 m"", ""Ryan"", ""71.0 kPa"", ""937 °C"", ""7442 kg"", ""-20.0 m/s"", ""889.6 km/h""], [""4553 m"", ""Daniel"", ""91.7 kPa"", ""848 °C"", ""2658 kg"", ""5.6 m/s"", ""487.0 km/h""], [""6779 m"", ""Hana"", ""71.5 kPa"", ""583 °C"", ""9217 kg"", ""15.3 m/s"", ""275.0 km/h""], [""9444 m"", ""Julia"", ""82.4 kPa"", ""722 °C"", ""3865 kg"", ""-11.8 m/s"", ""721.5 km/h""], [""8867 m"", ""David"", ""78.1 kPa"", ""823 °C"", ""10749 kg"", ""1.5 m/s"", ""453.1 km/h""]]}"
A-L3-0107,3,argmax,weather_stations,Find the station with the greatest Temperature.,"| Wind speed | Station | Rainfall | Humidity | Visibility | Temperature |
| --- | --- | --- | --- | --- | --- |
| 21.8 m/s | Maple | 13.4 mm | 86 % | 7.6 km | 23.6 °C |
| 31.7 m/s | Riverton | 20.3 mm | 73 % | 1.5 km | 33.9 °C |
| 15.4 m/s | Hillcrest | 114.1 mm | 35 % | 30.0 km | 24.2 °C |
| 16.1 m/s | Westhaven | 116.2 mm | 92 % | 28.6 km | 24.3 °C |
| 25.0 m/s | Clearwater | 18.4 mm | 90 % | 23.8 km | 15.0 °C |
| 23.4 m/s | Cedar | 21.8 mm | 56 % | 18.7 km | 8.3 °C |","Answer the question using the table. Return only the final answer.

Table:
| Wind speed | Station | Rainfall | Humidity | Visibility | Temperature |
| --- | --- | --- | --- | --- | --- |
| 21.8 m/s | Maple | 13.4 mm | 86 % | 7.6 km | 23.6 °C |
| 31.7 m/s | Riverton | 20.3 mm | 73 % | 1.5 km | 33.9 °C |
| 15.4 m/s | Hillcrest | 114.1 mm | 35 % | 30.0 km | 24.2 °C |
| 16.1 m/s | Westhaven | 116.2 mm | 92 % | 28.6 km | 24.3 °C |
| 25.0 m/s | Clearwater | 18.4 mm | 90 % | 23.8 km | 15.0 °C |
| 23.4 m/s | Cedar | 21.8 mm | 56 % | 18.7 km | 8.3 °C |

Question: Find the station with the greatest Temperature.",Riverton,argmax,6,Temperature,"[{""row_index"": 0, ""column_index"": 5, ""row_identifier_column"": ""Station"", ""row_identifier_value"": ""Maple"", ""column"": ""Temperature"", ""raw_value"": 23.6, ""display_value"": ""23.6 °C""}, {""row_index"": 1, ""column_index"": 5, ""row_identifier_column"": ""Station"", ""row_identifier_value"": ""Riverton"", ""column"": ""Temperature"", ""raw_value"": 33.9, ""display_value"": ""33.9 °C""}, {""row_index"": 2, ""column_index"": 5, ""row_identifier_column"": ""Station"", ""row_identifier_value"": ""Hillcrest"", ""column"": ""Temperature"", ""raw_value"": 24.2, ""display_value"": ""24.2 °C""}, {""row_index"": 3, ""column_index"": 5, ""row_identifier_column"": ""Station"", ""row_identifier_value"": ""Westhaven"", ""column"": ""Temperature"", ""raw_value"": 24.3, ""display_value"": ""24.3 °C""}, {""row_index"": 4, ""column_index"": 5, ""row_identifier_column"": ""Station"", ""row_identifier_value"": ""Clearwater"", ""column"": ""Temperature"", ""raw_value"": 15.0, ""display_value"": ""15.0 °C""}, {""row_index"": 5, ""column_index"": 5, ""row_identifier_column"": ""Station"", ""row_identifier_value"": ""Cedar"", ""column"": ""Temperature"", ""raw_value"": 8.3, ""display_value"": ""8.3 °C""}]","{""target_column"": ""Temperature"", ""column_allowed_for_operation"": true}","{""headers"": [""Wind speed"", ""Station"", ""Rainfall"", ""Humidity"", ""Visibility"", ""Temperature""], ""rows"": [[""21.8 m/s"", ""Maple"", ""13.4 mm"", ""86 %"", ""7.6 km"", ""23.6 °C""], [""31.7 m/s"", ""Riverton"", ""20.3 mm"", ""73 %"", ""1.5 km"", ""33.9 °C""], [""15.4 m/s"", ""Hillcrest"", ""114.1 mm"", ""35 %"", ""30.0 km"", ""24.2 °C""], [""16.1 m/s"", ""Westhaven"", ""116.2 mm"", ""92 %"", ""28.6 km"", ""24.3 °C""], [""25.0 m/s"", ""Clearwater"", ""18.4 mm"", ""90 %"", ""23.8 km"", ""15.0 °C""], [""23.4 m/s"", ""Cedar"", ""21.8 mm"", ""56 %"", ""18.7 km"", ""8.3 °C""]]}"
A-L3-0108,3,argmin,lab_measurements,"According to the table, which sample has the minimum Conductivity?","| pH | Sample | Density | Conductivity | Temperature | Volume |
| --- | --- | --- | --- | --- | --- |
| 4.91 | Sample-F | 2.89 g/mL | 8.42 mS/cm | 65.9 °C | 237.3 mL |
| 5.40 | Sample-G | 3.16 g/mL | 22.05 mS/cm | 56.7 °C | 135.8 mL |
| 10.23 | Sample-E | 3.57 g/mL | 12.24 mS/cm | 87.9 °C | 30.5 mL |
| 11.74 | Sample-H | 1.89 g/mL | 19.14 mS/cm | 38.8 °C | 177.2 mL |
| 3.79 | Sample-I | 3.06 g/mL | 13.54 mS/cm | 62.2 °C | 193.5 mL |
| 9.39 | Sample-J | 1.43 g/mL | 14.23 mS/cm | 31.5 °C | 216.3 mL |
| 5.10 | Sample-C | 3.85 g/mL | 8.80 mS/cm | 45.6 °C | 44.2 mL |
| 3.51 | Sample-D | 2.88 g/mL | 12.63 mS/cm | 14.6 °C | 172.1 mL |","Answer the question using the table. Return only the final answer.

Table:
| pH | Sample | Density | Conductivity | Temperature | Volume |
| --- | --- | --- | --- | --- | --- |
| 4.91 | Sample-F | 2.89 g/mL | 8.42 mS/cm | 65.9 °C | 237.3 mL |
| 5.40 | Sample-G | 3.16 g/mL | 22.05 mS/cm | 56.7 °C | 135.8 mL |
| 10.23 | Sample-E | 3.57 g/mL | 12.24 mS/cm | 87.9 °C | 30.5 mL |
| 11.74 | Sample-H | 1.89 g/mL | 19.14 mS/cm | 38.8 °C | 177.2 mL |
| 3.79 | Sample-I | 3.06 g/mL | 13.54 mS/cm | 62.2 °C | 193.5 mL |
| 9.39 | Sample-J | 1.43 g/mL | 14.23 mS/cm | 31.5 °C | 216.3 mL |
| 5.10 | Sample-C | 3.85 g/mL | 8.80 mS/cm | 45.6 °C | 44.2 mL |
| 3.51 | Sample-D | 2.88 g/mL | 12.63 mS/cm | 14.6 °C | 172.1 mL |

Question: According to the table, which sample has the minimum Conductivity?",Sample-F,argmin,8,Conductivity,"[{""row_index"": 0, ""column_index"": 3, ""row_identifier_column"": ""Sample"", ""row_identifier_value"": ""Sample-F"", ""column"": ""Conductivity"", ""raw_value"": 8.42, ""display_value"": ""8.42 mS/cm""}, {""row_index"": 1, ""column_index"": 3, ""row_identifier_column"": ""Sample"", ""row_identifier_value"": ""Sample-G"", ""column"": ""Conductivity"", ""raw_value"": 22.05, ""display_value"": ""22.05 mS/cm""}, {""row_index"": 2, ""column_index"": 3, ""row_identifier_column"": ""Sample"", ""row_identifier_value"": ""Sample-E"", ""column"": ""Conductivity"", ""raw_value"": 12.24, ""display_value"": ""12.24 mS/cm""}, {""row_index"": 3, ""column_index"": 3, ""row_identifier_column"": ""Sample"", ""row_identifier_value"": ""Sample-H"", ""column"": ""Conductivity"", ""raw_value"": 19.14, ""display_value"": ""19.14 mS/cm""}, {""row_index"": 4, ""column_index"": 3, ""row_identifier_column"": ""Sample"", ""row_identifier_value"": ""Sample-I"", ""column"": ""Conductivity"", ""raw_value"": 13.54, ""display_value"": ""13.54 mS/cm""}, {""row_index"": 5, ""column_index"": 3, ""row_identifier_column"": ""Sample"", ""row_identifier_value"": ""Sample-J"", ""column"": ""Conductivity"", ""raw_value"": 14.23, ""display_value"": ""14.23 mS/cm""}, {""row_index"": 6, ""column_index"": 3, ""row_identifier_column"": ""Sample"", ""row_identifier_value"": ""Sample-C"", ""column"": ""Conductivity"", ""raw_value"": 8.8, ""display_value"": ""8.80 mS/cm""}, {""row_index"": 7, ""column_index"": 3, ""row_identifier_column"": ""Sample"", ""row_identifier_value"": ""Sample-D"", ""column"": ""Conductivity"", ""raw_value"": 12.63, ""display_value"": ""12.63 mS/cm""}]","{""target_column"": ""Conductivity"", ""column_allowed_for_operation"": true}","{""headers"": [""pH"", ""Sample"", ""Density"", ""Conductivity"", ""Temperature"", ""Volume""], ""rows"": [[""4.91"", ""Sample-F"", ""2.89 g/mL"", ""8.42 mS/cm"", ""65.9 °C"", ""237.3 mL""], [""5.40"", ""Sample-G"", ""3.16 g/mL"", ""22.05 mS/cm"", ""56.7 °C"", ""135.8 mL""], [""10.23"", ""Sample-E"", ""3.57 g/mL"", ""12.24 mS/cm"", ""87.9 °C"", ""30.5 mL""], [""11.74"", ""Sample-H"", ""1.89 g/mL"", ""19.14 mS/cm"", ""38.8 °C"", ""177.2 mL""], [""3.79"", ""Sample-I"", ""3.06 g/mL"", ""13.54 mS/cm"", ""62.2 °C"", ""193.5 mL""], [""9.39"", ""Sample-J"", ""1.43 g/mL"", ""14.23 mS/cm"", ""31.5 °C"", ""216.3 mL""], [""5.10"", ""Sample-C"", ""3.85 g/mL"", ""8.80 mS/cm"", ""45.6 °C"", ""44.2 mL""], [""3.51"", ""Sample-D"", ""2.88 g/mL"", ""12.63 mS/cm"", ""14.6 °C"", ""172.1 mL""]]}"
A-L3-0109,3,argmin,ml_benchmark,"According to the table, which model has the minimum Energy use?","| Memory usage | F1 score | Accuracy | Model | Latency | Energy use | Throughput |
| --- | --- | --- | --- | --- | --- | --- |
| 7.7 GB | 58.5 % | 92.3 % | Nimbus | 146.8 ms | 334.2 Wh | 172.9 req/s |
| 14.1 GB | 84.7 % | 55.6 % | Nova | 166.0 ms | 221.4 Wh | 413.4 req/s |
| 12.3 GB | 77.2 % | 65.7 % | Echo | 140.8 ms | 460.0 Wh | 335.6 req/s |
| 10.0 GB | 94.4 % | 71.8 % | Atlas | 119.8 ms | 121.7 Wh | 178.3 req/s |
| 18.0 GB | 51.5 % | 88.8 % | Zenith | 23.5 ms | 300.3 Wh | 407.4 req/s |
| 14.1 GB | 78.2 % | 61.0 % | Delta | 101.9 ms | 356.4 Wh | 260.0 req/s |
| 17.9 GB | 63.4 % | 95.9 % | Aurora | 108.3 ms | 229.7 Wh | 495.5 req/s |
| 8.0 GB | 62.9 % | 81.7 % | Helix | 177.6 ms | 415.6 Wh | 265.9 req/s |","Answer the question using the table. Return only the final answer.

Table:
| Memory usage | F1 score | Accuracy | Model | Latency | Energy use | Throughput |
| --- | --- | --- | --- | --- | --- | --- |
| 7.7 GB | 58.5 % | 92.3 % | Nimbus | 146.8 ms | 334.2 Wh | 172.9 req/s |
| 14.1 GB | 84.7 % | 55.6 % | Nova | 166.0 ms | 221.4 Wh | 413.4 req/s |
| 12.3 GB | 77.2 % | 65.7 % | Echo | 140.8 ms | 460.0 Wh | 335.6 req/s |
| 10.0 GB | 94.4 % | 71.8 % | Atlas | 119.8 ms | 121.7 Wh | 178.3 req/s |
| 18.0 GB | 51.5 % | 88.8 % | Zenith | 23.5 ms | 300.3 Wh | 407.4 req/s |
| 14.1 GB | 78.2 % | 61.0 % | Delta | 101.9 ms | 356.4 Wh | 260.0 req/s |
| 17.9 GB | 63.4 % | 95.9 % | Aurora | 108.3 ms | 229.7 Wh | 495.5 req/s |
| 8.0 GB | 62.9 % | 81.7 % | Helix | 177.6 ms | 415.6 Wh | 265.9 req/s |

Question: According to the table, which model has the minimum Energy use?",Atlas,argmin,8,Energy use,"[{""row_index"": 0, ""column_index"": 5, ""row_identifier_column"": ""Model"", ""row_identifier_value"": ""Nimbus"", ""column"": ""Energy use"", ""raw_value"": 334.2, ""display_value"": ""334.2 Wh""}, {""row_index"": 1, ""column_index"": 5, ""row_identifier_column"": ""Model"", ""row_identifier_value"": ""Nova"", ""column"": ""Energy use"", ""raw_value"": 221.4, ""display_value"": ""221.4 Wh""}, {""row_index"": 2, ""column_index"": 5, ""row_identifier_column"": ""Model"", ""row_identifier_value"": ""Echo"", ""column"": ""Energy use"", ""raw_value"": 460.0, ""display_value"": ""460.0 Wh""}, {""row_index"": 3, ""column_index"": 5, ""row_identifier_column"": ""Model"", ""row_identifier_value"": ""Atlas"", ""column"": ""Energy use"", ""raw_value"": 121.7, ""display_value"": ""121.7 Wh""}, {""row_index"": 4, ""column_index"": 5, ""row_identifier_column"": ""Model"", ""row_identifier_value"": ""Zenith"", ""column"": ""Energy use"", ""raw_value"": 300.3, ""display_value"": ""300.3 Wh""}, {""row_index"": 5, ""column_index"": 5, ""row_identifier_column"": ""Model"", ""row_identifier_value"": ""Delta"", ""column"": ""Energy use"", ""raw_value"": 356.4, ""display_value"": ""356.4 Wh""}, {""row_index"": 6, ""column_index"": 5, ""row_identifier_column"": ""Model"", ""row_identifier_value"": ""Aurora"", ""column"": ""Energy use"", ""raw_value"": 229.7, ""display_value"": ""229.7 Wh""}, {""row_index"": 7, ""column_index"": 5, ""row_identifier_column"": ""Model"", ""row_identifier_value"": ""Helix"", ""column"": ""Energy use"", ""raw_value"": 415.6, ""display_value"": ""415.6 Wh""}]","{""target_column"": ""Energy use"", ""column_allowed_for_operation"": true}","{""headers"": [""Memory usage"", ""F1 score"", ""Accuracy"", ""Model"", ""Latency"", ""Energy use"", ""Throughput""], ""rows"": [[""7.7 GB"", ""58.5 %"", ""92.3 %"", ""Nimbus"", ""146.8 ms"", ""334.2 Wh"", ""172.9 req/s""], [""14.1 GB"", ""84.7 %"", ""55.6 %"", ""Nova"", ""166.0 ms"", ""221.4 Wh"", ""413.4 req/s""], [""12.3 GB"", ""77.2 %"", ""65.7 %"", ""Echo"", ""140.8 ms"", ""460.0 Wh"", ""335.6 req/s""], [""10.0 GB"", ""94.4 %"", ""71.8 %"", ""Atlas"", ""119.8 ms"", ""121.7 Wh"", ""178.3 req/s""], [""18.0 GB"", ""51.5 %"", ""88.8 %"", ""Zenith"", ""23.5 ms"", ""300.3 Wh"", ""407.4 req/s""], [""14.1 GB"", ""78.2 %"", ""61.0 %"", ""Delta"", ""101.9 ms"", ""356.4 Wh"", ""260.0 req/s""], [""17.9 GB"", ""63.4 %"", ""95.9 %"", ""Aurora"", ""108.3 ms"", ""229.7 Wh"", ""495.5 req/s""], [""8.0 GB"", ""62.9 %"", ""81.7 %"", ""Helix"", ""177.6 ms"", ""415.6 Wh"", ""265.9 req/s""]]}"
A-L3-0110,3,count_condition,weather_stations,Count the rows where Visibility is greater than 3.35 km.,"| Humidity | Station | Visibility | Pressure | Wind speed |
| --- | --- | --- | --- | --- |
| 73 % | Hillcrest | 24.6 km | 990.4 hPa | 20.5 m/s |
| 57 % | Lakeside | 19.8 km | 1019.2 hPa | 4.7 m/s |
| 18 % | Pinehurst | 25.7 km | 993.6 hPa | 11.2 m/s |
| 64 % | Riverton | 3.4 km | 1001.3 hPa | 28.5 m/s |
| 88 % | Westhaven | 3.3 km | 1010.8 hPa | 7.4 m/s |
| 87 % | Maple | 6.1 km | 998.6 hPa | 26.6 m/s |","Answer the question using the table. Return only the final answer.

Table:
| Humidity | Station | Visibility | Pressure | Wind speed |
| --- | --- | --- | --- | --- |
| 73 % | Hillcrest | 24.6 km | 990.4 hPa | 20.5 m/s |
| 57 % | Lakeside | 19.8 km | 1019.2 hPa | 4.7 m/s |
| 18 % | Pinehurst | 25.7 km | 993.6 hPa | 11.2 m/s |
| 64 % | Riverton | 3.4 km | 1001.3 hPa | 28.5 m/s |
| 88 % | Westhaven | 3.3 km | 1010.8 hPa | 7.4 m/s |
| 87 % | Maple | 6.1 km | 998.6 hPa | 26.6 m/s |

Question: Count the rows where Visibility is greater than 3.35 km.",5,count_condition,6,Visibility,"[{""row_index"": 0, ""column_index"": 2, ""row_identifier_column"": ""Station"", ""row_identifier_value"": ""Hillcrest"", ""column"": ""Visibility"", ""raw_value"": 24.6, ""display_value"": ""24.6 km""}, {""row_index"": 1, ""column_index"": 2, ""row_identifier_column"": ""Station"", ""row_identifier_value"": ""Lakeside"", ""column"": ""Visibility"", ""raw_value"": 19.8, ""display_value"": ""19.8 km""}, {""row_index"": 2, ""column_index"": 2, ""row_identifier_column"": ""Station"", ""row_identifier_value"": ""Pinehurst"", ""column"": ""Visibility"", ""raw_value"": 25.7, ""display_value"": ""25.7 km""}, {""row_index"": 3, ""column_index"": 2, ""row_identifier_column"": ""Station"", ""row_identifier_value"": ""Riverton"", ""column"": ""Visibility"", ""raw_value"": 3.4, ""display_value"": ""3.4 km""}, {""row_index"": 4, ""column_index"": 2, ""row_identifier_column"": ""Station"", ""row_identifier_value"": ""Westhaven"", ""column"": ""Visibility"", ""raw_value"": 3.3, ""display_value"": ""3.3 km""}, {""row_index"": 5, ""column_index"": 2, ""row_identifier_column"": ""Station"", ""row_identifier_value"": ""Maple"", ""column"": ""Visibility"", ""raw_value"": 6.1, ""display_value"": ""6.1 km""}]","{""target_column"": ""Visibility"", ""column_allowed_for_operation"": true, ""comparison"": ""greater_than"", ""threshold_raw"": 3.35, ""threshold_display"": ""3.35 km""}","{""headers"": [""Humidity"", ""Station"", ""Visibility"", ""Pressure"", ""Wind speed""], ""rows"": [[""73 %"", ""Hillcrest"", ""24.6 km"", ""990.4 hPa"", ""20.5 m/s""], [""57 %"", ""Lakeside"", ""19.8 km"", ""1019.2 hPa"", ""4.7 m/s""], [""18 %"", ""Pinehurst"", ""25.7 km"", ""993.6 hPa"", ""11.2 m/s""], [""64 %"", ""Riverton"", ""3.4 km"", ""1001.3 hPa"", ""28.5 m/s""], [""88 %"", ""Westhaven"", ""3.3 km"", ""1010.8 hPa"", ""7.4 m/s""], [""87 %"", ""Maple"", ""6.1 km"", ""998.6 hPa"", ""26.6 m/s""]]}"
A-L3-0111,3,argmax,flight_measurements,Find the pilot with the greatest Altitude.,"| Altitude | Engine temperature | Vertical speed | Pilot | Fuel |
| --- | --- | --- | --- | --- |
| 9903 m | 598 °C | 17.1 m/s | Mina | 1340 kg |
| 5180 m | 654 °C | 18.2 m/s | Iris | 4507 kg |
| 5600 m | 781 °C | -12.7 m/s | Hana | 3999 kg |
| 5044 m | 833 °C | -10.9 m/s | Yuna | 1166 kg |
| 657 m | 565 °C | 16.1 m/s | Maya | 6018 kg |
| 5743 m | 908 °C | 11.9 m/s | Emma | 9833 kg |
| 8004 m | 455 °C | 2.0 m/s | Lucas | 10381 kg |
| 8400 m | 526 °C | 15.7 m/s | David | 6157 kg |","Answer the question using the table. Return only the final answer.

Table:
| Altitude | Engine temperature | Vertical speed | Pilot | Fuel |
| --- | --- | --- | --- | --- |
| 9903 m | 598 °C | 17.1 m/s | Mina | 1340 kg |
| 5180 m | 654 °C | 18.2 m/s | Iris | 4507 kg |
| 5600 m | 781 °C | -12.7 m/s | Hana | 3999 kg |
| 5044 m | 833 °C | -10.9 m/s | Yuna | 1166 kg |
| 657 m | 565 °C | 16.1 m/s | Maya | 6018 kg |
| 5743 m | 908 °C | 11.9 m/s | Emma | 9833 kg |
| 8004 m | 455 °C | 2.0 m/s | Lucas | 10381 kg |
| 8400 m | 526 °C | 15.7 m/s | David | 6157 kg |

Question: Find the pilot with the greatest Altitude.",Mina,argmax,8,Altitude,"[{""row_index"": 0, ""column_index"": 0, ""row_identifier_column"": ""Pilot"", ""row_identifier_value"": ""Mina"", ""column"": ""Altitude"", ""raw_value"": 9903.0, ""display_value"": ""9903 m""}, {""row_index"": 1, ""column_index"": 0, ""row_identifier_column"": ""Pilot"", ""row_identifier_value"": ""Iris"", ""column"": ""Altitude"", ""raw_value"": 5180.0, ""display_value"": ""5180 m""}, {""row_index"": 2, ""column_index"": 0, ""row_identifier_column"": ""Pilot"", ""row_identifier_value"": ""Hana"", ""column"": ""Altitude"", ""raw_value"": 5600.0, ""display_value"": ""5600 m""}, {""row_index"": 3, ""column_index"": 0, ""row_identifier_column"": ""Pilot"", ""row_identifier_value"": ""Yuna"", ""column"": ""Altitude"", ""raw_value"": 5044.0, ""display_value"": ""5044 m""}, {""row_index"": 4, ""column_index"": 0, ""row_identifier_column"": ""Pilot"", ""row_identifier_value"": ""Maya"", ""column"": ""Altitude"", ""raw_value"": 657.0, ""display_value"": ""657 m""}, {""row_index"": 5, ""column_index"": 0, ""row_identifier_column"": ""Pilot"", ""row_identifier_value"": ""Emma"", ""column"": ""Altitude"", ""raw_value"": 5743.0, ""display_value"": ""5743 m""}, {""row_index"": 6, ""column_index"": 0, ""row_identifier_column"": ""Pilot"", ""row_identifier_value"": ""Lucas"", ""column"": ""Altitude"", ""raw_value"": 8004.0, ""display_value"": ""8004 m""}, {""row_index"": 7, ""column_index"": 0, ""row_identifier_column"": ""Pilot"", ""row_identifier_value"": ""David"", ""column"": ""Altitude"", ""raw_value"": 8400.0, ""display_value"": ""8400 m""}]","{""target_column"": ""Altitude"", ""column_allowed_for_operation"": true}","{""headers"": [""Altitude"", ""Engine temperature"", ""Vertical speed"", ""Pilot"", ""Fuel""], ""rows"": [[""9903 m"", ""598 °C"", ""17.1 m/s"", ""Mina"", ""1340 kg""], [""5180 m"", ""654 °C"", ""18.2 m/s"", ""Iris"", ""4507 kg""], [""5600 m"", ""781 °C"", ""-12.7 m/s"", ""Hana"", ""3999 kg""], [""5044 m"", ""833 °C"", ""-10.9 m/s"", ""Yuna"", ""1166 kg""], [""657 m"", ""565 °C"", ""16.1 m/s"", ""Maya"", ""6018 kg""], [""5743 m"", ""908 °C"", ""11.9 m/s"", ""Emma"", ""9833 kg""], [""8004 m"", ""455 °C"", ""2.0 m/s"", ""Lucas"", ""10381 kg""], [""8400 m"", ""526 °C"", ""15.7 m/s"", ""David"", ""6157 kg""]]}"
A-L3-0112,3,count_condition,regional_sales,Count the rows where Retail orders is less than 2140.50 orders.,"| Ad spend | Returns | Online orders | Retail orders | Units sold | Region |
| --- | --- | --- | --- | --- | --- |
| 185.9 kUSD | 37 units | 1463 orders | 1152 orders | 2194 units | Fairview |
| 174.3 kUSD | 338 units | 1493 orders | 1446 orders | 1502 units | Maple |
| 69.6 kUSD | 349 units | 897 orders | 4586 orders | 1449 units | Oakridge |
| 107.0 kUSD | 302 units | 2568 orders | 1083 orders | 7675 units | Riverton |
| 16.8 kUSD | 347 units | 4073 orders | 3930 orders | 6797 units | Westhaven |
| 36.4 kUSD | 298 units | 2341 orders | 2833 orders | 2194 units | Cedar |
| 240.7 kUSD | 72 units | 988 orders | 1448 orders | 143 units | Pinehurst |","Answer the question using the table. Return only the final answer.

Table:
| Ad spend | Returns | Online orders | Retail orders | Units sold | Region |
| --- | --- | --- | --- | --- | --- |
| 185.9 kUSD | 37 units | 1463 orders | 1152 orders | 2194 units | Fairview |
| 174.3 kUSD | 338 units | 1493 orders | 1446 orders | 1502 units | Maple |
| 69.6 kUSD | 349 units | 897 orders | 4586 orders | 1449 units | Oakridge |
| 107.0 kUSD | 302 units | 2568 orders | 1083 orders | 7675 units | Riverton |
| 16.8 kUSD | 347 units | 4073 orders | 3930 orders | 6797 units | Westhaven |
| 36.4 kUSD | 298 units | 2341 orders | 2833 orders | 2194 units | Cedar |
| 240.7 kUSD | 72 units | 988 orders | 1448 orders | 143 units | Pinehurst |

Question: Count the rows where Retail orders is less than 2140.50 orders.",4,count_condition,7,Retail orders,"[{""row_index"": 0, ""column_index"": 3, ""row_identifier_column"": ""Region"", ""row_identifier_value"": ""Fairview"", ""column"": ""Retail orders"", ""raw_value"": 1152.0, ""display_value"": ""1152 orders""}, {""row_index"": 1, ""column_index"": 3, ""row_identifier_column"": ""Region"", ""row_identifier_value"": ""Maple"", ""column"": ""Retail orders"", ""raw_value"": 1446.0, ""display_value"": ""1446 orders""}, {""row_index"": 2, ""column_index"": 3, ""row_identifier_column"": ""Region"", ""row_identifier_value"": ""Oakridge"", ""column"": ""Retail orders"", ""raw_value"": 4586.0, ""display_value"": ""4586 orders""}, {""row_index"": 3, ""column_index"": 3, ""row_identifier_column"": ""Region"", ""row_identifier_value"": ""Riverton"", ""column"": ""Retail orders"", ""raw_value"": 1083.0, ""display_value"": ""1083 orders""}, {""row_index"": 4, ""column_index"": 3, ""row_identifier_column"": ""Region"", ""row_identifier_value"": ""Westhaven"", ""column"": ""Retail orders"", ""raw_value"": 3930.0, ""display_value"": ""3930 orders""}, {""row_index"": 5, ""column_index"": 3, ""row_identifier_column"": ""Region"", ""row_identifier_value"": ""Cedar"", ""column"": ""Retail orders"", ""raw_value"": 2833.0, ""display_value"": ""2833 orders""}, {""row_index"": 6, ""column_index"": 3, ""row_identifier_column"": ""Region"", ""row_identifier_value"": ""Pinehurst"", ""column"": ""Retail orders"", ""raw_value"": 1448.0, ""display_value"": ""1448 orders""}]","{""target_column"": ""Retail orders"", ""column_allowed_for_operation"": true, ""comparison"": ""less_than"", ""threshold_raw"": 2140.5, ""threshold_display"": ""2140.50 orders""}","{""headers"": [""Ad spend"", ""Returns"", ""Online orders"", ""Retail orders"", ""Units sold"", ""Region""], ""rows"": [[""185.9 kUSD"", ""37 units"", ""1463 orders"", ""1152 orders"", ""2194 units"", ""Fairview""], [""174.3 kUSD"", ""338 units"", ""1493 orders"", ""1446 orders"", ""1502 units"", ""Maple""], [""69.6 kUSD"", ""349 units"", ""897 orders"", ""4586 orders"", ""1449 units"", ""Oakridge""], [""107.0 kUSD"", ""302 units"", ""2568 orders"", ""1083 orders"", ""7675 units"", ""Riverton""], [""16.8 kUSD"", ""347 units"", ""4073 orders"", ""3930 orders"", ""6797 units"", ""Westhaven""], [""36.4 kUSD"", ""298 units"", ""2341 orders"", ""2833 orders"", ""2194 units"", ""Cedar""], [""240.7 kUSD"", ""72 units"", ""988 orders"", ""1448 orders"", ""143 units"", ""Pinehurst""]]}"
A-L3-0113,3,argmin,sports_statistics,Find the team with the smallest Fouls.,"| Goals scored | Team | Fouls | Points | Possession | Shots | Passes |
| --- | --- | --- | --- | --- | --- | --- |
| 95 goals | Sharks | 29 fouls | 90 points | 56.0 % | 209 shots | 853 passes |
| 16 goals | Panthers | 35 fouls | 50 points | 56.0 % | 97 shots | 427 passes |
| 76 goals | Hawks | 6 fouls | 93 points | 48.5 % | 150 shots | 313 passes |
| 94 goals | Cyclones | 25 fouls | 57 points | 64.6 % | 57 shots | 460 passes |
| 14 goals | Tigers | 2 fouls | 43 points | 57.3 % | 23 shots | 583 passes |
| 94 goals | Falcons | 23 fouls | 104 points | 66.6 % | 193 shots | 771 passes |
| 62 goals | Bulls | 10 fouls | 61 points | 64.3 % | 49 shots | 647 passes |
| 45 goals | Comets | 19 fouls | 103 points | 30.2 % | 229 shots | 830 passes |","Answer the question using the table. Return only the final answer.

Table:
| Goals scored | Team | Fouls | Points | Possession | Shots | Passes |
| --- | --- | --- | --- | --- | --- | --- |
| 95 goals | Sharks | 29 fouls | 90 points | 56.0 % | 209 shots | 853 passes |
| 16 goals | Panthers | 35 fouls | 50 points | 56.0 % | 97 shots | 427 passes |
| 76 goals | Hawks | 6 fouls | 93 points | 48.5 % | 150 shots | 313 passes |
| 94 goals | Cyclones | 25 fouls | 57 points | 64.6 % | 57 shots | 460 passes |
| 14 goals | Tigers | 2 fouls | 43 points | 57.3 % | 23 shots | 583 passes |
| 94 goals | Falcons | 23 fouls | 104 points | 66.6 % | 193 shots | 771 passes |
| 62 goals | Bulls | 10 fouls | 61 points | 64.3 % | 49 shots | 647 passes |
| 45 goals | Comets | 19 fouls | 103 points | 30.2 % | 229 shots | 830 passes |

Question: Find the team with the smallest Fouls.",Tigers,argmin,8,Fouls,"[{""row_index"": 0, ""column_index"": 2, ""row_identifier_column"": ""Team"", ""row_identifier_value"": ""Sharks"", ""column"": ""Fouls"", ""raw_value"": 29.0, ""display_value"": ""29 fouls""}, {""row_index"": 1, ""column_index"": 2, ""row_identifier_column"": ""Team"", ""row_identifier_value"": ""Panthers"", ""column"": ""Fouls"", ""raw_value"": 35.0, ""display_value"": ""35 fouls""}, {""row_index"": 2, ""column_index"": 2, ""row_identifier_column"": ""Team"", ""row_identifier_value"": ""Hawks"", ""column"": ""Fouls"", ""raw_value"": 6.0, ""display_value"": ""6 fouls""}, {""row_index"": 3, ""column_index"": 2, ""row_identifier_column"": ""Team"", ""row_identifier_value"": ""Cyclones"", ""column"": ""Fouls"", ""raw_value"": 25.0, ""display_value"": ""25 fouls""}, {""row_index"": 4, ""column_index"": 2, ""row_identifier_column"": ""Team"", ""row_identifier_value"": ""Tigers"", ""column"": ""Fouls"", ""raw_value"": 2.0, ""display_value"": ""2 fouls""}, {""row_index"": 5, ""column_index"": 2, ""row_identifier_column"": ""Team"", ""row_identifier_value"": ""Falcons"", ""column"": ""Fouls"", ""raw_value"": 23.0, ""display_value"": ""23 fouls""}, {""row_index"": 6, ""column_index"": 2, ""row_identifier_column"": ""Team"", ""row_identifier_value"": ""Bulls"", ""column"": ""Fouls"", ""raw_value"": 10.0, ""display_value"": ""10 fouls""}, {""row_index"": 7, ""column_index"": 2, ""row_identifier_column"": ""Team"", ""row_identifier_value"": ""Comets"", ""column"": ""Fouls"", ""raw_value"": 19.0, ""display_value"": ""19 fouls""}]","{""target_column"": ""Fouls"", ""column_allowed_for_operation"": true}","{""headers"": [""Goals scored"", ""Team"", ""Fouls"", ""Points"", ""Possession"", ""Shots"", ""Passes""], ""rows"": [[""95 goals"", ""Sharks"", ""29 fouls"", ""90 points"", ""56.0 %"", ""209 shots"", ""853 passes""], [""16 goals"", ""Panthers"", ""35 fouls"", ""50 points"", ""56.0 %"", ""97 shots"", ""427 passes""], [""76 goals"", ""Hawks"", ""6 fouls"", ""93 points"", ""48.5 %"", ""150 shots"", ""313 passes""], [""94 goals"", ""Cyclones"", ""25 fouls"", ""57 points"", ""64.6 %"", ""57 shots"", ""460 passes""], [""14 goals"", ""Tigers"", ""2 fouls"", ""43 points"", ""57.3 %"", ""23 shots"", ""583 passes""], [""94 goals"", ""Falcons"", ""23 fouls"", ""104 points"", ""66.6 %"", ""193 shots"", ""771 passes""], [""62 goals"", ""Bulls"", ""10 fouls"", ""61 points"", ""64.3 %"", ""49 shots"", ""647 passes""], [""45 goals"", ""Comets"", ""19 fouls"", ""103 points"", ""30.2 %"", ""229 shots"", ""830 passes""]]}"
A-L3-0114,3,count_condition,ml_benchmark,How many entries have Accuracy greater than 87.55 %?,"| Energy use | Model | F1 score | Accuracy | Latency | Memory usage |
| --- | --- | --- | --- | --- | --- |
| 104.2 Wh | Nimbus | 88.6 % | 85.4 % | 188.4 ms | 14.8 GB |
| 187.8 Wh | Delta | 50.6 % | 91.9 % | 163.3 ms | 11.7 GB |
| 487.0 Wh | Aurora | 56.8 % | 89.7 % | 149.4 ms | 6.4 GB |
| 191.3 Wh | Pulse | 86.2 % | 55.1 % | 160.9 ms | 19.2 GB |
| 158.9 Wh | Sigma | 80.5 % | 69.8 % | 35.9 ms | 1.6 GB |","Answer the question using the table. Return only the final answer.

Table:
| Energy use | Model | F1 score | Accuracy | Latency | Memory usage |
| --- | --- | --- | --- | --- | --- |
| 104.2 Wh | Nimbus | 88.6 % | 85.4 % | 188.4 ms | 14.8 GB |
| 187.8 Wh | Delta | 50.6 % | 91.9 % | 163.3 ms | 11.7 GB |
| 487.0 Wh | Aurora | 56.8 % | 89.7 % | 149.4 ms | 6.4 GB |
| 191.3 Wh | Pulse | 86.2 % | 55.1 % | 160.9 ms | 19.2 GB |
| 158.9 Wh | Sigma | 80.5 % | 69.8 % | 35.9 ms | 1.6 GB |

Question: How many entries have Accuracy greater than 87.55 %?",2,count_condition,5,Accuracy,"[{""row_index"": 0, ""column_index"": 3, ""row_identifier_column"": ""Model"", ""row_identifier_value"": ""Nimbus"", ""column"": ""Accuracy"", ""raw_value"": 85.4, ""display_value"": ""85.4 %""}, {""row_index"": 1, ""column_index"": 3, ""row_identifier_column"": ""Model"", ""row_identifier_value"": ""Delta"", ""column"": ""Accuracy"", ""raw_value"": 91.9, ""display_value"": ""91.9 %""}, {""row_index"": 2, ""column_index"": 3, ""row_identifier_column"": ""Model"", ""row_identifier_value"": ""Aurora"", ""column"": ""Accuracy"", ""raw_value"": 89.7, ""display_value"": ""89.7 %""}, {""row_index"": 3, ""column_index"": 3, ""row_identifier_column"": ""Model"", ""row_identifier_value"": ""Pulse"", ""column"": ""Accuracy"", ""raw_value"": 55.1, ""display_value"": ""55.1 %""}, {""row_index"": 4, ""column_index"": 3, ""row_identifier_column"": ""Model"", ""row_identifier_value"": ""Sigma"", ""column"": ""Accuracy"", ""raw_value"": 69.8, ""display_value"": ""69.8 %""}]","{""target_column"": ""Accuracy"", ""column_allowed_for_operation"": true, ""comparison"": ""greater_than"", ""threshold_raw"": 87.55, ""threshold_display"": ""87.55 %""}","{""headers"": [""Energy use"", ""Model"", ""F1 score"", ""Accuracy"", ""Latency"", ""Memory usage""], ""rows"": [[""104.2 Wh"", ""Nimbus"", ""88.6 %"", ""85.4 %"", ""188.4 ms"", ""14.8 GB""], [""187.8 Wh"", ""Delta"", ""50.6 %"", ""91.9 %"", ""163.3 ms"", ""11.7 GB""], [""487.0 Wh"", ""Aurora"", ""56.8 %"", ""89.7 %"", ""149.4 ms"", ""6.4 GB""], [""191.3 Wh"", ""Pulse"", ""86.2 %"", ""55.1 %"", ""160.9 ms"", ""19.2 GB""], [""158.9 Wh"", ""Sigma"", ""80.5 %"", ""69.8 %"", ""35.9 ms"", ""1.6 GB""]]}"
A-L3-0115,3,count_condition,ml_benchmark,How many entries have F1 score greater than 57.00 %?,"| F1 score | Memory usage | Latency | Model | Energy use | Accuracy | Throughput |
| --- | --- | --- | --- | --- | --- | --- |
| 58.7 % | 11.0 GB | 155.9 ms | Aurora | 320.3 Wh | 71.1 % | 225.2 req/s |
| 55.3 % | 7.7 GB | 137.8 ms | Helix | 100.5 Wh | 60.2 % | 190.5 req/s |
| 62.0 % | 16.7 GB | 7.2 ms | Echo | 275.1 Wh | 71.2 % | 418.3 req/s |
| 88.0 % | 11.3 GB | 154.8 ms | Nova | 311.7 Wh | 88.9 % | 478.5 req/s |
| 60.3 % | 3.4 GB | 82.5 ms | Pulse | 75.6 Wh | 90.4 % | 474.5 req/s |
| 47.1 % | 17.4 GB | 168.4 ms | Quartz | 102.3 Wh | 85.7 % | 221.4 req/s |
| 70.6 % | 4.3 GB | 53.7 ms | Atlas | 215.1 Wh | 61.5 % | 111.0 req/s |
| 88.0 % | 9.3 GB | 110.4 ms | Zenith | 190.0 Wh | 72.2 % | 241.6 req/s |","Answer the question using the table. Return only the final answer.

Table:
| F1 score | Memory usage | Latency | Model | Energy use | Accuracy | Throughput |
| --- | --- | --- | --- | --- | --- | --- |
| 58.7 % | 11.0 GB | 155.9 ms | Aurora | 320.3 Wh | 71.1 % | 225.2 req/s |
| 55.3 % | 7.7 GB | 137.8 ms | Helix | 100.5 Wh | 60.2 % | 190.5 req/s |
| 62.0 % | 16.7 GB | 7.2 ms | Echo | 275.1 Wh | 71.2 % | 418.3 req/s |
| 88.0 % | 11.3 GB | 154.8 ms | Nova | 311.7 Wh | 88.9 % | 478.5 req/s |
| 60.3 % | 3.4 GB | 82.5 ms | Pulse | 75.6 Wh | 90.4 % | 474.5 req/s |
| 47.1 % | 17.4 GB | 168.4 ms | Quartz | 102.3 Wh | 85.7 % | 221.4 req/s |
| 70.6 % | 4.3 GB | 53.7 ms | Atlas | 215.1 Wh | 61.5 % | 111.0 req/s |
| 88.0 % | 9.3 GB | 110.4 ms | Zenith | 190.0 Wh | 72.2 % | 241.6 req/s |

Question: How many entries have F1 score greater than 57.00 %?",6,count_condition,8,F1 score,"[{""row_index"": 0, ""column_index"": 0, ""row_identifier_column"": ""Model"", ""row_identifier_value"": ""Aurora"", ""column"": ""F1 score"", ""raw_value"": 58.7, ""display_value"": ""58.7 %""}, {""row_index"": 1, ""column_index"": 0, ""row_identifier_column"": ""Model"", ""row_identifier_value"": ""Helix"", ""column"": ""F1 score"", ""raw_value"": 55.3, ""display_value"": ""55.3 %""}, {""row_index"": 2, ""column_index"": 0, ""row_identifier_column"": ""Model"", ""row_identifier_value"": ""Echo"", ""column"": ""F1 score"", ""raw_value"": 62.0, ""display_value"": ""62.0 %""}, {""row_index"": 3, ""column_index"": 0, ""row_identifier_column"": ""Model"", ""row_identifier_value"": ""Nova"", ""column"": ""F1 score"", ""raw_value"": 88.0, ""display_value"": ""88.0 %""}, {""row_index"": 4, ""column_index"": 0, ""row_identifier_column"": ""Model"", ""row_identifier_value"": ""Pulse"", ""column"": ""F1 score"", ""raw_value"": 60.3, ""display_value"": ""60.3 %""}, {""row_index"": 5, ""column_index"": 0, ""row_identifier_column"": ""Model"", ""row_identifier_value"": ""Quartz"", ""column"": ""F1 score"", ""raw_value"": 47.1, ""display_value"": ""47.1 %""}, {""row_index"": 6, ""column_index"": 0, ""row_identifier_column"": ""Model"", ""row_identifier_value"": ""Atlas"", ""column"": ""F1 score"", ""raw_value"": 70.6, ""display_value"": ""70.6 %""}, {""row_index"": 7, ""column_index"": 0, ""row_identifier_column"": ""Model"", ""row_identifier_value"": ""Zenith"", ""column"": ""F1 score"", ""raw_value"": 88.0, ""display_value"": ""88.0 %""}]","{""target_column"": ""F1 score"", ""column_allowed_for_operation"": true, ""comparison"": ""greater_than"", ""threshold_raw"": 57.0, ""threshold_display"": ""57.00 %""}","{""headers"": [""F1 score"", ""Memory usage"", ""Latency"", ""Model"", ""Energy use"", ""Accuracy"", ""Throughput""], ""rows"": [[""58.7 %"", ""11.0 GB"", ""155.9 ms"", ""Aurora"", ""320.3 Wh"", ""71.1 %"", ""225.2 req/s""], [""55.3 %"", ""7.7 GB"", ""137.8 ms"", ""Helix"", ""100.5 Wh"", ""60.2 %"", ""190.5 req/s""], [""62.0 %"", ""16.7 GB"", ""7.2 ms"", ""Echo"", ""275.1 Wh"", ""71.2 %"", ""418.3 req/s""], [""88.0 %"", ""11.3 GB"", ""154.8 ms"", ""Nova"", ""311.7 Wh"", ""88.9 %"", ""478.5 req/s""], [""60.3 %"", ""3.4 GB"", ""82.5 ms"", ""Pulse"", ""75.6 Wh"", ""90.4 %"", ""474.5 req/s""], [""47.1 %"", ""17.4 GB"", ""168.4 ms"", ""Quartz"", ""102.3 Wh"", ""85.7 %"", ""221.4 req/s""], [""70.6 %"", ""4.3 GB"", ""53.7 ms"", ""Atlas"", ""215.1 Wh"", ""61.5 %"", ""111.0 req/s""], [""88.0 %"", ""9.3 GB"", ""110.4 ms"", ""Zenith"", ""190.0 Wh"", ""72.2 %"", ""241.6 req/s""]]}"
A-L3-0116,3,count_condition,lab_measurements,How many entries have pH greater than 5.820?,"| Sample | Volume | Temperature | pH | Conductivity | Density |
| --- | --- | --- | --- | --- | --- |
| Sample-D | 115.7 mL | 10.1 °C | 4.67 | 7.85 mS/cm | 3.45 g/mL |
| Sample-E | 144.2 mL | 16.0 °C | 9.08 | 3.95 mS/cm | 1.26 g/mL |
| Sample-C | 149.7 mL | 79.1 °C | 10.65 | 8.09 mS/cm | 1.81 g/mL |
| Sample-A | 74.0 mL | 40.3 °C | 5.55 | 19.94 mS/cm | 2.70 g/mL |
| Sample-I | 198.4 mL | 48.2 °C | 6.45 | 3.51 mS/cm | 3.81 g/mL |
| Sample-F | 197.6 mL | 11.4 °C | 7.65 | 17.07 mS/cm | 3.07 g/mL |
| Sample-B | 279.4 mL | 60.0 °C | 6.09 | 20.31 mS/cm | 2.55 g/mL |
| Sample-H | 252.8 mL | 30.0 °C | 11.75 | 19.33 mS/cm | 1.27 g/mL |
| Sample-L | 268.1 mL | 68.7 °C | 10.58 | 21.09 mS/cm | 1.52 g/mL |","Answer the question using the table. Return only the final answer.

Table:
| Sample | Volume | Temperature | pH | Conductivity | Density |
| --- | --- | --- | --- | --- | --- |
| Sample-D | 115.7 mL | 10.1 °C | 4.67 | 7.85 mS/cm | 3.45 g/mL |
| Sample-E | 144.2 mL | 16.0 °C | 9.08 | 3.95 mS/cm | 1.26 g/mL |
| Sample-C | 149.7 mL | 79.1 °C | 10.65 | 8.09 mS/cm | 1.81 g/mL |
| Sample-A | 74.0 mL | 40.3 °C | 5.55 | 19.94 mS/cm | 2.70 g/mL |
| Sample-I | 198.4 mL | 48.2 °C | 6.45 | 3.51 mS/cm | 3.81 g/mL |
| Sample-F | 197.6 mL | 11.4 °C | 7.65 | 17.07 mS/cm | 3.07 g/mL |
| Sample-B | 279.4 mL | 60.0 °C | 6.09 | 20.31 mS/cm | 2.55 g/mL |
| Sample-H | 252.8 mL | 30.0 °C | 11.75 | 19.33 mS/cm | 1.27 g/mL |
| Sample-L | 268.1 mL | 68.7 °C | 10.58 | 21.09 mS/cm | 1.52 g/mL |

Question: How many entries have pH greater than 5.820?",7,count_condition,9,pH,"[{""row_index"": 0, ""column_index"": 3, ""row_identifier_column"": ""Sample"", ""row_identifier_value"": ""Sample-D"", ""column"": ""pH"", ""raw_value"": 4.67, ""display_value"": ""4.67""}, {""row_index"": 1, ""column_index"": 3, ""row_identifier_column"": ""Sample"", ""row_identifier_value"": ""Sample-E"", ""column"": ""pH"", ""raw_value"": 9.08, ""display_value"": ""9.08""}, {""row_index"": 2, ""column_index"": 3, ""row_identifier_column"": ""Sample"", ""row_identifier_value"": ""Sample-C"", ""column"": ""pH"", ""raw_value"": 10.65, ""display_value"": ""10.65""}, {""row_index"": 3, ""column_index"": 3, ""row_identifier_column"": ""Sample"", ""row_identifier_value"": ""Sample-A"", ""column"": ""pH"", ""raw_value"": 5.55, ""display_value"": ""5.55""}, {""row_index"": 4, ""column_index"": 3, ""row_identifier_column"": ""Sample"", ""row_identifier_value"": ""Sample-I"", ""column"": ""pH"", ""raw_value"": 6.45, ""display_value"": ""6.45""}, {""row_index"": 5, ""column_index"": 3, ""row_identifier_column"": ""Sample"", ""row_identifier_value"": ""Sample-F"", ""column"": ""pH"", ""raw_value"": 7.65, ""display_value"": ""7.65""}, {""row_index"": 6, ""column_index"": 3, ""row_identifier_column"": ""Sample"", ""row_identifier_value"": ""Sample-B"", ""column"": ""pH"", ""raw_value"": 6.09, ""display_value"": ""6.09""}, {""row_index"": 7, ""column_index"": 3, ""row_identifier_column"": ""Sample"", ""row_identifier_value"": ""Sample-H"", ""column"": ""pH"", ""raw_value"": 11.75, ""display_value"": ""11.75""}, {""row_index"": 8, ""column_index"": 3, ""row_identifier_column"": ""Sample"", ""row_identifier_value"": ""Sample-L"", ""column"": ""pH"", ""raw_value"": 10.58, ""display_value"": ""10.58""}]","{""target_column"": ""pH"", ""column_allowed_for_operation"": true, ""comparison"": ""greater_than"", ""threshold_raw"": 5.82, ""threshold_display"": ""5.820""}","{""headers"": [""Sample"", ""Volume"", ""Temperature"", ""pH"", ""Conductivity"", ""Density""], ""rows"": [[""Sample-D"", ""115.7 mL"", ""10.1 °C"", ""4.67"", ""7.85 mS/cm"", ""3.45 g/mL""], [""Sample-E"", ""144.2 mL"", ""16.0 °C"", ""9.08"", ""3.95 mS/cm"", ""1.26 g/mL""], [""Sample-C"", ""149.7 mL"", ""79.1 °C"", ""10.65"", ""8.09 mS/cm"", ""1.81 g/mL""], [""Sample-A"", ""74.0 mL"", ""40.3 °C"", ""5.55"", ""19.94 mS/cm"", ""2.70 g/mL""], [""Sample-I"", ""198.4 mL"", ""48.2 °C"", ""6.45"", ""3.51 mS/cm"", ""3.81 g/mL""], [""Sample-F"", ""197.6 mL"", ""11.4 °C"", ""7.65"", ""17.07 mS/cm"", ""3.07 g/mL""], [""Sample-B"", ""279.4 mL"", ""60.0 °C"", ""6.09"", ""20.31 mS/cm"", ""2.55 g/mL""], [""Sample-H"", ""252.8 mL"", ""30.0 °C"", ""11.75"", ""19.33 mS/cm"", ""1.27 g/mL""], [""Sample-L"", ""268.1 mL"", ""68.7 °C"", ""10.58"", ""21.09 mS/cm"", ""1.52 g/mL""]]}"
A-L3-0117,3,count_condition,race_telemetry,Count the rows where Top speed is less than 183.85 km/h.,"| Top speed | Lap time | Pit time | Driver | Fuel remaining | Brake temperature |
| --- | --- | --- | --- | --- | --- |
| 275.0 km/h | 129.58 s | 26.93 s | Chris | 46.4 L | 801 °C |
| 297.5 km/h | 86.03 s | 40.93 s | Julia | 30.2 L | 884 °C |
| 304.1 km/h | 135.57 s | 33.56 s | Ava | 27.3 L | 558 °C |
| 249.9 km/h | 110.22 s | 11.95 s | David | 8.3 L | 871 °C |
| 200.1 km/h | 132.74 s | 1.60 s | Daniel | 23.8 L | 477 °C |
| 185.5 km/h | 118.46 s | 4.15 s | Oliver | 11.1 L | 264 °C |
| 182.2 km/h | 108.05 s | 23.03 s | Theo | 7.5 L | 566 °C |
| 218.5 km/h | 84.57 s | 29.37 s | Emma | 43.2 L | 275 °C |
| 301.6 km/h | 92.62 s | 32.44 s | Lucas | 47.2 L | 349 °C |
| 300.8 km/h | 126.19 s | 37.01 s | Iris | 72.5 L | 738 °C |","Answer the question using the table. Return only the final answer.

Table:
| Top speed | Lap time | Pit time | Driver | Fuel remaining | Brake temperature |
| --- | --- | --- | --- | --- | --- |
| 275.0 km/h | 129.58 s | 26.93 s | Chris | 46.4 L | 801 °C |
| 297.5 km/h | 86.03 s | 40.93 s | Julia | 30.2 L | 884 °C |
| 304.1 km/h | 135.57 s | 33.56 s | Ava | 27.3 L | 558 °C |
| 249.9 km/h | 110.22 s | 11.95 s | David | 8.3 L | 871 °C |
| 200.1 km/h | 132.74 s | 1.60 s | Daniel | 23.8 L | 477 °C |
| 185.5 km/h | 118.46 s | 4.15 s | Oliver | 11.1 L | 264 °C |
| 182.2 km/h | 108.05 s | 23.03 s | Theo | 7.5 L | 566 °C |
| 218.5 km/h | 84.57 s | 29.37 s | Emma | 43.2 L | 275 °C |
| 301.6 km/h | 92.62 s | 32.44 s | Lucas | 47.2 L | 349 °C |
| 300.8 km/h | 126.19 s | 37.01 s | Iris | 72.5 L | 738 °C |

Question: Count the rows where Top speed is less than 183.85 km/h.",1,count_condition,10,Top speed,"[{""row_index"": 0, ""column_index"": 0, ""row_identifier_column"": ""Driver"", ""row_identifier_value"": ""Chris"", ""column"": ""Top speed"", ""raw_value"": 275.0, ""display_value"": ""275.0 km/h""}, {""row_index"": 1, ""column_index"": 0, ""row_identifier_column"": ""Driver"", ""row_identifier_value"": ""Julia"", ""column"": ""Top speed"", ""raw_value"": 297.5, ""display_value"": ""297.5 km/h""}, {""row_index"": 2, ""column_index"": 0, ""row_identifier_column"": ""Driver"", ""row_identifier_value"": ""Ava"", ""column"": ""Top speed"", ""raw_value"": 304.1, ""display_value"": ""304.1 km/h""}, {""row_index"": 3, ""column_index"": 0, ""row_identifier_column"": ""Driver"", ""row_identifier_value"": ""David"", ""column"": ""Top speed"", ""raw_value"": 249.9, ""display_value"": ""249.9 km/h""}, {""row_index"": 4, ""column_index"": 0, ""row_identifier_column"": ""Driver"", ""row_identifier_value"": ""Daniel"", ""column"": ""Top speed"", ""raw_value"": 200.1, ""display_value"": ""200.1 km/h""}, {""row_index"": 5, ""column_index"": 0, ""row_identifier_column"": ""Driver"", ""row_identifier_value"": ""Oliver"", ""column"": ""Top speed"", ""raw_value"": 185.5, ""display_value"": ""185.5 km/h""}, {""row_index"": 6, ""column_index"": 0, ""row_identifier_column"": ""Driver"", ""row_identifier_value"": ""Theo"", ""column"": ""Top speed"", ""raw_value"": 182.2, ""display_value"": ""182.2 km/h""}, {""row_index"": 7, ""column_index"": 0, ""row_identifier_column"": ""Driver"", ""row_identifier_value"": ""Emma"", ""column"": ""Top speed"", ""raw_value"": 218.5, ""display_value"": ""218.5 km/h""}, {""row_index"": 8, ""column_index"": 0, ""row_identifier_column"": ""Driver"", ""row_identifier_value"": ""Lucas"", ""column"": ""Top speed"", ""raw_value"": 301.6, ""display_value"": ""301.6 km/h""}, {""row_index"": 9, ""column_index"": 0, ""row_identifier_column"": ""Driver"", ""row_identifier_value"": ""Iris"", ""column"": ""Top speed"", ""raw_value"": 300.8, ""display_value"": ""300.8 km/h""}]","{""target_column"": ""Top speed"", ""column_allowed_for_operation"": true, ""comparison"": ""less_than"", ""threshold_raw"": 183.85, ""threshold_display"": ""183.85 km/h""}","{""headers"": [""Top speed"", ""Lap time"", ""Pit time"", ""Driver"", ""Fuel remaining"", ""Brake temperature""], ""rows"": [[""275.0 km/h"", ""129.58 s"", ""26.93 s"", ""Chris"", ""46.4 L"", ""801 °C""], [""297.5 km/h"", ""86.03 s"", ""40.93 s"", ""Julia"", ""30.2 L"", ""884 °C""], [""304.1 km/h"", ""135.57 s"", ""33.56 s"", ""Ava"", ""27.3 L"", ""558 °C""], [""249.9 km/h"", ""110.22 s"", ""11.95 s"", ""David"", ""8.3 L"", ""871 °C""], [""200.1 km/h"", ""132.74 s"", ""1.60 s"", ""Daniel"", ""23.8 L"", ""477 °C""], [""185.5 km/h"", ""118.46 s"", ""4.15 s"", ""Oliver"", ""11.1 L"", ""264 °C""], [""182.2 km/h"", ""108.05 s"", ""23.03 s"", ""Theo"", ""7.5 L"", ""566 °C""], [""218.5 km/h"", ""84.57 s"", ""29.37 s"", ""Emma"", ""43.2 L"", ""275 °C""], [""301.6 km/h"", ""92.62 s"", ""32.44 s"", ""Lucas"", ""47.2 L"", ""349 °C""], [""300.8 km/h"", ""126.19 s"", ""37.01 s"", ""Iris"", ""72.5 L"", ""738 °C""]]}"
A-L3-0118,3,column_sum,battery_tests,What is the total Charge cycles across all rows?,"| Capacity | Charge cycles | Internal resistance | Temperature | Cell | State of health | Voltage |
| --- | --- | --- | --- | --- | --- | --- |
| 4956 mAh | 750 cycles | 15.0 mΩ | 52.8 °C | Cell-B2 | 87.0 % | 3.95 V |
| 3657 mAh | 169 cycles | 173.2 mΩ | 60.9 °C | Cell-F2 | 54.7 % | 2.81 V |
| 5164 mAh | 1402 cycles | 56.4 mΩ | 59.4 °C | Cell-C1 | 82.6 % | 3.54 V |
| 1629 mAh | 705 cycles | 96.5 mΩ | 35.9 °C | Cell-A1 | 61.8 % | 3.12 V |
| 2175 mAh | 893 cycles | 148.1 mΩ | 18.2 °C | Cell-A2 | 96.2 % | 3.69 V |
| 4889 mAh | 621 cycles | 36.1 mΩ | 25.9 °C | Cell-D2 | 67.3 % | 4.39 V |
| 4972 mAh | 473 cycles | 98.3 mΩ | 23.9 °C | Cell-E1 | 66.0 % | 4.00 V |
| 3985 mAh | 1442 cycles | 163.8 mΩ | 59.7 °C | Cell-D1 | 91.2 % | 3.09 V |
| 5180 mAh | 461 cycles | 92.8 mΩ | 39.5 °C | Cell-E2 | 81.8 % | 4.39 V |
| 3300 mAh | 682 cycles | 14.9 mΩ | 62.5 °C | Cell-F1 | 79.6 % | 4.22 V |","Answer the question using the table. Return only the final answer.

Table:
| Capacity | Charge cycles | Internal resistance | Temperature | Cell | State of health | Voltage |
| --- | --- | --- | --- | --- | --- | --- |
| 4956 mAh | 750 cycles | 15.0 mΩ | 52.8 °C | Cell-B2 | 87.0 % | 3.95 V |
| 3657 mAh | 169 cycles | 173.2 mΩ | 60.9 °C | Cell-F2 | 54.7 % | 2.81 V |
| 5164 mAh | 1402 cycles | 56.4 mΩ | 59.4 °C | Cell-C1 | 82.6 % | 3.54 V |
| 1629 mAh | 705 cycles | 96.5 mΩ | 35.9 °C | Cell-A1 | 61.8 % | 3.12 V |
| 2175 mAh | 893 cycles | 148.1 mΩ | 18.2 °C | Cell-A2 | 96.2 % | 3.69 V |
| 4889 mAh | 621 cycles | 36.1 mΩ | 25.9 °C | Cell-D2 | 67.3 % | 4.39 V |
| 4972 mAh | 473 cycles | 98.3 mΩ | 23.9 °C | Cell-E1 | 66.0 % | 4.00 V |
| 3985 mAh | 1442 cycles | 163.8 mΩ | 59.7 °C | Cell-D1 | 91.2 % | 3.09 V |
| 5180 mAh | 461 cycles | 92.8 mΩ | 39.5 °C | Cell-E2 | 81.8 % | 4.39 V |
| 3300 mAh | 682 cycles | 14.9 mΩ | 62.5 °C | Cell-F1 | 79.6 % | 4.22 V |

Question: What is the total Charge cycles across all rows?",7598 cycles,sum,10,Charge cycles,"[{""row_index"": 0, ""column_index"": 1, ""row_identifier_column"": ""Cell"", ""row_identifier_value"": ""Cell-B2"", ""column"": ""Charge cycles"", ""raw_value"": 750.0, ""display_value"": ""750 cycles""}, {""row_index"": 1, ""column_index"": 1, ""row_identifier_column"": ""Cell"", ""row_identifier_value"": ""Cell-F2"", ""column"": ""Charge cycles"", ""raw_value"": 169.0, ""display_value"": ""169 cycles""}, {""row_index"": 2, ""column_index"": 1, ""row_identifier_column"": ""Cell"", ""row_identifier_value"": ""Cell-C1"", ""column"": ""Charge cycles"", ""raw_value"": 1402.0, ""display_value"": ""1402 cycles""}, {""row_index"": 3, ""column_index"": 1, ""row_identifier_column"": ""Cell"", ""row_identifier_value"": ""Cell-A1"", ""column"": ""Charge cycles"", ""raw_value"": 705.0, ""display_value"": ""705 cycles""}, {""row_index"": 4, ""column_index"": 1, ""row_identifier_column"": ""Cell"", ""row_identifier_value"": ""Cell-A2"", ""column"": ""Charge cycles"", ""raw_value"": 893.0, ""display_value"": ""893 cycles""}, {""row_index"": 5, ""column_index"": 1, ""row_identifier_column"": ""Cell"", ""row_identifier_value"": ""Cell-D2"", ""column"": ""Charge cycles"", ""raw_value"": 621.0, ""display_value"": ""621 cycles""}, {""row_index"": 6, ""column_index"": 1, ""row_identifier_column"": ""Cell"", ""row_identifier_value"": ""Cell-E1"", ""column"": ""Charge cycles"", ""raw_value"": 473.0, ""display_value"": ""473 cycles""}, {""row_index"": 7, ""column_index"": 1, ""row_identifier_column"": ""Cell"", ""row_identifier_value"": ""Cell-D1"", ""column"": ""Charge cycles"", ""raw_value"": 1442.0, ""display_value"": ""1442 cycles""}, {""row_index"": 8, ""column_index"": 1, ""row_identifier_column"": ""Cell"", ""row_identifier_value"": ""Cell-E2"", ""column"": ""Charge cycles"", ""raw_value"": 461.0, ""display_value"": ""461 cycles""}, {""row_index"": 9, ""column_index"": 1, ""row_identifier_column"": ""Cell"", ""row_identifier_value"": ""Cell-F1"", ""column"": ""Charge cycles"", ""raw_value"": 682.0, ""display_value"": ""682 cycles""}]","{""target_column"": ""Charge cycles"", ""column_allowed_for_operation"": true}","{""headers"": [""Capacity"", ""Charge cycles"", ""Internal resistance"", ""Temperature"", ""Cell"", ""State of health"", ""Voltage""], ""rows"": [[""4956 mAh"", ""750 cycles"", ""15.0 mΩ"", ""52.8 °C"", ""Cell-B2"", ""87.0 %"", ""3.95 V""], [""3657 mAh"", ""169 cycles"", ""173.2 mΩ"", ""60.9 °C"", ""Cell-F2"", ""54.7 %"", ""2.81 V""], [""5164 mAh"", ""1402 cycles"", ""56.4 mΩ"", ""59.4 °C"", ""Cell-C1"", ""82.6 %"", ""3.54 V""], [""1629 mAh"", ""705 cycles"", ""96.5 mΩ"", ""35.9 °C"", ""Cell-A1"", ""61.8 %"", ""3.12 V""], [""2175 mAh"", ""893 cycles"", ""148.1 mΩ"", ""18.2 °C"", ""Cell-A2"", ""96.2 %"", ""3.69 V""], [""4889 mAh"", ""621 cycles"", ""36.1 mΩ"", ""25.9 °C"", ""Cell-D2"", ""67.3 %"", ""4.39 V""], [""4972 mAh"", ""473 cycles"", ""98.3 mΩ"", ""23.9 °C"", ""Cell-E1"", ""66.0 %"", ""4.00 V""], [""3985 mAh"", ""1442 cycles"", ""163.8 mΩ"", ""59.7 °C"", ""Cell-D1"", ""91.2 %"", ""3.09 V""], [""5180 mAh"", ""461 cycles"", ""92.8 mΩ"", ""39.5 °C"", ""Cell-E2"", ""81.8 %"", ""4.39 V""], [""3300 mAh"", ""682 cycles"", ""14.9 mΩ"", ""62.5 °C"", ""Cell-F1"", ""79.6 %"", ""4.22 V""]]}"
A-L3-0119,3,column_average,regional_sales,Calculate the mean Revenue of all entries in the table.,"| Units sold | Ad spend | Revenue | Retail orders | Returns | Online orders | Region |
| --- | --- | --- | --- | --- | --- | --- |
| 2908 units | 26.0 kUSD | 951.7 kUSD | 3603 orders | 126 units | 2036 orders | Lakeside |
| 6790 units | 169.5 kUSD | 244.0 kUSD | 1918 orders | 46 units | 2695 orders | Pinehurst |
| 7583 units | 140.8 kUSD | 690.7 kUSD | 4521 orders | 478 units | 499 orders | Clearwater |
| 406 units | 102.6 kUSD | 548.6 kUSD | 1841 orders | 201 units | 2393 orders | Oakridge |
| 700 units | 237.3 kUSD | 946.6 kUSD | 1359 orders | 259 units | 1020 orders | Fairview |
| 5672 units | 98.4 kUSD | 217.5 kUSD | 2329 orders | 157 units | 4667 orders | Orion |","Answer the question using the table. Return only the final answer.

Table:
| Units sold | Ad spend | Revenue | Retail orders | Returns | Online orders | Region |
| --- | --- | --- | --- | --- | --- | --- |
| 2908 units | 26.0 kUSD | 951.7 kUSD | 3603 orders | 126 units | 2036 orders | Lakeside |
| 6790 units | 169.5 kUSD | 244.0 kUSD | 1918 orders | 46 units | 2695 orders | Pinehurst |
| 7583 units | 140.8 kUSD | 690.7 kUSD | 4521 orders | 478 units | 499 orders | Clearwater |
| 406 units | 102.6 kUSD | 548.6 kUSD | 1841 orders | 201 units | 2393 orders | Oakridge |
| 700 units | 237.3 kUSD | 946.6 kUSD | 1359 orders | 259 units | 1020 orders | Fairview |
| 5672 units | 98.4 kUSD | 217.5 kUSD | 2329 orders | 157 units | 4667 orders | Orion |

Question: Calculate the mean Revenue of all entries in the table.",599.85 kUSD,mean,6,Revenue,"[{""row_index"": 0, ""column_index"": 2, ""row_identifier_column"": ""Region"", ""row_identifier_value"": ""Lakeside"", ""column"": ""Revenue"", ""raw_value"": 951.7, ""display_value"": ""951.7 kUSD""}, {""row_index"": 1, ""column_index"": 2, ""row_identifier_column"": ""Region"", ""row_identifier_value"": ""Pinehurst"", ""column"": ""Revenue"", ""raw_value"": 244.0, ""display_value"": ""244.0 kUSD""}, {""row_index"": 2, ""column_index"": 2, ""row_identifier_column"": ""Region"", ""row_identifier_value"": ""Clearwater"", ""column"": ""Revenue"", ""raw_value"": 690.7, ""display_value"": ""690.7 kUSD""}, {""row_index"": 3, ""column_index"": 2, ""row_identifier_column"": ""Region"", ""row_identifier_value"": ""Oakridge"", ""column"": ""Revenue"", ""raw_value"": 548.6, ""display_value"": ""548.6 kUSD""}, {""row_index"": 4, ""column_index"": 2, ""row_identifier_column"": ""Region"", ""row_identifier_value"": ""Fairview"", ""column"": ""Revenue"", ""raw_value"": 946.6, ""display_value"": ""946.6 kUSD""}, {""row_index"": 5, ""column_index"": 2, ""row_identifier_column"": ""Region"", ""row_identifier_value"": ""Orion"", ""column"": ""Revenue"", ""raw_value"": 217.5, ""display_value"": ""217.5 kUSD""}]","{""target_column"": ""Revenue"", ""column_allowed_for_operation"": true, ""answer_digits"": 2}","{""headers"": [""Units sold"", ""Ad spend"", ""Revenue"", ""Retail orders"", ""Returns"", ""Online orders"", ""Region""], ""rows"": [[""2908 units"", ""26.0 kUSD"", ""951.7 kUSD"", ""3603 orders"", ""126 units"", ""2036 orders"", ""Lakeside""], [""6790 units"", ""169.5 kUSD"", ""244.0 kUSD"", ""1918 orders"", ""46 units"", ""2695 orders"", ""Pinehurst""], [""7583 units"", ""140.8 kUSD"", ""690.7 kUSD"", ""4521 orders"", ""478 units"", ""499 orders"", ""Clearwater""], [""406 units"", ""102.6 kUSD"", ""548.6 kUSD"", ""1841 orders"", ""201 units"", ""2393 orders"", ""Oakridge""], [""700 units"", ""237.3 kUSD"", ""946.6 kUSD"", ""1359 orders"", ""259 units"", ""1020 orders"", ""Fairview""], [""5672 units"", ""98.4 kUSD"", ""217.5 kUSD"", ""2329 orders"", ""157 units"", ""4667 orders"", ""Orion""]]}"
A-L3-0120,3,argmin,battery_tests,Find the cell with the smallest Voltage.,"| Internal resistance | State of health | Capacity | Temperature | Charge cycles | Voltage | Cell |
| --- | --- | --- | --- | --- | --- | --- |
| 45.2 mΩ | 64.4 % | 1666 mAh | 55.0 °C | 175 cycles | 3.68 V | Cell-C1 |
| 103.6 mΩ | 80.9 % | 5209 mAh | 28.5 °C | 119 cycles | 3.77 V | Cell-D1 |
| 29.7 mΩ | 62.8 % | 4504 mAh | 52.4 °C | 606 cycles | 3.10 V | Cell-D2 |
| 163.1 mΩ | 58.9 % | 2987 mAh | 44.0 °C | 694 cycles | 3.29 V | Cell-B1 |
| 164.8 mΩ | 96.7 % | 5482 mAh | 30.1 °C | 1264 cycles | 3.58 V | Cell-A1 |
| 162.9 mΩ | 68.5 % | 5352 mAh | 45.9 °C | 354 cycles | 2.98 V | Cell-F2 |
| 88.7 mΩ | 90.2 % | 4118 mAh | 59.9 °C | 103 cycles | 3.30 V | Cell-C2 |","Answer the question using the table. Return only the final answer.

Table:
| Internal resistance | State of health | Capacity | Temperature | Charge cycles | Voltage | Cell |
| --- | --- | --- | --- | --- | --- | --- |
| 45.2 mΩ | 64.4 % | 1666 mAh | 55.0 °C | 175 cycles | 3.68 V | Cell-C1 |
| 103.6 mΩ | 80.9 % | 5209 mAh | 28.5 °C | 119 cycles | 3.77 V | Cell-D1 |
| 29.7 mΩ | 62.8 % | 4504 mAh | 52.4 °C | 606 cycles | 3.10 V | Cell-D2 |
| 163.1 mΩ | 58.9 % | 2987 mAh | 44.0 °C | 694 cycles | 3.29 V | Cell-B1 |
| 164.8 mΩ | 96.7 % | 5482 mAh | 30.1 °C | 1264 cycles | 3.58 V | Cell-A1 |
| 162.9 mΩ | 68.5 % | 5352 mAh | 45.9 °C | 354 cycles | 2.98 V | Cell-F2 |
| 88.7 mΩ | 90.2 % | 4118 mAh | 59.9 °C | 103 cycles | 3.30 V | Cell-C2 |

Question: Find the cell with the smallest Voltage.",Cell-F2,argmin,7,Voltage,"[{""row_index"": 0, ""column_index"": 5, ""row_identifier_column"": ""Cell"", ""row_identifier_value"": ""Cell-C1"", ""column"": ""Voltage"", ""raw_value"": 3.68, ""display_value"": ""3.68 V""}, {""row_index"": 1, ""column_index"": 5, ""row_identifier_column"": ""Cell"", ""row_identifier_value"": ""Cell-D1"", ""column"": ""Voltage"", ""raw_value"": 3.77, ""display_value"": ""3.77 V""}, {""row_index"": 2, ""column_index"": 5, ""row_identifier_column"": ""Cell"", ""row_identifier_value"": ""Cell-D2"", ""column"": ""Voltage"", ""raw_value"": 3.1, ""display_value"": ""3.10 V""}, {""row_index"": 3, ""column_index"": 5, ""row_identifier_column"": ""Cell"", ""row_identifier_value"": ""Cell-B1"", ""column"": ""Voltage"", ""raw_value"": 3.29, ""display_value"": ""3.29 V""}, {""row_index"": 4, ""column_index"": 5, ""row_identifier_column"": ""Cell"", ""row_identifier_value"": ""Cell-A1"", ""column"": ""Voltage"", ""raw_value"": 3.58, ""display_value"": ""3.58 V""}, {""row_index"": 5, ""column_index"": 5, ""row_identifier_column"": ""Cell"", ""row_identifier_value"": ""Cell-F2"", ""column"": ""Voltage"", ""raw_value"": 2.98, ""display_value"": ""2.98 V""}, {""row_index"": 6, ""column_index"": 5, ""row_identifier_column"": ""Cell"", ""row_identifier_value"": ""Cell-C2"", ""column"": ""Voltage"", ""raw_value"": 3.3, ""display_value"": ""3.30 V""}]","{""target_column"": ""Voltage"", ""column_allowed_for_operation"": true}","{""headers"": [""Internal resistance"", ""State of health"", ""Capacity"", ""Temperature"", ""Charge cycles"", ""Voltage"", ""Cell""], ""rows"": [[""45.2 mΩ"", ""64.4 %"", ""1666 mAh"", ""55.0 °C"", ""175 cycles"", ""3.68 V"", ""Cell-C1""], [""103.6 mΩ"", ""80.9 %"", ""5209 mAh"", ""28.5 °C"", ""119 cycles"", ""3.77 V"", ""Cell-D1""], [""29.7 mΩ"", ""62.8 %"", ""4504 mAh"", ""52.4 °C"", ""606 cycles"", ""3.10 V"", ""Cell-D2""], [""163.1 mΩ"", ""58.9 %"", ""2987 mAh"", ""44.0 °C"", ""694 cycles"", ""3.29 V"", ""Cell-B1""], [""164.8 mΩ"", ""96.7 %"", ""5482 mAh"", ""30.1 °C"", ""1264 cycles"", ""3.58 V"", ""Cell-A1""], [""162.9 mΩ"", ""68.5 %"", ""5352 mAh"", ""45.9 °C"", ""354 cycles"", ""2.98 V"", ""Cell-F2""], [""88.7 mΩ"", ""90.2 %"", ""4118 mAh"", ""59.9 °C"", ""103 cycles"", ""3.30 V"", ""Cell-C2""]]}"
A-L3-0121,3,argmin,lab_measurements,Which sample has the lowest Temperature?,"| Volume | Conductivity | pH | Temperature | Sample |
| --- | --- | --- | --- | --- |
| 139.1 mL | 19.79 mS/cm | 11.08 | 39.2 °C | Sample-L |
| 232.6 mL | 7.02 mS/cm | 5.42 | 93.1 °C | Sample-F |
| 160.1 mL | 2.43 mS/cm | 6.28 | 79.2 °C | Sample-C |
| 171.6 mL | 5.46 mS/cm | 9.86 | 73.3 °C | Sample-J |
| 164.3 mL | 22.29 mS/cm | 7.58 | 38.2 °C | Sample-K |","Answer the question using the table. Return only the final answer.

Table:
| Volume | Conductivity | pH | Temperature | Sample |
| --- | --- | --- | --- | --- |
| 139.1 mL | 19.79 mS/cm | 11.08 | 39.2 °C | Sample-L |
| 232.6 mL | 7.02 mS/cm | 5.42 | 93.1 °C | Sample-F |
| 160.1 mL | 2.43 mS/cm | 6.28 | 79.2 °C | Sample-C |
| 171.6 mL | 5.46 mS/cm | 9.86 | 73.3 °C | Sample-J |
| 164.3 mL | 22.29 mS/cm | 7.58 | 38.2 °C | Sample-K |

Question: Which sample has the lowest Temperature?",Sample-K,argmin,5,Temperature,"[{""row_index"": 0, ""column_index"": 3, ""row_identifier_column"": ""Sample"", ""row_identifier_value"": ""Sample-L"", ""column"": ""Temperature"", ""raw_value"": 39.2, ""display_value"": ""39.2 °C""}, {""row_index"": 1, ""column_index"": 3, ""row_identifier_column"": ""Sample"", ""row_identifier_value"": ""Sample-F"", ""column"": ""Temperature"", ""raw_value"": 93.1, ""display_value"": ""93.1 °C""}, {""row_index"": 2, ""column_index"": 3, ""row_identifier_column"": ""Sample"", ""row_identifier_value"": ""Sample-C"", ""column"": ""Temperature"", ""raw_value"": 79.2, ""display_value"": ""79.2 °C""}, {""row_index"": 3, ""column_index"": 3, ""row_identifier_column"": ""Sample"", ""row_identifier_value"": ""Sample-J"", ""column"": ""Temperature"", ""raw_value"": 73.3, ""display_value"": ""73.3 °C""}, {""row_index"": 4, ""column_index"": 3, ""row_identifier_column"": ""Sample"", ""row_identifier_value"": ""Sample-K"", ""column"": ""Temperature"", ""raw_value"": 38.2, ""display_value"": ""38.2 °C""}]","{""target_column"": ""Temperature"", ""column_allowed_for_operation"": true}","{""headers"": [""Volume"", ""Conductivity"", ""pH"", ""Temperature"", ""Sample""], ""rows"": [[""139.1 mL"", ""19.79 mS/cm"", ""11.08"", ""39.2 °C"", ""Sample-L""], [""232.6 mL"", ""7.02 mS/cm"", ""5.42"", ""93.1 °C"", ""Sample-F""], [""160.1 mL"", ""2.43 mS/cm"", ""6.28"", ""79.2 °C"", ""Sample-C""], [""171.6 mL"", ""5.46 mS/cm"", ""9.86"", ""73.3 °C"", ""Sample-J""], [""164.3 mL"", ""22.29 mS/cm"", ""7.58"", ""38.2 °C"", ""Sample-K""]]}"
A-L3-0122,3,argmax,race_telemetry,Find the driver with the greatest Top speed.,"| Tire temperature | Brake temperature | Top speed | Driver | Lap time |
| --- | --- | --- | --- | --- |
| 102.5 °C | 419 °C | 232.2 km/h | Sofia | 92.35 s |
| 108.2 °C | 905 °C | 323.2 km/h | Ava | 122.84 s |
| 96.7 °C | 322 °C | 341.3 km/h | Sam | 110.07 s |
| 131.8 °C | 757 °C | 330.0 km/h | Alex | 123.92 s |
| 85.5 °C | 801 °C | 193.2 km/h | Oliver | 55.13 s |
| 76.6 °C | 548 °C | 288.6 km/h | Ryan | 142.42 s |
| 110.5 °C | 473 °C | 256.9 km/h | Theo | 89.77 s |","Answer the question using the table. Return only the final answer.

Table:
| Tire temperature | Brake temperature | Top speed | Driver | Lap time |
| --- | --- | --- | --- | --- |
| 102.5 °C | 419 °C | 232.2 km/h | Sofia | 92.35 s |
| 108.2 °C | 905 °C | 323.2 km/h | Ava | 122.84 s |
| 96.7 °C | 322 °C | 341.3 km/h | Sam | 110.07 s |
| 131.8 °C | 757 °C | 330.0 km/h | Alex | 123.92 s |
| 85.5 °C | 801 °C | 193.2 km/h | Oliver | 55.13 s |
| 76.6 °C | 548 °C | 288.6 km/h | Ryan | 142.42 s |
| 110.5 °C | 473 °C | 256.9 km/h | Theo | 89.77 s |

Question: Find the driver with the greatest Top speed.",Sam,argmax,7,Top speed,"[{""row_index"": 0, ""column_index"": 2, ""row_identifier_column"": ""Driver"", ""row_identifier_value"": ""Sofia"", ""column"": ""Top speed"", ""raw_value"": 232.2, ""display_value"": ""232.2 km/h""}, {""row_index"": 1, ""column_index"": 2, ""row_identifier_column"": ""Driver"", ""row_identifier_value"": ""Ava"", ""column"": ""Top speed"", ""raw_value"": 323.2, ""display_value"": ""323.2 km/h""}, {""row_index"": 2, ""column_index"": 2, ""row_identifier_column"": ""Driver"", ""row_identifier_value"": ""Sam"", ""column"": ""Top speed"", ""raw_value"": 341.3, ""display_value"": ""341.3 km/h""}, {""row_index"": 3, ""column_index"": 2, ""row_identifier_column"": ""Driver"", ""row_identifier_value"": ""Alex"", ""column"": ""Top speed"", ""raw_value"": 330.0, ""display_value"": ""330.0 km/h""}, {""row_index"": 4, ""column_index"": 2, ""row_identifier_column"": ""Driver"", ""row_identifier_value"": ""Oliver"", ""column"": ""Top speed"", ""raw_value"": 193.2, ""display_value"": ""193.2 km/h""}, {""row_index"": 5, ""column_index"": 2, ""row_identifier_column"": ""Driver"", ""row_identifier_value"": ""Ryan"", ""column"": ""Top speed"", ""raw_value"": 288.6, ""display_value"": ""288.6 km/h""}, {""row_index"": 6, ""column_index"": 2, ""row_identifier_column"": ""Driver"", ""row_identifier_value"": ""Theo"", ""column"": ""Top speed"", ""raw_value"": 256.9, ""display_value"": ""256.9 km/h""}]","{""target_column"": ""Top speed"", ""column_allowed_for_operation"": true}","{""headers"": [""Tire temperature"", ""Brake temperature"", ""Top speed"", ""Driver"", ""Lap time""], ""rows"": [[""102.5 °C"", ""419 °C"", ""232.2 km/h"", ""Sofia"", ""92.35 s""], [""108.2 °C"", ""905 °C"", ""323.2 km/h"", ""Ava"", ""122.84 s""], [""96.7 °C"", ""322 °C"", ""341.3 km/h"", ""Sam"", ""110.07 s""], [""131.8 °C"", ""757 °C"", ""330.0 km/h"", ""Alex"", ""123.92 s""], [""85.5 °C"", ""801 °C"", ""193.2 km/h"", ""Oliver"", ""55.13 s""], [""76.6 °C"", ""548 °C"", ""288.6 km/h"", ""Ryan"", ""142.42 s""], [""110.5 °C"", ""473 °C"", ""256.9 km/h"", ""Theo"", ""89.77 s""]]}"
A-L3-0123,3,argmin,regional_sales,"According to the table, which region has the minimum Revenue?","| Retail orders | Region | Revenue | Online orders | Units sold | Ad spend |
| --- | --- | --- | --- | --- | --- |
| 162 orders | Pinehurst | 676.5 kUSD | 684 orders | 2235 units | 156.8 kUSD |
| 1093 orders | Lakeside | 301.1 kUSD | 4648 orders | 506 units | 246.4 kUSD |
| 2335 orders | Orion | 792.7 kUSD | 2352 orders | 2990 units | 69.9 kUSD |
| 2836 orders | Maple | 443.9 kUSD | 1184 orders | 8602 units | 229.2 kUSD |
| 4190 orders | Riverton | 387.2 kUSD | 4403 orders | 3100 units | 199.8 kUSD |
| 2815 orders | Hillcrest | 420.4 kUSD | 436 orders | 4369 units | 245.2 kUSD |","Answer the question using the table. Return only the final answer.

Table:
| Retail orders | Region | Revenue | Online orders | Units sold | Ad spend |
| --- | --- | --- | --- | --- | --- |
| 162 orders | Pinehurst | 676.5 kUSD | 684 orders | 2235 units | 156.8 kUSD |
| 1093 orders | Lakeside | 301.1 kUSD | 4648 orders | 506 units | 246.4 kUSD |
| 2335 orders | Orion | 792.7 kUSD | 2352 orders | 2990 units | 69.9 kUSD |
| 2836 orders | Maple | 443.9 kUSD | 1184 orders | 8602 units | 229.2 kUSD |
| 4190 orders | Riverton | 387.2 kUSD | 4403 orders | 3100 units | 199.8 kUSD |
| 2815 orders | Hillcrest | 420.4 kUSD | 436 orders | 4369 units | 245.2 kUSD |

Question: According to the table, which region has the minimum Revenue?",Lakeside,argmin,6,Revenue,"[{""row_index"": 0, ""column_index"": 2, ""row_identifier_column"": ""Region"", ""row_identifier_value"": ""Pinehurst"", ""column"": ""Revenue"", ""raw_value"": 676.5, ""display_value"": ""676.5 kUSD""}, {""row_index"": 1, ""column_index"": 2, ""row_identifier_column"": ""Region"", ""row_identifier_value"": ""Lakeside"", ""column"": ""Revenue"", ""raw_value"": 301.1, ""display_value"": ""301.1 kUSD""}, {""row_index"": 2, ""column_index"": 2, ""row_identifier_column"": ""Region"", ""row_identifier_value"": ""Orion"", ""column"": ""Revenue"", ""raw_value"": 792.7, ""display_value"": ""792.7 kUSD""}, {""row_index"": 3, ""column_index"": 2, ""row_identifier_column"": ""Region"", ""row_identifier_value"": ""Maple"", ""column"": ""Revenue"", ""raw_value"": 443.9, ""display_value"": ""443.9 kUSD""}, {""row_index"": 4, ""column_index"": 2, ""row_identifier_column"": ""Region"", ""row_identifier_value"": ""Riverton"", ""column"": ""Revenue"", ""raw_value"": 387.2, ""display_value"": ""387.2 kUSD""}, {""row_index"": 5, ""column_index"": 2, ""row_identifier_column"": ""Region"", ""row_identifier_value"": ""Hillcrest"", ""column"": ""Revenue"", ""raw_value"": 420.4, ""display_value"": ""420.4 kUSD""}]","{""target_column"": ""Revenue"", ""column_allowed_for_operation"": true}","{""headers"": [""Retail orders"", ""Region"", ""Revenue"", ""Online orders"", ""Units sold"", ""Ad spend""], ""rows"": [[""162 orders"", ""Pinehurst"", ""676.5 kUSD"", ""684 orders"", ""2235 units"", ""156.8 kUSD""], [""1093 orders"", ""Lakeside"", ""301.1 kUSD"", ""4648 orders"", ""506 units"", ""246.4 kUSD""], [""2335 orders"", ""Orion"", ""792.7 kUSD"", ""2352 orders"", ""2990 units"", ""69.9 kUSD""], [""2836 orders"", ""Maple"", ""443.9 kUSD"", ""1184 orders"", ""8602 units"", ""229.2 kUSD""], [""4190 orders"", ""Riverton"", ""387.2 kUSD"", ""4403 orders"", ""3100 units"", ""199.8 kUSD""], [""2815 orders"", ""Hillcrest"", ""420.4 kUSD"", ""436 orders"", ""4369 units"", ""245.2 kUSD""]]}"
A-L3-0124,3,count_condition,ml_benchmark,"According to the table, how many entries have Throughput less than 165.90 req/s?","| Latency | Model | Throughput | Memory usage | Energy use | Accuracy |
| --- | --- | --- | --- | --- | --- |
| 112.9 ms | Zenith | 489.6 req/s | 14.3 GB | 31.5 Wh | 56.4 % |
| 136.3 ms | Vertex | 125.7 req/s | 13.9 GB | 444.5 Wh | 80.7 % |
| 94.6 ms | Helix | 237.0 req/s | 15.9 GB | 126.0 Wh | 87.1 % |
| 165.7 ms | Pulse | 343.7 req/s | 16.6 GB | 343.4 Wh | 67.6 % |
| 179.7 ms | Delta | 192.4 req/s | 8.3 GB | 279.8 Wh | 93.6 % |
| 21.2 ms | Nimbus | 455.2 req/s | 9.3 GB | 489.2 Wh | 72.1 % |
| 48.6 ms | Echo | 164.8 req/s | 6.8 GB | 50.6 Wh | 71.7 % |
| 141.8 ms | Nova | 167.0 req/s | 11.6 GB | 286.7 Wh | 75.9 % |
| 20.2 ms | Atlas | 235.9 req/s | 8.1 GB | 336.6 Wh | 62.7 % |","Answer the question using the table. Return only the final answer.

Table:
| Latency | Model | Throughput | Memory usage | Energy use | Accuracy |
| --- | --- | --- | --- | --- | --- |
| 112.9 ms | Zenith | 489.6 req/s | 14.3 GB | 31.5 Wh | 56.4 % |
| 136.3 ms | Vertex | 125.7 req/s | 13.9 GB | 444.5 Wh | 80.7 % |
| 94.6 ms | Helix | 237.0 req/s | 15.9 GB | 126.0 Wh | 87.1 % |
| 165.7 ms | Pulse | 343.7 req/s | 16.6 GB | 343.4 Wh | 67.6 % |
| 179.7 ms | Delta | 192.4 req/s | 8.3 GB | 279.8 Wh | 93.6 % |
| 21.2 ms | Nimbus | 455.2 req/s | 9.3 GB | 489.2 Wh | 72.1 % |
| 48.6 ms | Echo | 164.8 req/s | 6.8 GB | 50.6 Wh | 71.7 % |
| 141.8 ms | Nova | 167.0 req/s | 11.6 GB | 286.7 Wh | 75.9 % |
| 20.2 ms | Atlas | 235.9 req/s | 8.1 GB | 336.6 Wh | 62.7 % |

Question: According to the table, how many entries have Throughput less than 165.90 req/s?",2,count_condition,9,Throughput,"[{""row_index"": 0, ""column_index"": 2, ""row_identifier_column"": ""Model"", ""row_identifier_value"": ""Zenith"", ""column"": ""Throughput"", ""raw_value"": 489.6, ""display_value"": ""489.6 req/s""}, {""row_index"": 1, ""column_index"": 2, ""row_identifier_column"": ""Model"", ""row_identifier_value"": ""Vertex"", ""column"": ""Throughput"", ""raw_value"": 125.7, ""display_value"": ""125.7 req/s""}, {""row_index"": 2, ""column_index"": 2, ""row_identifier_column"": ""Model"", ""row_identifier_value"": ""Helix"", ""column"": ""Throughput"", ""raw_value"": 237.0, ""display_value"": ""237.0 req/s""}, {""row_index"": 3, ""column_index"": 2, ""row_identifier_column"": ""Model"", ""row_identifier_value"": ""Pulse"", ""column"": ""Throughput"", ""raw_value"": 343.7, ""display_value"": ""343.7 req/s""}, {""row_index"": 4, ""column_index"": 2, ""row_identifier_column"": ""Model"", ""row_identifier_value"": ""Delta"", ""column"": ""Throughput"", ""raw_value"": 192.4, ""display_value"": ""192.4 req/s""}, {""row_index"": 5, ""column_index"": 2, ""row_identifier_column"": ""Model"", ""row_identifier_value"": ""Nimbus"", ""column"": ""Throughput"", ""raw_value"": 455.2, ""display_value"": ""455.2 req/s""}, {""row_index"": 6, ""column_index"": 2, ""row_identifier_column"": ""Model"", ""row_identifier_value"": ""Echo"", ""column"": ""Throughput"", ""raw_value"": 164.8, ""display_value"": ""164.8 req/s""}, {""row_index"": 7, ""column_index"": 2, ""row_identifier_column"": ""Model"", ""row_identifier_value"": ""Nova"", ""column"": ""Throughput"", ""raw_value"": 167.0, ""display_value"": ""167.0 req/s""}, {""row_index"": 8, ""column_index"": 2, ""row_identifier_column"": ""Model"", ""row_identifier_value"": ""Atlas"", ""column"": ""Throughput"", ""raw_value"": 235.9, ""display_value"": ""235.9 req/s""}]","{""target_column"": ""Throughput"", ""column_allowed_for_operation"": true, ""comparison"": ""less_than"", ""threshold_raw"": 165.9, ""threshold_display"": ""165.90 req/s""}","{""headers"": [""Latency"", ""Model"", ""Throughput"", ""Memory usage"", ""Energy use"", ""Accuracy""], ""rows"": [[""112.9 ms"", ""Zenith"", ""489.6 req/s"", ""14.3 GB"", ""31.5 Wh"", ""56.4 %""], [""136.3 ms"", ""Vertex"", ""125.7 req/s"", ""13.9 GB"", ""444.5 Wh"", ""80.7 %""], [""94.6 ms"", ""Helix"", ""237.0 req/s"", ""15.9 GB"", ""126.0 Wh"", ""87.1 %""], [""165.7 ms"", ""Pulse"", ""343.7 req/s"", ""16.6 GB"", ""343.4 Wh"", ""67.6 %""], [""179.7 ms"", ""Delta"", ""192.4 req/s"", ""8.3 GB"", ""279.8 Wh"", ""93.6 %""], [""21.2 ms"", ""Nimbus"", ""455.2 req/s"", ""9.3 GB"", ""489.2 Wh"", ""72.1 %""], [""48.6 ms"", ""Echo"", ""164.8 req/s"", ""6.8 GB"", ""50.6 Wh"", ""71.7 %""], [""141.8 ms"", ""Nova"", ""167.0 req/s"", ""11.6 GB"", ""286.7 Wh"", ""75.9 %""], [""20.2 ms"", ""Atlas"", ""235.9 req/s"", ""8.1 GB"", ""336.6 Wh"", ""62.7 %""]]}"
A-L3-0125,3,column_average,regional_sales,"According to the table, what is the average value of Ad spend?","| Units sold | Region | Online orders | Ad spend | Returns | Revenue | Retail orders |
| --- | --- | --- | --- | --- | --- | --- |
| 3931 units | Hillcrest | 2680 orders | 154.0 kUSD | 489 units | 946.6 kUSD | 3520 orders |
| 4464 units | Riverton | 143 orders | 218.9 kUSD | 230 units | 405.7 kUSD | 2836 orders |
| 8907 units | Westhaven | 4703 orders | 192.2 kUSD | 424 units | 582.2 kUSD | 215 orders |
| 1136 units | Clearwater | 1935 orders | 191.3 kUSD | 165 units | 440.2 kUSD | 1441 orders |
| 353 units | Maple | 2229 orders | 64.1 kUSD | 268 units | 206.0 kUSD | 2337 orders |","Answer the question using the table. Return only the final answer.

Table:
| Units sold | Region | Online orders | Ad spend | Returns | Revenue | Retail orders |
| --- | --- | --- | --- | --- | --- | --- |
| 3931 units | Hillcrest | 2680 orders | 154.0 kUSD | 489 units | 946.6 kUSD | 3520 orders |
| 4464 units | Riverton | 143 orders | 218.9 kUSD | 230 units | 405.7 kUSD | 2836 orders |
| 8907 units | Westhaven | 4703 orders | 192.2 kUSD | 424 units | 582.2 kUSD | 215 orders |
| 1136 units | Clearwater | 1935 orders | 191.3 kUSD | 165 units | 440.2 kUSD | 1441 orders |
| 353 units | Maple | 2229 orders | 64.1 kUSD | 268 units | 206.0 kUSD | 2337 orders |

Question: According to the table, what is the average value of Ad spend?",164.10 kUSD,mean,5,Ad spend,"[{""row_index"": 0, ""column_index"": 3, ""row_identifier_column"": ""Region"", ""row_identifier_value"": ""Hillcrest"", ""column"": ""Ad spend"", ""raw_value"": 154.0, ""display_value"": ""154.0 kUSD""}, {""row_index"": 1, ""column_index"": 3, ""row_identifier_column"": ""Region"", ""row_identifier_value"": ""Riverton"", ""column"": ""Ad spend"", ""raw_value"": 218.9, ""display_value"": ""218.9 kUSD""}, {""row_index"": 2, ""column_index"": 3, ""row_identifier_column"": ""Region"", ""row_identifier_value"": ""Westhaven"", ""column"": ""Ad spend"", ""raw_value"": 192.2, ""display_value"": ""192.2 kUSD""}, {""row_index"": 3, ""column_index"": 3, ""row_identifier_column"": ""Region"", ""row_identifier_value"": ""Clearwater"", ""column"": ""Ad spend"", ""raw_value"": 191.3, ""display_value"": ""191.3 kUSD""}, {""row_index"": 4, ""column_index"": 3, ""row_identifier_column"": ""Region"", ""row_identifier_value"": ""Maple"", ""column"": ""Ad spend"", ""raw_value"": 64.1, ""display_value"": ""64.1 kUSD""}]","{""target_column"": ""Ad spend"", ""column_allowed_for_operation"": true, ""answer_digits"": 2}","{""headers"": [""Units sold"", ""Region"", ""Online orders"", ""Ad spend"", ""Returns"", ""Revenue"", ""Retail orders""], ""rows"": [[""3931 units"", ""Hillcrest"", ""2680 orders"", ""154.0 kUSD"", ""489 units"", ""946.6 kUSD"", ""3520 orders""], [""4464 units"", ""Riverton"", ""143 orders"", ""218.9 kUSD"", ""230 units"", ""405.7 kUSD"", ""2836 orders""], [""8907 units"", ""Westhaven"", ""4703 orders"", ""192.2 kUSD"", ""424 units"", ""582.2 kUSD"", ""215 orders""], [""1136 units"", ""Clearwater"", ""1935 orders"", ""191.3 kUSD"", ""165 units"", ""440.2 kUSD"", ""1441 orders""], [""353 units"", ""Maple"", ""2229 orders"", ""64.1 kUSD"", ""268 units"", ""206.0 kUSD"", ""2337 orders""]]}"
A-L3-0126,3,count_condition,flight_measurements,Count the rows where Vertical speed is less than -16.55 m/s.,"| Altitude | Fuel | Cabin pressure | Pilot | Ground speed | Vertical speed |
| --- | --- | --- | --- | --- | --- |
| 6571 m | 10600 kg | 74.6 kPa | Ethan | 161.1 km/h | 17.7 m/s |
| 5559 m | 8465 kg | 100.5 kPa | Leo | 797.1 km/h | -14.6 m/s |
| 7922 m | 4621 kg | 98.4 kPa | Chris | 688.2 km/h | 12.8 m/s |
| 6565 m | 2899 kg | 97.1 kPa | Iris | 888.9 km/h | 17.2 m/s |
| 6568 m | 6668 kg | 68.4 kPa | Maya | 643.1 km/h | -5.8 m/s |
| 9216 m | 6820 kg | 67.1 kPa | Lucas | 432.7 km/h | -12.6 m/s |
| 3256 m | 2654 kg | 96.8 kPa | David | 776.2 km/h | 17.7 m/s |
| 846 m | 7807 kg | 100.7 kPa | Julia | 377.4 km/h | -19.6 m/s |
| 1786 m | 9692 kg | 94.7 kPa | Sofia | 814.6 km/h | -2.2 m/s |
| 3281 m | 1838 kg | 96.8 kPa | Alex | 259.4 km/h | -18.5 m/s |","Answer the question using the table. Return only the final answer.

Table:
| Altitude | Fuel | Cabin pressure | Pilot | Ground speed | Vertical speed |
| --- | --- | --- | --- | --- | --- |
| 6571 m | 10600 kg | 74.6 kPa | Ethan | 161.1 km/h | 17.7 m/s |
| 5559 m | 8465 kg | 100.5 kPa | Leo | 797.1 km/h | -14.6 m/s |
| 7922 m | 4621 kg | 98.4 kPa | Chris | 688.2 km/h | 12.8 m/s |
| 6565 m | 2899 kg | 97.1 kPa | Iris | 888.9 km/h | 17.2 m/s |
| 6568 m | 6668 kg | 68.4 kPa | Maya | 643.1 km/h | -5.8 m/s |
| 9216 m | 6820 kg | 67.1 kPa | Lucas | 432.7 km/h | -12.6 m/s |
| 3256 m | 2654 kg | 96.8 kPa | David | 776.2 km/h | 17.7 m/s |
| 846 m | 7807 kg | 100.7 kPa | Julia | 377.4 km/h | -19.6 m/s |
| 1786 m | 9692 kg | 94.7 kPa | Sofia | 814.6 km/h | -2.2 m/s |
| 3281 m | 1838 kg | 96.8 kPa | Alex | 259.4 km/h | -18.5 m/s |

Question: Count the rows where Vertical speed is less than -16.55 m/s.",2,count_condition,10,Vertical speed,"[{""row_index"": 0, ""column_index"": 5, ""row_identifier_column"": ""Pilot"", ""row_identifier_value"": ""Ethan"", ""column"": ""Vertical speed"", ""raw_value"": 17.7, ""display_value"": ""17.7 m/s""}, {""row_index"": 1, ""column_index"": 5, ""row_identifier_column"": ""Pilot"", ""row_identifier_value"": ""Leo"", ""column"": ""Vertical speed"", ""raw_value"": -14.6, ""display_value"": ""-14.6 m/s""}, {""row_index"": 2, ""column_index"": 5, ""row_identifier_column"": ""Pilot"", ""row_identifier_value"": ""Chris"", ""column"": ""Vertical speed"", ""raw_value"": 12.8, ""display_value"": ""12.8 m/s""}, {""row_index"": 3, ""column_index"": 5, ""row_identifier_column"": ""Pilot"", ""row_identifier_value"": ""Iris"", ""column"": ""Vertical speed"", ""raw_value"": 17.2, ""display_value"": ""17.2 m/s""}, {""row_index"": 4, ""column_index"": 5, ""row_identifier_column"": ""Pilot"", ""row_identifier_value"": ""Maya"", ""column"": ""Vertical speed"", ""raw_value"": -5.8, ""display_value"": ""-5.8 m/s""}, {""row_index"": 5, ""column_index"": 5, ""row_identifier_column"": ""Pilot"", ""row_identifier_value"": ""Lucas"", ""column"": ""Vertical speed"", ""raw_value"": -12.6, ""display_value"": ""-12.6 m/s""}, {""row_index"": 6, ""column_index"": 5, ""row_identifier_column"": ""Pilot"", ""row_identifier_value"": ""David"", ""column"": ""Vertical speed"", ""raw_value"": 17.7, ""display_value"": ""17.7 m/s""}, {""row_index"": 7, ""column_index"": 5, ""row_identifier_column"": ""Pilot"", ""row_identifier_value"": ""Julia"", ""column"": ""Vertical speed"", ""raw_value"": -19.6, ""display_value"": ""-19.6 m/s""}, {""row_index"": 8, ""column_index"": 5, ""row_identifier_column"": ""Pilot"", ""row_identifier_value"": ""Sofia"", ""column"": ""Vertical speed"", ""raw_value"": -2.2, ""display_value"": ""-2.2 m/s""}, {""row_index"": 9, ""column_index"": 5, ""row_identifier_column"": ""Pilot"", ""row_identifier_value"": ""Alex"", ""column"": ""Vertical speed"", ""raw_value"": -18.5, ""display_value"": ""-18.5 m/s""}]","{""target_column"": ""Vertical speed"", ""column_allowed_for_operation"": true, ""comparison"": ""less_than"", ""threshold_raw"": -16.55, ""threshold_display"": ""-16.55 m/s""}","{""headers"": [""Altitude"", ""Fuel"", ""Cabin pressure"", ""Pilot"", ""Ground speed"", ""Vertical speed""], ""rows"": [[""6571 m"", ""10600 kg"", ""74.6 kPa"", ""Ethan"", ""161.1 km/h"", ""17.7 m/s""], [""5559 m"", ""8465 kg"", ""100.5 kPa"", ""Leo"", ""797.1 km/h"", ""-14.6 m/s""], [""7922 m"", ""4621 kg"", ""98.4 kPa"", ""Chris"", ""688.2 km/h"", ""12.8 m/s""], [""6565 m"", ""2899 kg"", ""97.1 kPa"", ""Iris"", ""888.9 km/h"", ""17.2 m/s""], [""6568 m"", ""6668 kg"", ""68.4 kPa"", ""Maya"", ""643.1 km/h"", ""-5.8 m/s""], [""9216 m"", ""6820 kg"", ""67.1 kPa"", ""Lucas"", ""432.7 km/h"", ""-12.6 m/s""], [""3256 m"", ""2654 kg"", ""96.8 kPa"", ""David"", ""776.2 km/h"", ""17.7 m/s""], [""846 m"", ""7807 kg"", ""100.7 kPa"", ""Julia"", ""377.4 km/h"", ""-19.6 m/s""], [""1786 m"", ""9692 kg"", ""94.7 kPa"", ""Sofia"", ""814.6 km/h"", ""-2.2 m/s""], [""3281 m"", ""1838 kg"", ""96.8 kPa"", ""Alex"", ""259.4 km/h"", ""-18.5 m/s""]]}"
A-L3-0127,3,column_average,regional_sales,What is the average Revenue across all rows?,"| Retail orders | Returns | Revenue | Online orders | Ad spend | Region |
| --- | --- | --- | --- | --- | --- |
| 3770 orders | 5 units | 236.4 kUSD | 4659 orders | 213.3 kUSD | Cedar |
| 1061 orders | 473 units | 744.1 kUSD | 3045 orders | 130.0 kUSD | Orion |
| 3545 orders | 312 units | 727.7 kUSD | 3256 orders | 220.7 kUSD | Brookfield |
| 127 orders | 252 units | 68.5 kUSD | 2337 orders | 152.0 kUSD | Oakridge |
| 4235 orders | 248 units | 275.1 kUSD | 2430 orders | 245.3 kUSD | Lakeside |
| 3169 orders | 275 units | 981.0 kUSD | 722 orders | 27.1 kUSD | Maple |
| 1189 orders | 308 units | 598.1 kUSD | 3119 orders | 115.5 kUSD | Hillcrest |
| 4729 orders | 439 units | 604.8 kUSD | 4325 orders | 143.2 kUSD | Pinehurst |
| 551 orders | 256 units | 103.6 kUSD | 449 orders | 241.2 kUSD | Clearwater |
| 2875 orders | 286 units | 230.0 kUSD | 2647 orders | 116.7 kUSD | Fairview |","Answer the question using the table. Return only the final answer.

Table:
| Retail orders | Returns | Revenue | Online orders | Ad spend | Region |
| --- | --- | --- | --- | --- | --- |
| 3770 orders | 5 units | 236.4 kUSD | 4659 orders | 213.3 kUSD | Cedar |
| 1061 orders | 473 units | 744.1 kUSD | 3045 orders | 130.0 kUSD | Orion |
| 3545 orders | 312 units | 727.7 kUSD | 3256 orders | 220.7 kUSD | Brookfield |
| 127 orders | 252 units | 68.5 kUSD | 2337 orders | 152.0 kUSD | Oakridge |
| 4235 orders | 248 units | 275.1 kUSD | 2430 orders | 245.3 kUSD | Lakeside |
| 3169 orders | 275 units | 981.0 kUSD | 722 orders | 27.1 kUSD | Maple |
| 1189 orders | 308 units | 598.1 kUSD | 3119 orders | 115.5 kUSD | Hillcrest |
| 4729 orders | 439 units | 604.8 kUSD | 4325 orders | 143.2 kUSD | Pinehurst |
| 551 orders | 256 units | 103.6 kUSD | 449 orders | 241.2 kUSD | Clearwater |
| 2875 orders | 286 units | 230.0 kUSD | 2647 orders | 116.7 kUSD | Fairview |

Question: What is the average Revenue across all rows?",456.93 kUSD,mean,10,Revenue,"[{""row_index"": 0, ""column_index"": 2, ""row_identifier_column"": ""Region"", ""row_identifier_value"": ""Cedar"", ""column"": ""Revenue"", ""raw_value"": 236.4, ""display_value"": ""236.4 kUSD""}, {""row_index"": 1, ""column_index"": 2, ""row_identifier_column"": ""Region"", ""row_identifier_value"": ""Orion"", ""column"": ""Revenue"", ""raw_value"": 744.1, ""display_value"": ""744.1 kUSD""}, {""row_index"": 2, ""column_index"": 2, ""row_identifier_column"": ""Region"", ""row_identifier_value"": ""Brookfield"", ""column"": ""Revenue"", ""raw_value"": 727.7, ""display_value"": ""727.7 kUSD""}, {""row_index"": 3, ""column_index"": 2, ""row_identifier_column"": ""Region"", ""row_identifier_value"": ""Oakridge"", ""column"": ""Revenue"", ""raw_value"": 68.5, ""display_value"": ""68.5 kUSD""}, {""row_index"": 4, ""column_index"": 2, ""row_identifier_column"": ""Region"", ""row_identifier_value"": ""Lakeside"", ""column"": ""Revenue"", ""raw_value"": 275.1, ""display_value"": ""275.1 kUSD""}, {""row_index"": 5, ""column_index"": 2, ""row_identifier_column"": ""Region"", ""row_identifier_value"": ""Maple"", ""column"": ""Revenue"", ""raw_value"": 981.0, ""display_value"": ""981.0 kUSD""}, {""row_index"": 6, ""column_index"": 2, ""row_identifier_column"": ""Region"", ""row_identifier_value"": ""Hillcrest"", ""column"": ""Revenue"", ""raw_value"": 598.1, ""display_value"": ""598.1 kUSD""}, {""row_index"": 7, ""column_index"": 2, ""row_identifier_column"": ""Region"", ""row_identifier_value"": ""Pinehurst"", ""column"": ""Revenue"", ""raw_value"": 604.8, ""display_value"": ""604.8 kUSD""}, {""row_index"": 8, ""column_index"": 2, ""row_identifier_column"": ""Region"", ""row_identifier_value"": ""Clearwater"", ""column"": ""Revenue"", ""raw_value"": 103.6, ""display_value"": ""103.6 kUSD""}, {""row_index"": 9, ""column_index"": 2, ""row_identifier_column"": ""Region"", ""row_identifier_value"": ""Fairview"", ""column"": ""Revenue"", ""raw_value"": 230.0, ""display_value"": ""230.0 kUSD""}]","{""target_column"": ""Revenue"", ""column_allowed_for_operation"": true, ""answer_digits"": 2}","{""headers"": [""Retail orders"", ""Returns"", ""Revenue"", ""Online orders"", ""Ad spend"", ""Region""], ""rows"": [[""3770 orders"", ""5 units"", ""236.4 kUSD"", ""4659 orders"", ""213.3 kUSD"", ""Cedar""], [""1061 orders"", ""473 units"", ""744.1 kUSD"", ""3045 orders"", ""130.0 kUSD"", ""Orion""], [""3545 orders"", ""312 units"", ""727.7 kUSD"", ""3256 orders"", ""220.7 kUSD"", ""Brookfield""], [""127 orders"", ""252 units"", ""68.5 kUSD"", ""2337 orders"", ""152.0 kUSD"", ""Oakridge""], [""4235 orders"", ""248 units"", ""275.1 kUSD"", ""2430 orders"", ""245.3 kUSD"", ""Lakeside""], [""3169 orders"", ""275 units"", ""981.0 kUSD"", ""722 orders"", ""27.1 kUSD"", ""Maple""], [""1189 orders"", ""308 units"", ""598.1 kUSD"", ""3119 orders"", ""115.5 kUSD"", ""Hillcrest""], [""4729 orders"", ""439 units"", ""604.8 kUSD"", ""4325 orders"", ""143.2 kUSD"", ""Pinehurst""], [""551 orders"", ""256 units"", ""103.6 kUSD"", ""449 orders"", ""241.2 kUSD"", ""Clearwater""], [""2875 orders"", ""286 units"", ""230.0 kUSD"", ""2647 orders"", ""116.7 kUSD"", ""Fairview""]]}"
A-L3-0128,3,count_condition,regional_sales,"According to the table, how many entries have Units sold greater than 5485.50 units?","| Region | Revenue | Retail orders | Ad spend | Online orders | Units sold |
| --- | --- | --- | --- | --- | --- |
| Riverton | 612.2 kUSD | 2299 orders | 81.0 kUSD | 2920 orders | 6044 units |
| Westhaven | 890.1 kUSD | 3510 orders | 153.4 kUSD | 4695 orders | 3498 units |
| Pinehurst | 679.7 kUSD | 2703 orders | 87.5 kUSD | 3198 orders | 8938 units |
| Oakridge | 653.5 kUSD | 2002 orders | 182.5 kUSD | 4537 orders | 4927 units |
| Cedar | 594.0 kUSD | 3724 orders | 22.4 kUSD | 303 orders | 3719 units |","Answer the question using the table. Return only the final answer.

Table:
| Region | Revenue | Retail orders | Ad spend | Online orders | Units sold |
| --- | --- | --- | --- | --- | --- |
| Riverton | 612.2 kUSD | 2299 orders | 81.0 kUSD | 2920 orders | 6044 units |
| Westhaven | 890.1 kUSD | 3510 orders | 153.4 kUSD | 4695 orders | 3498 units |
| Pinehurst | 679.7 kUSD | 2703 orders | 87.5 kUSD | 3198 orders | 8938 units |
| Oakridge | 653.5 kUSD | 2002 orders | 182.5 kUSD | 4537 orders | 4927 units |
| Cedar | 594.0 kUSD | 3724 orders | 22.4 kUSD | 303 orders | 3719 units |

Question: According to the table, how many entries have Units sold greater than 5485.50 units?",2,count_condition,5,Units sold,"[{""row_index"": 0, ""column_index"": 5, ""row_identifier_column"": ""Region"", ""row_identifier_value"": ""Riverton"", ""column"": ""Units sold"", ""raw_value"": 6044.0, ""display_value"": ""6044 units""}, {""row_index"": 1, ""column_index"": 5, ""row_identifier_column"": ""Region"", ""row_identifier_value"": ""Westhaven"", ""column"": ""Units sold"", ""raw_value"": 3498.0, ""display_value"": ""3498 units""}, {""row_index"": 2, ""column_index"": 5, ""row_identifier_column"": ""Region"", ""row_identifier_value"": ""Pinehurst"", ""column"": ""Units sold"", ""raw_value"": 8938.0, ""display_value"": ""8938 units""}, {""row_index"": 3, ""column_index"": 5, ""row_identifier_column"": ""Region"", ""row_identifier_value"": ""Oakridge"", ""column"": ""Units sold"", ""raw_value"": 4927.0, ""display_value"": ""4927 units""}, {""row_index"": 4, ""column_index"": 5, ""row_identifier_column"": ""Region"", ""row_identifier_value"": ""Cedar"", ""column"": ""Units sold"", ""raw_value"": 3719.0, ""display_value"": ""3719 units""}]","{""target_column"": ""Units sold"", ""column_allowed_for_operation"": true, ""comparison"": ""greater_than"", ""threshold_raw"": 5485.5, ""threshold_display"": ""5485.50 units""}","{""headers"": [""Region"", ""Revenue"", ""Retail orders"", ""Ad spend"", ""Online orders"", ""Units sold""], ""rows"": [[""Riverton"", ""612.2 kUSD"", ""2299 orders"", ""81.0 kUSD"", ""2920 orders"", ""6044 units""], [""Westhaven"", ""890.1 kUSD"", ""3510 orders"", ""153.4 kUSD"", ""4695 orders"", ""3498 units""], [""Pinehurst"", ""679.7 kUSD"", ""2703 orders"", ""87.5 kUSD"", ""3198 orders"", ""8938 units""], [""Oakridge"", ""653.5 kUSD"", ""2002 orders"", ""182.5 kUSD"", ""4537 orders"", ""4927 units""], [""Cedar"", ""594.0 kUSD"", ""3724 orders"", ""22.4 kUSD"", ""303 orders"", ""3719 units""]]}"
A-L3-0129,3,argmax,race_telemetry,"According to the table, which driver has the maximum Brake temperature?","| Tire temperature | Brake temperature | Lap time | Driver | Fuel remaining |
| --- | --- | --- | --- | --- |
| 91.1 °C | 290 °C | 90.30 s | Sofia | 23.2 L |
| 57.4 °C | 255 °C | 61.76 s | David | 70.8 L |
| 90.3 °C | 629 °C | 121.12 s | Jisoo | 41.8 L |
| 113.2 °C | 800 °C | 121.61 s | Hana | 30.7 L |
| 109.5 °C | 842 °C | 61.84 s | Theo | 12.5 L |
| 136.9 °C | 738 °C | 111.17 s | Oliver | 63.5 L |
| 137.5 °C | 373 °C | 102.34 s | Nora | 66.6 L |
| 101.5 °C | 368 °C | 77.85 s | Lucas | 30.3 L |
| 102.8 °C | 451 °C | 112.85 s | Ethan | 85.9 L |","Answer the question using the table. Return only the final answer.

Table:
| Tire temperature | Brake temperature | Lap time | Driver | Fuel remaining |
| --- | --- | --- | --- | --- |
| 91.1 °C | 290 °C | 90.30 s | Sofia | 23.2 L |
| 57.4 °C | 255 °C | 61.76 s | David | 70.8 L |
| 90.3 °C | 629 °C | 121.12 s | Jisoo | 41.8 L |
| 113.2 °C | 800 °C | 121.61 s | Hana | 30.7 L |
| 109.5 °C | 842 °C | 61.84 s | Theo | 12.5 L |
| 136.9 °C | 738 °C | 111.17 s | Oliver | 63.5 L |
| 137.5 °C | 373 °C | 102.34 s | Nora | 66.6 L |
| 101.5 °C | 368 °C | 77.85 s | Lucas | 30.3 L |
| 102.8 °C | 451 °C | 112.85 s | Ethan | 85.9 L |

Question: According to the table, which driver has the maximum Brake temperature?",Theo,argmax,9,Brake temperature,"[{""row_index"": 0, ""column_index"": 1, ""row_identifier_column"": ""Driver"", ""row_identifier_value"": ""Sofia"", ""column"": ""Brake temperature"", ""raw_value"": 290.0, ""display_value"": ""290 °C""}, {""row_index"": 1, ""column_index"": 1, ""row_identifier_column"": ""Driver"", ""row_identifier_value"": ""David"", ""column"": ""Brake temperature"", ""raw_value"": 255.0, ""display_value"": ""255 °C""}, {""row_index"": 2, ""column_index"": 1, ""row_identifier_column"": ""Driver"", ""row_identifier_value"": ""Jisoo"", ""column"": ""Brake temperature"", ""raw_value"": 629.0, ""display_value"": ""629 °C""}, {""row_index"": 3, ""column_index"": 1, ""row_identifier_column"": ""Driver"", ""row_identifier_value"": ""Hana"", ""column"": ""Brake temperature"", ""raw_value"": 800.0, ""display_value"": ""800 °C""}, {""row_index"": 4, ""column_index"": 1, ""row_identifier_column"": ""Driver"", ""row_identifier_value"": ""Theo"", ""column"": ""Brake temperature"", ""raw_value"": 842.0, ""display_value"": ""842 °C""}, {""row_index"": 5, ""column_index"": 1, ""row_identifier_column"": ""Driver"", ""row_identifier_value"": ""Oliver"", ""column"": ""Brake temperature"", ""raw_value"": 738.0, ""display_value"": ""738 °C""}, {""row_index"": 6, ""column_index"": 1, ""row_identifier_column"": ""Driver"", ""row_identifier_value"": ""Nora"", ""column"": ""Brake temperature"", ""raw_value"": 373.0, ""display_value"": ""373 °C""}, {""row_index"": 7, ""column_index"": 1, ""row_identifier_column"": ""Driver"", ""row_identifier_value"": ""Lucas"", ""column"": ""Brake temperature"", ""raw_value"": 368.0, ""display_value"": ""368 °C""}, {""row_index"": 8, ""column_index"": 1, ""row_identifier_column"": ""Driver"", ""row_identifier_value"": ""Ethan"", ""column"": ""Brake temperature"", ""raw_value"": 451.0, ""display_value"": ""451 °C""}]","{""target_column"": ""Brake temperature"", ""column_allowed_for_operation"": true}","{""headers"": [""Tire temperature"", ""Brake temperature"", ""Lap time"", ""Driver"", ""Fuel remaining""], ""rows"": [[""91.1 °C"", ""290 °C"", ""90.30 s"", ""Sofia"", ""23.2 L""], [""57.4 °C"", ""255 °C"", ""61.76 s"", ""David"", ""70.8 L""], [""90.3 °C"", ""629 °C"", ""121.12 s"", ""Jisoo"", ""41.8 L""], [""113.2 °C"", ""800 °C"", ""121.61 s"", ""Hana"", ""30.7 L""], [""109.5 °C"", ""842 °C"", ""61.84 s"", ""Theo"", ""12.5 L""], [""136.9 °C"", ""738 °C"", ""111.17 s"", ""Oliver"", ""63.5 L""], [""137.5 °C"", ""373 °C"", ""102.34 s"", ""Nora"", ""66.6 L""], [""101.5 °C"", ""368 °C"", ""77.85 s"", ""Lucas"", ""30.3 L""], [""102.8 °C"", ""451 °C"", ""112.85 s"", ""Ethan"", ""85.9 L""]]}"
A-L3-0130,3,count_condition,ml_benchmark,Count the rows where F1 score is less than 61.35 %.,"| F1 score | Model | Accuracy | Latency | Energy use | Throughput | Memory usage |
| --- | --- | --- | --- | --- | --- | --- |
| 74.1 % | Atlas | 88.5 % | 163.3 ms | 77.1 Wh | 480.4 req/s | 1.6 GB |
| 85.8 % | Quartz | 88.1 % | 112.3 ms | 234.1 Wh | 433.3 req/s | 9.3 GB |
| 62.7 % | Nimbus | 96.2 % | 168.1 ms | 316.1 Wh | 285.5 req/s | 17.4 GB |
| 64.5 % | Helix | 90.8 % | 131.0 ms | 379.4 Wh | 41.3 req/s | 16.8 GB |
| 76.1 % | Zenith | 86.9 % | 25.7 ms | 148.8 Wh | 259.4 req/s | 4.4 GB |
| 60.0 % | Echo | 63.7 % | 92.6 ms | 227.2 Wh | 362.2 req/s | 12.1 GB |
| 73.2 % | Delta | 98.1 % | 10.2 ms | 224.2 Wh | 200.0 req/s | 4.5 GB |","Answer the question using the table. Return only the final answer.

Table:
| F1 score | Model | Accuracy | Latency | Energy use | Throughput | Memory usage |
| --- | --- | --- | --- | --- | --- | --- |
| 74.1 % | Atlas | 88.5 % | 163.3 ms | 77.1 Wh | 480.4 req/s | 1.6 GB |
| 85.8 % | Quartz | 88.1 % | 112.3 ms | 234.1 Wh | 433.3 req/s | 9.3 GB |
| 62.7 % | Nimbus | 96.2 % | 168.1 ms | 316.1 Wh | 285.5 req/s | 17.4 GB |
| 64.5 % | Helix | 90.8 % | 131.0 ms | 379.4 Wh | 41.3 req/s | 16.8 GB |
| 76.1 % | Zenith | 86.9 % | 25.7 ms | 148.8 Wh | 259.4 req/s | 4.4 GB |
| 60.0 % | Echo | 63.7 % | 92.6 ms | 227.2 Wh | 362.2 req/s | 12.1 GB |
| 73.2 % | Delta | 98.1 % | 10.2 ms | 224.2 Wh | 200.0 req/s | 4.5 GB |

Question: Count the rows where F1 score is less than 61.35 %.",1,count_condition,7,F1 score,"[{""row_index"": 0, ""column_index"": 0, ""row_identifier_column"": ""Model"", ""row_identifier_value"": ""Atlas"", ""column"": ""F1 score"", ""raw_value"": 74.1, ""display_value"": ""74.1 %""}, {""row_index"": 1, ""column_index"": 0, ""row_identifier_column"": ""Model"", ""row_identifier_value"": ""Quartz"", ""column"": ""F1 score"", ""raw_value"": 85.8, ""display_value"": ""85.8 %""}, {""row_index"": 2, ""column_index"": 0, ""row_identifier_column"": ""Model"", ""row_identifier_value"": ""Nimbus"", ""column"": ""F1 score"", ""raw_value"": 62.7, ""display_value"": ""62.7 %""}, {""row_index"": 3, ""column_index"": 0, ""row_identifier_column"": ""Model"", ""row_identifier_value"": ""Helix"", ""column"": ""F1 score"", ""raw_value"": 64.5, ""display_value"": ""64.5 %""}, {""row_index"": 4, ""column_index"": 0, ""row_identifier_column"": ""Model"", ""row_identifier_value"": ""Zenith"", ""column"": ""F1 score"", ""raw_value"": 76.1, ""display_value"": ""76.1 %""}, {""row_index"": 5, ""column_index"": 0, ""row_identifier_column"": ""Model"", ""row_identifier_value"": ""Echo"", ""column"": ""F1 score"", ""raw_value"": 60.0, ""display_value"": ""60.0 %""}, {""row_index"": 6, ""column_index"": 0, ""row_identifier_column"": ""Model"", ""row_identifier_value"": ""Delta"", ""column"": ""F1 score"", ""raw_value"": 73.2, ""display_value"": ""73.2 %""}]","{""target_column"": ""F1 score"", ""column_allowed_for_operation"": true, ""comparison"": ""less_than"", ""threshold_raw"": 61.35, ""threshold_display"": ""61.35 %""}","{""headers"": [""F1 score"", ""Model"", ""Accuracy"", ""Latency"", ""Energy use"", ""Throughput"", ""Memory usage""], ""rows"": [[""74.1 %"", ""Atlas"", ""88.5 %"", ""163.3 ms"", ""77.1 Wh"", ""480.4 req/s"", ""1.6 GB""], [""85.8 %"", ""Quartz"", ""88.1 %"", ""112.3 ms"", ""234.1 Wh"", ""433.3 req/s"", ""9.3 GB""], [""62.7 %"", ""Nimbus"", ""96.2 %"", ""168.1 ms"", ""316.1 Wh"", ""285.5 req/s"", ""17.4 GB""], [""64.5 %"", ""Helix"", ""90.8 %"", ""131.0 ms"", ""379.4 Wh"", ""41.3 req/s"", ""16.8 GB""], [""76.1 %"", ""Zenith"", ""86.9 %"", ""25.7 ms"", ""148.8 Wh"", ""259.4 req/s"", ""4.4 GB""], [""60.0 %"", ""Echo"", ""63.7 %"", ""92.6 ms"", ""227.2 Wh"", ""362.2 req/s"", ""12.1 GB""], [""73.2 %"", ""Delta"", ""98.1 %"", ""10.2 ms"", ""224.2 Wh"", ""200.0 req/s"", ""4.5 GB""]]}"
A-L3-0131,3,count_condition,sports_statistics,"According to the table, how many entries have Points less than 102.00 points?","| Passes | Goals scored | Fouls | Points | Possession | Team |
| --- | --- | --- | --- | --- | --- |
| 803 passes | 55 goals | 13 fouls | 79 points | 68.7 % | Dragons |
| 677 passes | 73 goals | 8 fouls | 60 points | 43.2 % | Bulls |
| 547 passes | 6 goals | 18 fouls | 22 points | 64.7 % | Panthers |
| 587 passes | 14 goals | 34 fouls | 87 points | 41.9 % | Sharks |
| 288 passes | 89 goals | 22 fouls | 45 points | 61.4 % | Ravens |
| 637 passes | 27 goals | 32 fouls | 42 points | 54.9 % | Wolves |
| 821 passes | 90 goals | 12 fouls | 91 points | 38.8 % | Comets |
| 259 passes | 72 goals | 25 fouls | 113 points | 67.5 % | Knights |","Answer the question using the table. Return only the final answer.

Table:
| Passes | Goals scored | Fouls | Points | Possession | Team |
| --- | --- | --- | --- | --- | --- |
| 803 passes | 55 goals | 13 fouls | 79 points | 68.7 % | Dragons |
| 677 passes | 73 goals | 8 fouls | 60 points | 43.2 % | Bulls |
| 547 passes | 6 goals | 18 fouls | 22 points | 64.7 % | Panthers |
| 587 passes | 14 goals | 34 fouls | 87 points | 41.9 % | Sharks |
| 288 passes | 89 goals | 22 fouls | 45 points | 61.4 % | Ravens |
| 637 passes | 27 goals | 32 fouls | 42 points | 54.9 % | Wolves |
| 821 passes | 90 goals | 12 fouls | 91 points | 38.8 % | Comets |
| 259 passes | 72 goals | 25 fouls | 113 points | 67.5 % | Knights |

Question: According to the table, how many entries have Points less than 102.00 points?",7,count_condition,8,Points,"[{""row_index"": 0, ""column_index"": 3, ""row_identifier_column"": ""Team"", ""row_identifier_value"": ""Dragons"", ""column"": ""Points"", ""raw_value"": 79.0, ""display_value"": ""79 points""}, {""row_index"": 1, ""column_index"": 3, ""row_identifier_column"": ""Team"", ""row_identifier_value"": ""Bulls"", ""column"": ""Points"", ""raw_value"": 60.0, ""display_value"": ""60 points""}, {""row_index"": 2, ""column_index"": 3, ""row_identifier_column"": ""Team"", ""row_identifier_value"": ""Panthers"", ""column"": ""Points"", ""raw_value"": 22.0, ""display_value"": ""22 points""}, {""row_index"": 3, ""column_index"": 3, ""row_identifier_column"": ""Team"", ""row_identifier_value"": ""Sharks"", ""column"": ""Points"", ""raw_value"": 87.0, ""display_value"": ""87 points""}, {""row_index"": 4, ""column_index"": 3, ""row_identifier_column"": ""Team"", ""row_identifier_value"": ""Ravens"", ""column"": ""Points"", ""raw_value"": 45.0, ""display_value"": ""45 points""}, {""row_index"": 5, ""column_index"": 3, ""row_identifier_column"": ""Team"", ""row_identifier_value"": ""Wolves"", ""column"": ""Points"", ""raw_value"": 42.0, ""display_value"": ""42 points""}, {""row_index"": 6, ""column_index"": 3, ""row_identifier_column"": ""Team"", ""row_identifier_value"": ""Comets"", ""column"": ""Points"", ""raw_value"": 91.0, ""display_value"": ""91 points""}, {""row_index"": 7, ""column_index"": 3, ""row_identifier_column"": ""Team"", ""row_identifier_value"": ""Knights"", ""column"": ""Points"", ""raw_value"": 113.0, ""display_value"": ""113 points""}]","{""target_column"": ""Points"", ""column_allowed_for_operation"": true, ""comparison"": ""less_than"", ""threshold_raw"": 102.0, ""threshold_display"": ""102.00 points""}","{""headers"": [""Passes"", ""Goals scored"", ""Fouls"", ""Points"", ""Possession"", ""Team""], ""rows"": [[""803 passes"", ""55 goals"", ""13 fouls"", ""79 points"", ""68.7 %"", ""Dragons""], [""677 passes"", ""73 goals"", ""8 fouls"", ""60 points"", ""43.2 %"", ""Bulls""], [""547 passes"", ""6 goals"", ""18 fouls"", ""22 points"", ""64.7 %"", ""Panthers""], [""587 passes"", ""14 goals"", ""34 fouls"", ""87 points"", ""41.9 %"", ""Sharks""], [""288 passes"", ""89 goals"", ""22 fouls"", ""45 points"", ""61.4 %"", ""Ravens""], [""637 passes"", ""27 goals"", ""32 fouls"", ""42 points"", ""54.9 %"", ""Wolves""], [""821 passes"", ""90 goals"", ""12 fouls"", ""91 points"", ""38.8 %"", ""Comets""], [""259 passes"", ""72 goals"", ""25 fouls"", ""113 points"", ""67.5 %"", ""Knights""]]}"
A-L3-0132,3,count_condition,race_telemetry,Count the rows where Tire temperature is greater than 101.35 °C.,"| Lap time | Pit time | Tire temperature | Top speed | Fuel remaining | Brake temperature | Driver |
| --- | --- | --- | --- | --- | --- | --- |
| 61.10 s | 29.44 s | 106.2 °C | 249.6 km/h | 11.8 L | 704 °C | Ava |
| 145.36 s | 12.87 s | 96.5 °C | 193.6 km/h | 68.9 L | 570 °C | Noah |
| 149.59 s | 41.01 s | 81.1 °C | 219.5 km/h | 7.4 L | 652 °C | Ethan |
| 76.17 s | 29.22 s | 143.4 °C | 315.0 km/h | 22.5 L | 888 °C | Theo |
| 91.14 s | 39.89 s | 65.4 °C | 306.6 km/h | 49.7 L | 568 °C | Hana |","Answer the question using the table. Return only the final answer.

Table:
| Lap time | Pit time | Tire temperature | Top speed | Fuel remaining | Brake temperature | Driver |
| --- | --- | --- | --- | --- | --- | --- |
| 61.10 s | 29.44 s | 106.2 °C | 249.6 km/h | 11.8 L | 704 °C | Ava |
| 145.36 s | 12.87 s | 96.5 °C | 193.6 km/h | 68.9 L | 570 °C | Noah |
| 149.59 s | 41.01 s | 81.1 °C | 219.5 km/h | 7.4 L | 652 °C | Ethan |
| 76.17 s | 29.22 s | 143.4 °C | 315.0 km/h | 22.5 L | 888 °C | Theo |
| 91.14 s | 39.89 s | 65.4 °C | 306.6 km/h | 49.7 L | 568 °C | Hana |

Question: Count the rows where Tire temperature is greater than 101.35 °C.",2,count_condition,5,Tire temperature,"[{""row_index"": 0, ""column_index"": 2, ""row_identifier_column"": ""Driver"", ""row_identifier_value"": ""Ava"", ""column"": ""Tire temperature"", ""raw_value"": 106.2, ""display_value"": ""106.2 °C""}, {""row_index"": 1, ""column_index"": 2, ""row_identifier_column"": ""Driver"", ""row_identifier_value"": ""Noah"", ""column"": ""Tire temperature"", ""raw_value"": 96.5, ""display_value"": ""96.5 °C""}, {""row_index"": 2, ""column_index"": 2, ""row_identifier_column"": ""Driver"", ""row_identifier_value"": ""Ethan"", ""column"": ""Tire temperature"", ""raw_value"": 81.1, ""display_value"": ""81.1 °C""}, {""row_index"": 3, ""column_index"": 2, ""row_identifier_column"": ""Driver"", ""row_identifier_value"": ""Theo"", ""column"": ""Tire temperature"", ""raw_value"": 143.4, ""display_value"": ""143.4 °C""}, {""row_index"": 4, ""column_index"": 2, ""row_identifier_column"": ""Driver"", ""row_identifier_value"": ""Hana"", ""column"": ""Tire temperature"", ""raw_value"": 65.4, ""display_value"": ""65.4 °C""}]","{""target_column"": ""Tire temperature"", ""column_allowed_for_operation"": true, ""comparison"": ""greater_than"", ""threshold_raw"": 101.35, ""threshold_display"": ""101.35 °C""}","{""headers"": [""Lap time"", ""Pit time"", ""Tire temperature"", ""Top speed"", ""Fuel remaining"", ""Brake temperature"", ""Driver""], ""rows"": [[""61.10 s"", ""29.44 s"", ""106.2 °C"", ""249.6 km/h"", ""11.8 L"", ""704 °C"", ""Ava""], [""145.36 s"", ""12.87 s"", ""96.5 °C"", ""193.6 km/h"", ""68.9 L"", ""570 °C"", ""Noah""], [""149.59 s"", ""41.01 s"", ""81.1 °C"", ""219.5 km/h"", ""7.4 L"", ""652 °C"", ""Ethan""], [""76.17 s"", ""29.22 s"", ""143.4 °C"", ""315.0 km/h"", ""22.5 L"", ""888 °C"", ""Theo""], [""91.14 s"", ""39.89 s"", ""65.4 °C"", ""306.6 km/h"", ""49.7 L"", ""568 °C"", ""Hana""]]}"
A-L3-0133,3,argmin,regional_sales,Find the region with the smallest Units sold.,"| Revenue | Units sold | Returns | Retail orders | Online orders | Region |
| --- | --- | --- | --- | --- | --- |
| 552.2 kUSD | 4380 units | 386 units | 792 orders | 3683 orders | Fairview |
| 534.6 kUSD | 7656 units | 402 units | 4705 orders | 141 orders | Brookfield |
| 493.2 kUSD | 6591 units | 50 units | 3807 orders | 2681 orders | Riverton |
| 472.4 kUSD | 1304 units | 213 units | 4906 orders | 357 orders | Lakeside |
| 951.5 kUSD | 6603 units | 153 units | 2702 orders | 1473 orders | Clearwater |","Answer the question using the table. Return only the final answer.

Table:
| Revenue | Units sold | Returns | Retail orders | Online orders | Region |
| --- | --- | --- | --- | --- | --- |
| 552.2 kUSD | 4380 units | 386 units | 792 orders | 3683 orders | Fairview |
| 534.6 kUSD | 7656 units | 402 units | 4705 orders | 141 orders | Brookfield |
| 493.2 kUSD | 6591 units | 50 units | 3807 orders | 2681 orders | Riverton |
| 472.4 kUSD | 1304 units | 213 units | 4906 orders | 357 orders | Lakeside |
| 951.5 kUSD | 6603 units | 153 units | 2702 orders | 1473 orders | Clearwater |

Question: Find the region with the smallest Units sold.",Lakeside,argmin,5,Units sold,"[{""row_index"": 0, ""column_index"": 1, ""row_identifier_column"": ""Region"", ""row_identifier_value"": ""Fairview"", ""column"": ""Units sold"", ""raw_value"": 4380.0, ""display_value"": ""4380 units""}, {""row_index"": 1, ""column_index"": 1, ""row_identifier_column"": ""Region"", ""row_identifier_value"": ""Brookfield"", ""column"": ""Units sold"", ""raw_value"": 7656.0, ""display_value"": ""7656 units""}, {""row_index"": 2, ""column_index"": 1, ""row_identifier_column"": ""Region"", ""row_identifier_value"": ""Riverton"", ""column"": ""Units sold"", ""raw_value"": 6591.0, ""display_value"": ""6591 units""}, {""row_index"": 3, ""column_index"": 1, ""row_identifier_column"": ""Region"", ""row_identifier_value"": ""Lakeside"", ""column"": ""Units sold"", ""raw_value"": 1304.0, ""display_value"": ""1304 units""}, {""row_index"": 4, ""column_index"": 1, ""row_identifier_column"": ""Region"", ""row_identifier_value"": ""Clearwater"", ""column"": ""Units sold"", ""raw_value"": 6603.0, ""display_value"": ""6603 units""}]","{""target_column"": ""Units sold"", ""column_allowed_for_operation"": true}","{""headers"": [""Revenue"", ""Units sold"", ""Returns"", ""Retail orders"", ""Online orders"", ""Region""], ""rows"": [[""552.2 kUSD"", ""4380 units"", ""386 units"", ""792 orders"", ""3683 orders"", ""Fairview""], [""534.6 kUSD"", ""7656 units"", ""402 units"", ""4705 orders"", ""141 orders"", ""Brookfield""], [""493.2 kUSD"", ""6591 units"", ""50 units"", ""3807 orders"", ""2681 orders"", ""Riverton""], [""472.4 kUSD"", ""1304 units"", ""213 units"", ""4906 orders"", ""357 orders"", ""Lakeside""], [""951.5 kUSD"", ""6603 units"", ""153 units"", ""2702 orders"", ""1473 orders"", ""Clearwater""]]}"
A-L3-0134,3,column_average,sports_statistics,Calculate the mean Passes of all entries in the table.,"| Points | Passes | Shots | Goals scored | Fouls | Team |
| --- | --- | --- | --- | --- | --- |
| 53 points | 168 passes | 247 shots | 65 goals | 32 fouls | Tigers |
| 98 points | 820 passes | 197 shots | 18 goals | 29 fouls | Wolves |
| 58 points | 263 passes | 21 shots | 41 goals | 5 fouls | Panthers |
| 42 points | 408 passes | 86 shots | 27 goals | 23 fouls | Bulls |
| 52 points | 245 passes | 204 shots | 27 goals | 4 fouls | Cyclones |
| 120 points | 635 passes | 173 shots | 27 goals | 5 fouls | Hawks |
| 98 points | 573 passes | 227 shots | 31 goals | 4 fouls | Falcons |
| 42 points | 509 passes | 228 shots | 5 goals | 12 fouls | Sharks |
| 104 points | 620 passes | 103 shots | 72 goals | 3 fouls | Comets |
| 68 points | 277 passes | 183 shots | 64 goals | 3 fouls | Knights |","Answer the question using the table. Return only the final answer.

Table:
| Points | Passes | Shots | Goals scored | Fouls | Team |
| --- | --- | --- | --- | --- | --- |
| 53 points | 168 passes | 247 shots | 65 goals | 32 fouls | Tigers |
| 98 points | 820 passes | 197 shots | 18 goals | 29 fouls | Wolves |
| 58 points | 263 passes | 21 shots | 41 goals | 5 fouls | Panthers |
| 42 points | 408 passes | 86 shots | 27 goals | 23 fouls | Bulls |
| 52 points | 245 passes | 204 shots | 27 goals | 4 fouls | Cyclones |
| 120 points | 635 passes | 173 shots | 27 goals | 5 fouls | Hawks |
| 98 points | 573 passes | 227 shots | 31 goals | 4 fouls | Falcons |
| 42 points | 509 passes | 228 shots | 5 goals | 12 fouls | Sharks |
| 104 points | 620 passes | 103 shots | 72 goals | 3 fouls | Comets |
| 68 points | 277 passes | 183 shots | 64 goals | 3 fouls | Knights |

Question: Calculate the mean Passes of all entries in the table.",451.80 passes,mean,10,Passes,"[{""row_index"": 0, ""column_index"": 1, ""row_identifier_column"": ""Team"", ""row_identifier_value"": ""Tigers"", ""column"": ""Passes"", ""raw_value"": 168.0, ""display_value"": ""168 passes""}, {""row_index"": 1, ""column_index"": 1, ""row_identifier_column"": ""Team"", ""row_identifier_value"": ""Wolves"", ""column"": ""Passes"", ""raw_value"": 820.0, ""display_value"": ""820 passes""}, {""row_index"": 2, ""column_index"": 1, ""row_identifier_column"": ""Team"", ""row_identifier_value"": ""Panthers"", ""column"": ""Passes"", ""raw_value"": 263.0, ""display_value"": ""263 passes""}, {""row_index"": 3, ""column_index"": 1, ""row_identifier_column"": ""Team"", ""row_identifier_value"": ""Bulls"", ""column"": ""Passes"", ""raw_value"": 408.0, ""display_value"": ""408 passes""}, {""row_index"": 4, ""column_index"": 1, ""row_identifier_column"": ""Team"", ""row_identifier_value"": ""Cyclones"", ""column"": ""Passes"", ""raw_value"": 245.0, ""display_value"": ""245 passes""}, {""row_index"": 5, ""column_index"": 1, ""row_identifier_column"": ""Team"", ""row_identifier_value"": ""Hawks"", ""column"": ""Passes"", ""raw_value"": 635.0, ""display_value"": ""635 passes""}, {""row_index"": 6, ""column_index"": 1, ""row_identifier_column"": ""Team"", ""row_identifier_value"": ""Falcons"", ""column"": ""Passes"", ""raw_value"": 573.0, ""display_value"": ""573 passes""}, {""row_index"": 7, ""column_index"": 1, ""row_identifier_column"": ""Team"", ""row_identifier_value"": ""Sharks"", ""column"": ""Passes"", ""raw_value"": 509.0, ""display_value"": ""509 passes""}, {""row_index"": 8, ""column_index"": 1, ""row_identifier_column"": ""Team"", ""row_identifier_value"": ""Comets"", ""column"": ""Passes"", ""raw_value"": 620.0, ""display_value"": ""620 passes""}, {""row_index"": 9, ""column_index"": 1, ""row_identifier_column"": ""Team"", ""row_identifier_value"": ""Knights"", ""column"": ""Passes"", ""raw_value"": 277.0, ""display_value"": ""277 passes""}]","{""target_column"": ""Passes"", ""column_allowed_for_operation"": true, ""answer_digits"": 2}","{""headers"": [""Points"", ""Passes"", ""Shots"", ""Goals scored"", ""Fouls"", ""Team""], ""rows"": [[""53 points"", ""168 passes"", ""247 shots"", ""65 goals"", ""32 fouls"", ""Tigers""], [""98 points"", ""820 passes"", ""197 shots"", ""18 goals"", ""29 fouls"", ""Wolves""], [""58 points"", ""263 passes"", ""21 shots"", ""41 goals"", ""5 fouls"", ""Panthers""], [""42 points"", ""408 passes"", ""86 shots"", ""27 goals"", ""23 fouls"", ""Bulls""], [""52 points"", ""245 passes"", ""204 shots"", ""27 goals"", ""4 fouls"", ""Cyclones""], [""120 points"", ""635 passes"", ""173 shots"", ""27 goals"", ""5 fouls"", ""Hawks""], [""98 points"", ""573 passes"", ""227 shots"", ""31 goals"", ""4 fouls"", ""Falcons""], [""42 points"", ""509 passes"", ""228 shots"", ""5 goals"", ""12 fouls"", ""Sharks""], [""104 points"", ""620 passes"", ""103 shots"", ""72 goals"", ""3 fouls"", ""Comets""], [""68 points"", ""277 passes"", ""183 shots"", ""64 goals"", ""3 fouls"", ""Knights""]]}"
A-L3-0135,3,column_average,race_telemetry,What is the average Fuel remaining across all rows?,"| Lap time | Top speed | Tire temperature | Fuel remaining | Driver |
| --- | --- | --- | --- | --- |
| 100.21 s | 316.1 km/h | 69.6 °C | 20.8 L | Sam |
| 91.28 s | 353.3 km/h | 89.0 °C | 5.4 L | Iris |
| 126.62 s | 292.2 km/h | 72.7 °C | 31.6 L | Lucas |
| 109.90 s | 249.4 km/h | 133.6 °C | 68.0 L | David |
| 108.92 s | 293.4 km/h | 106.1 °C | 24.6 L | Lena |","Answer the question using the table. Return only the final answer.

Table:
| Lap time | Top speed | Tire temperature | Fuel remaining | Driver |
| --- | --- | --- | --- | --- |
| 100.21 s | 316.1 km/h | 69.6 °C | 20.8 L | Sam |
| 91.28 s | 353.3 km/h | 89.0 °C | 5.4 L | Iris |
| 126.62 s | 292.2 km/h | 72.7 °C | 31.6 L | Lucas |
| 109.90 s | 249.4 km/h | 133.6 °C | 68.0 L | David |
| 108.92 s | 293.4 km/h | 106.1 °C | 24.6 L | Lena |

Question: What is the average Fuel remaining across all rows?",30.08 L,mean,5,Fuel remaining,"[{""row_index"": 0, ""column_index"": 3, ""row_identifier_column"": ""Driver"", ""row_identifier_value"": ""Sam"", ""column"": ""Fuel remaining"", ""raw_value"": 20.8, ""display_value"": ""20.8 L""}, {""row_index"": 1, ""column_index"": 3, ""row_identifier_column"": ""Driver"", ""row_identifier_value"": ""Iris"", ""column"": ""Fuel remaining"", ""raw_value"": 5.4, ""display_value"": ""5.4 L""}, {""row_index"": 2, ""column_index"": 3, ""row_identifier_column"": ""Driver"", ""row_identifier_value"": ""Lucas"", ""column"": ""Fuel remaining"", ""raw_value"": 31.6, ""display_value"": ""31.6 L""}, {""row_index"": 3, ""column_index"": 3, ""row_identifier_column"": ""Driver"", ""row_identifier_value"": ""David"", ""column"": ""Fuel remaining"", ""raw_value"": 68.0, ""display_value"": ""68.0 L""}, {""row_index"": 4, ""column_index"": 3, ""row_identifier_column"": ""Driver"", ""row_identifier_value"": ""Lena"", ""column"": ""Fuel remaining"", ""raw_value"": 24.6, ""display_value"": ""24.6 L""}]","{""target_column"": ""Fuel remaining"", ""column_allowed_for_operation"": true, ""answer_digits"": 2}","{""headers"": [""Lap time"", ""Top speed"", ""Tire temperature"", ""Fuel remaining"", ""Driver""], ""rows"": [[""100.21 s"", ""316.1 km/h"", ""69.6 °C"", ""20.8 L"", ""Sam""], [""91.28 s"", ""353.3 km/h"", ""89.0 °C"", ""5.4 L"", ""Iris""], [""126.62 s"", ""292.2 km/h"", ""72.7 °C"", ""31.6 L"", ""Lucas""], [""109.90 s"", ""249.4 km/h"", ""133.6 °C"", ""68.0 L"", ""David""], [""108.92 s"", ""293.4 km/h"", ""106.1 °C"", ""24.6 L"", ""Lena""]]}"
A-L3-0136,3,column_average,ml_benchmark,"According to the table, what is the average value of Accuracy?","| Latency | Energy use | Throughput | Model | Accuracy |
| --- | --- | --- | --- | --- |
| 169.9 ms | 154.8 Wh | 81.7 req/s | Zenith | 58.8 % |
| 27.3 ms | 221.6 Wh | 13.6 req/s | Delta | 72.4 % |
| 139.4 ms | 450.2 Wh | 174.1 req/s | Helix | 87.6 % |
| 148.1 ms | 32.3 Wh | 266.7 req/s | Vertex | 88.5 % |
| 157.7 ms | 383.7 Wh | 248.8 req/s | Aurora | 92.5 % |
| 41.9 ms | 132.0 Wh | 431.3 req/s | Nova | 93.8 % |
| 128.5 ms | 112.1 Wh | 304.8 req/s | Quartz | 57.8 % |
| 30.0 ms | 297.2 Wh | 137.3 req/s | Pulse | 79.1 % |
| 87.7 ms | 183.3 Wh | 462.1 req/s | Sigma | 65.1 % |
| 133.7 ms | 350.9 Wh | 288.4 req/s | Atlas | 88.9 % |","Answer the question using the table. Return only the final answer.

Table:
| Latency | Energy use | Throughput | Model | Accuracy |
| --- | --- | --- | --- | --- |
| 169.9 ms | 154.8 Wh | 81.7 req/s | Zenith | 58.8 % |
| 27.3 ms | 221.6 Wh | 13.6 req/s | Delta | 72.4 % |
| 139.4 ms | 450.2 Wh | 174.1 req/s | Helix | 87.6 % |
| 148.1 ms | 32.3 Wh | 266.7 req/s | Vertex | 88.5 % |
| 157.7 ms | 383.7 Wh | 248.8 req/s | Aurora | 92.5 % |
| 41.9 ms | 132.0 Wh | 431.3 req/s | Nova | 93.8 % |
| 128.5 ms | 112.1 Wh | 304.8 req/s | Quartz | 57.8 % |
| 30.0 ms | 297.2 Wh | 137.3 req/s | Pulse | 79.1 % |
| 87.7 ms | 183.3 Wh | 462.1 req/s | Sigma | 65.1 % |
| 133.7 ms | 350.9 Wh | 288.4 req/s | Atlas | 88.9 % |

Question: According to the table, what is the average value of Accuracy?",78.45 %,mean,10,Accuracy,"[{""row_index"": 0, ""column_index"": 4, ""row_identifier_column"": ""Model"", ""row_identifier_value"": ""Zenith"", ""column"": ""Accuracy"", ""raw_value"": 58.8, ""display_value"": ""58.8 %""}, {""row_index"": 1, ""column_index"": 4, ""row_identifier_column"": ""Model"", ""row_identifier_value"": ""Delta"", ""column"": ""Accuracy"", ""raw_value"": 72.4, ""display_value"": ""72.4 %""}, {""row_index"": 2, ""column_index"": 4, ""row_identifier_column"": ""Model"", ""row_identifier_value"": ""Helix"", ""column"": ""Accuracy"", ""raw_value"": 87.6, ""display_value"": ""87.6 %""}, {""row_index"": 3, ""column_index"": 4, ""row_identifier_column"": ""Model"", ""row_identifier_value"": ""Vertex"", ""column"": ""Accuracy"", ""raw_value"": 88.5, ""display_value"": ""88.5 %""}, {""row_index"": 4, ""column_index"": 4, ""row_identifier_column"": ""Model"", ""row_identifier_value"": ""Aurora"", ""column"": ""Accuracy"", ""raw_value"": 92.5, ""display_value"": ""92.5 %""}, {""row_index"": 5, ""column_index"": 4, ""row_identifier_column"": ""Model"", ""row_identifier_value"": ""Nova"", ""column"": ""Accuracy"", ""raw_value"": 93.8, ""display_value"": ""93.8 %""}, {""row_index"": 6, ""column_index"": 4, ""row_identifier_column"": ""Model"", ""row_identifier_value"": ""Quartz"", ""column"": ""Accuracy"", ""raw_value"": 57.8, ""display_value"": ""57.8 %""}, {""row_index"": 7, ""column_index"": 4, ""row_identifier_column"": ""Model"", ""row_identifier_value"": ""Pulse"", ""column"": ""Accuracy"", ""raw_value"": 79.1, ""display_value"": ""79.1 %""}, {""row_index"": 8, ""column_index"": 4, ""row_identifier_column"": ""Model"", ""row_identifier_value"": ""Sigma"", ""column"": ""Accuracy"", ""raw_value"": 65.1, ""display_value"": ""65.1 %""}, {""row_index"": 9, ""column_index"": 4, ""row_identifier_column"": ""Model"", ""row_identifier_value"": ""Atlas"", ""column"": ""Accuracy"", ""raw_value"": 88.9, ""display_value"": ""88.9 %""}]","{""target_column"": ""Accuracy"", ""column_allowed_for_operation"": true, ""answer_digits"": 2}","{""headers"": [""Latency"", ""Energy use"", ""Throughput"", ""Model"", ""Accuracy""], ""rows"": [[""169.9 ms"", ""154.8 Wh"", ""81.7 req/s"", ""Zenith"", ""58.8 %""], [""27.3 ms"", ""221.6 Wh"", ""13.6 req/s"", ""Delta"", ""72.4 %""], [""139.4 ms"", ""450.2 Wh"", ""174.1 req/s"", ""Helix"", ""87.6 %""], [""148.1 ms"", ""32.3 Wh"", ""266.7 req/s"", ""Vertex"", ""88.5 %""], [""157.7 ms"", ""383.7 Wh"", ""248.8 req/s"", ""Aurora"", ""92.5 %""], [""41.9 ms"", ""132.0 Wh"", ""431.3 req/s"", ""Nova"", ""93.8 %""], [""128.5 ms"", ""112.1 Wh"", ""304.8 req/s"", ""Quartz"", ""57.8 %""], [""30.0 ms"", ""297.2 Wh"", ""137.3 req/s"", ""Pulse"", ""79.1 %""], [""87.7 ms"", ""183.3 Wh"", ""462.1 req/s"", ""Sigma"", ""65.1 %""], [""133.7 ms"", ""350.9 Wh"", ""288.4 req/s"", ""Atlas"", ""88.9 %""]]}"
A-L3-0137,3,column_average,weather_stations,What is the average Visibility across all rows?,"| Visibility | Humidity | Rainfall | Wind speed | Temperature | Station |
| --- | --- | --- | --- | --- | --- |
| 24.5 km | 86 % | 35.6 mm | 11.2 m/s | 11.4 °C | Pinehurst |
| 19.2 km | 93 % | 89.4 mm | 34.8 m/s | 14.1 °C | Fairview |
| 29.4 km | 56 % | 88.4 mm | 34.1 m/s | 35.3 °C | Hillcrest |
| 1.3 km | 72 % | 50.0 mm | 21.3 m/s | 12.5 °C | Brookfield |
| 22.0 km | 69 % | 76.8 mm | 15.2 m/s | 26.2 °C | Cedar |
| 21.7 km | 98 % | 17.7 mm | 31.7 m/s | -3.5 °C | Oakridge |
| 12.2 km | 98 % | 107.8 mm | 31.0 m/s | 16.9 °C | Orion |
| 0.6 km | 83 % | 56.3 mm | 16.5 m/s | 10.1 °C | Westhaven |
| 14.6 km | 86 % | 38.8 mm | 31.9 m/s | 23.7 °C | Riverton |
| 5.7 km | 22 % | 106.6 mm | 20.5 m/s | 8.2 °C | Lakeside |","Answer the question using the table. Return only the final answer.

Table:
| Visibility | Humidity | Rainfall | Wind speed | Temperature | Station |
| --- | --- | --- | --- | --- | --- |
| 24.5 km | 86 % | 35.6 mm | 11.2 m/s | 11.4 °C | Pinehurst |
| 19.2 km | 93 % | 89.4 mm | 34.8 m/s | 14.1 °C | Fairview |
| 29.4 km | 56 % | 88.4 mm | 34.1 m/s | 35.3 °C | Hillcrest |
| 1.3 km | 72 % | 50.0 mm | 21.3 m/s | 12.5 °C | Brookfield |
| 22.0 km | 69 % | 76.8 mm | 15.2 m/s | 26.2 °C | Cedar |
| 21.7 km | 98 % | 17.7 mm | 31.7 m/s | -3.5 °C | Oakridge |
| 12.2 km | 98 % | 107.8 mm | 31.0 m/s | 16.9 °C | Orion |
| 0.6 km | 83 % | 56.3 mm | 16.5 m/s | 10.1 °C | Westhaven |
| 14.6 km | 86 % | 38.8 mm | 31.9 m/s | 23.7 °C | Riverton |
| 5.7 km | 22 % | 106.6 mm | 20.5 m/s | 8.2 °C | Lakeside |

Question: What is the average Visibility across all rows?",15.12 km,mean,10,Visibility,"[{""row_index"": 0, ""column_index"": 0, ""row_identifier_column"": ""Station"", ""row_identifier_value"": ""Pinehurst"", ""column"": ""Visibility"", ""raw_value"": 24.5, ""display_value"": ""24.5 km""}, {""row_index"": 1, ""column_index"": 0, ""row_identifier_column"": ""Station"", ""row_identifier_value"": ""Fairview"", ""column"": ""Visibility"", ""raw_value"": 19.2, ""display_value"": ""19.2 km""}, {""row_index"": 2, ""column_index"": 0, ""row_identifier_column"": ""Station"", ""row_identifier_value"": ""Hillcrest"", ""column"": ""Visibility"", ""raw_value"": 29.4, ""display_value"": ""29.4 km""}, {""row_index"": 3, ""column_index"": 0, ""row_identifier_column"": ""Station"", ""row_identifier_value"": ""Brookfield"", ""column"": ""Visibility"", ""raw_value"": 1.3, ""display_value"": ""1.3 km""}, {""row_index"": 4, ""column_index"": 0, ""row_identifier_column"": ""Station"", ""row_identifier_value"": ""Cedar"", ""column"": ""Visibility"", ""raw_value"": 22.0, ""display_value"": ""22.0 km""}, {""row_index"": 5, ""column_index"": 0, ""row_identifier_column"": ""Station"", ""row_identifier_value"": ""Oakridge"", ""column"": ""Visibility"", ""raw_value"": 21.7, ""display_value"": ""21.7 km""}, {""row_index"": 6, ""column_index"": 0, ""row_identifier_column"": ""Station"", ""row_identifier_value"": ""Orion"", ""column"": ""Visibility"", ""raw_value"": 12.2, ""display_value"": ""12.2 km""}, {""row_index"": 7, ""column_index"": 0, ""row_identifier_column"": ""Station"", ""row_identifier_value"": ""Westhaven"", ""column"": ""Visibility"", ""raw_value"": 0.6, ""display_value"": ""0.6 km""}, {""row_index"": 8, ""column_index"": 0, ""row_identifier_column"": ""Station"", ""row_identifier_value"": ""Riverton"", ""column"": ""Visibility"", ""raw_value"": 14.6, ""display_value"": ""14.6 km""}, {""row_index"": 9, ""column_index"": 0, ""row_identifier_column"": ""Station"", ""row_identifier_value"": ""Lakeside"", ""column"": ""Visibility"", ""raw_value"": 5.7, ""display_value"": ""5.7 km""}]","{""target_column"": ""Visibility"", ""column_allowed_for_operation"": true, ""answer_digits"": 2}","{""headers"": [""Visibility"", ""Humidity"", ""Rainfall"", ""Wind speed"", ""Temperature"", ""Station""], ""rows"": [[""24.5 km"", ""86 %"", ""35.6 mm"", ""11.2 m/s"", ""11.4 °C"", ""Pinehurst""], [""19.2 km"", ""93 %"", ""89.4 mm"", ""34.8 m/s"", ""14.1 °C"", ""Fairview""], [""29.4 km"", ""56 %"", ""88.4 mm"", ""34.1 m/s"", ""35.3 °C"", ""Hillcrest""], [""1.3 km"", ""72 %"", ""50.0 mm"", ""21.3 m/s"", ""12.5 °C"", ""Brookfield""], [""22.0 km"", ""69 %"", ""76.8 mm"", ""15.2 m/s"", ""26.2 °C"", ""Cedar""], [""21.7 km"", ""98 %"", ""17.7 mm"", ""31.7 m/s"", ""-3.5 °C"", ""Oakridge""], [""12.2 km"", ""98 %"", ""107.8 mm"", ""31.0 m/s"", ""16.9 °C"", ""Orion""], [""0.6 km"", ""83 %"", ""56.3 mm"", ""16.5 m/s"", ""10.1 °C"", ""Westhaven""], [""14.6 km"", ""86 %"", ""38.8 mm"", ""31.9 m/s"", ""23.7 °C"", ""Riverton""], [""5.7 km"", ""22 %"", ""106.6 mm"", ""20.5 m/s"", ""8.2 °C"", ""Lakeside""]]}"
A-L3-0138,3,argmin,flight_measurements,Which pilot has the lowest Fuel?,"| Ground speed | Pilot | Vertical speed | Cabin pressure | Altitude | Fuel | Engine temperature |
| --- | --- | --- | --- | --- | --- | --- |
| 213.5 km/h | Daniel | 12.1 m/s | 77.6 kPa | 7724 m | 2283 kg | 631 °C |
| 251.0 km/h | Leo | -10.7 m/s | 93.0 kPa | 1820 m | 7189 kg | 744 °C |
| 380.9 km/h | Oliver | 16.6 m/s | 73.0 kPa | 9723 m | 6955 kg | 737 °C |
| 659.3 km/h | Ryan | 10.3 m/s | 103.7 kPa | 4157 m | 2794 kg | 540 °C |
| 547.0 km/h | Sofia | 9.9 m/s | 69.9 kPa | 11359 m | 3375 kg | 802 °C |
| 220.4 km/h | Yuna | -9.4 m/s | 93.8 kPa | 4783 m | 3510 kg | 906 °C |
| 332.1 km/h | Ethan | 3.5 m/s | 85.5 kPa | 8271 m | 7569 kg | 646 °C |
| 539.3 km/h | Maya | 6.3 m/s | 99.1 kPa | 9603 m | 6014 kg | 770 °C |","Answer the question using the table. Return only the final answer.

Table:
| Ground speed | Pilot | Vertical speed | Cabin pressure | Altitude | Fuel | Engine temperature |
| --- | --- | --- | --- | --- | --- | --- |
| 213.5 km/h | Daniel | 12.1 m/s | 77.6 kPa | 7724 m | 2283 kg | 631 °C |
| 251.0 km/h | Leo | -10.7 m/s | 93.0 kPa | 1820 m | 7189 kg | 744 °C |
| 380.9 km/h | Oliver | 16.6 m/s | 73.0 kPa | 9723 m | 6955 kg | 737 °C |
| 659.3 km/h | Ryan | 10.3 m/s | 103.7 kPa | 4157 m | 2794 kg | 540 °C |
| 547.0 km/h | Sofia | 9.9 m/s | 69.9 kPa | 11359 m | 3375 kg | 802 °C |
| 220.4 km/h | Yuna | -9.4 m/s | 93.8 kPa | 4783 m | 3510 kg | 906 °C |
| 332.1 km/h | Ethan | 3.5 m/s | 85.5 kPa | 8271 m | 7569 kg | 646 °C |
| 539.3 km/h | Maya | 6.3 m/s | 99.1 kPa | 9603 m | 6014 kg | 770 °C |

Question: Which pilot has the lowest Fuel?",Daniel,argmin,8,Fuel,"[{""row_index"": 0, ""column_index"": 5, ""row_identifier_column"": ""Pilot"", ""row_identifier_value"": ""Daniel"", ""column"": ""Fuel"", ""raw_value"": 2283.0, ""display_value"": ""2283 kg""}, {""row_index"": 1, ""column_index"": 5, ""row_identifier_column"": ""Pilot"", ""row_identifier_value"": ""Leo"", ""column"": ""Fuel"", ""raw_value"": 7189.0, ""display_value"": ""7189 kg""}, {""row_index"": 2, ""column_index"": 5, ""row_identifier_column"": ""Pilot"", ""row_identifier_value"": ""Oliver"", ""column"": ""Fuel"", ""raw_value"": 6955.0, ""display_value"": ""6955 kg""}, {""row_index"": 3, ""column_index"": 5, ""row_identifier_column"": ""Pilot"", ""row_identifier_value"": ""Ryan"", ""column"": ""Fuel"", ""raw_value"": 2794.0, ""display_value"": ""2794 kg""}, {""row_index"": 4, ""column_index"": 5, ""row_identifier_column"": ""Pilot"", ""row_identifier_value"": ""Sofia"", ""column"": ""Fuel"", ""raw_value"": 3375.0, ""display_value"": ""3375 kg""}, {""row_index"": 5, ""column_index"": 5, ""row_identifier_column"": ""Pilot"", ""row_identifier_value"": ""Yuna"", ""column"": ""Fuel"", ""raw_value"": 3510.0, ""display_value"": ""3510 kg""}, {""row_index"": 6, ""column_index"": 5, ""row_identifier_column"": ""Pilot"", ""row_identifier_value"": ""Ethan"", ""column"": ""Fuel"", ""raw_value"": 7569.0, ""display_value"": ""7569 kg""}, {""row_index"": 7, ""column_index"": 5, ""row_identifier_column"": ""Pilot"", ""row_identifier_value"": ""Maya"", ""column"": ""Fuel"", ""raw_value"": 6014.0, ""display_value"": ""6014 kg""}]","{""target_column"": ""Fuel"", ""column_allowed_for_operation"": true}","{""headers"": [""Ground speed"", ""Pilot"", ""Vertical speed"", ""Cabin pressure"", ""Altitude"", ""Fuel"", ""Engine temperature""], ""rows"": [[""213.5 km/h"", ""Daniel"", ""12.1 m/s"", ""77.6 kPa"", ""7724 m"", ""2283 kg"", ""631 °C""], [""251.0 km/h"", ""Leo"", ""-10.7 m/s"", ""93.0 kPa"", ""1820 m"", ""7189 kg"", ""744 °C""], [""380.9 km/h"", ""Oliver"", ""16.6 m/s"", ""73.0 kPa"", ""9723 m"", ""6955 kg"", ""737 °C""], [""659.3 km/h"", ""Ryan"", ""10.3 m/s"", ""103.7 kPa"", ""4157 m"", ""2794 kg"", ""540 °C""], [""547.0 km/h"", ""Sofia"", ""9.9 m/s"", ""69.9 kPa"", ""11359 m"", ""3375 kg"", ""802 °C""], [""220.4 km/h"", ""Yuna"", ""-9.4 m/s"", ""93.8 kPa"", ""4783 m"", ""3510 kg"", ""906 °C""], [""332.1 km/h"", ""Ethan"", ""3.5 m/s"", ""85.5 kPa"", ""8271 m"", ""7569 kg"", ""646 °C""], [""539.3 km/h"", ""Maya"", ""6.3 m/s"", ""99.1 kPa"", ""9603 m"", ""6014 kg"", ""770 °C""]]}"
A-L3-0139,3,argmax,battery_tests,Which cell has the highest Capacity?,"| Cell | Capacity | Temperature | State of health | Charge cycles |
| --- | --- | --- | --- | --- |
| Cell-A1 | 3881 mAh | 58.6 °C | 92.8 % | 422 cycles |
| Cell-E2 | 2188 mAh | 48.5 °C | 66.7 % | 884 cycles |
| Cell-D2 | 4150 mAh | 51.4 °C | 59.4 % | 281 cycles |
| Cell-B1 | 1251 mAh | 48.2 °C | 76.8 % | 276 cycles |
| Cell-F2 | 2784 mAh | 23.2 °C | 74.6 % | 445 cycles |
| Cell-D1 | 1530 mAh | 58.0 °C | 86.7 % | 990 cycles |
| Cell-E1 | 4089 mAh | 27.1 °C | 73.6 % | 97 cycles |
| Cell-F1 | 4670 mAh | 61.8 °C | 64.2 % | 140 cycles |
| Cell-C2 | 3477 mAh | 31.2 °C | 50.4 % | 418 cycles |","Answer the question using the table. Return only the final answer.

Table:
| Cell | Capacity | Temperature | State of health | Charge cycles |
| --- | --- | --- | --- | --- |
| Cell-A1 | 3881 mAh | 58.6 °C | 92.8 % | 422 cycles |
| Cell-E2 | 2188 mAh | 48.5 °C | 66.7 % | 884 cycles |
| Cell-D2 | 4150 mAh | 51.4 °C | 59.4 % | 281 cycles |
| Cell-B1 | 1251 mAh | 48.2 °C | 76.8 % | 276 cycles |
| Cell-F2 | 2784 mAh | 23.2 °C | 74.6 % | 445 cycles |
| Cell-D1 | 1530 mAh | 58.0 °C | 86.7 % | 990 cycles |
| Cell-E1 | 4089 mAh | 27.1 °C | 73.6 % | 97 cycles |
| Cell-F1 | 4670 mAh | 61.8 °C | 64.2 % | 140 cycles |
| Cell-C2 | 3477 mAh | 31.2 °C | 50.4 % | 418 cycles |

Question: Which cell has the highest Capacity?",Cell-F1,argmax,9,Capacity,"[{""row_index"": 0, ""column_index"": 1, ""row_identifier_column"": ""Cell"", ""row_identifier_value"": ""Cell-A1"", ""column"": ""Capacity"", ""raw_value"": 3881.0, ""display_value"": ""3881 mAh""}, {""row_index"": 1, ""column_index"": 1, ""row_identifier_column"": ""Cell"", ""row_identifier_value"": ""Cell-E2"", ""column"": ""Capacity"", ""raw_value"": 2188.0, ""display_value"": ""2188 mAh""}, {""row_index"": 2, ""column_index"": 1, ""row_identifier_column"": ""Cell"", ""row_identifier_value"": ""Cell-D2"", ""column"": ""Capacity"", ""raw_value"": 4150.0, ""display_value"": ""4150 mAh""}, {""row_index"": 3, ""column_index"": 1, ""row_identifier_column"": ""Cell"", ""row_identifier_value"": ""Cell-B1"", ""column"": ""Capacity"", ""raw_value"": 1251.0, ""display_value"": ""1251 mAh""}, {""row_index"": 4, ""column_index"": 1, ""row_identifier_column"": ""Cell"", ""row_identifier_value"": ""Cell-F2"", ""column"": ""Capacity"", ""raw_value"": 2784.0, ""display_value"": ""2784 mAh""}, {""row_index"": 5, ""column_index"": 1, ""row_identifier_column"": ""Cell"", ""row_identifier_value"": ""Cell-D1"", ""column"": ""Capacity"", ""raw_value"": 1530.0, ""display_value"": ""1530 mAh""}, {""row_index"": 6, ""column_index"": 1, ""row_identifier_column"": ""Cell"", ""row_identifier_value"": ""Cell-E1"", ""column"": ""Capacity"", ""raw_value"": 4089.0, ""display_value"": ""4089 mAh""}, {""row_index"": 7, ""column_index"": 1, ""row_identifier_column"": ""Cell"", ""row_identifier_value"": ""Cell-F1"", ""column"": ""Capacity"", ""raw_value"": 4670.0, ""display_value"": ""4670 mAh""}, {""row_index"": 8, ""column_index"": 1, ""row_identifier_column"": ""Cell"", ""row_identifier_value"": ""Cell-C2"", ""column"": ""Capacity"", ""raw_value"": 3477.0, ""display_value"": ""3477 mAh""}]","{""target_column"": ""Capacity"", ""column_allowed_for_operation"": true}","{""headers"": [""Cell"", ""Capacity"", ""Temperature"", ""State of health"", ""Charge cycles""], ""rows"": [[""Cell-A1"", ""3881 mAh"", ""58.6 °C"", ""92.8 %"", ""422 cycles""], [""Cell-E2"", ""2188 mAh"", ""48.5 °C"", ""66.7 %"", ""884 cycles""], [""Cell-D2"", ""4150 mAh"", ""51.4 °C"", ""59.4 %"", ""281 cycles""], [""Cell-B1"", ""1251 mAh"", ""48.2 °C"", ""76.8 %"", ""276 cycles""], [""Cell-F2"", ""2784 mAh"", ""23.2 °C"", ""74.6 %"", ""445 cycles""], [""Cell-D1"", ""1530 mAh"", ""58.0 °C"", ""86.7 %"", ""990 cycles""], [""Cell-E1"", ""4089 mAh"", ""27.1 °C"", ""73.6 %"", ""97 cycles""], [""Cell-F1"", ""4670 mAh"", ""61.8 °C"", ""64.2 %"", ""140 cycles""], [""Cell-C2"", ""3477 mAh"", ""31.2 °C"", ""50.4 %"", ""418 cycles""]]}"
A-L3-0140,3,count_condition,battery_tests,"According to the table, how many entries have Capacity greater than 2435.50 mAh?","| Temperature | State of health | Capacity | Cell | Voltage | Charge cycles |
| --- | --- | --- | --- | --- | --- |
| 27.5 °C | 51.9 % | 2703 mAh | Cell-E2 | 4.38 V | 1446 cycles |
| 57.5 °C | 80.2 % | 2708 mAh | Cell-E1 | 3.26 V | 805 cycles |
| 23.2 °C | 64.1 % | 2168 mAh | Cell-F1 | 4.12 V | 809 cycles |
| 51.7 °C | 73.9 % | 1008 mAh | Cell-A2 | 3.19 V | 68 cycles |
| 54.5 °C | 67.0 % | 4762 mAh | Cell-A1 | 3.60 V | 481 cycles |
| 21.2 °C | 90.8 % | 1166 mAh | Cell-C1 | 3.63 V | 706 cycles |","Answer the question using the table. Return only the final answer.

Table:
| Temperature | State of health | Capacity | Cell | Voltage | Charge cycles |
| --- | --- | --- | --- | --- | --- |
| 27.5 °C | 51.9 % | 2703 mAh | Cell-E2 | 4.38 V | 1446 cycles |
| 57.5 °C | 80.2 % | 2708 mAh | Cell-E1 | 3.26 V | 805 cycles |
| 23.2 °C | 64.1 % | 2168 mAh | Cell-F1 | 4.12 V | 809 cycles |
| 51.7 °C | 73.9 % | 1008 mAh | Cell-A2 | 3.19 V | 68 cycles |
| 54.5 °C | 67.0 % | 4762 mAh | Cell-A1 | 3.60 V | 481 cycles |
| 21.2 °C | 90.8 % | 1166 mAh | Cell-C1 | 3.63 V | 706 cycles |

Question: According to the table, how many entries have Capacity greater than 2435.50 mAh?",3,count_condition,6,Capacity,"[{""row_index"": 0, ""column_index"": 2, ""row_identifier_column"": ""Cell"", ""row_identifier_value"": ""Cell-E2"", ""column"": ""Capacity"", ""raw_value"": 2703.0, ""display_value"": ""2703 mAh""}, {""row_index"": 1, ""column_index"": 2, ""row_identifier_column"": ""Cell"", ""row_identifier_value"": ""Cell-E1"", ""column"": ""Capacity"", ""raw_value"": 2708.0, ""display_value"": ""2708 mAh""}, {""row_index"": 2, ""column_index"": 2, ""row_identifier_column"": ""Cell"", ""row_identifier_value"": ""Cell-F1"", ""column"": ""Capacity"", ""raw_value"": 2168.0, ""display_value"": ""2168 mAh""}, {""row_index"": 3, ""column_index"": 2, ""row_identifier_column"": ""Cell"", ""row_identifier_value"": ""Cell-A2"", ""column"": ""Capacity"", ""raw_value"": 1008.0, ""display_value"": ""1008 mAh""}, {""row_index"": 4, ""column_index"": 2, ""row_identifier_column"": ""Cell"", ""row_identifier_value"": ""Cell-A1"", ""column"": ""Capacity"", ""raw_value"": 4762.0, ""display_value"": ""4762 mAh""}, {""row_index"": 5, ""column_index"": 2, ""row_identifier_column"": ""Cell"", ""row_identifier_value"": ""Cell-C1"", ""column"": ""Capacity"", ""raw_value"": 1166.0, ""display_value"": ""1166 mAh""}]","{""target_column"": ""Capacity"", ""column_allowed_for_operation"": true, ""comparison"": ""greater_than"", ""threshold_raw"": 2435.5, ""threshold_display"": ""2435.50 mAh""}","{""headers"": [""Temperature"", ""State of health"", ""Capacity"", ""Cell"", ""Voltage"", ""Charge cycles""], ""rows"": [[""27.5 °C"", ""51.9 %"", ""2703 mAh"", ""Cell-E2"", ""4.38 V"", ""1446 cycles""], [""57.5 °C"", ""80.2 %"", ""2708 mAh"", ""Cell-E1"", ""3.26 V"", ""805 cycles""], [""23.2 °C"", ""64.1 %"", ""2168 mAh"", ""Cell-F1"", ""4.12 V"", ""809 cycles""], [""51.7 °C"", ""73.9 %"", ""1008 mAh"", ""Cell-A2"", ""3.19 V"", ""68 cycles""], [""54.5 °C"", ""67.0 %"", ""4762 mAh"", ""Cell-A1"", ""3.60 V"", ""481 cycles""], [""21.2 °C"", ""90.8 %"", ""1166 mAh"", ""Cell-C1"", ""3.63 V"", ""706 cycles""]]}"
A-L3-0141,3,column_sum,ml_benchmark,What is the total Energy use across all rows?,"| Memory usage | Model | F1 score | Energy use | Accuracy |
| --- | --- | --- | --- | --- |
| 2.2 GB | Delta | 64.3 % | 344.4 Wh | 84.5 % |
| 1.4 GB | Sigma | 66.5 % | 97.0 Wh | 93.6 % |
| 2.0 GB | Pulse | 68.4 % | 124.0 Wh | 91.0 % |
| 6.5 GB | Nimbus | 96.6 % | 408.4 Wh | 72.0 % |
| 5.8 GB | Quartz | 87.9 % | 457.8 Wh | 59.9 % |","Answer the question using the table. Return only the final answer.

Table:
| Memory usage | Model | F1 score | Energy use | Accuracy |
| --- | --- | --- | --- | --- |
| 2.2 GB | Delta | 64.3 % | 344.4 Wh | 84.5 % |
| 1.4 GB | Sigma | 66.5 % | 97.0 Wh | 93.6 % |
| 2.0 GB | Pulse | 68.4 % | 124.0 Wh | 91.0 % |
| 6.5 GB | Nimbus | 96.6 % | 408.4 Wh | 72.0 % |
| 5.8 GB | Quartz | 87.9 % | 457.8 Wh | 59.9 % |

Question: What is the total Energy use across all rows?",1431.6 Wh,sum,5,Energy use,"[{""row_index"": 0, ""column_index"": 3, ""row_identifier_column"": ""Model"", ""row_identifier_value"": ""Delta"", ""column"": ""Energy use"", ""raw_value"": 344.4, ""display_value"": ""344.4 Wh""}, {""row_index"": 1, ""column_index"": 3, ""row_identifier_column"": ""Model"", ""row_identifier_value"": ""Sigma"", ""column"": ""Energy use"", ""raw_value"": 97.0, ""display_value"": ""97.0 Wh""}, {""row_index"": 2, ""column_index"": 3, ""row_identifier_column"": ""Model"", ""row_identifier_value"": ""Pulse"", ""column"": ""Energy use"", ""raw_value"": 124.0, ""display_value"": ""124.0 Wh""}, {""row_index"": 3, ""column_index"": 3, ""row_identifier_column"": ""Model"", ""row_identifier_value"": ""Nimbus"", ""column"": ""Energy use"", ""raw_value"": 408.4, ""display_value"": ""408.4 Wh""}, {""row_index"": 4, ""column_index"": 3, ""row_identifier_column"": ""Model"", ""row_identifier_value"": ""Quartz"", ""column"": ""Energy use"", ""raw_value"": 457.8, ""display_value"": ""457.8 Wh""}]","{""target_column"": ""Energy use"", ""column_allowed_for_operation"": true}","{""headers"": [""Memory usage"", ""Model"", ""F1 score"", ""Energy use"", ""Accuracy""], ""rows"": [[""2.2 GB"", ""Delta"", ""64.3 %"", ""344.4 Wh"", ""84.5 %""], [""1.4 GB"", ""Sigma"", ""66.5 %"", ""97.0 Wh"", ""93.6 %""], [""2.0 GB"", ""Pulse"", ""68.4 %"", ""124.0 Wh"", ""91.0 %""], [""6.5 GB"", ""Nimbus"", ""96.6 %"", ""408.4 Wh"", ""72.0 %""], [""5.8 GB"", ""Quartz"", ""87.9 %"", ""457.8 Wh"", ""59.9 %""]]}"
A-L3-0142,3,column_average,lab_measurements,What is the average Mass across all rows?,"| Density | Sample | pH | Temperature | Mass | Conductivity | Volume |
| --- | --- | --- | --- | --- | --- | --- |
| 3.92 g/mL | Sample-L | 3.90 | 30.1 °C | 409.1 g | 11.71 mS/cm | 19.9 mL |
| 1.40 g/mL | Sample-I | 7.64 | 48.0 °C | 15.9 g | 21.82 mS/cm | 225.8 mL |
| 2.42 g/mL | Sample-A | 2.13 | 70.6 °C | 408.5 g | 16.30 mS/cm | 211.7 mL |
| 3.99 g/mL | Sample-F | 7.43 | 58.1 °C | 252.7 g | 17.36 mS/cm | 63.5 mL |
| 1.52 g/mL | Sample-H | 11.76 | 30.9 °C | 371.3 g | 1.68 mS/cm | 52.1 mL |
| 3.45 g/mL | Sample-C | 7.28 | 45.1 °C | 452.1 g | 11.21 mS/cm | 16.3 mL |
| 2.12 g/mL | Sample-D | 3.88 | 34.2 °C | 34.9 g | 6.35 mS/cm | 59.3 mL |
| 1.40 g/mL | Sample-K | 11.83 | 89.1 °C | 499.9 g | 18.23 mS/cm | 46.8 mL |
| 2.26 g/mL | Sample-B | 5.36 | 22.0 °C | 373.3 g | 2.21 mS/cm | 118.2 mL |
| 2.45 g/mL | Sample-J | 5.74 | 59.0 °C | 296.9 g | 17.63 mS/cm | 186.5 mL |","Answer the question using the table. Return only the final answer.

Table:
| Density | Sample | pH | Temperature | Mass | Conductivity | Volume |
| --- | --- | --- | --- | --- | --- | --- |
| 3.92 g/mL | Sample-L | 3.90 | 30.1 °C | 409.1 g | 11.71 mS/cm | 19.9 mL |
| 1.40 g/mL | Sample-I | 7.64 | 48.0 °C | 15.9 g | 21.82 mS/cm | 225.8 mL |
| 2.42 g/mL | Sample-A | 2.13 | 70.6 °C | 408.5 g | 16.30 mS/cm | 211.7 mL |
| 3.99 g/mL | Sample-F | 7.43 | 58.1 °C | 252.7 g | 17.36 mS/cm | 63.5 mL |
| 1.52 g/mL | Sample-H | 11.76 | 30.9 °C | 371.3 g | 1.68 mS/cm | 52.1 mL |
| 3.45 g/mL | Sample-C | 7.28 | 45.1 °C | 452.1 g | 11.21 mS/cm | 16.3 mL |
| 2.12 g/mL | Sample-D | 3.88 | 34.2 °C | 34.9 g | 6.35 mS/cm | 59.3 mL |
| 1.40 g/mL | Sample-K | 11.83 | 89.1 °C | 499.9 g | 18.23 mS/cm | 46.8 mL |
| 2.26 g/mL | Sample-B | 5.36 | 22.0 °C | 373.3 g | 2.21 mS/cm | 118.2 mL |
| 2.45 g/mL | Sample-J | 5.74 | 59.0 °C | 296.9 g | 17.63 mS/cm | 186.5 mL |

Question: What is the average Mass across all rows?",311.46 g,mean,10,Mass,"[{""row_index"": 0, ""column_index"": 4, ""row_identifier_column"": ""Sample"", ""row_identifier_value"": ""Sample-L"", ""column"": ""Mass"", ""raw_value"": 409.1, ""display_value"": ""409.1 g""}, {""row_index"": 1, ""column_index"": 4, ""row_identifier_column"": ""Sample"", ""row_identifier_value"": ""Sample-I"", ""column"": ""Mass"", ""raw_value"": 15.9, ""display_value"": ""15.9 g""}, {""row_index"": 2, ""column_index"": 4, ""row_identifier_column"": ""Sample"", ""row_identifier_value"": ""Sample-A"", ""column"": ""Mass"", ""raw_value"": 408.5, ""display_value"": ""408.5 g""}, {""row_index"": 3, ""column_index"": 4, ""row_identifier_column"": ""Sample"", ""row_identifier_value"": ""Sample-F"", ""column"": ""Mass"", ""raw_value"": 252.7, ""display_value"": ""252.7 g""}, {""row_index"": 4, ""column_index"": 4, ""row_identifier_column"": ""Sample"", ""row_identifier_value"": ""Sample-H"", ""column"": ""Mass"", ""raw_value"": 371.3, ""display_value"": ""371.3 g""}, {""row_index"": 5, ""column_index"": 4, ""row_identifier_column"": ""Sample"", ""row_identifier_value"": ""Sample-C"", ""column"": ""Mass"", ""raw_value"": 452.1, ""display_value"": ""452.1 g""}, {""row_index"": 6, ""column_index"": 4, ""row_identifier_column"": ""Sample"", ""row_identifier_value"": ""Sample-D"", ""column"": ""Mass"", ""raw_value"": 34.9, ""display_value"": ""34.9 g""}, {""row_index"": 7, ""column_index"": 4, ""row_identifier_column"": ""Sample"", ""row_identifier_value"": ""Sample-K"", ""column"": ""Mass"", ""raw_value"": 499.9, ""display_value"": ""499.9 g""}, {""row_index"": 8, ""column_index"": 4, ""row_identifier_column"": ""Sample"", ""row_identifier_value"": ""Sample-B"", ""column"": ""Mass"", ""raw_value"": 373.3, ""display_value"": ""373.3 g""}, {""row_index"": 9, ""column_index"": 4, ""row_identifier_column"": ""Sample"", ""row_identifier_value"": ""Sample-J"", ""column"": ""Mass"", ""raw_value"": 296.9, ""display_value"": ""296.9 g""}]","{""target_column"": ""Mass"", ""column_allowed_for_operation"": true, ""answer_digits"": 2}","{""headers"": [""Density"", ""Sample"", ""pH"", ""Temperature"", ""Mass"", ""Conductivity"", ""Volume""], ""rows"": [[""3.92 g/mL"", ""Sample-L"", ""3.90"", ""30.1 °C"", ""409.1 g"", ""11.71 mS/cm"", ""19.9 mL""], [""1.40 g/mL"", ""Sample-I"", ""7.64"", ""48.0 °C"", ""15.9 g"", ""21.82 mS/cm"", ""225.8 mL""], [""2.42 g/mL"", ""Sample-A"", ""2.13"", ""70.6 °C"", ""408.5 g"", ""16.30 mS/cm"", ""211.7 mL""], [""3.99 g/mL"", ""Sample-F"", ""7.43"", ""58.1 °C"", ""252.7 g"", ""17.36 mS/cm"", ""63.5 mL""], [""1.52 g/mL"", ""Sample-H"", ""11.76"", ""30.9 °C"", ""371.3 g"", ""1.68 mS/cm"", ""52.1 mL""], [""3.45 g/mL"", ""Sample-C"", ""7.28"", ""45.1 °C"", ""452.1 g"", ""11.21 mS/cm"", ""16.3 mL""], [""2.12 g/mL"", ""Sample-D"", ""3.88"", ""34.2 °C"", ""34.9 g"", ""6.35 mS/cm"", ""59.3 mL""], [""1.40 g/mL"", ""Sample-K"", ""11.83"", ""89.1 °C"", ""499.9 g"", ""18.23 mS/cm"", ""46.8 mL""], [""2.26 g/mL"", ""Sample-B"", ""5.36"", ""22.0 °C"", ""373.3 g"", ""2.21 mS/cm"", ""118.2 mL""], [""2.45 g/mL"", ""Sample-J"", ""5.74"", ""59.0 °C"", ""296.9 g"", ""17.63 mS/cm"", ""186.5 mL""]]}"
A-L3-0143,3,column_sum,ml_benchmark,"According to the table, what is the sum of Energy use for all entries?","| Accuracy | F1 score | Throughput | Energy use | Model |
| --- | --- | --- | --- | --- |
| 66.3 % | 54.4 % | 281.2 req/s | 371.0 Wh | Atlas |
| 86.6 % | 96.5 % | 57.6 req/s | 466.5 Wh | Aurora |
| 71.6 % | 92.6 % | 248.9 req/s | 158.1 Wh | Delta |
| 76.2 % | 82.1 % | 293.9 req/s | 388.5 Wh | Echo |
| 63.9 % | 82.5 % | 86.0 req/s | 472.0 Wh | Zenith |
| 74.4 % | 51.6 % | 388.2 req/s | 186.0 Wh | Vertex |
| 85.1 % | 90.9 % | 134.7 req/s | 399.0 Wh | Nova |
| 73.5 % | 74.1 % | 328.8 req/s | 167.1 Wh | Nimbus |
| 80.4 % | 56.6 % | 415.2 req/s | 278.7 Wh | Sigma |
| 55.3 % | 73.0 % | 366.4 req/s | 475.7 Wh | Quartz |","Answer the question using the table. Return only the final answer.

Table:
| Accuracy | F1 score | Throughput | Energy use | Model |
| --- | --- | --- | --- | --- |
| 66.3 % | 54.4 % | 281.2 req/s | 371.0 Wh | Atlas |
| 86.6 % | 96.5 % | 57.6 req/s | 466.5 Wh | Aurora |
| 71.6 % | 92.6 % | 248.9 req/s | 158.1 Wh | Delta |
| 76.2 % | 82.1 % | 293.9 req/s | 388.5 Wh | Echo |
| 63.9 % | 82.5 % | 86.0 req/s | 472.0 Wh | Zenith |
| 74.4 % | 51.6 % | 388.2 req/s | 186.0 Wh | Vertex |
| 85.1 % | 90.9 % | 134.7 req/s | 399.0 Wh | Nova |
| 73.5 % | 74.1 % | 328.8 req/s | 167.1 Wh | Nimbus |
| 80.4 % | 56.6 % | 415.2 req/s | 278.7 Wh | Sigma |
| 55.3 % | 73.0 % | 366.4 req/s | 475.7 Wh | Quartz |

Question: According to the table, what is the sum of Energy use for all entries?",3362.6 Wh,sum,10,Energy use,"[{""row_index"": 0, ""column_index"": 3, ""row_identifier_column"": ""Model"", ""row_identifier_value"": ""Atlas"", ""column"": ""Energy use"", ""raw_value"": 371.0, ""display_value"": ""371.0 Wh""}, {""row_index"": 1, ""column_index"": 3, ""row_identifier_column"": ""Model"", ""row_identifier_value"": ""Aurora"", ""column"": ""Energy use"", ""raw_value"": 466.5, ""display_value"": ""466.5 Wh""}, {""row_index"": 2, ""column_index"": 3, ""row_identifier_column"": ""Model"", ""row_identifier_value"": ""Delta"", ""column"": ""Energy use"", ""raw_value"": 158.1, ""display_value"": ""158.1 Wh""}, {""row_index"": 3, ""column_index"": 3, ""row_identifier_column"": ""Model"", ""row_identifier_value"": ""Echo"", ""column"": ""Energy use"", ""raw_value"": 388.5, ""display_value"": ""388.5 Wh""}, {""row_index"": 4, ""column_index"": 3, ""row_identifier_column"": ""Model"", ""row_identifier_value"": ""Zenith"", ""column"": ""Energy use"", ""raw_value"": 472.0, ""display_value"": ""472.0 Wh""}, {""row_index"": 5, ""column_index"": 3, ""row_identifier_column"": ""Model"", ""row_identifier_value"": ""Vertex"", ""column"": ""Energy use"", ""raw_value"": 186.0, ""display_value"": ""186.0 Wh""}, {""row_index"": 6, ""column_index"": 3, ""row_identifier_column"": ""Model"", ""row_identifier_value"": ""Nova"", ""column"": ""Energy use"", ""raw_value"": 399.0, ""display_value"": ""399.0 Wh""}, {""row_index"": 7, ""column_index"": 3, ""row_identifier_column"": ""Model"", ""row_identifier_value"": ""Nimbus"", ""column"": ""Energy use"", ""raw_value"": 167.1, ""display_value"": ""167.1 Wh""}, {""row_index"": 8, ""column_index"": 3, ""row_identifier_column"": ""Model"", ""row_identifier_value"": ""Sigma"", ""column"": ""Energy use"", ""raw_value"": 278.7, ""display_value"": ""278.7 Wh""}, {""row_index"": 9, ""column_index"": 3, ""row_identifier_column"": ""Model"", ""row_identifier_value"": ""Quartz"", ""column"": ""Energy use"", ""raw_value"": 475.7, ""display_value"": ""475.7 Wh""}]","{""target_column"": ""Energy use"", ""column_allowed_for_operation"": true}","{""headers"": [""Accuracy"", ""F1 score"", ""Throughput"", ""Energy use"", ""Model""], ""rows"": [[""66.3 %"", ""54.4 %"", ""281.2 req/s"", ""371.0 Wh"", ""Atlas""], [""86.6 %"", ""96.5 %"", ""57.6 req/s"", ""466.5 Wh"", ""Aurora""], [""71.6 %"", ""92.6 %"", ""248.9 req/s"", ""158.1 Wh"", ""Delta""], [""76.2 %"", ""82.1 %"", ""293.9 req/s"", ""388.5 Wh"", ""Echo""], [""63.9 %"", ""82.5 %"", ""86.0 req/s"", ""472.0 Wh"", ""Zenith""], [""74.4 %"", ""51.6 %"", ""388.2 req/s"", ""186.0 Wh"", ""Vertex""], [""85.1 %"", ""90.9 %"", ""134.7 req/s"", ""399.0 Wh"", ""Nova""], [""73.5 %"", ""74.1 %"", ""328.8 req/s"", ""167.1 Wh"", ""Nimbus""], [""80.4 %"", ""56.6 %"", ""415.2 req/s"", ""278.7 Wh"", ""Sigma""], [""55.3 %"", ""73.0 %"", ""366.4 req/s"", ""475.7 Wh"", ""Quartz""]]}"
A-L3-0144,3,column_sum,battery_tests,"According to the table, what is the sum of Capacity for all entries?","| State of health | Temperature | Charge cycles | Voltage | Cell | Capacity |
| --- | --- | --- | --- | --- | --- |
| 73.3 % | 64.6 °C | 211 cycles | 4.10 V | Cell-E1 | 1483 mAh |
| 99.0 % | 60.2 °C | 887 cycles | 3.69 V | Cell-D1 | 5853 mAh |
| 76.5 % | 29.6 °C | 227 cycles | 4.03 V | Cell-A2 | 1219 mAh |
| 82.6 % | 17.6 °C | 1121 cycles | 3.84 V | Cell-B2 | 1479 mAh |
| 82.6 % | 56.3 °C | 223 cycles | 2.97 V | Cell-F1 | 4642 mAh |
| 76.9 % | 61.8 °C | 166 cycles | 3.40 V | Cell-B1 | 5113 mAh |
| 54.0 % | 64.5 °C | 1170 cycles | 4.00 V | Cell-C2 | 2568 mAh |
| 56.2 % | 41.8 °C | 1191 cycles | 3.10 V | Cell-E2 | 4892 mAh |","Answer the question using the table. Return only the final answer.

Table:
| State of health | Temperature | Charge cycles | Voltage | Cell | Capacity |
| --- | --- | --- | --- | --- | --- |
| 73.3 % | 64.6 °C | 211 cycles | 4.10 V | Cell-E1 | 1483 mAh |
| 99.0 % | 60.2 °C | 887 cycles | 3.69 V | Cell-D1 | 5853 mAh |
| 76.5 % | 29.6 °C | 227 cycles | 4.03 V | Cell-A2 | 1219 mAh |
| 82.6 % | 17.6 °C | 1121 cycles | 3.84 V | Cell-B2 | 1479 mAh |
| 82.6 % | 56.3 °C | 223 cycles | 2.97 V | Cell-F1 | 4642 mAh |
| 76.9 % | 61.8 °C | 166 cycles | 3.40 V | Cell-B1 | 5113 mAh |
| 54.0 % | 64.5 °C | 1170 cycles | 4.00 V | Cell-C2 | 2568 mAh |
| 56.2 % | 41.8 °C | 1191 cycles | 3.10 V | Cell-E2 | 4892 mAh |

Question: According to the table, what is the sum of Capacity for all entries?",27249 mAh,sum,8,Capacity,"[{""row_index"": 0, ""column_index"": 5, ""row_identifier_column"": ""Cell"", ""row_identifier_value"": ""Cell-E1"", ""column"": ""Capacity"", ""raw_value"": 1483.0, ""display_value"": ""1483 mAh""}, {""row_index"": 1, ""column_index"": 5, ""row_identifier_column"": ""Cell"", ""row_identifier_value"": ""Cell-D1"", ""column"": ""Capacity"", ""raw_value"": 5853.0, ""display_value"": ""5853 mAh""}, {""row_index"": 2, ""column_index"": 5, ""row_identifier_column"": ""Cell"", ""row_identifier_value"": ""Cell-A2"", ""column"": ""Capacity"", ""raw_value"": 1219.0, ""display_value"": ""1219 mAh""}, {""row_index"": 3, ""column_index"": 5, ""row_identifier_column"": ""Cell"", ""row_identifier_value"": ""Cell-B2"", ""column"": ""Capacity"", ""raw_value"": 1479.0, ""display_value"": ""1479 mAh""}, {""row_index"": 4, ""column_index"": 5, ""row_identifier_column"": ""Cell"", ""row_identifier_value"": ""Cell-F1"", ""column"": ""Capacity"", ""raw_value"": 4642.0, ""display_value"": ""4642 mAh""}, {""row_index"": 5, ""column_index"": 5, ""row_identifier_column"": ""Cell"", ""row_identifier_value"": ""Cell-B1"", ""column"": ""Capacity"", ""raw_value"": 5113.0, ""display_value"": ""5113 mAh""}, {""row_index"": 6, ""column_index"": 5, ""row_identifier_column"": ""Cell"", ""row_identifier_value"": ""Cell-C2"", ""column"": ""Capacity"", ""raw_value"": 2568.0, ""display_value"": ""2568 mAh""}, {""row_index"": 7, ""column_index"": 5, ""row_identifier_column"": ""Cell"", ""row_identifier_value"": ""Cell-E2"", ""column"": ""Capacity"", ""raw_value"": 4892.0, ""display_value"": ""4892 mAh""}]","{""target_column"": ""Capacity"", ""column_allowed_for_operation"": true}","{""headers"": [""State of health"", ""Temperature"", ""Charge cycles"", ""Voltage"", ""Cell"", ""Capacity""], ""rows"": [[""73.3 %"", ""64.6 °C"", ""211 cycles"", ""4.10 V"", ""Cell-E1"", ""1483 mAh""], [""99.0 %"", ""60.2 °C"", ""887 cycles"", ""3.69 V"", ""Cell-D1"", ""5853 mAh""], [""76.5 %"", ""29.6 °C"", ""227 cycles"", ""4.03 V"", ""Cell-A2"", ""1219 mAh""], [""82.6 %"", ""17.6 °C"", ""1121 cycles"", ""3.84 V"", ""Cell-B2"", ""1479 mAh""], [""82.6 %"", ""56.3 °C"", ""223 cycles"", ""2.97 V"", ""Cell-F1"", ""4642 mAh""], [""76.9 %"", ""61.8 °C"", ""166 cycles"", ""3.40 V"", ""Cell-B1"", ""5113 mAh""], [""54.0 %"", ""64.5 °C"", ""1170 cycles"", ""4.00 V"", ""Cell-C2"", ""2568 mAh""], [""56.2 %"", ""41.8 °C"", ""1191 cycles"", ""3.10 V"", ""Cell-E2"", ""4892 mAh""]]}"
A-L3-0145,3,argmax,weather_stations,Which station has the highest Pressure?,"| Pressure | Humidity | Station | Wind speed | Rainfall | Visibility | Temperature |
| --- | --- | --- | --- | --- | --- | --- |
| 961.3 hPa | 45 % | Westhaven | 6.1 m/s | 5.3 mm | 11.9 km | 38.7 °C |
| 1026.2 hPa | 68 % | Brookfield | 31.6 m/s | 116.9 mm | 14.3 km | 4.9 °C |
| 936.2 hPa | 86 % | Hillcrest | 9.6 m/s | 1.0 mm | 22.6 km | 1.8 °C |
| 1014.2 hPa | 18 % | Oakridge | 32.0 m/s | 4.5 mm | 9.5 km | 35.4 °C |
| 992.2 hPa | 51 % | Maple | 19.6 m/s | 29.1 mm | 2.8 km | 7.7 °C |","Answer the question using the table. Return only the final answer.

Table:
| Pressure | Humidity | Station | Wind speed | Rainfall | Visibility | Temperature |
| --- | --- | --- | --- | --- | --- | --- |
| 961.3 hPa | 45 % | Westhaven | 6.1 m/s | 5.3 mm | 11.9 km | 38.7 °C |
| 1026.2 hPa | 68 % | Brookfield | 31.6 m/s | 116.9 mm | 14.3 km | 4.9 °C |
| 936.2 hPa | 86 % | Hillcrest | 9.6 m/s | 1.0 mm | 22.6 km | 1.8 °C |
| 1014.2 hPa | 18 % | Oakridge | 32.0 m/s | 4.5 mm | 9.5 km | 35.4 °C |
| 992.2 hPa | 51 % | Maple | 19.6 m/s | 29.1 mm | 2.8 km | 7.7 °C |

Question: Which station has the highest Pressure?",Brookfield,argmax,5,Pressure,"[{""row_index"": 0, ""column_index"": 0, ""row_identifier_column"": ""Station"", ""row_identifier_value"": ""Westhaven"", ""column"": ""Pressure"", ""raw_value"": 961.3, ""display_value"": ""961.3 hPa""}, {""row_index"": 1, ""column_index"": 0, ""row_identifier_column"": ""Station"", ""row_identifier_value"": ""Brookfield"", ""column"": ""Pressure"", ""raw_value"": 1026.2, ""display_value"": ""1026.2 hPa""}, {""row_index"": 2, ""column_index"": 0, ""row_identifier_column"": ""Station"", ""row_identifier_value"": ""Hillcrest"", ""column"": ""Pressure"", ""raw_value"": 936.2, ""display_value"": ""936.2 hPa""}, {""row_index"": 3, ""column_index"": 0, ""row_identifier_column"": ""Station"", ""row_identifier_value"": ""Oakridge"", ""column"": ""Pressure"", ""raw_value"": 1014.2, ""display_value"": ""1014.2 hPa""}, {""row_index"": 4, ""column_index"": 0, ""row_identifier_column"": ""Station"", ""row_identifier_value"": ""Maple"", ""column"": ""Pressure"", ""raw_value"": 992.2, ""display_value"": ""992.2 hPa""}]","{""target_column"": ""Pressure"", ""column_allowed_for_operation"": true}","{""headers"": [""Pressure"", ""Humidity"", ""Station"", ""Wind speed"", ""Rainfall"", ""Visibility"", ""Temperature""], ""rows"": [[""961.3 hPa"", ""45 %"", ""Westhaven"", ""6.1 m/s"", ""5.3 mm"", ""11.9 km"", ""38.7 °C""], [""1026.2 hPa"", ""68 %"", ""Brookfield"", ""31.6 m/s"", ""116.9 mm"", ""14.3 km"", ""4.9 °C""], [""936.2 hPa"", ""86 %"", ""Hillcrest"", ""9.6 m/s"", ""1.0 mm"", ""22.6 km"", ""1.8 °C""], [""1014.2 hPa"", ""18 %"", ""Oakridge"", ""32.0 m/s"", ""4.5 mm"", ""9.5 km"", ""35.4 °C""], [""992.2 hPa"", ""51 %"", ""Maple"", ""19.6 m/s"", ""29.1 mm"", ""2.8 km"", ""7.7 °C""]]}"
A-L3-0146,3,column_sum,ml_benchmark,"According to the table, what is the sum of Energy use for all entries?","| Model | Throughput | Energy use | Latency | Accuracy |
| --- | --- | --- | --- | --- |
| Aurora | 121.2 req/s | 190.7 Wh | 9.1 ms | 55.6 % |
| Atlas | 207.8 req/s | 88.3 Wh | 126.8 ms | 66.6 % |
| Nova | 19.9 req/s | 458.0 Wh | 113.6 ms | 62.4 % |
| Helix | 99.5 req/s | 224.8 Wh | 34.6 ms | 98.6 % |
| Sigma | 374.3 req/s | 36.7 Wh | 186.4 ms | 66.0 % |
| Echo | 149.7 req/s | 250.4 Wh | 44.7 ms | 66.3 % |
| Vertex | 125.4 req/s | 380.9 Wh | 161.3 ms | 86.7 % |
| Pulse | 199.4 req/s | 98.9 Wh | 154.3 ms | 59.7 % |
| Quartz | 68.7 req/s | 73.6 Wh | 46.4 ms | 68.6 % |","Answer the question using the table. Return only the final answer.

Table:
| Model | Throughput | Energy use | Latency | Accuracy |
| --- | --- | --- | --- | --- |
| Aurora | 121.2 req/s | 190.7 Wh | 9.1 ms | 55.6 % |
| Atlas | 207.8 req/s | 88.3 Wh | 126.8 ms | 66.6 % |
| Nova | 19.9 req/s | 458.0 Wh | 113.6 ms | 62.4 % |
| Helix | 99.5 req/s | 224.8 Wh | 34.6 ms | 98.6 % |
| Sigma | 374.3 req/s | 36.7 Wh | 186.4 ms | 66.0 % |
| Echo | 149.7 req/s | 250.4 Wh | 44.7 ms | 66.3 % |
| Vertex | 125.4 req/s | 380.9 Wh | 161.3 ms | 86.7 % |
| Pulse | 199.4 req/s | 98.9 Wh | 154.3 ms | 59.7 % |
| Quartz | 68.7 req/s | 73.6 Wh | 46.4 ms | 68.6 % |

Question: According to the table, what is the sum of Energy use for all entries?",1802.3 Wh,sum,9,Energy use,"[{""row_index"": 0, ""column_index"": 2, ""row_identifier_column"": ""Model"", ""row_identifier_value"": ""Aurora"", ""column"": ""Energy use"", ""raw_value"": 190.7, ""display_value"": ""190.7 Wh""}, {""row_index"": 1, ""column_index"": 2, ""row_identifier_column"": ""Model"", ""row_identifier_value"": ""Atlas"", ""column"": ""Energy use"", ""raw_value"": 88.3, ""display_value"": ""88.3 Wh""}, {""row_index"": 2, ""column_index"": 2, ""row_identifier_column"": ""Model"", ""row_identifier_value"": ""Nova"", ""column"": ""Energy use"", ""raw_value"": 458.0, ""display_value"": ""458.0 Wh""}, {""row_index"": 3, ""column_index"": 2, ""row_identifier_column"": ""Model"", ""row_identifier_value"": ""Helix"", ""column"": ""Energy use"", ""raw_value"": 224.8, ""display_value"": ""224.8 Wh""}, {""row_index"": 4, ""column_index"": 2, ""row_identifier_column"": ""Model"", ""row_identifier_value"": ""Sigma"", ""column"": ""Energy use"", ""raw_value"": 36.7, ""display_value"": ""36.7 Wh""}, {""row_index"": 5, ""column_index"": 2, ""row_identifier_column"": ""Model"", ""row_identifier_value"": ""Echo"", ""column"": ""Energy use"", ""raw_value"": 250.4, ""display_value"": ""250.4 Wh""}, {""row_index"": 6, ""column_index"": 2, ""row_identifier_column"": ""Model"", ""row_identifier_value"": ""Vertex"", ""column"": ""Energy use"", ""raw_value"": 380.9, ""display_value"": ""380.9 Wh""}, {""row_index"": 7, ""column_index"": 2, ""row_identifier_column"": ""Model"", ""row_identifier_value"": ""Pulse"", ""column"": ""Energy use"", ""raw_value"": 98.9, ""display_value"": ""98.9 Wh""}, {""row_index"": 8, ""column_index"": 2, ""row_identifier_column"": ""Model"", ""row_identifier_value"": ""Quartz"", ""column"": ""Energy use"", ""raw_value"": 73.6, ""display_value"": ""73.6 Wh""}]","{""target_column"": ""Energy use"", ""column_allowed_for_operation"": true}","{""headers"": [""Model"", ""Throughput"", ""Energy use"", ""Latency"", ""Accuracy""], ""rows"": [[""Aurora"", ""121.2 req/s"", ""190.7 Wh"", ""9.1 ms"", ""55.6 %""], [""Atlas"", ""207.8 req/s"", ""88.3 Wh"", ""126.8 ms"", ""66.6 %""], [""Nova"", ""19.9 req/s"", ""458.0 Wh"", ""113.6 ms"", ""62.4 %""], [""Helix"", ""99.5 req/s"", ""224.8 Wh"", ""34.6 ms"", ""98.6 %""], [""Sigma"", ""374.3 req/s"", ""36.7 Wh"", ""186.4 ms"", ""66.0 %""], [""Echo"", ""149.7 req/s"", ""250.4 Wh"", ""44.7 ms"", ""66.3 %""], [""Vertex"", ""125.4 req/s"", ""380.9 Wh"", ""161.3 ms"", ""86.7 %""], [""Pulse"", ""199.4 req/s"", ""98.9 Wh"", ""154.3 ms"", ""59.7 %""], [""Quartz"", ""68.7 req/s"", ""73.6 Wh"", ""46.4 ms"", ""68.6 %""]]}"
A-L3-0147,3,argmax,regional_sales,Find the region with the greatest Returns.,"| Returns | Units sold | Ad spend | Region | Online orders |
| --- | --- | --- | --- | --- |
| 274 units | 7577 units | 63.6 kUSD | Westhaven | 2669 orders |
| 115 units | 5434 units | 142.9 kUSD | Oakridge | 2869 orders |
| 336 units | 1272 units | 150.7 kUSD | Clearwater | 3404 orders |
| 170 units | 2804 units | 229.0 kUSD | Brookfield | 3975 orders |
| 33 units | 8106 units | 220.3 kUSD | Orion | 1585 orders |
| 424 units | 4645 units | 59.6 kUSD | Pinehurst | 579 orders |","Answer the question using the table. Return only the final answer.

Table:
| Returns | Units sold | Ad spend | Region | Online orders |
| --- | --- | --- | --- | --- |
| 274 units | 7577 units | 63.6 kUSD | Westhaven | 2669 orders |
| 115 units | 5434 units | 142.9 kUSD | Oakridge | 2869 orders |
| 336 units | 1272 units | 150.7 kUSD | Clearwater | 3404 orders |
| 170 units | 2804 units | 229.0 kUSD | Brookfield | 3975 orders |
| 33 units | 8106 units | 220.3 kUSD | Orion | 1585 orders |
| 424 units | 4645 units | 59.6 kUSD | Pinehurst | 579 orders |

Question: Find the region with the greatest Returns.",Pinehurst,argmax,6,Returns,"[{""row_index"": 0, ""column_index"": 0, ""row_identifier_column"": ""Region"", ""row_identifier_value"": ""Westhaven"", ""column"": ""Returns"", ""raw_value"": 274.0, ""display_value"": ""274 units""}, {""row_index"": 1, ""column_index"": 0, ""row_identifier_column"": ""Region"", ""row_identifier_value"": ""Oakridge"", ""column"": ""Returns"", ""raw_value"": 115.0, ""display_value"": ""115 units""}, {""row_index"": 2, ""column_index"": 0, ""row_identifier_column"": ""Region"", ""row_identifier_value"": ""Clearwater"", ""column"": ""Returns"", ""raw_value"": 336.0, ""display_value"": ""336 units""}, {""row_index"": 3, ""column_index"": 0, ""row_identifier_column"": ""Region"", ""row_identifier_value"": ""Brookfield"", ""column"": ""Returns"", ""raw_value"": 170.0, ""display_value"": ""170 units""}, {""row_index"": 4, ""column_index"": 0, ""row_identifier_column"": ""Region"", ""row_identifier_value"": ""Orion"", ""column"": ""Returns"", ""raw_value"": 33.0, ""display_value"": ""33 units""}, {""row_index"": 5, ""column_index"": 0, ""row_identifier_column"": ""Region"", ""row_identifier_value"": ""Pinehurst"", ""column"": ""Returns"", ""raw_value"": 424.0, ""display_value"": ""424 units""}]","{""target_column"": ""Returns"", ""column_allowed_for_operation"": true}","{""headers"": [""Returns"", ""Units sold"", ""Ad spend"", ""Region"", ""Online orders""], ""rows"": [[""274 units"", ""7577 units"", ""63.6 kUSD"", ""Westhaven"", ""2669 orders""], [""115 units"", ""5434 units"", ""142.9 kUSD"", ""Oakridge"", ""2869 orders""], [""336 units"", ""1272 units"", ""150.7 kUSD"", ""Clearwater"", ""3404 orders""], [""170 units"", ""2804 units"", ""229.0 kUSD"", ""Brookfield"", ""3975 orders""], [""33 units"", ""8106 units"", ""220.3 kUSD"", ""Orion"", ""1585 orders""], [""424 units"", ""4645 units"", ""59.6 kUSD"", ""Pinehurst"", ""579 orders""]]}"
A-L3-0148,3,argmax,race_telemetry,Find the driver with the greatest Fuel remaining.,"| Brake temperature | Fuel remaining | Pit time | Driver | Lap time | Top speed | Tire temperature |
| --- | --- | --- | --- | --- | --- | --- |
| 513 °C | 49.5 L | 8.11 s | Chris | 114.43 s | 306.3 km/h | 97.8 °C |
| 605 °C | 46.2 L | 15.96 s | Emma | 133.98 s | 227.1 km/h | 127.2 °C |
| 448 °C | 33.4 L | 17.94 s | Jisoo | 111.54 s | 362.0 km/h | 85.5 °C |
| 759 °C | 11.2 L | 32.33 s | Ethan | 61.88 s | 316.5 km/h | 131.0 °C |
| 611 °C | 32.4 L | 40.06 s | Yuna | 137.21 s | 271.1 km/h | 88.8 °C |
| 442 °C | 11.3 L | 20.62 s | Nora | 93.41 s | 346.1 km/h | 100.5 °C |
| 758 °C | 34.4 L | 31.45 s | Daniel | 130.20 s | 273.9 km/h | 78.4 °C |
| 606 °C | 87.1 L | 12.84 s | Ava | 100.33 s | 347.8 km/h | 112.2 °C |
| 897 °C | 25.4 L | 28.83 s | Ryan | 87.28 s | 320.1 km/h | 86.6 °C |
| 555 °C | 76.0 L | 15.43 s | Mina | 122.45 s | 248.6 km/h | 88.7 °C |","Answer the question using the table. Return only the final answer.

Table:
| Brake temperature | Fuel remaining | Pit time | Driver | Lap time | Top speed | Tire temperature |
| --- | --- | --- | --- | --- | --- | --- |
| 513 °C | 49.5 L | 8.11 s | Chris | 114.43 s | 306.3 km/h | 97.8 °C |
| 605 °C | 46.2 L | 15.96 s | Emma | 133.98 s | 227.1 km/h | 127.2 °C |
| 448 °C | 33.4 L | 17.94 s | Jisoo | 111.54 s | 362.0 km/h | 85.5 °C |
| 759 °C | 11.2 L | 32.33 s | Ethan | 61.88 s | 316.5 km/h | 131.0 °C |
| 611 °C | 32.4 L | 40.06 s | Yuna | 137.21 s | 271.1 km/h | 88.8 °C |
| 442 °C | 11.3 L | 20.62 s | Nora | 93.41 s | 346.1 km/h | 100.5 °C |
| 758 °C | 34.4 L | 31.45 s | Daniel | 130.20 s | 273.9 km/h | 78.4 °C |
| 606 °C | 87.1 L | 12.84 s | Ava | 100.33 s | 347.8 km/h | 112.2 °C |
| 897 °C | 25.4 L | 28.83 s | Ryan | 87.28 s | 320.1 km/h | 86.6 °C |
| 555 °C | 76.0 L | 15.43 s | Mina | 122.45 s | 248.6 km/h | 88.7 °C |

Question: Find the driver with the greatest Fuel remaining.",Ava,argmax,10,Fuel remaining,"[{""row_index"": 0, ""column_index"": 1, ""row_identifier_column"": ""Driver"", ""row_identifier_value"": ""Chris"", ""column"": ""Fuel remaining"", ""raw_value"": 49.5, ""display_value"": ""49.5 L""}, {""row_index"": 1, ""column_index"": 1, ""row_identifier_column"": ""Driver"", ""row_identifier_value"": ""Emma"", ""column"": ""Fuel remaining"", ""raw_value"": 46.2, ""display_value"": ""46.2 L""}, {""row_index"": 2, ""column_index"": 1, ""row_identifier_column"": ""Driver"", ""row_identifier_value"": ""Jisoo"", ""column"": ""Fuel remaining"", ""raw_value"": 33.4, ""display_value"": ""33.4 L""}, {""row_index"": 3, ""column_index"": 1, ""row_identifier_column"": ""Driver"", ""row_identifier_value"": ""Ethan"", ""column"": ""Fuel remaining"", ""raw_value"": 11.2, ""display_value"": ""11.2 L""}, {""row_index"": 4, ""column_index"": 1, ""row_identifier_column"": ""Driver"", ""row_identifier_value"": ""Yuna"", ""column"": ""Fuel remaining"", ""raw_value"": 32.4, ""display_value"": ""32.4 L""}, {""row_index"": 5, ""column_index"": 1, ""row_identifier_column"": ""Driver"", ""row_identifier_value"": ""Nora"", ""column"": ""Fuel remaining"", ""raw_value"": 11.3, ""display_value"": ""11.3 L""}, {""row_index"": 6, ""column_index"": 1, ""row_identifier_column"": ""Driver"", ""row_identifier_value"": ""Daniel"", ""column"": ""Fuel remaining"", ""raw_value"": 34.4, ""display_value"": ""34.4 L""}, {""row_index"": 7, ""column_index"": 1, ""row_identifier_column"": ""Driver"", ""row_identifier_value"": ""Ava"", ""column"": ""Fuel remaining"", ""raw_value"": 87.1, ""display_value"": ""87.1 L""}, {""row_index"": 8, ""column_index"": 1, ""row_identifier_column"": ""Driver"", ""row_identifier_value"": ""Ryan"", ""column"": ""Fuel remaining"", ""raw_value"": 25.4, ""display_value"": ""25.4 L""}, {""row_index"": 9, ""column_index"": 1, ""row_identifier_column"": ""Driver"", ""row_identifier_value"": ""Mina"", ""column"": ""Fuel remaining"", ""raw_value"": 76.0, ""display_value"": ""76.0 L""}]","{""target_column"": ""Fuel remaining"", ""column_allowed_for_operation"": true}","{""headers"": [""Brake temperature"", ""Fuel remaining"", ""Pit time"", ""Driver"", ""Lap time"", ""Top speed"", ""Tire temperature""], ""rows"": [[""513 °C"", ""49.5 L"", ""8.11 s"", ""Chris"", ""114.43 s"", ""306.3 km/h"", ""97.8 °C""], [""605 °C"", ""46.2 L"", ""15.96 s"", ""Emma"", ""133.98 s"", ""227.1 km/h"", ""127.2 °C""], [""448 °C"", ""33.4 L"", ""17.94 s"", ""Jisoo"", ""111.54 s"", ""362.0 km/h"", ""85.5 °C""], [""759 °C"", ""11.2 L"", ""32.33 s"", ""Ethan"", ""61.88 s"", ""316.5 km/h"", ""131.0 °C""], [""611 °C"", ""32.4 L"", ""40.06 s"", ""Yuna"", ""137.21 s"", ""271.1 km/h"", ""88.8 °C""], [""442 °C"", ""11.3 L"", ""20.62 s"", ""Nora"", ""93.41 s"", ""346.1 km/h"", ""100.5 °C""], [""758 °C"", ""34.4 L"", ""31.45 s"", ""Daniel"", ""130.20 s"", ""273.9 km/h"", ""78.4 °C""], [""606 °C"", ""87.1 L"", ""12.84 s"", ""Ava"", ""100.33 s"", ""347.8 km/h"", ""112.2 °C""], [""897 °C"", ""25.4 L"", ""28.83 s"", ""Ryan"", ""87.28 s"", ""320.1 km/h"", ""86.6 °C""], [""555 °C"", ""76.0 L"", ""15.43 s"", ""Mina"", ""122.45 s"", ""248.6 km/h"", ""88.7 °C""]]}"
A-L3-0149,3,argmin,lab_measurements,Find the sample with the smallest Mass.,"| Temperature | Mass | Sample | Volume | Conductivity |
| --- | --- | --- | --- | --- |
| 91.1 °C | 366.9 g | Sample-I | 240.7 mL | 24.38 mS/cm |
| 23.6 °C | 447.7 g | Sample-B | 252.0 mL | 22.99 mS/cm |
| 89.5 °C | 126.7 g | Sample-D | 270.1 mL | 2.89 mS/cm |
| 66.4 °C | 158.5 g | Sample-E | 195.1 mL | 24.09 mS/cm |
| 59.0 °C | 105.2 g | Sample-J | 291.1 mL | 7.97 mS/cm |
| 44.1 °C | 352.4 g | Sample-C | 295.2 mL | 7.56 mS/cm |
| 71.9 °C | 157.4 g | Sample-F | 20.4 mL | 16.43 mS/cm |
| 67.4 °C | 406.3 g | Sample-A | 70.6 mL | 8.44 mS/cm |","Answer the question using the table. Return only the final answer.

Table:
| Temperature | Mass | Sample | Volume | Conductivity |
| --- | --- | --- | --- | --- |
| 91.1 °C | 366.9 g | Sample-I | 240.7 mL | 24.38 mS/cm |
| 23.6 °C | 447.7 g | Sample-B | 252.0 mL | 22.99 mS/cm |
| 89.5 °C | 126.7 g | Sample-D | 270.1 mL | 2.89 mS/cm |
| 66.4 °C | 158.5 g | Sample-E | 195.1 mL | 24.09 mS/cm |
| 59.0 °C | 105.2 g | Sample-J | 291.1 mL | 7.97 mS/cm |
| 44.1 °C | 352.4 g | Sample-C | 295.2 mL | 7.56 mS/cm |
| 71.9 °C | 157.4 g | Sample-F | 20.4 mL | 16.43 mS/cm |
| 67.4 °C | 406.3 g | Sample-A | 70.6 mL | 8.44 mS/cm |

Question: Find the sample with the smallest Mass.",Sample-J,argmin,8,Mass,"[{""row_index"": 0, ""column_index"": 1, ""row_identifier_column"": ""Sample"", ""row_identifier_value"": ""Sample-I"", ""column"": ""Mass"", ""raw_value"": 366.9, ""display_value"": ""366.9 g""}, {""row_index"": 1, ""column_index"": 1, ""row_identifier_column"": ""Sample"", ""row_identifier_value"": ""Sample-B"", ""column"": ""Mass"", ""raw_value"": 447.7, ""display_value"": ""447.7 g""}, {""row_index"": 2, ""column_index"": 1, ""row_identifier_column"": ""Sample"", ""row_identifier_value"": ""Sample-D"", ""column"": ""Mass"", ""raw_value"": 126.7, ""display_value"": ""126.7 g""}, {""row_index"": 3, ""column_index"": 1, ""row_identifier_column"": ""Sample"", ""row_identifier_value"": ""Sample-E"", ""column"": ""Mass"", ""raw_value"": 158.5, ""display_value"": ""158.5 g""}, {""row_index"": 4, ""column_index"": 1, ""row_identifier_column"": ""Sample"", ""row_identifier_value"": ""Sample-J"", ""column"": ""Mass"", ""raw_value"": 105.2, ""display_value"": ""105.2 g""}, {""row_index"": 5, ""column_index"": 1, ""row_identifier_column"": ""Sample"", ""row_identifier_value"": ""Sample-C"", ""column"": ""Mass"", ""raw_value"": 352.4, ""display_value"": ""352.4 g""}, {""row_index"": 6, ""column_index"": 1, ""row_identifier_column"": ""Sample"", ""row_identifier_value"": ""Sample-F"", ""column"": ""Mass"", ""raw_value"": 157.4, ""display_value"": ""157.4 g""}, {""row_index"": 7, ""column_index"": 1, ""row_identifier_column"": ""Sample"", ""row_identifier_value"": ""Sample-A"", ""column"": ""Mass"", ""raw_value"": 406.3, ""display_value"": ""406.3 g""}]","{""target_column"": ""Mass"", ""column_allowed_for_operation"": true}","{""headers"": [""Temperature"", ""Mass"", ""Sample"", ""Volume"", ""Conductivity""], ""rows"": [[""91.1 °C"", ""366.9 g"", ""Sample-I"", ""240.7 mL"", ""24.38 mS/cm""], [""23.6 °C"", ""447.7 g"", ""Sample-B"", ""252.0 mL"", ""22.99 mS/cm""], [""89.5 °C"", ""126.7 g"", ""Sample-D"", ""270.1 mL"", ""2.89 mS/cm""], [""66.4 °C"", ""158.5 g"", ""Sample-E"", ""195.1 mL"", ""24.09 mS/cm""], [""59.0 °C"", ""105.2 g"", ""Sample-J"", ""291.1 mL"", ""7.97 mS/cm""], [""44.1 °C"", ""352.4 g"", ""Sample-C"", ""295.2 mL"", ""7.56 mS/cm""], [""71.9 °C"", ""157.4 g"", ""Sample-F"", ""20.4 mL"", ""16.43 mS/cm""], [""67.4 °C"", ""406.3 g"", ""Sample-A"", ""70.6 mL"", ""8.44 mS/cm""]]}"
A-L3-0150,3,argmin,battery_tests,Which cell has the lowest Charge cycles?,"| Cell | Voltage | State of health | Capacity | Charge cycles |
| --- | --- | --- | --- | --- |
| Cell-E1 | 3.99 V | 60.2 % | 4012 mAh | 1053 cycles |
| Cell-F2 | 3.37 V | 77.8 % | 1016 mAh | 540 cycles |
| Cell-A1 | 3.45 V | 65.2 % | 2338 mAh | 1128 cycles |
| Cell-E2 | 3.46 V | 88.1 % | 2109 mAh | 1158 cycles |
| Cell-A2 | 2.87 V | 63.5 % | 3410 mAh | 755 cycles |
| Cell-D1 | 2.97 V | 87.7 % | 3738 mAh | 1398 cycles |
| Cell-B1 | 3.45 V | 93.2 % | 1962 mAh | 700 cycles |","Answer the question using the table. Return only the final answer.

Table:
| Cell | Voltage | State of health | Capacity | Charge cycles |
| --- | --- | --- | --- | --- |
| Cell-E1 | 3.99 V | 60.2 % | 4012 mAh | 1053 cycles |
| Cell-F2 | 3.37 V | 77.8 % | 1016 mAh | 540 cycles |
| Cell-A1 | 3.45 V | 65.2 % | 2338 mAh | 1128 cycles |
| Cell-E2 | 3.46 V | 88.1 % | 2109 mAh | 1158 cycles |
| Cell-A2 | 2.87 V | 63.5 % | 3410 mAh | 755 cycles |
| Cell-D1 | 2.97 V | 87.7 % | 3738 mAh | 1398 cycles |
| Cell-B1 | 3.45 V | 93.2 % | 1962 mAh | 700 cycles |

Question: Which cell has the lowest Charge cycles?",Cell-F2,argmin,7,Charge cycles,"[{""row_index"": 0, ""column_index"": 4, ""row_identifier_column"": ""Cell"", ""row_identifier_value"": ""Cell-E1"", ""column"": ""Charge cycles"", ""raw_value"": 1053.0, ""display_value"": ""1053 cycles""}, {""row_index"": 1, ""column_index"": 4, ""row_identifier_column"": ""Cell"", ""row_identifier_value"": ""Cell-F2"", ""column"": ""Charge cycles"", ""raw_value"": 540.0, ""display_value"": ""540 cycles""}, {""row_index"": 2, ""column_index"": 4, ""row_identifier_column"": ""Cell"", ""row_identifier_value"": ""Cell-A1"", ""column"": ""Charge cycles"", ""raw_value"": 1128.0, ""display_value"": ""1128 cycles""}, {""row_index"": 3, ""column_index"": 4, ""row_identifier_column"": ""Cell"", ""row_identifier_value"": ""Cell-E2"", ""column"": ""Charge cycles"", ""raw_value"": 1158.0, ""display_value"": ""1158 cycles""}, {""row_index"": 4, ""column_index"": 4, ""row_identifier_column"": ""Cell"", ""row_identifier_value"": ""Cell-A2"", ""column"": ""Charge cycles"", ""raw_value"": 755.0, ""display_value"": ""755 cycles""}, {""row_index"": 5, ""column_index"": 4, ""row_identifier_column"": ""Cell"", ""row_identifier_value"": ""Cell-D1"", ""column"": ""Charge cycles"", ""raw_value"": 1398.0, ""display_value"": ""1398 cycles""}, {""row_index"": 6, ""column_index"": 4, ""row_identifier_column"": ""Cell"", ""row_identifier_value"": ""Cell-B1"", ""column"": ""Charge cycles"", ""raw_value"": 700.0, ""display_value"": ""700 cycles""}]","{""target_column"": ""Charge cycles"", ""column_allowed_for_operation"": true}","{""headers"": [""Cell"", ""Voltage"", ""State of health"", ""Capacity"", ""Charge cycles""], ""rows"": [[""Cell-E1"", ""3.99 V"", ""60.2 %"", ""4012 mAh"", ""1053 cycles""], [""Cell-F2"", ""3.37 V"", ""77.8 %"", ""1016 mAh"", ""540 cycles""], [""Cell-A1"", ""3.45 V"", ""65.2 %"", ""2338 mAh"", ""1128 cycles""], [""Cell-E2"", ""3.46 V"", ""88.1 %"", ""2109 mAh"", ""1158 cycles""], [""Cell-A2"", ""2.87 V"", ""63.5 %"", ""3410 mAh"", ""755 cycles""], [""Cell-D1"", ""2.97 V"", ""87.7 %"", ""3738 mAh"", ""1398 cycles""], [""Cell-B1"", ""3.45 V"", ""93.2 %"", ""1962 mAh"", ""700 cycles""]]}"
A-L3-0151,3,argmax,ml_benchmark,Which model has the highest Memory usage?,"| Memory usage | Model | Throughput | F1 score | Accuracy |
| --- | --- | --- | --- | --- |
| 14.0 GB | Zenith | 320.8 req/s | 65.7 % | 96.8 % |
| 2.6 GB | Vertex | 183.6 req/s | 46.1 % | 96.1 % |
| 15.7 GB | Aurora | 280.5 req/s | 53.7 % | 63.2 % |
| 15.3 GB | Nova | 197.5 req/s | 77.6 % | 65.7 % |
| 15.3 GB | Quartz | 420.5 req/s | 65.1 % | 90.7 % |
| 14.4 GB | Pulse | 218.7 req/s | 65.2 % | 97.4 % |
| 0.5 GB | Nimbus | 264.2 req/s | 63.5 % | 85.4 % |
| 18.0 GB | Delta | 338.9 req/s | 92.8 % | 59.8 % |
| 5.5 GB | Helix | 103.6 req/s | 55.7 % | 62.5 % |
| 7.8 GB | Sigma | 428.3 req/s | 83.9 % | 74.8 % |","Answer the question using the table. Return only the final answer.

Table:
| Memory usage | Model | Throughput | F1 score | Accuracy |
| --- | --- | --- | --- | --- |
| 14.0 GB | Zenith | 320.8 req/s | 65.7 % | 96.8 % |
| 2.6 GB | Vertex | 183.6 req/s | 46.1 % | 96.1 % |
| 15.7 GB | Aurora | 280.5 req/s | 53.7 % | 63.2 % |
| 15.3 GB | Nova | 197.5 req/s | 77.6 % | 65.7 % |
| 15.3 GB | Quartz | 420.5 req/s | 65.1 % | 90.7 % |
| 14.4 GB | Pulse | 218.7 req/s | 65.2 % | 97.4 % |
| 0.5 GB | Nimbus | 264.2 req/s | 63.5 % | 85.4 % |
| 18.0 GB | Delta | 338.9 req/s | 92.8 % | 59.8 % |
| 5.5 GB | Helix | 103.6 req/s | 55.7 % | 62.5 % |
| 7.8 GB | Sigma | 428.3 req/s | 83.9 % | 74.8 % |

Question: Which model has the highest Memory usage?",Delta,argmax,10,Memory usage,"[{""row_index"": 0, ""column_index"": 0, ""row_identifier_column"": ""Model"", ""row_identifier_value"": ""Zenith"", ""column"": ""Memory usage"", ""raw_value"": 14.0, ""display_value"": ""14.0 GB""}, {""row_index"": 1, ""column_index"": 0, ""row_identifier_column"": ""Model"", ""row_identifier_value"": ""Vertex"", ""column"": ""Memory usage"", ""raw_value"": 2.6, ""display_value"": ""2.6 GB""}, {""row_index"": 2, ""column_index"": 0, ""row_identifier_column"": ""Model"", ""row_identifier_value"": ""Aurora"", ""column"": ""Memory usage"", ""raw_value"": 15.7, ""display_value"": ""15.7 GB""}, {""row_index"": 3, ""column_index"": 0, ""row_identifier_column"": ""Model"", ""row_identifier_value"": ""Nova"", ""column"": ""Memory usage"", ""raw_value"": 15.3, ""display_value"": ""15.3 GB""}, {""row_index"": 4, ""column_index"": 0, ""row_identifier_column"": ""Model"", ""row_identifier_value"": ""Quartz"", ""column"": ""Memory usage"", ""raw_value"": 15.3, ""display_value"": ""15.3 GB""}, {""row_index"": 5, ""column_index"": 0, ""row_identifier_column"": ""Model"", ""row_identifier_value"": ""Pulse"", ""column"": ""Memory usage"", ""raw_value"": 14.4, ""display_value"": ""14.4 GB""}, {""row_index"": 6, ""column_index"": 0, ""row_identifier_column"": ""Model"", ""row_identifier_value"": ""Nimbus"", ""column"": ""Memory usage"", ""raw_value"": 0.5, ""display_value"": ""0.5 GB""}, {""row_index"": 7, ""column_index"": 0, ""row_identifier_column"": ""Model"", ""row_identifier_value"": ""Delta"", ""column"": ""Memory usage"", ""raw_value"": 18.0, ""display_value"": ""18.0 GB""}, {""row_index"": 8, ""column_index"": 0, ""row_identifier_column"": ""Model"", ""row_identifier_value"": ""Helix"", ""column"": ""Memory usage"", ""raw_value"": 5.5, ""display_value"": ""5.5 GB""}, {""row_index"": 9, ""column_index"": 0, ""row_identifier_column"": ""Model"", ""row_identifier_value"": ""Sigma"", ""column"": ""Memory usage"", ""raw_value"": 7.8, ""display_value"": ""7.8 GB""}]","{""target_column"": ""Memory usage"", ""column_allowed_for_operation"": true}","{""headers"": [""Memory usage"", ""Model"", ""Throughput"", ""F1 score"", ""Accuracy""], ""rows"": [[""14.0 GB"", ""Zenith"", ""320.8 req/s"", ""65.7 %"", ""96.8 %""], [""2.6 GB"", ""Vertex"", ""183.6 req/s"", ""46.1 %"", ""96.1 %""], [""15.7 GB"", ""Aurora"", ""280.5 req/s"", ""53.7 %"", ""63.2 %""], [""15.3 GB"", ""Nova"", ""197.5 req/s"", ""77.6 %"", ""65.7 %""], [""15.3 GB"", ""Quartz"", ""420.5 req/s"", ""65.1 %"", ""90.7 %""], [""14.4 GB"", ""Pulse"", ""218.7 req/s"", ""65.2 %"", ""97.4 %""], [""0.5 GB"", ""Nimbus"", ""264.2 req/s"", ""63.5 %"", ""85.4 %""], [""18.0 GB"", ""Delta"", ""338.9 req/s"", ""92.8 %"", ""59.8 %""], [""5.5 GB"", ""Helix"", ""103.6 req/s"", ""55.7 %"", ""62.5 %""], [""7.8 GB"", ""Sigma"", ""428.3 req/s"", ""83.9 %"", ""74.8 %""]]}"
A-L3-0152,3,column_average,sports_statistics,What is the average Passes across all rows?,"| Goals scored | Passes | Shots | Team | Possession |
| --- | --- | --- | --- | --- |
| 31 goals | 464 passes | 243 shots | Hawks | 46.1 % |
| 97 goals | 550 passes | 137 shots | Dragons | 66.2 % |
| 51 goals | 720 passes | 214 shots | Panthers | 44.8 % |
| 69 goals | 433 passes | 87 shots | Falcons | 69.8 % |
| 50 goals | 503 passes | 123 shots | Cyclones | 67.6 % |
| 30 goals | 827 passes | 203 shots | Comets | 47.4 % |
| 14 goals | 538 passes | 101 shots | Wolves | 49.2 % |
| 82 goals | 206 passes | 24 shots | Ravens | 67.8 % |
| 5 goals | 723 passes | 179 shots | Tigers | 43.9 % |","Answer the question using the table. Return only the final answer.

Table:
| Goals scored | Passes | Shots | Team | Possession |
| --- | --- | --- | --- | --- |
| 31 goals | 464 passes | 243 shots | Hawks | 46.1 % |
| 97 goals | 550 passes | 137 shots | Dragons | 66.2 % |
| 51 goals | 720 passes | 214 shots | Panthers | 44.8 % |
| 69 goals | 433 passes | 87 shots | Falcons | 69.8 % |
| 50 goals | 503 passes | 123 shots | Cyclones | 67.6 % |
| 30 goals | 827 passes | 203 shots | Comets | 47.4 % |
| 14 goals | 538 passes | 101 shots | Wolves | 49.2 % |
| 82 goals | 206 passes | 24 shots | Ravens | 67.8 % |
| 5 goals | 723 passes | 179 shots | Tigers | 43.9 % |

Question: What is the average Passes across all rows?",551.56 passes,mean,9,Passes,"[{""row_index"": 0, ""column_index"": 1, ""row_identifier_column"": ""Team"", ""row_identifier_value"": ""Hawks"", ""column"": ""Passes"", ""raw_value"": 464.0, ""display_value"": ""464 passes""}, {""row_index"": 1, ""column_index"": 1, ""row_identifier_column"": ""Team"", ""row_identifier_value"": ""Dragons"", ""column"": ""Passes"", ""raw_value"": 550.0, ""display_value"": ""550 passes""}, {""row_index"": 2, ""column_index"": 1, ""row_identifier_column"": ""Team"", ""row_identifier_value"": ""Panthers"", ""column"": ""Passes"", ""raw_value"": 720.0, ""display_value"": ""720 passes""}, {""row_index"": 3, ""column_index"": 1, ""row_identifier_column"": ""Team"", ""row_identifier_value"": ""Falcons"", ""column"": ""Passes"", ""raw_value"": 433.0, ""display_value"": ""433 passes""}, {""row_index"": 4, ""column_index"": 1, ""row_identifier_column"": ""Team"", ""row_identifier_value"": ""Cyclones"", ""column"": ""Passes"", ""raw_value"": 503.0, ""display_value"": ""503 passes""}, {""row_index"": 5, ""column_index"": 1, ""row_identifier_column"": ""Team"", ""row_identifier_value"": ""Comets"", ""column"": ""Passes"", ""raw_value"": 827.0, ""display_value"": ""827 passes""}, {""row_index"": 6, ""column_index"": 1, ""row_identifier_column"": ""Team"", ""row_identifier_value"": ""Wolves"", ""column"": ""Passes"", ""raw_value"": 538.0, ""display_value"": ""538 passes""}, {""row_index"": 7, ""column_index"": 1, ""row_identifier_column"": ""Team"", ""row_identifier_value"": ""Ravens"", ""column"": ""Passes"", ""raw_value"": 206.0, ""display_value"": ""206 passes""}, {""row_index"": 8, ""column_index"": 1, ""row_identifier_column"": ""Team"", ""row_identifier_value"": ""Tigers"", ""column"": ""Passes"", ""raw_value"": 723.0, ""display_value"": ""723 passes""}]","{""target_column"": ""Passes"", ""column_allowed_for_operation"": true, ""answer_digits"": 2}","{""headers"": [""Goals scored"", ""Passes"", ""Shots"", ""Team"", ""Possession""], ""rows"": [[""31 goals"", ""464 passes"", ""243 shots"", ""Hawks"", ""46.1 %""], [""97 goals"", ""550 passes"", ""137 shots"", ""Dragons"", ""66.2 %""], [""51 goals"", ""720 passes"", ""214 shots"", ""Panthers"", ""44.8 %""], [""69 goals"", ""433 passes"", ""87 shots"", ""Falcons"", ""69.8 %""], [""50 goals"", ""503 passes"", ""123 shots"", ""Cyclones"", ""67.6 %""], [""30 goals"", ""827 passes"", ""203 shots"", ""Comets"", ""47.4 %""], [""14 goals"", ""538 passes"", ""101 shots"", ""Wolves"", ""49.2 %""], [""82 goals"", ""206 passes"", ""24 shots"", ""Ravens"", ""67.8 %""], [""5 goals"", ""723 passes"", ""179 shots"", ""Tigers"", ""43.9 %""]]}"
A-L3-0153,3,argmin,flight_measurements,"According to the table, which pilot has the minimum Fuel?","| Vertical speed | Ground speed | Fuel | Pilot | Engine temperature |
| --- | --- | --- | --- | --- |
| -2.6 m/s | 717.5 km/h | 7249 kg | Leo | 470 °C |
| 8.1 m/s | 551.8 km/h | 6458 kg | Maya | 485 °C |
| -1.4 m/s | 670.7 km/h | 7826 kg | David | 716 °C |
| 16.1 m/s | 501.7 km/h | 11216 kg | Ryan | 898 °C |
| 9.5 m/s | 568.8 km/h | 8576 kg | Sam | 565 °C |","Answer the question using the table. Return only the final answer.

Table:
| Vertical speed | Ground speed | Fuel | Pilot | Engine temperature |
| --- | --- | --- | --- | --- |
| -2.6 m/s | 717.5 km/h | 7249 kg | Leo | 470 °C |
| 8.1 m/s | 551.8 km/h | 6458 kg | Maya | 485 °C |
| -1.4 m/s | 670.7 km/h | 7826 kg | David | 716 °C |
| 16.1 m/s | 501.7 km/h | 11216 kg | Ryan | 898 °C |
| 9.5 m/s | 568.8 km/h | 8576 kg | Sam | 565 °C |

Question: According to the table, which pilot has the minimum Fuel?",Maya,argmin,5,Fuel,"[{""row_index"": 0, ""column_index"": 2, ""row_identifier_column"": ""Pilot"", ""row_identifier_value"": ""Leo"", ""column"": ""Fuel"", ""raw_value"": 7249.0, ""display_value"": ""7249 kg""}, {""row_index"": 1, ""column_index"": 2, ""row_identifier_column"": ""Pilot"", ""row_identifier_value"": ""Maya"", ""column"": ""Fuel"", ""raw_value"": 6458.0, ""display_value"": ""6458 kg""}, {""row_index"": 2, ""column_index"": 2, ""row_identifier_column"": ""Pilot"", ""row_identifier_value"": ""David"", ""column"": ""Fuel"", ""raw_value"": 7826.0, ""display_value"": ""7826 kg""}, {""row_index"": 3, ""column_index"": 2, ""row_identifier_column"": ""Pilot"", ""row_identifier_value"": ""Ryan"", ""column"": ""Fuel"", ""raw_value"": 11216.0, ""display_value"": ""11216 kg""}, {""row_index"": 4, ""column_index"": 2, ""row_identifier_column"": ""Pilot"", ""row_identifier_value"": ""Sam"", ""column"": ""Fuel"", ""raw_value"": 8576.0, ""display_value"": ""8576 kg""}]","{""target_column"": ""Fuel"", ""column_allowed_for_operation"": true}","{""headers"": [""Vertical speed"", ""Ground speed"", ""Fuel"", ""Pilot"", ""Engine temperature""], ""rows"": [[""-2.6 m/s"", ""717.5 km/h"", ""7249 kg"", ""Leo"", ""470 °C""], [""8.1 m/s"", ""551.8 km/h"", ""6458 kg"", ""Maya"", ""485 °C""], [""-1.4 m/s"", ""670.7 km/h"", ""7826 kg"", ""David"", ""716 °C""], [""16.1 m/s"", ""501.7 km/h"", ""11216 kg"", ""Ryan"", ""898 °C""], [""9.5 m/s"", ""568.8 km/h"", ""8576 kg"", ""Sam"", ""565 °C""]]}"
A-L3-0154,3,column_average,lab_measurements,"According to the table, what is the average value of Conductivity?","| Temperature | Conductivity | Sample | pH | Mass |
| --- | --- | --- | --- | --- |
| 22.2 °C | 13.90 mS/cm | Sample-L | 4.12 | 171.7 g |
| 81.9 °C | 7.63 mS/cm | Sample-J | 3.00 | 102.9 g |
| 45.8 °C | 15.81 mS/cm | Sample-K | 9.77 | 271.5 g |
| 74.5 °C | 8.66 mS/cm | Sample-B | 4.49 | 108.3 g |
| 69.2 °C | 16.68 mS/cm | Sample-A | 5.01 | 470.5 g |
| 93.2 °C | 3.34 mS/cm | Sample-C | 9.41 | 325.4 g |
| 25.5 °C | 24.64 mS/cm | Sample-D | 5.57 | 433.8 g |","Answer the question using the table. Return only the final answer.

Table:
| Temperature | Conductivity | Sample | pH | Mass |
| --- | --- | --- | --- | --- |
| 22.2 °C | 13.90 mS/cm | Sample-L | 4.12 | 171.7 g |
| 81.9 °C | 7.63 mS/cm | Sample-J | 3.00 | 102.9 g |
| 45.8 °C | 15.81 mS/cm | Sample-K | 9.77 | 271.5 g |
| 74.5 °C | 8.66 mS/cm | Sample-B | 4.49 | 108.3 g |
| 69.2 °C | 16.68 mS/cm | Sample-A | 5.01 | 470.5 g |
| 93.2 °C | 3.34 mS/cm | Sample-C | 9.41 | 325.4 g |
| 25.5 °C | 24.64 mS/cm | Sample-D | 5.57 | 433.8 g |

Question: According to the table, what is the average value of Conductivity?",12.95 mS/cm,mean,7,Conductivity,"[{""row_index"": 0, ""column_index"": 1, ""row_identifier_column"": ""Sample"", ""row_identifier_value"": ""Sample-L"", ""column"": ""Conductivity"", ""raw_value"": 13.9, ""display_value"": ""13.90 mS/cm""}, {""row_index"": 1, ""column_index"": 1, ""row_identifier_column"": ""Sample"", ""row_identifier_value"": ""Sample-J"", ""column"": ""Conductivity"", ""raw_value"": 7.63, ""display_value"": ""7.63 mS/cm""}, {""row_index"": 2, ""column_index"": 1, ""row_identifier_column"": ""Sample"", ""row_identifier_value"": ""Sample-K"", ""column"": ""Conductivity"", ""raw_value"": 15.81, ""display_value"": ""15.81 mS/cm""}, {""row_index"": 3, ""column_index"": 1, ""row_identifier_column"": ""Sample"", ""row_identifier_value"": ""Sample-B"", ""column"": ""Conductivity"", ""raw_value"": 8.66, ""display_value"": ""8.66 mS/cm""}, {""row_index"": 4, ""column_index"": 1, ""row_identifier_column"": ""Sample"", ""row_identifier_value"": ""Sample-A"", ""column"": ""Conductivity"", ""raw_value"": 16.68, ""display_value"": ""16.68 mS/cm""}, {""row_index"": 5, ""column_index"": 1, ""row_identifier_column"": ""Sample"", ""row_identifier_value"": ""Sample-C"", ""column"": ""Conductivity"", ""raw_value"": 3.34, ""display_value"": ""3.34 mS/cm""}, {""row_index"": 6, ""column_index"": 1, ""row_identifier_column"": ""Sample"", ""row_identifier_value"": ""Sample-D"", ""column"": ""Conductivity"", ""raw_value"": 24.64, ""display_value"": ""24.64 mS/cm""}]","{""target_column"": ""Conductivity"", ""column_allowed_for_operation"": true, ""answer_digits"": 2}","{""headers"": [""Temperature"", ""Conductivity"", ""Sample"", ""pH"", ""Mass""], ""rows"": [[""22.2 °C"", ""13.90 mS/cm"", ""Sample-L"", ""4.12"", ""171.7 g""], [""81.9 °C"", ""7.63 mS/cm"", ""Sample-J"", ""3.00"", ""102.9 g""], [""45.8 °C"", ""15.81 mS/cm"", ""Sample-K"", ""9.77"", ""271.5 g""], [""74.5 °C"", ""8.66 mS/cm"", ""Sample-B"", ""4.49"", ""108.3 g""], [""69.2 °C"", ""16.68 mS/cm"", ""Sample-A"", ""5.01"", ""470.5 g""], [""93.2 °C"", ""3.34 mS/cm"", ""Sample-C"", ""9.41"", ""325.4 g""], [""25.5 °C"", ""24.64 mS/cm"", ""Sample-D"", ""5.57"", ""433.8 g""]]}"
A-L3-0155,3,column_average,sports_statistics,Calculate the mean Fouls of all entries in the table.,"| Passes | Shots | Goals scored | Team | Fouls | Points |
| --- | --- | --- | --- | --- | --- |
| 308 passes | 21 shots | 41 goals | Knights | 10 fouls | 92 points |
| 362 passes | 104 shots | 81 goals | Ravens | 33 fouls | 117 points |
| 496 passes | 240 shots | 62 goals | Falcons | 2 fouls | 108 points |
| 301 passes | 249 shots | 20 goals | Panthers | 4 fouls | 106 points |
| 840 passes | 81 shots | 38 goals | Comets | 25 fouls | 82 points |","Answer the question using the table. Return only the final answer.

Table:
| Passes | Shots | Goals scored | Team | Fouls | Points |
| --- | --- | --- | --- | --- | --- |
| 308 passes | 21 shots | 41 goals | Knights | 10 fouls | 92 points |
| 362 passes | 104 shots | 81 goals | Ravens | 33 fouls | 117 points |
| 496 passes | 240 shots | 62 goals | Falcons | 2 fouls | 108 points |
| 301 passes | 249 shots | 20 goals | Panthers | 4 fouls | 106 points |
| 840 passes | 81 shots | 38 goals | Comets | 25 fouls | 82 points |

Question: Calculate the mean Fouls of all entries in the table.",14.80 fouls,mean,5,Fouls,"[{""row_index"": 0, ""column_index"": 4, ""row_identifier_column"": ""Team"", ""row_identifier_value"": ""Knights"", ""column"": ""Fouls"", ""raw_value"": 10.0, ""display_value"": ""10 fouls""}, {""row_index"": 1, ""column_index"": 4, ""row_identifier_column"": ""Team"", ""row_identifier_value"": ""Ravens"", ""column"": ""Fouls"", ""raw_value"": 33.0, ""display_value"": ""33 fouls""}, {""row_index"": 2, ""column_index"": 4, ""row_identifier_column"": ""Team"", ""row_identifier_value"": ""Falcons"", ""column"": ""Fouls"", ""raw_value"": 2.0, ""display_value"": ""2 fouls""}, {""row_index"": 3, ""column_index"": 4, ""row_identifier_column"": ""Team"", ""row_identifier_value"": ""Panthers"", ""column"": ""Fouls"", ""raw_value"": 4.0, ""display_value"": ""4 fouls""}, {""row_index"": 4, ""column_index"": 4, ""row_identifier_column"": ""Team"", ""row_identifier_value"": ""Comets"", ""column"": ""Fouls"", ""raw_value"": 25.0, ""display_value"": ""25 fouls""}]","{""target_column"": ""Fouls"", ""column_allowed_for_operation"": true, ""answer_digits"": 2}","{""headers"": [""Passes"", ""Shots"", ""Goals scored"", ""Team"", ""Fouls"", ""Points""], ""rows"": [[""308 passes"", ""21 shots"", ""41 goals"", ""Knights"", ""10 fouls"", ""92 points""], [""362 passes"", ""104 shots"", ""81 goals"", ""Ravens"", ""33 fouls"", ""117 points""], [""496 passes"", ""240 shots"", ""62 goals"", ""Falcons"", ""2 fouls"", ""108 points""], [""301 passes"", ""249 shots"", ""20 goals"", ""Panthers"", ""4 fouls"", ""106 points""], [""840 passes"", ""81 shots"", ""38 goals"", ""Comets"", ""25 fouls"", ""82 points""]]}"
A-L3-0156,3,count_condition,weather_stations,Count the rows where Humidity is greater than 49.00 %.,"| Humidity | Wind speed | Visibility | Temperature | Rainfall | Station | Pressure |
| --- | --- | --- | --- | --- | --- | --- |
| 88 % | 26.2 m/s | 12.8 km | 13.1 °C | 97.4 mm | Clearwater | 970.7 hPa |
| 40 % | 13.2 m/s | 7.8 km | -1.6 °C | 61.5 mm | Fairview | 1001.0 hPa |
| 55 % | 2.7 m/s | 16.4 km | -9.0 °C | 101.1 mm | Oakridge | 979.4 hPa |
| 53 % | 4.1 m/s | 9.4 km | 15.4 °C | 87.7 mm | Cedar | 1006.7 hPa |
| 54 % | 9.8 m/s | 7.2 km | 30.1 °C | 91.3 mm | Pinehurst | 973.0 hPa |
| 51 % | 32.0 m/s | 25.6 km | 24.0 °C | 6.5 mm | Lakeside | 990.4 hPa |
| 93 % | 30.2 m/s | 27.6 km | 18.4 °C | 98.3 mm | Brookfield | 952.7 hPa |
| 64 % | 5.2 m/s | 9.0 km | 35.8 °C | 15.2 mm | Orion | 1025.6 hPa |
| 47 % | 5.2 m/s | 22.3 km | -2.9 °C | 60.9 mm | Maple | 951.6 hPa |","Answer the question using the table. Return only the final answer.

Table:
| Humidity | Wind speed | Visibility | Temperature | Rainfall | Station | Pressure |
| --- | --- | --- | --- | --- | --- | --- |
| 88 % | 26.2 m/s | 12.8 km | 13.1 °C | 97.4 mm | Clearwater | 970.7 hPa |
| 40 % | 13.2 m/s | 7.8 km | -1.6 °C | 61.5 mm | Fairview | 1001.0 hPa |
| 55 % | 2.7 m/s | 16.4 km | -9.0 °C | 101.1 mm | Oakridge | 979.4 hPa |
| 53 % | 4.1 m/s | 9.4 km | 15.4 °C | 87.7 mm | Cedar | 1006.7 hPa |
| 54 % | 9.8 m/s | 7.2 km | 30.1 °C | 91.3 mm | Pinehurst | 973.0 hPa |
| 51 % | 32.0 m/s | 25.6 km | 24.0 °C | 6.5 mm | Lakeside | 990.4 hPa |
| 93 % | 30.2 m/s | 27.6 km | 18.4 °C | 98.3 mm | Brookfield | 952.7 hPa |
| 64 % | 5.2 m/s | 9.0 km | 35.8 °C | 15.2 mm | Orion | 1025.6 hPa |
| 47 % | 5.2 m/s | 22.3 km | -2.9 °C | 60.9 mm | Maple | 951.6 hPa |

Question: Count the rows where Humidity is greater than 49.00 %.",7,count_condition,9,Humidity,"[{""row_index"": 0, ""column_index"": 0, ""row_identifier_column"": ""Station"", ""row_identifier_value"": ""Clearwater"", ""column"": ""Humidity"", ""raw_value"": 88.0, ""display_value"": ""88 %""}, {""row_index"": 1, ""column_index"": 0, ""row_identifier_column"": ""Station"", ""row_identifier_value"": ""Fairview"", ""column"": ""Humidity"", ""raw_value"": 40.0, ""display_value"": ""40 %""}, {""row_index"": 2, ""column_index"": 0, ""row_identifier_column"": ""Station"", ""row_identifier_value"": ""Oakridge"", ""column"": ""Humidity"", ""raw_value"": 55.0, ""display_value"": ""55 %""}, {""row_index"": 3, ""column_index"": 0, ""row_identifier_column"": ""Station"", ""row_identifier_value"": ""Cedar"", ""column"": ""Humidity"", ""raw_value"": 53.0, ""display_value"": ""53 %""}, {""row_index"": 4, ""column_index"": 0, ""row_identifier_column"": ""Station"", ""row_identifier_value"": ""Pinehurst"", ""column"": ""Humidity"", ""raw_value"": 54.0, ""display_value"": ""54 %""}, {""row_index"": 5, ""column_index"": 0, ""row_identifier_column"": ""Station"", ""row_identifier_value"": ""Lakeside"", ""column"": ""Humidity"", ""raw_value"": 51.0, ""display_value"": ""51 %""}, {""row_index"": 6, ""column_index"": 0, ""row_identifier_column"": ""Station"", ""row_identifier_value"": ""Brookfield"", ""column"": ""Humidity"", ""raw_value"": 93.0, ""display_value"": ""93 %""}, {""row_index"": 7, ""column_index"": 0, ""row_identifier_column"": ""Station"", ""row_identifier_value"": ""Orion"", ""column"": ""Humidity"", ""raw_value"": 64.0, ""display_value"": ""64 %""}, {""row_index"": 8, ""column_index"": 0, ""row_identifier_column"": ""Station"", ""row_identifier_value"": ""Maple"", ""column"": ""Humidity"", ""raw_value"": 47.0, ""display_value"": ""47 %""}]","{""target_column"": ""Humidity"", ""column_allowed_for_operation"": true, ""comparison"": ""greater_than"", ""threshold_raw"": 49.0, ""threshold_display"": ""49.00 %""}","{""headers"": [""Humidity"", ""Wind speed"", ""Visibility"", ""Temperature"", ""Rainfall"", ""Station"", ""Pressure""], ""rows"": [[""88 %"", ""26.2 m/s"", ""12.8 km"", ""13.1 °C"", ""97.4 mm"", ""Clearwater"", ""970.7 hPa""], [""40 %"", ""13.2 m/s"", ""7.8 km"", ""-1.6 °C"", ""61.5 mm"", ""Fairview"", ""1001.0 hPa""], [""55 %"", ""2.7 m/s"", ""16.4 km"", ""-9.0 °C"", ""101.1 mm"", ""Oakridge"", ""979.4 hPa""], [""53 %"", ""4.1 m/s"", ""9.4 km"", ""15.4 °C"", ""87.7 mm"", ""Cedar"", ""1006.7 hPa""], [""54 %"", ""9.8 m/s"", ""7.2 km"", ""30.1 °C"", ""91.3 mm"", ""Pinehurst"", ""973.0 hPa""], [""51 %"", ""32.0 m/s"", ""25.6 km"", ""24.0 °C"", ""6.5 mm"", ""Lakeside"", ""990.4 hPa""], [""93 %"", ""30.2 m/s"", ""27.6 km"", ""18.4 °C"", ""98.3 mm"", ""Brookfield"", ""952.7 hPa""], [""64 %"", ""5.2 m/s"", ""9.0 km"", ""35.8 °C"", ""15.2 mm"", ""Orion"", ""1025.6 hPa""], [""47 %"", ""5.2 m/s"", ""22.3 km"", ""-2.9 °C"", ""60.9 mm"", ""Maple"", ""951.6 hPa""]]}"
A-L3-0157,3,column_sum,regional_sales,Add all values in the Online orders column. What is the total?,"| Ad spend | Online orders | Units sold | Retail orders | Revenue | Returns | Region |
| --- | --- | --- | --- | --- | --- | --- |
| 196.9 kUSD | 4376 orders | 3665 units | 1808 orders | 317.5 kUSD | 92 units | Riverton |
| 171.5 kUSD | 1777 orders | 1744 units | 542 orders | 127.0 kUSD | 341 units | Lakeside |
| 221.6 kUSD | 4329 orders | 1581 units | 986 orders | 82.1 kUSD | 177 units | Brookfield |
| 191.9 kUSD | 1082 orders | 2302 units | 108 orders | 800.8 kUSD | 406 units | Hillcrest |
| 200.2 kUSD | 3205 orders | 5522 units | 4327 orders | 716.6 kUSD | 84 units | Fairview |
| 15.2 kUSD | 2556 orders | 1333 units | 3025 orders | 116.6 kUSD | 488 units | Cedar |
| 160.1 kUSD | 4628 orders | 4941 units | 3134 orders | 472.1 kUSD | 219 units | Maple |
| 24.9 kUSD | 3550 orders | 4086 units | 3620 orders | 82.5 kUSD | 314 units | Westhaven |
| 161.3 kUSD | 3892 orders | 7858 units | 1928 orders | 821.7 kUSD | 385 units | Pinehurst |","Answer the question using the table. Return only the final answer.

Table:
| Ad spend | Online orders | Units sold | Retail orders | Revenue | Returns | Region |
| --- | --- | --- | --- | --- | --- | --- |
| 196.9 kUSD | 4376 orders | 3665 units | 1808 orders | 317.5 kUSD | 92 units | Riverton |
| 171.5 kUSD | 1777 orders | 1744 units | 542 orders | 127.0 kUSD | 341 units | Lakeside |
| 221.6 kUSD | 4329 orders | 1581 units | 986 orders | 82.1 kUSD | 177 units | Brookfield |
| 191.9 kUSD | 1082 orders | 2302 units | 108 orders | 800.8 kUSD | 406 units | Hillcrest |
| 200.2 kUSD | 3205 orders | 5522 units | 4327 orders | 716.6 kUSD | 84 units | Fairview |
| 15.2 kUSD | 2556 orders | 1333 units | 3025 orders | 116.6 kUSD | 488 units | Cedar |
| 160.1 kUSD | 4628 orders | 4941 units | 3134 orders | 472.1 kUSD | 219 units | Maple |
| 24.9 kUSD | 3550 orders | 4086 units | 3620 orders | 82.5 kUSD | 314 units | Westhaven |
| 161.3 kUSD | 3892 orders | 7858 units | 1928 orders | 821.7 kUSD | 385 units | Pinehurst |

Question: Add all values in the Online orders column. What is the total?",29395 orders,sum,9,Online orders,"[{""row_index"": 0, ""column_index"": 1, ""row_identifier_column"": ""Region"", ""row_identifier_value"": ""Riverton"", ""column"": ""Online orders"", ""raw_value"": 4376.0, ""display_value"": ""4376 orders""}, {""row_index"": 1, ""column_index"": 1, ""row_identifier_column"": ""Region"", ""row_identifier_value"": ""Lakeside"", ""column"": ""Online orders"", ""raw_value"": 1777.0, ""display_value"": ""1777 orders""}, {""row_index"": 2, ""column_index"": 1, ""row_identifier_column"": ""Region"", ""row_identifier_value"": ""Brookfield"", ""column"": ""Online orders"", ""raw_value"": 4329.0, ""display_value"": ""4329 orders""}, {""row_index"": 3, ""column_index"": 1, ""row_identifier_column"": ""Region"", ""row_identifier_value"": ""Hillcrest"", ""column"": ""Online orders"", ""raw_value"": 1082.0, ""display_value"": ""1082 orders""}, {""row_index"": 4, ""column_index"": 1, ""row_identifier_column"": ""Region"", ""row_identifier_value"": ""Fairview"", ""column"": ""Online orders"", ""raw_value"": 3205.0, ""display_value"": ""3205 orders""}, {""row_index"": 5, ""column_index"": 1, ""row_identifier_column"": ""Region"", ""row_identifier_value"": ""Cedar"", ""column"": ""Online orders"", ""raw_value"": 2556.0, ""display_value"": ""2556 orders""}, {""row_index"": 6, ""column_index"": 1, ""row_identifier_column"": ""Region"", ""row_identifier_value"": ""Maple"", ""column"": ""Online orders"", ""raw_value"": 4628.0, ""display_value"": ""4628 orders""}, {""row_index"": 7, ""column_index"": 1, ""row_identifier_column"": ""Region"", ""row_identifier_value"": ""Westhaven"", ""column"": ""Online orders"", ""raw_value"": 3550.0, ""display_value"": ""3550 orders""}, {""row_index"": 8, ""column_index"": 1, ""row_identifier_column"": ""Region"", ""row_identifier_value"": ""Pinehurst"", ""column"": ""Online orders"", ""raw_value"": 3892.0, ""display_value"": ""3892 orders""}]","{""target_column"": ""Online orders"", ""column_allowed_for_operation"": true}","{""headers"": [""Ad spend"", ""Online orders"", ""Units sold"", ""Retail orders"", ""Revenue"", ""Returns"", ""Region""], ""rows"": [[""196.9 kUSD"", ""4376 orders"", ""3665 units"", ""1808 orders"", ""317.5 kUSD"", ""92 units"", ""Riverton""], [""171.5 kUSD"", ""1777 orders"", ""1744 units"", ""542 orders"", ""127.0 kUSD"", ""341 units"", ""Lakeside""], [""221.6 kUSD"", ""4329 orders"", ""1581 units"", ""986 orders"", ""82.1 kUSD"", ""177 units"", ""Brookfield""], [""191.9 kUSD"", ""1082 orders"", ""2302 units"", ""108 orders"", ""800.8 kUSD"", ""406 units"", ""Hillcrest""], [""200.2 kUSD"", ""3205 orders"", ""5522 units"", ""4327 orders"", ""716.6 kUSD"", ""84 units"", ""Fairview""], [""15.2 kUSD"", ""2556 orders"", ""1333 units"", ""3025 orders"", ""116.6 kUSD"", ""488 units"", ""Cedar""], [""160.1 kUSD"", ""4628 orders"", ""4941 units"", ""3134 orders"", ""472.1 kUSD"", ""219 units"", ""Maple""], [""24.9 kUSD"", ""3550 orders"", ""4086 units"", ""3620 orders"", ""82.5 kUSD"", ""314 units"", ""Westhaven""], [""161.3 kUSD"", ""3892 orders"", ""7858 units"", ""1928 orders"", ""821.7 kUSD"", ""385 units"", ""Pinehurst""]]}"
A-L3-0158,3,column_sum,race_telemetry,Add all values in the Pit time column. What is the total?,"| Brake temperature | Tire temperature | Pit time | Driver | Lap time |
| --- | --- | --- | --- | --- |
| 798 °C | 59.5 °C | 36.90 s | Nora | 80.73 s |
| 314 °C | 87.1 °C | 42.06 s | Oliver | 118.72 s |
| 528 °C | 55.7 °C | 38.23 s | Mina | 108.33 s |
| 297 °C | 141.8 °C | 22.88 s | Lena | 124.02 s |
| 814 °C | 72.7 °C | 37.29 s | Emma | 100.10 s |
| 542 °C | 85.1 °C | 27.52 s | Noah | 85.78 s |","Answer the question using the table. Return only the final answer.

Table:
| Brake temperature | Tire temperature | Pit time | Driver | Lap time |
| --- | --- | --- | --- | --- |
| 798 °C | 59.5 °C | 36.90 s | Nora | 80.73 s |
| 314 °C | 87.1 °C | 42.06 s | Oliver | 118.72 s |
| 528 °C | 55.7 °C | 38.23 s | Mina | 108.33 s |
| 297 °C | 141.8 °C | 22.88 s | Lena | 124.02 s |
| 814 °C | 72.7 °C | 37.29 s | Emma | 100.10 s |
| 542 °C | 85.1 °C | 27.52 s | Noah | 85.78 s |

Question: Add all values in the Pit time column. What is the total?",204.88 s,sum,6,Pit time,"[{""row_index"": 0, ""column_index"": 2, ""row_identifier_column"": ""Driver"", ""row_identifier_value"": ""Nora"", ""column"": ""Pit time"", ""raw_value"": 36.9, ""display_value"": ""36.90 s""}, {""row_index"": 1, ""column_index"": 2, ""row_identifier_column"": ""Driver"", ""row_identifier_value"": ""Oliver"", ""column"": ""Pit time"", ""raw_value"": 42.06, ""display_value"": ""42.06 s""}, {""row_index"": 2, ""column_index"": 2, ""row_identifier_column"": ""Driver"", ""row_identifier_value"": ""Mina"", ""column"": ""Pit time"", ""raw_value"": 38.23, ""display_value"": ""38.23 s""}, {""row_index"": 3, ""column_index"": 2, ""row_identifier_column"": ""Driver"", ""row_identifier_value"": ""Lena"", ""column"": ""Pit time"", ""raw_value"": 22.88, ""display_value"": ""22.88 s""}, {""row_index"": 4, ""column_index"": 2, ""row_identifier_column"": ""Driver"", ""row_identifier_value"": ""Emma"", ""column"": ""Pit time"", ""raw_value"": 37.29, ""display_value"": ""37.29 s""}, {""row_index"": 5, ""column_index"": 2, ""row_identifier_column"": ""Driver"", ""row_identifier_value"": ""Noah"", ""column"": ""Pit time"", ""raw_value"": 27.52, ""display_value"": ""27.52 s""}]","{""target_column"": ""Pit time"", ""column_allowed_for_operation"": true}","{""headers"": [""Brake temperature"", ""Tire temperature"", ""Pit time"", ""Driver"", ""Lap time""], ""rows"": [[""798 °C"", ""59.5 °C"", ""36.90 s"", ""Nora"", ""80.73 s""], [""314 °C"", ""87.1 °C"", ""42.06 s"", ""Oliver"", ""118.72 s""], [""528 °C"", ""55.7 °C"", ""38.23 s"", ""Mina"", ""108.33 s""], [""297 °C"", ""141.8 °C"", ""22.88 s"", ""Lena"", ""124.02 s""], [""814 °C"", ""72.7 °C"", ""37.29 s"", ""Emma"", ""100.10 s""], [""542 °C"", ""85.1 °C"", ""27.52 s"", ""Noah"", ""85.78 s""]]}"
A-L3-0159,3,argmax,lab_measurements,Find the sample with the greatest Conductivity.,"| Conductivity | Mass | Sample | pH | Density | Temperature |
| --- | --- | --- | --- | --- | --- |
| 1.47 mS/cm | 371.0 g | Sample-C | 4.37 | 1.25 g/mL | 84.3 °C |
| 24.19 mS/cm | 332.5 g | Sample-B | 11.86 | 3.85 g/mL | 79.3 °C |
| 22.92 mS/cm | 411.0 g | Sample-H | 11.02 | 3.90 g/mL | 42.6 °C |
| 7.98 mS/cm | 50.7 g | Sample-G | 2.87 | 0.65 g/mL | 40.9 °C |
| 8.16 mS/cm | 262.7 g | Sample-L | 10.37 | 3.73 g/mL | 94.0 °C |
| 20.12 mS/cm | 241.0 g | Sample-J | 3.24 | 2.31 g/mL | 58.9 °C |
| 10.91 mS/cm | 281.3 g | Sample-F | 7.17 | 2.01 g/mL | 57.9 °C |
| 3.87 mS/cm | 12.2 g | Sample-D | 7.97 | 1.19 g/mL | 17.3 °C |
| 13.04 mS/cm | 309.2 g | Sample-K | 10.66 | 2.59 g/mL | 39.4 °C |","Answer the question using the table. Return only the final answer.

Table:
| Conductivity | Mass | Sample | pH | Density | Temperature |
| --- | --- | --- | --- | --- | --- |
| 1.47 mS/cm | 371.0 g | Sample-C | 4.37 | 1.25 g/mL | 84.3 °C |
| 24.19 mS/cm | 332.5 g | Sample-B | 11.86 | 3.85 g/mL | 79.3 °C |
| 22.92 mS/cm | 411.0 g | Sample-H | 11.02 | 3.90 g/mL | 42.6 °C |
| 7.98 mS/cm | 50.7 g | Sample-G | 2.87 | 0.65 g/mL | 40.9 °C |
| 8.16 mS/cm | 262.7 g | Sample-L | 10.37 | 3.73 g/mL | 94.0 °C |
| 20.12 mS/cm | 241.0 g | Sample-J | 3.24 | 2.31 g/mL | 58.9 °C |
| 10.91 mS/cm | 281.3 g | Sample-F | 7.17 | 2.01 g/mL | 57.9 °C |
| 3.87 mS/cm | 12.2 g | Sample-D | 7.97 | 1.19 g/mL | 17.3 °C |
| 13.04 mS/cm | 309.2 g | Sample-K | 10.66 | 2.59 g/mL | 39.4 °C |

Question: Find the sample with the greatest Conductivity.",Sample-B,argmax,9,Conductivity,"[{""row_index"": 0, ""column_index"": 0, ""row_identifier_column"": ""Sample"", ""row_identifier_value"": ""Sample-C"", ""column"": ""Conductivity"", ""raw_value"": 1.47, ""display_value"": ""1.47 mS/cm""}, {""row_index"": 1, ""column_index"": 0, ""row_identifier_column"": ""Sample"", ""row_identifier_value"": ""Sample-B"", ""column"": ""Conductivity"", ""raw_value"": 24.19, ""display_value"": ""24.19 mS/cm""}, {""row_index"": 2, ""column_index"": 0, ""row_identifier_column"": ""Sample"", ""row_identifier_value"": ""Sample-H"", ""column"": ""Conductivity"", ""raw_value"": 22.92, ""display_value"": ""22.92 mS/cm""}, {""row_index"": 3, ""column_index"": 0, ""row_identifier_column"": ""Sample"", ""row_identifier_value"": ""Sample-G"", ""column"": ""Conductivity"", ""raw_value"": 7.98, ""display_value"": ""7.98 mS/cm""}, {""row_index"": 4, ""column_index"": 0, ""row_identifier_column"": ""Sample"", ""row_identifier_value"": ""Sample-L"", ""column"": ""Conductivity"", ""raw_value"": 8.16, ""display_value"": ""8.16 mS/cm""}, {""row_index"": 5, ""column_index"": 0, ""row_identifier_column"": ""Sample"", ""row_identifier_value"": ""Sample-J"", ""column"": ""Conductivity"", ""raw_value"": 20.12, ""display_value"": ""20.12 mS/cm""}, {""row_index"": 6, ""column_index"": 0, ""row_identifier_column"": ""Sample"", ""row_identifier_value"": ""Sample-F"", ""column"": ""Conductivity"", ""raw_value"": 10.91, ""display_value"": ""10.91 mS/cm""}, {""row_index"": 7, ""column_index"": 0, ""row_identifier_column"": ""Sample"", ""row_identifier_value"": ""Sample-D"", ""column"": ""Conductivity"", ""raw_value"": 3.87, ""display_value"": ""3.87 mS/cm""}, {""row_index"": 8, ""column_index"": 0, ""row_identifier_column"": ""Sample"", ""row_identifier_value"": ""Sample-K"", ""column"": ""Conductivity"", ""raw_value"": 13.04, ""display_value"": ""13.04 mS/cm""}]","{""target_column"": ""Conductivity"", ""column_allowed_for_operation"": true}","{""headers"": [""Conductivity"", ""Mass"", ""Sample"", ""pH"", ""Density"", ""Temperature""], ""rows"": [[""1.47 mS/cm"", ""371.0 g"", ""Sample-C"", ""4.37"", ""1.25 g/mL"", ""84.3 °C""], [""24.19 mS/cm"", ""332.5 g"", ""Sample-B"", ""11.86"", ""3.85 g/mL"", ""79.3 °C""], [""22.92 mS/cm"", ""411.0 g"", ""Sample-H"", ""11.02"", ""3.90 g/mL"", ""42.6 °C""], [""7.98 mS/cm"", ""50.7 g"", ""Sample-G"", ""2.87"", ""0.65 g/mL"", ""40.9 °C""], [""8.16 mS/cm"", ""262.7 g"", ""Sample-L"", ""10.37"", ""3.73 g/mL"", ""94.0 °C""], [""20.12 mS/cm"", ""241.0 g"", ""Sample-J"", ""3.24"", ""2.31 g/mL"", ""58.9 °C""], [""10.91 mS/cm"", ""281.3 g"", ""Sample-F"", ""7.17"", ""2.01 g/mL"", ""57.9 °C""], [""3.87 mS/cm"", ""12.2 g"", ""Sample-D"", ""7.97"", ""1.19 g/mL"", ""17.3 °C""], [""13.04 mS/cm"", ""309.2 g"", ""Sample-K"", ""10.66"", ""2.59 g/mL"", ""39.4 °C""]]}"
A-L3-0160,3,count_condition,lab_measurements,How many entries have pH greater than 7.330?,"| Sample | Temperature | Mass | Density | pH |
| --- | --- | --- | --- | --- |
| Sample-L | 13.6 °C | 421.3 g | 2.31 g/mL | 8.54 |
| Sample-G | 73.7 °C | 483.7 g | 1.67 g/mL | 6.81 |
| Sample-A | 48.6 °C | 467.9 g | 1.74 g/mL | 11.94 |
| Sample-C | 20.2 °C | 33.1 g | 1.78 g/mL | 7.85 |
| Sample-I | 54.8 °C | 324.3 g | 1.38 g/mL | 8.89 |","Answer the question using the table. Return only the final answer.

Table:
| Sample | Temperature | Mass | Density | pH |
| --- | --- | --- | --- | --- |
| Sample-L | 13.6 °C | 421.3 g | 2.31 g/mL | 8.54 |
| Sample-G | 73.7 °C | 483.7 g | 1.67 g/mL | 6.81 |
| Sample-A | 48.6 °C | 467.9 g | 1.74 g/mL | 11.94 |
| Sample-C | 20.2 °C | 33.1 g | 1.78 g/mL | 7.85 |
| Sample-I | 54.8 °C | 324.3 g | 1.38 g/mL | 8.89 |

Question: How many entries have pH greater than 7.330?",4,count_condition,5,pH,"[{""row_index"": 0, ""column_index"": 4, ""row_identifier_column"": ""Sample"", ""row_identifier_value"": ""Sample-L"", ""column"": ""pH"", ""raw_value"": 8.54, ""display_value"": ""8.54""}, {""row_index"": 1, ""column_index"": 4, ""row_identifier_column"": ""Sample"", ""row_identifier_value"": ""Sample-G"", ""column"": ""pH"", ""raw_value"": 6.81, ""display_value"": ""6.81""}, {""row_index"": 2, ""column_index"": 4, ""row_identifier_column"": ""Sample"", ""row_identifier_value"": ""Sample-A"", ""column"": ""pH"", ""raw_value"": 11.94, ""display_value"": ""11.94""}, {""row_index"": 3, ""column_index"": 4, ""row_identifier_column"": ""Sample"", ""row_identifier_value"": ""Sample-C"", ""column"": ""pH"", ""raw_value"": 7.85, ""display_value"": ""7.85""}, {""row_index"": 4, ""column_index"": 4, ""row_identifier_column"": ""Sample"", ""row_identifier_value"": ""Sample-I"", ""column"": ""pH"", ""raw_value"": 8.89, ""display_value"": ""8.89""}]","{""target_column"": ""pH"", ""column_allowed_for_operation"": true, ""comparison"": ""greater_than"", ""threshold_raw"": 7.33, ""threshold_display"": ""7.330""}","{""headers"": [""Sample"", ""Temperature"", ""Mass"", ""Density"", ""pH""], ""rows"": [[""Sample-L"", ""13.6 °C"", ""421.3 g"", ""2.31 g/mL"", ""8.54""], [""Sample-G"", ""73.7 °C"", ""483.7 g"", ""1.67 g/mL"", ""6.81""], [""Sample-A"", ""48.6 °C"", ""467.9 g"", ""1.74 g/mL"", ""11.94""], [""Sample-C"", ""20.2 °C"", ""33.1 g"", ""1.78 g/mL"", ""7.85""], [""Sample-I"", ""54.8 °C"", ""324.3 g"", ""1.38 g/mL"", ""8.89""]]}"
A-L3-0161,3,argmax,weather_stations,Which station has the highest Wind speed?,"| Station | Temperature | Wind speed | Rainfall | Humidity |
| --- | --- | --- | --- | --- |
| Riverton | 2.1 °C | 6.0 m/s | 63.0 mm | 20 % |
| Orion | 8.3 °C | 6.2 m/s | 67.7 mm | 26 % |
| Fairview | -1.6 °C | 12.2 m/s | 86.6 mm | 44 % |
| Brookfield | 6.4 °C | 12.7 m/s | 47.4 mm | 63 % |
| Cedar | -2.3 °C | 10.6 m/s | 24.8 mm | 45 % |
| Hillcrest | 6.1 °C | 25.3 m/s | 47.4 mm | 57 % |
| Pinehurst | -3.4 °C | 11.5 m/s | 98.1 mm | 34 % |
| Lakeside | 28.1 °C | 34.1 m/s | 119.3 mm | 57 % |
| Maple | -8.6 °C | 31.5 m/s | 117.4 mm | 18 % |
| Clearwater | -4.1 °C | 16.8 m/s | 111.7 mm | 72 % |","Answer the question using the table. Return only the final answer.

Table:
| Station | Temperature | Wind speed | Rainfall | Humidity |
| --- | --- | --- | --- | --- |
| Riverton | 2.1 °C | 6.0 m/s | 63.0 mm | 20 % |
| Orion | 8.3 °C | 6.2 m/s | 67.7 mm | 26 % |
| Fairview | -1.6 °C | 12.2 m/s | 86.6 mm | 44 % |
| Brookfield | 6.4 °C | 12.7 m/s | 47.4 mm | 63 % |
| Cedar | -2.3 °C | 10.6 m/s | 24.8 mm | 45 % |
| Hillcrest | 6.1 °C | 25.3 m/s | 47.4 mm | 57 % |
| Pinehurst | -3.4 °C | 11.5 m/s | 98.1 mm | 34 % |
| Lakeside | 28.1 °C | 34.1 m/s | 119.3 mm | 57 % |
| Maple | -8.6 °C | 31.5 m/s | 117.4 mm | 18 % |
| Clearwater | -4.1 °C | 16.8 m/s | 111.7 mm | 72 % |

Question: Which station has the highest Wind speed?",Lakeside,argmax,10,Wind speed,"[{""row_index"": 0, ""column_index"": 2, ""row_identifier_column"": ""Station"", ""row_identifier_value"": ""Riverton"", ""column"": ""Wind speed"", ""raw_value"": 6.0, ""display_value"": ""6.0 m/s""}, {""row_index"": 1, ""column_index"": 2, ""row_identifier_column"": ""Station"", ""row_identifier_value"": ""Orion"", ""column"": ""Wind speed"", ""raw_value"": 6.2, ""display_value"": ""6.2 m/s""}, {""row_index"": 2, ""column_index"": 2, ""row_identifier_column"": ""Station"", ""row_identifier_value"": ""Fairview"", ""column"": ""Wind speed"", ""raw_value"": 12.2, ""display_value"": ""12.2 m/s""}, {""row_index"": 3, ""column_index"": 2, ""row_identifier_column"": ""Station"", ""row_identifier_value"": ""Brookfield"", ""column"": ""Wind speed"", ""raw_value"": 12.7, ""display_value"": ""12.7 m/s""}, {""row_index"": 4, ""column_index"": 2, ""row_identifier_column"": ""Station"", ""row_identifier_value"": ""Cedar"", ""column"": ""Wind speed"", ""raw_value"": 10.6, ""display_value"": ""10.6 m/s""}, {""row_index"": 5, ""column_index"": 2, ""row_identifier_column"": ""Station"", ""row_identifier_value"": ""Hillcrest"", ""column"": ""Wind speed"", ""raw_value"": 25.3, ""display_value"": ""25.3 m/s""}, {""row_index"": 6, ""column_index"": 2, ""row_identifier_column"": ""Station"", ""row_identifier_value"": ""Pinehurst"", ""column"": ""Wind speed"", ""raw_value"": 11.5, ""display_value"": ""11.5 m/s""}, {""row_index"": 7, ""column_index"": 2, ""row_identifier_column"": ""Station"", ""row_identifier_value"": ""Lakeside"", ""column"": ""Wind speed"", ""raw_value"": 34.1, ""display_value"": ""34.1 m/s""}, {""row_index"": 8, ""column_index"": 2, ""row_identifier_column"": ""Station"", ""row_identifier_value"": ""Maple"", ""column"": ""Wind speed"", ""raw_value"": 31.5, ""display_value"": ""31.5 m/s""}, {""row_index"": 9, ""column_index"": 2, ""row_identifier_column"": ""Station"", ""row_identifier_value"": ""Clearwater"", ""column"": ""Wind speed"", ""raw_value"": 16.8, ""display_value"": ""16.8 m/s""}]","{""target_column"": ""Wind speed"", ""column_allowed_for_operation"": true}","{""headers"": [""Station"", ""Temperature"", ""Wind speed"", ""Rainfall"", ""Humidity""], ""rows"": [[""Riverton"", ""2.1 °C"", ""6.0 m/s"", ""63.0 mm"", ""20 %""], [""Orion"", ""8.3 °C"", ""6.2 m/s"", ""67.7 mm"", ""26 %""], [""Fairview"", ""-1.6 °C"", ""12.2 m/s"", ""86.6 mm"", ""44 %""], [""Brookfield"", ""6.4 °C"", ""12.7 m/s"", ""47.4 mm"", ""63 %""], [""Cedar"", ""-2.3 °C"", ""10.6 m/s"", ""24.8 mm"", ""45 %""], [""Hillcrest"", ""6.1 °C"", ""25.3 m/s"", ""47.4 mm"", ""57 %""], [""Pinehurst"", ""-3.4 °C"", ""11.5 m/s"", ""98.1 mm"", ""34 %""], [""Lakeside"", ""28.1 °C"", ""34.1 m/s"", ""119.3 mm"", ""57 %""], [""Maple"", ""-8.6 °C"", ""31.5 m/s"", ""117.4 mm"", ""18 %""], [""Clearwater"", ""-4.1 °C"", ""16.8 m/s"", ""111.7 mm"", ""72 %""]]}"
A-L3-0162,3,column_sum,flight_measurements,What is the total Fuel across all rows?,"| Cabin pressure | Vertical speed | Pilot | Altitude | Fuel |
| --- | --- | --- | --- | --- |
| 104.0 kPa | -17.4 m/s | Julia | 9883 m | 5323 kg |
| 96.7 kPa | -18.6 m/s | Iris | 11039 m | 6682 kg |
| 72.0 kPa | 13.7 m/s | Chris | 3742 m | 4397 kg |
| 86.0 kPa | 3.5 m/s | David | 7605 m | 11541 kg |
| 99.4 kPa | -9.7 m/s | Ethan | 1430 m | 1020 kg |
| 78.7 kPa | 18.2 m/s | Noah | 5194 m | 1577 kg |
| 70.9 kPa | -15.8 m/s | Sam | 11657 m | 1346 kg |
| 90.8 kPa | -8.5 m/s | Leo | 6175 m | 7078 kg |
| 72.1 kPa | 12.3 m/s | Daniel | 6113 m | 1179 kg |
| 67.1 kPa | -2.3 m/s | Yuna | 5659 m | 4189 kg |","Answer the question using the table. Return only the final answer.

Table:
| Cabin pressure | Vertical speed | Pilot | Altitude | Fuel |
| --- | --- | --- | --- | --- |
| 104.0 kPa | -17.4 m/s | Julia | 9883 m | 5323 kg |
| 96.7 kPa | -18.6 m/s | Iris | 11039 m | 6682 kg |
| 72.0 kPa | 13.7 m/s | Chris | 3742 m | 4397 kg |
| 86.0 kPa | 3.5 m/s | David | 7605 m | 11541 kg |
| 99.4 kPa | -9.7 m/s | Ethan | 1430 m | 1020 kg |
| 78.7 kPa | 18.2 m/s | Noah | 5194 m | 1577 kg |
| 70.9 kPa | -15.8 m/s | Sam | 11657 m | 1346 kg |
| 90.8 kPa | -8.5 m/s | Leo | 6175 m | 7078 kg |
| 72.1 kPa | 12.3 m/s | Daniel | 6113 m | 1179 kg |
| 67.1 kPa | -2.3 m/s | Yuna | 5659 m | 4189 kg |

Question: What is the total Fuel across all rows?",44332 kg,sum,10,Fuel,"[{""row_index"": 0, ""column_index"": 4, ""row_identifier_column"": ""Pilot"", ""row_identifier_value"": ""Julia"", ""column"": ""Fuel"", ""raw_value"": 5323.0, ""display_value"": ""5323 kg""}, {""row_index"": 1, ""column_index"": 4, ""row_identifier_column"": ""Pilot"", ""row_identifier_value"": ""Iris"", ""column"": ""Fuel"", ""raw_value"": 6682.0, ""display_value"": ""6682 kg""}, {""row_index"": 2, ""column_index"": 4, ""row_identifier_column"": ""Pilot"", ""row_identifier_value"": ""Chris"", ""column"": ""Fuel"", ""raw_value"": 4397.0, ""display_value"": ""4397 kg""}, {""row_index"": 3, ""column_index"": 4, ""row_identifier_column"": ""Pilot"", ""row_identifier_value"": ""David"", ""column"": ""Fuel"", ""raw_value"": 11541.0, ""display_value"": ""11541 kg""}, {""row_index"": 4, ""column_index"": 4, ""row_identifier_column"": ""Pilot"", ""row_identifier_value"": ""Ethan"", ""column"": ""Fuel"", ""raw_value"": 1020.0, ""display_value"": ""1020 kg""}, {""row_index"": 5, ""column_index"": 4, ""row_identifier_column"": ""Pilot"", ""row_identifier_value"": ""Noah"", ""column"": ""Fuel"", ""raw_value"": 1577.0, ""display_value"": ""1577 kg""}, {""row_index"": 6, ""column_index"": 4, ""row_identifier_column"": ""Pilot"", ""row_identifier_value"": ""Sam"", ""column"": ""Fuel"", ""raw_value"": 1346.0, ""display_value"": ""1346 kg""}, {""row_index"": 7, ""column_index"": 4, ""row_identifier_column"": ""Pilot"", ""row_identifier_value"": ""Leo"", ""column"": ""Fuel"", ""raw_value"": 7078.0, ""display_value"": ""7078 kg""}, {""row_index"": 8, ""column_index"": 4, ""row_identifier_column"": ""Pilot"", ""row_identifier_value"": ""Daniel"", ""column"": ""Fuel"", ""raw_value"": 1179.0, ""display_value"": ""1179 kg""}, {""row_index"": 9, ""column_index"": 4, ""row_identifier_column"": ""Pilot"", ""row_identifier_value"": ""Yuna"", ""column"": ""Fuel"", ""raw_value"": 4189.0, ""display_value"": ""4189 kg""}]","{""target_column"": ""Fuel"", ""column_allowed_for_operation"": true}","{""headers"": [""Cabin pressure"", ""Vertical speed"", ""Pilot"", ""Altitude"", ""Fuel""], ""rows"": [[""104.0 kPa"", ""-17.4 m/s"", ""Julia"", ""9883 m"", ""5323 kg""], [""96.7 kPa"", ""-18.6 m/s"", ""Iris"", ""11039 m"", ""6682 kg""], [""72.0 kPa"", ""13.7 m/s"", ""Chris"", ""3742 m"", ""4397 kg""], [""86.0 kPa"", ""3.5 m/s"", ""David"", ""7605 m"", ""11541 kg""], [""99.4 kPa"", ""-9.7 m/s"", ""Ethan"", ""1430 m"", ""1020 kg""], [""78.7 kPa"", ""18.2 m/s"", ""Noah"", ""5194 m"", ""1577 kg""], [""70.9 kPa"", ""-15.8 m/s"", ""Sam"", ""11657 m"", ""1346 kg""], [""90.8 kPa"", ""-8.5 m/s"", ""Leo"", ""6175 m"", ""7078 kg""], [""72.1 kPa"", ""12.3 m/s"", ""Daniel"", ""6113 m"", ""1179 kg""], [""67.1 kPa"", ""-2.3 m/s"", ""Yuna"", ""5659 m"", ""4189 kg""]]}"
A-L3-0163,3,argmin,weather_stations,Find the station with the smallest Pressure.,"| Temperature | Station | Pressure | Rainfall | Visibility | Wind speed | Humidity |
| --- | --- | --- | --- | --- | --- | --- |
| 27.2 °C | Pinehurst | 955.7 hPa | 43.5 mm | 1.4 km | 20.1 m/s | 69 % |
| 6.9 °C | Orion | 933.8 hPa | 94.0 mm | 10.9 km | 18.3 m/s | 15 % |
| 24.2 °C | Maple | 1021.6 hPa | 21.9 mm | 20.1 km | 26.2 m/s | 47 % |
| 24.1 °C | Lakeside | 995.4 hPa | 62.3 mm | 10.5 km | 5.3 m/s | 74 % |
| 21.2 °C | Riverton | 994.2 hPa | 13.8 mm | 12.5 km | 4.7 m/s | 83 % |
| 17.8 °C | Westhaven | 1000.7 hPa | 30.8 mm | 10.4 km | 14.5 m/s | 40 % |
| 29.5 °C | Cedar | 971.6 hPa | 37.4 mm | 3.5 km | 13.0 m/s | 20 % |","Answer the question using the table. Return only the final answer.

Table:
| Temperature | Station | Pressure | Rainfall | Visibility | Wind speed | Humidity |
| --- | --- | --- | --- | --- | --- | --- |
| 27.2 °C | Pinehurst | 955.7 hPa | 43.5 mm | 1.4 km | 20.1 m/s | 69 % |
| 6.9 °C | Orion | 933.8 hPa | 94.0 mm | 10.9 km | 18.3 m/s | 15 % |
| 24.2 °C | Maple | 1021.6 hPa | 21.9 mm | 20.1 km | 26.2 m/s | 47 % |
| 24.1 °C | Lakeside | 995.4 hPa | 62.3 mm | 10.5 km | 5.3 m/s | 74 % |
| 21.2 °C | Riverton | 994.2 hPa | 13.8 mm | 12.5 km | 4.7 m/s | 83 % |
| 17.8 °C | Westhaven | 1000.7 hPa | 30.8 mm | 10.4 km | 14.5 m/s | 40 % |
| 29.5 °C | Cedar | 971.6 hPa | 37.4 mm | 3.5 km | 13.0 m/s | 20 % |

Question: Find the station with the smallest Pressure.",Orion,argmin,7,Pressure,"[{""row_index"": 0, ""column_index"": 2, ""row_identifier_column"": ""Station"", ""row_identifier_value"": ""Pinehurst"", ""column"": ""Pressure"", ""raw_value"": 955.7, ""display_value"": ""955.7 hPa""}, {""row_index"": 1, ""column_index"": 2, ""row_identifier_column"": ""Station"", ""row_identifier_value"": ""Orion"", ""column"": ""Pressure"", ""raw_value"": 933.8, ""display_value"": ""933.8 hPa""}, {""row_index"": 2, ""column_index"": 2, ""row_identifier_column"": ""Station"", ""row_identifier_value"": ""Maple"", ""column"": ""Pressure"", ""raw_value"": 1021.6, ""display_value"": ""1021.6 hPa""}, {""row_index"": 3, ""column_index"": 2, ""row_identifier_column"": ""Station"", ""row_identifier_value"": ""Lakeside"", ""column"": ""Pressure"", ""raw_value"": 995.4, ""display_value"": ""995.4 hPa""}, {""row_index"": 4, ""column_index"": 2, ""row_identifier_column"": ""Station"", ""row_identifier_value"": ""Riverton"", ""column"": ""Pressure"", ""raw_value"": 994.2, ""display_value"": ""994.2 hPa""}, {""row_index"": 5, ""column_index"": 2, ""row_identifier_column"": ""Station"", ""row_identifier_value"": ""Westhaven"", ""column"": ""Pressure"", ""raw_value"": 1000.7, ""display_value"": ""1000.7 hPa""}, {""row_index"": 6, ""column_index"": 2, ""row_identifier_column"": ""Station"", ""row_identifier_value"": ""Cedar"", ""column"": ""Pressure"", ""raw_value"": 971.6, ""display_value"": ""971.6 hPa""}]","{""target_column"": ""Pressure"", ""column_allowed_for_operation"": true}","{""headers"": [""Temperature"", ""Station"", ""Pressure"", ""Rainfall"", ""Visibility"", ""Wind speed"", ""Humidity""], ""rows"": [[""27.2 °C"", ""Pinehurst"", ""955.7 hPa"", ""43.5 mm"", ""1.4 km"", ""20.1 m/s"", ""69 %""], [""6.9 °C"", ""Orion"", ""933.8 hPa"", ""94.0 mm"", ""10.9 km"", ""18.3 m/s"", ""15 %""], [""24.2 °C"", ""Maple"", ""1021.6 hPa"", ""21.9 mm"", ""20.1 km"", ""26.2 m/s"", ""47 %""], [""24.1 °C"", ""Lakeside"", ""995.4 hPa"", ""62.3 mm"", ""10.5 km"", ""5.3 m/s"", ""74 %""], [""21.2 °C"", ""Riverton"", ""994.2 hPa"", ""13.8 mm"", ""12.5 km"", ""4.7 m/s"", ""83 %""], [""17.8 °C"", ""Westhaven"", ""1000.7 hPa"", ""30.8 mm"", ""10.4 km"", ""14.5 m/s"", ""40 %""], [""29.5 °C"", ""Cedar"", ""971.6 hPa"", ""37.4 mm"", ""3.5 km"", ""13.0 m/s"", ""20 %""]]}"
A-L3-0164,3,argmax,regional_sales,Which region has the highest Online orders?,"| Online orders | Region | Revenue | Units sold | Retail orders |
| --- | --- | --- | --- | --- |
| 3393 orders | Cedar | 497.8 kUSD | 3844 units | 1799 orders |
| 2253 orders | Westhaven | 291.3 kUSD | 3699 units | 2348 orders |
| 1558 orders | Hillcrest | 644.9 kUSD | 8393 units | 1946 orders |
| 2286 orders | Fairview | 280.5 kUSD | 4291 units | 4564 orders |
| 1682 orders | Lakeside | 109.0 kUSD | 7437 units | 693 orders |","Answer the question using the table. Return only the final answer.

Table:
| Online orders | Region | Revenue | Units sold | Retail orders |
| --- | --- | --- | --- | --- |
| 3393 orders | Cedar | 497.8 kUSD | 3844 units | 1799 orders |
| 2253 orders | Westhaven | 291.3 kUSD | 3699 units | 2348 orders |
| 1558 orders | Hillcrest | 644.9 kUSD | 8393 units | 1946 orders |
| 2286 orders | Fairview | 280.5 kUSD | 4291 units | 4564 orders |
| 1682 orders | Lakeside | 109.0 kUSD | 7437 units | 693 orders |

Question: Which region has the highest Online orders?",Cedar,argmax,5,Online orders,"[{""row_index"": 0, ""column_index"": 0, ""row_identifier_column"": ""Region"", ""row_identifier_value"": ""Cedar"", ""column"": ""Online orders"", ""raw_value"": 3393.0, ""display_value"": ""3393 orders""}, {""row_index"": 1, ""column_index"": 0, ""row_identifier_column"": ""Region"", ""row_identifier_value"": ""Westhaven"", ""column"": ""Online orders"", ""raw_value"": 2253.0, ""display_value"": ""2253 orders""}, {""row_index"": 2, ""column_index"": 0, ""row_identifier_column"": ""Region"", ""row_identifier_value"": ""Hillcrest"", ""column"": ""Online orders"", ""raw_value"": 1558.0, ""display_value"": ""1558 orders""}, {""row_index"": 3, ""column_index"": 0, ""row_identifier_column"": ""Region"", ""row_identifier_value"": ""Fairview"", ""column"": ""Online orders"", ""raw_value"": 2286.0, ""display_value"": ""2286 orders""}, {""row_index"": 4, ""column_index"": 0, ""row_identifier_column"": ""Region"", ""row_identifier_value"": ""Lakeside"", ""column"": ""Online orders"", ""raw_value"": 1682.0, ""display_value"": ""1682 orders""}]","{""target_column"": ""Online orders"", ""column_allowed_for_operation"": true}","{""headers"": [""Online orders"", ""Region"", ""Revenue"", ""Units sold"", ""Retail orders""], ""rows"": [[""3393 orders"", ""Cedar"", ""497.8 kUSD"", ""3844 units"", ""1799 orders""], [""2253 orders"", ""Westhaven"", ""291.3 kUSD"", ""3699 units"", ""2348 orders""], [""1558 orders"", ""Hillcrest"", ""644.9 kUSD"", ""8393 units"", ""1946 orders""], [""2286 orders"", ""Fairview"", ""280.5 kUSD"", ""4291 units"", ""4564 orders""], [""1682 orders"", ""Lakeside"", ""109.0 kUSD"", ""7437 units"", ""693 orders""]]}"
A-L3-0165,3,column_average,ml_benchmark,Calculate the mean Throughput of all entries in the table.,"| Energy use | Memory usage | Latency | Throughput | Model | Accuracy |
| --- | --- | --- | --- | --- | --- |
| 439.5 Wh | 10.8 GB | 110.9 ms | 99.3 req/s | Delta | 69.4 % |
| 104.9 Wh | 16.8 GB | 122.4 ms | 255.4 req/s | Quartz | 89.6 % |
| 59.5 Wh | 7.9 GB | 99.2 ms | 138.9 req/s | Helix | 70.7 % |
| 395.3 Wh | 7.8 GB | 70.0 ms | 91.4 req/s | Vertex | 92.8 % |
| 470.2 Wh | 2.4 GB | 47.3 ms | 160.8 req/s | Echo | 59.7 % |
| 37.7 Wh | 15.7 GB | 61.5 ms | 92.4 req/s | Aurora | 73.0 % |","Answer the question using the table. Return only the final answer.

Table:
| Energy use | Memory usage | Latency | Throughput | Model | Accuracy |
| --- | --- | --- | --- | --- | --- |
| 439.5 Wh | 10.8 GB | 110.9 ms | 99.3 req/s | Delta | 69.4 % |
| 104.9 Wh | 16.8 GB | 122.4 ms | 255.4 req/s | Quartz | 89.6 % |
| 59.5 Wh | 7.9 GB | 99.2 ms | 138.9 req/s | Helix | 70.7 % |
| 395.3 Wh | 7.8 GB | 70.0 ms | 91.4 req/s | Vertex | 92.8 % |
| 470.2 Wh | 2.4 GB | 47.3 ms | 160.8 req/s | Echo | 59.7 % |
| 37.7 Wh | 15.7 GB | 61.5 ms | 92.4 req/s | Aurora | 73.0 % |

Question: Calculate the mean Throughput of all entries in the table.",139.70 req/s,mean,6,Throughput,"[{""row_index"": 0, ""column_index"": 3, ""row_identifier_column"": ""Model"", ""row_identifier_value"": ""Delta"", ""column"": ""Throughput"", ""raw_value"": 99.3, ""display_value"": ""99.3 req/s""}, {""row_index"": 1, ""column_index"": 3, ""row_identifier_column"": ""Model"", ""row_identifier_value"": ""Quartz"", ""column"": ""Throughput"", ""raw_value"": 255.4, ""display_value"": ""255.4 req/s""}, {""row_index"": 2, ""column_index"": 3, ""row_identifier_column"": ""Model"", ""row_identifier_value"": ""Helix"", ""column"": ""Throughput"", ""raw_value"": 138.9, ""display_value"": ""138.9 req/s""}, {""row_index"": 3, ""column_index"": 3, ""row_identifier_column"": ""Model"", ""row_identifier_value"": ""Vertex"", ""column"": ""Throughput"", ""raw_value"": 91.4, ""display_value"": ""91.4 req/s""}, {""row_index"": 4, ""column_index"": 3, ""row_identifier_column"": ""Model"", ""row_identifier_value"": ""Echo"", ""column"": ""Throughput"", ""raw_value"": 160.8, ""display_value"": ""160.8 req/s""}, {""row_index"": 5, ""column_index"": 3, ""row_identifier_column"": ""Model"", ""row_identifier_value"": ""Aurora"", ""column"": ""Throughput"", ""raw_value"": 92.4, ""display_value"": ""92.4 req/s""}]","{""target_column"": ""Throughput"", ""column_allowed_for_operation"": true, ""answer_digits"": 2}","{""headers"": [""Energy use"", ""Memory usage"", ""Latency"", ""Throughput"", ""Model"", ""Accuracy""], ""rows"": [[""439.5 Wh"", ""10.8 GB"", ""110.9 ms"", ""99.3 req/s"", ""Delta"", ""69.4 %""], [""104.9 Wh"", ""16.8 GB"", ""122.4 ms"", ""255.4 req/s"", ""Quartz"", ""89.6 %""], [""59.5 Wh"", ""7.9 GB"", ""99.2 ms"", ""138.9 req/s"", ""Helix"", ""70.7 %""], [""395.3 Wh"", ""7.8 GB"", ""70.0 ms"", ""91.4 req/s"", ""Vertex"", ""92.8 %""], [""470.2 Wh"", ""2.4 GB"", ""47.3 ms"", ""160.8 req/s"", ""Echo"", ""59.7 %""], [""37.7 Wh"", ""15.7 GB"", ""61.5 ms"", ""92.4 req/s"", ""Aurora"", ""73.0 %""]]}"
A-L3-0166,3,argmax,sports_statistics,Find the team with the greatest Passes.,"| Team | Fouls | Shots | Goals scored | Passes |
| --- | --- | --- | --- | --- |
| Falcons | 8 fouls | 110 shots | 22 goals | 767 passes |
| Cyclones | 19 fouls | 177 shots | 60 goals | 499 passes |
| Panthers | 31 fouls | 221 shots | 20 goals | 507 passes |
| Comets | 10 fouls | 210 shots | 48 goals | 316 passes |
| Knights | 19 fouls | 193 shots | 38 goals | 861 passes |
| Bulls | 22 fouls | 204 shots | 42 goals | 858 passes |
| Sharks | 14 fouls | 142 shots | 25 goals | 297 passes |
| Wolves | 23 fouls | 219 shots | 60 goals | 839 passes |
| Hawks | 26 fouls | 41 shots | 28 goals | 244 passes |","Answer the question using the table. Return only the final answer.

Table:
| Team | Fouls | Shots | Goals scored | Passes |
| --- | --- | --- | --- | --- |
| Falcons | 8 fouls | 110 shots | 22 goals | 767 passes |
| Cyclones | 19 fouls | 177 shots | 60 goals | 499 passes |
| Panthers | 31 fouls | 221 shots | 20 goals | 507 passes |
| Comets | 10 fouls | 210 shots | 48 goals | 316 passes |
| Knights | 19 fouls | 193 shots | 38 goals | 861 passes |
| Bulls | 22 fouls | 204 shots | 42 goals | 858 passes |
| Sharks | 14 fouls | 142 shots | 25 goals | 297 passes |
| Wolves | 23 fouls | 219 shots | 60 goals | 839 passes |
| Hawks | 26 fouls | 41 shots | 28 goals | 244 passes |

Question: Find the team with the greatest Passes.",Knights,argmax,9,Passes,"[{""row_index"": 0, ""column_index"": 4, ""row_identifier_column"": ""Team"", ""row_identifier_value"": ""Falcons"", ""column"": ""Passes"", ""raw_value"": 767.0, ""display_value"": ""767 passes""}, {""row_index"": 1, ""column_index"": 4, ""row_identifier_column"": ""Team"", ""row_identifier_value"": ""Cyclones"", ""column"": ""Passes"", ""raw_value"": 499.0, ""display_value"": ""499 passes""}, {""row_index"": 2, ""column_index"": 4, ""row_identifier_column"": ""Team"", ""row_identifier_value"": ""Panthers"", ""column"": ""Passes"", ""raw_value"": 507.0, ""display_value"": ""507 passes""}, {""row_index"": 3, ""column_index"": 4, ""row_identifier_column"": ""Team"", ""row_identifier_value"": ""Comets"", ""column"": ""Passes"", ""raw_value"": 316.0, ""display_value"": ""316 passes""}, {""row_index"": 4, ""column_index"": 4, ""row_identifier_column"": ""Team"", ""row_identifier_value"": ""Knights"", ""column"": ""Passes"", ""raw_value"": 861.0, ""display_value"": ""861 passes""}, {""row_index"": 5, ""column_index"": 4, ""row_identifier_column"": ""Team"", ""row_identifier_value"": ""Bulls"", ""column"": ""Passes"", ""raw_value"": 858.0, ""display_value"": ""858 passes""}, {""row_index"": 6, ""column_index"": 4, ""row_identifier_column"": ""Team"", ""row_identifier_value"": ""Sharks"", ""column"": ""Passes"", ""raw_value"": 297.0, ""display_value"": ""297 passes""}, {""row_index"": 7, ""column_index"": 4, ""row_identifier_column"": ""Team"", ""row_identifier_value"": ""Wolves"", ""column"": ""Passes"", ""raw_value"": 839.0, ""display_value"": ""839 passes""}, {""row_index"": 8, ""column_index"": 4, ""row_identifier_column"": ""Team"", ""row_identifier_value"": ""Hawks"", ""column"": ""Passes"", ""raw_value"": 244.0, ""display_value"": ""244 passes""}]","{""target_column"": ""Passes"", ""column_allowed_for_operation"": true}","{""headers"": [""Team"", ""Fouls"", ""Shots"", ""Goals scored"", ""Passes""], ""rows"": [[""Falcons"", ""8 fouls"", ""110 shots"", ""22 goals"", ""767 passes""], [""Cyclones"", ""19 fouls"", ""177 shots"", ""60 goals"", ""499 passes""], [""Panthers"", ""31 fouls"", ""221 shots"", ""20 goals"", ""507 passes""], [""Comets"", ""10 fouls"", ""210 shots"", ""48 goals"", ""316 passes""], [""Knights"", ""19 fouls"", ""193 shots"", ""38 goals"", ""861 passes""], [""Bulls"", ""22 fouls"", ""204 shots"", ""42 goals"", ""858 passes""], [""Sharks"", ""14 fouls"", ""142 shots"", ""25 goals"", ""297 passes""], [""Wolves"", ""23 fouls"", ""219 shots"", ""60 goals"", ""839 passes""], [""Hawks"", ""26 fouls"", ""41 shots"", ""28 goals"", ""244 passes""]]}"
A-L3-0167,3,column_average,lab_measurements,Calculate the mean Temperature of all entries in the table.,"| Sample | Temperature | Conductivity | Density | Volume |
| --- | --- | --- | --- | --- |
| Sample-F | 92.2 °C | 24.50 mS/cm | 2.31 g/mL | 18.5 mL |
| Sample-G | 76.8 °C | 20.53 mS/cm | 2.17 g/mL | 219.3 mL |
| Sample-A | 29.2 °C | 20.73 mS/cm | 0.82 g/mL | 255.0 mL |
| Sample-B | 7.3 °C | 18.85 mS/cm | 2.74 g/mL | 286.2 mL |
| Sample-K | 33.8 °C | 14.31 mS/cm | 2.84 g/mL | 260.3 mL |
| Sample-H | 59.3 °C | 14.27 mS/cm | 3.19 g/mL | 193.1 mL |
| Sample-L | 67.0 °C | 10.68 mS/cm | 3.19 g/mL | 21.3 mL |
| Sample-J | 48.5 °C | 12.54 mS/cm | 0.99 g/mL | 259.3 mL |
| Sample-I | 40.0 °C | 10.73 mS/cm | 3.42 g/mL | 226.2 mL |
| Sample-E | 45.7 °C | 17.97 mS/cm | 3.45 g/mL | 254.7 mL |","Answer the question using the table. Return only the final answer.

Table:
| Sample | Temperature | Conductivity | Density | Volume |
| --- | --- | --- | --- | --- |
| Sample-F | 92.2 °C | 24.50 mS/cm | 2.31 g/mL | 18.5 mL |
| Sample-G | 76.8 °C | 20.53 mS/cm | 2.17 g/mL | 219.3 mL |
| Sample-A | 29.2 °C | 20.73 mS/cm | 0.82 g/mL | 255.0 mL |
| Sample-B | 7.3 °C | 18.85 mS/cm | 2.74 g/mL | 286.2 mL |
| Sample-K | 33.8 °C | 14.31 mS/cm | 2.84 g/mL | 260.3 mL |
| Sample-H | 59.3 °C | 14.27 mS/cm | 3.19 g/mL | 193.1 mL |
| Sample-L | 67.0 °C | 10.68 mS/cm | 3.19 g/mL | 21.3 mL |
| Sample-J | 48.5 °C | 12.54 mS/cm | 0.99 g/mL | 259.3 mL |
| Sample-I | 40.0 °C | 10.73 mS/cm | 3.42 g/mL | 226.2 mL |
| Sample-E | 45.7 °C | 17.97 mS/cm | 3.45 g/mL | 254.7 mL |

Question: Calculate the mean Temperature of all entries in the table.",49.98 °C,mean,10,Temperature,"[{""row_index"": 0, ""column_index"": 1, ""row_identifier_column"": ""Sample"", ""row_identifier_value"": ""Sample-F"", ""column"": ""Temperature"", ""raw_value"": 92.2, ""display_value"": ""92.2 °C""}, {""row_index"": 1, ""column_index"": 1, ""row_identifier_column"": ""Sample"", ""row_identifier_value"": ""Sample-G"", ""column"": ""Temperature"", ""raw_value"": 76.8, ""display_value"": ""76.8 °C""}, {""row_index"": 2, ""column_index"": 1, ""row_identifier_column"": ""Sample"", ""row_identifier_value"": ""Sample-A"", ""column"": ""Temperature"", ""raw_value"": 29.2, ""display_value"": ""29.2 °C""}, {""row_index"": 3, ""column_index"": 1, ""row_identifier_column"": ""Sample"", ""row_identifier_value"": ""Sample-B"", ""column"": ""Temperature"", ""raw_value"": 7.3, ""display_value"": ""7.3 °C""}, {""row_index"": 4, ""column_index"": 1, ""row_identifier_column"": ""Sample"", ""row_identifier_value"": ""Sample-K"", ""column"": ""Temperature"", ""raw_value"": 33.8, ""display_value"": ""33.8 °C""}, {""row_index"": 5, ""column_index"": 1, ""row_identifier_column"": ""Sample"", ""row_identifier_value"": ""Sample-H"", ""column"": ""Temperature"", ""raw_value"": 59.3, ""display_value"": ""59.3 °C""}, {""row_index"": 6, ""column_index"": 1, ""row_identifier_column"": ""Sample"", ""row_identifier_value"": ""Sample-L"", ""column"": ""Temperature"", ""raw_value"": 67.0, ""display_value"": ""67.0 °C""}, {""row_index"": 7, ""column_index"": 1, ""row_identifier_column"": ""Sample"", ""row_identifier_value"": ""Sample-J"", ""column"": ""Temperature"", ""raw_value"": 48.5, ""display_value"": ""48.5 °C""}, {""row_index"": 8, ""column_index"": 1, ""row_identifier_column"": ""Sample"", ""row_identifier_value"": ""Sample-I"", ""column"": ""Temperature"", ""raw_value"": 40.0, ""display_value"": ""40.0 °C""}, {""row_index"": 9, ""column_index"": 1, ""row_identifier_column"": ""Sample"", ""row_identifier_value"": ""Sample-E"", ""column"": ""Temperature"", ""raw_value"": 45.7, ""display_value"": ""45.7 °C""}]","{""target_column"": ""Temperature"", ""column_allowed_for_operation"": true, ""answer_digits"": 2}","{""headers"": [""Sample"", ""Temperature"", ""Conductivity"", ""Density"", ""Volume""], ""rows"": [[""Sample-F"", ""92.2 °C"", ""24.50 mS/cm"", ""2.31 g/mL"", ""18.5 mL""], [""Sample-G"", ""76.8 °C"", ""20.53 mS/cm"", ""2.17 g/mL"", ""219.3 mL""], [""Sample-A"", ""29.2 °C"", ""20.73 mS/cm"", ""0.82 g/mL"", ""255.0 mL""], [""Sample-B"", ""7.3 °C"", ""18.85 mS/cm"", ""2.74 g/mL"", ""286.2 mL""], [""Sample-K"", ""33.8 °C"", ""14.31 mS/cm"", ""2.84 g/mL"", ""260.3 mL""], [""Sample-H"", ""59.3 °C"", ""14.27 mS/cm"", ""3.19 g/mL"", ""193.1 mL""], [""Sample-L"", ""67.0 °C"", ""10.68 mS/cm"", ""3.19 g/mL"", ""21.3 mL""], [""Sample-J"", ""48.5 °C"", ""12.54 mS/cm"", ""0.99 g/mL"", ""259.3 mL""], [""Sample-I"", ""40.0 °C"", ""10.73 mS/cm"", ""3.42 g/mL"", ""226.2 mL""], [""Sample-E"", ""45.7 °C"", ""17.97 mS/cm"", ""3.45 g/mL"", ""254.7 mL""]]}"
A-L3-0168,3,argmax,weather_stations,Which station has the highest Wind speed?,"| Station | Temperature | Wind speed | Pressure | Humidity | Rainfall | Visibility |
| --- | --- | --- | --- | --- | --- | --- |
| Pinehurst | -0.6 °C | 23.2 m/s | 971.6 hPa | 58 % | 21.2 mm | 5.9 km |
| Riverton | 33.1 °C | 12.7 m/s | 1034.9 hPa | 76 % | 108.1 mm | 0.5 km |
| Clearwater | -2.5 °C | 15.3 m/s | 967.4 hPa | 82 % | 22.1 mm | 2.6 km |
| Cedar | 3.6 °C | 3.3 m/s | 999.5 hPa | 71 % | 45.4 mm | 27.4 km |
| Fairview | 39.7 °C | 12.4 m/s | 976.4 hPa | 91 % | 111.2 mm | 3.5 km |
| Orion | 29.0 °C | 10.0 m/s | 999.7 hPa | 40 % | 2.4 mm | 14.4 km |
| Oakridge | 15.0 °C | 16.3 m/s | 974.3 hPa | 19 % | 70.4 mm | 16.7 km |
| Hillcrest | -3.4 °C | 21.2 m/s | 940.5 hPa | 97 % | 76.5 mm | 16.7 km |","Answer the question using the table. Return only the final answer.

Table:
| Station | Temperature | Wind speed | Pressure | Humidity | Rainfall | Visibility |
| --- | --- | --- | --- | --- | --- | --- |
| Pinehurst | -0.6 °C | 23.2 m/s | 971.6 hPa | 58 % | 21.2 mm | 5.9 km |
| Riverton | 33.1 °C | 12.7 m/s | 1034.9 hPa | 76 % | 108.1 mm | 0.5 km |
| Clearwater | -2.5 °C | 15.3 m/s | 967.4 hPa | 82 % | 22.1 mm | 2.6 km |
| Cedar | 3.6 °C | 3.3 m/s | 999.5 hPa | 71 % | 45.4 mm | 27.4 km |
| Fairview | 39.7 °C | 12.4 m/s | 976.4 hPa | 91 % | 111.2 mm | 3.5 km |
| Orion | 29.0 °C | 10.0 m/s | 999.7 hPa | 40 % | 2.4 mm | 14.4 km |
| Oakridge | 15.0 °C | 16.3 m/s | 974.3 hPa | 19 % | 70.4 mm | 16.7 km |
| Hillcrest | -3.4 °C | 21.2 m/s | 940.5 hPa | 97 % | 76.5 mm | 16.7 km |

Question: Which station has the highest Wind speed?",Pinehurst,argmax,8,Wind speed,"[{""row_index"": 0, ""column_index"": 2, ""row_identifier_column"": ""Station"", ""row_identifier_value"": ""Pinehurst"", ""column"": ""Wind speed"", ""raw_value"": 23.2, ""display_value"": ""23.2 m/s""}, {""row_index"": 1, ""column_index"": 2, ""row_identifier_column"": ""Station"", ""row_identifier_value"": ""Riverton"", ""column"": ""Wind speed"", ""raw_value"": 12.7, ""display_value"": ""12.7 m/s""}, {""row_index"": 2, ""column_index"": 2, ""row_identifier_column"": ""Station"", ""row_identifier_value"": ""Clearwater"", ""column"": ""Wind speed"", ""raw_value"": 15.3, ""display_value"": ""15.3 m/s""}, {""row_index"": 3, ""column_index"": 2, ""row_identifier_column"": ""Station"", ""row_identifier_value"": ""Cedar"", ""column"": ""Wind speed"", ""raw_value"": 3.3, ""display_value"": ""3.3 m/s""}, {""row_index"": 4, ""column_index"": 2, ""row_identifier_column"": ""Station"", ""row_identifier_value"": ""Fairview"", ""column"": ""Wind speed"", ""raw_value"": 12.4, ""display_value"": ""12.4 m/s""}, {""row_index"": 5, ""column_index"": 2, ""row_identifier_column"": ""Station"", ""row_identifier_value"": ""Orion"", ""column"": ""Wind speed"", ""raw_value"": 10.0, ""display_value"": ""10.0 m/s""}, {""row_index"": 6, ""column_index"": 2, ""row_identifier_column"": ""Station"", ""row_identifier_value"": ""Oakridge"", ""column"": ""Wind speed"", ""raw_value"": 16.3, ""display_value"": ""16.3 m/s""}, {""row_index"": 7, ""column_index"": 2, ""row_identifier_column"": ""Station"", ""row_identifier_value"": ""Hillcrest"", ""column"": ""Wind speed"", ""raw_value"": 21.2, ""display_value"": ""21.2 m/s""}]","{""target_column"": ""Wind speed"", ""column_allowed_for_operation"": true}","{""headers"": [""Station"", ""Temperature"", ""Wind speed"", ""Pressure"", ""Humidity"", ""Rainfall"", ""Visibility""], ""rows"": [[""Pinehurst"", ""-0.6 °C"", ""23.2 m/s"", ""971.6 hPa"", ""58 %"", ""21.2 mm"", ""5.9 km""], [""Riverton"", ""33.1 °C"", ""12.7 m/s"", ""1034.9 hPa"", ""76 %"", ""108.1 mm"", ""0.5 km""], [""Clearwater"", ""-2.5 °C"", ""15.3 m/s"", ""967.4 hPa"", ""82 %"", ""22.1 mm"", ""2.6 km""], [""Cedar"", ""3.6 °C"", ""3.3 m/s"", ""999.5 hPa"", ""71 %"", ""45.4 mm"", ""27.4 km""], [""Fairview"", ""39.7 °C"", ""12.4 m/s"", ""976.4 hPa"", ""91 %"", ""111.2 mm"", ""3.5 km""], [""Orion"", ""29.0 °C"", ""10.0 m/s"", ""999.7 hPa"", ""40 %"", ""2.4 mm"", ""14.4 km""], [""Oakridge"", ""15.0 °C"", ""16.3 m/s"", ""974.3 hPa"", ""19 %"", ""70.4 mm"", ""16.7 km""], [""Hillcrest"", ""-3.4 °C"", ""21.2 m/s"", ""940.5 hPa"", ""97 %"", ""76.5 mm"", ""16.7 km""]]}"
A-L3-0169,3,count_condition,battery_tests,Count the rows where Capacity is greater than 4573.00 mAh.,"| Temperature | Capacity | Charge cycles | Cell | Internal resistance |
| --- | --- | --- | --- | --- |
| 53.9 °C | 4199 mAh | 985 cycles | Cell-B2 | 149.0 mΩ |
| 19.6 °C | 2985 mAh | 779 cycles | Cell-A1 | 124.5 mΩ |
| 51.7 °C | 4947 mAh | 1244 cycles | Cell-E1 | 147.7 mΩ |
| 29.5 °C | 5278 mAh | 283 cycles | Cell-E2 | 93.6 mΩ |
| 30.5 °C | 2330 mAh | 588 cycles | Cell-D2 | 62.7 mΩ |
| 44.1 °C | 2353 mAh | 710 cycles | Cell-C1 | 110.2 mΩ |
| 49.9 °C | 3707 mAh | 726 cycles | Cell-F1 | 37.3 mΩ |","Answer the question using the table. Return only the final answer.

Table:
| Temperature | Capacity | Charge cycles | Cell | Internal resistance |
| --- | --- | --- | --- | --- |
| 53.9 °C | 4199 mAh | 985 cycles | Cell-B2 | 149.0 mΩ |
| 19.6 °C | 2985 mAh | 779 cycles | Cell-A1 | 124.5 mΩ |
| 51.7 °C | 4947 mAh | 1244 cycles | Cell-E1 | 147.7 mΩ |
| 29.5 °C | 5278 mAh | 283 cycles | Cell-E2 | 93.6 mΩ |
| 30.5 °C | 2330 mAh | 588 cycles | Cell-D2 | 62.7 mΩ |
| 44.1 °C | 2353 mAh | 710 cycles | Cell-C1 | 110.2 mΩ |
| 49.9 °C | 3707 mAh | 726 cycles | Cell-F1 | 37.3 mΩ |

Question: Count the rows where Capacity is greater than 4573.00 mAh.",2,count_condition,7,Capacity,"[{""row_index"": 0, ""column_index"": 1, ""row_identifier_column"": ""Cell"", ""row_identifier_value"": ""Cell-B2"", ""column"": ""Capacity"", ""raw_value"": 4199.0, ""display_value"": ""4199 mAh""}, {""row_index"": 1, ""column_index"": 1, ""row_identifier_column"": ""Cell"", ""row_identifier_value"": ""Cell-A1"", ""column"": ""Capacity"", ""raw_value"": 2985.0, ""display_value"": ""2985 mAh""}, {""row_index"": 2, ""column_index"": 1, ""row_identifier_column"": ""Cell"", ""row_identifier_value"": ""Cell-E1"", ""column"": ""Capacity"", ""raw_value"": 4947.0, ""display_value"": ""4947 mAh""}, {""row_index"": 3, ""column_index"": 1, ""row_identifier_column"": ""Cell"", ""row_identifier_value"": ""Cell-E2"", ""column"": ""Capacity"", ""raw_value"": 5278.0, ""display_value"": ""5278 mAh""}, {""row_index"": 4, ""column_index"": 1, ""row_identifier_column"": ""Cell"", ""row_identifier_value"": ""Cell-D2"", ""column"": ""Capacity"", ""raw_value"": 2330.0, ""display_value"": ""2330 mAh""}, {""row_index"": 5, ""column_index"": 1, ""row_identifier_column"": ""Cell"", ""row_identifier_value"": ""Cell-C1"", ""column"": ""Capacity"", ""raw_value"": 2353.0, ""display_value"": ""2353 mAh""}, {""row_index"": 6, ""column_index"": 1, ""row_identifier_column"": ""Cell"", ""row_identifier_value"": ""Cell-F1"", ""column"": ""Capacity"", ""raw_value"": 3707.0, ""display_value"": ""3707 mAh""}]","{""target_column"": ""Capacity"", ""column_allowed_for_operation"": true, ""comparison"": ""greater_than"", ""threshold_raw"": 4573.0, ""threshold_display"": ""4573.00 mAh""}","{""headers"": [""Temperature"", ""Capacity"", ""Charge cycles"", ""Cell"", ""Internal resistance""], ""rows"": [[""53.9 °C"", ""4199 mAh"", ""985 cycles"", ""Cell-B2"", ""149.0 mΩ""], [""19.6 °C"", ""2985 mAh"", ""779 cycles"", ""Cell-A1"", ""124.5 mΩ""], [""51.7 °C"", ""4947 mAh"", ""1244 cycles"", ""Cell-E1"", ""147.7 mΩ""], [""29.5 °C"", ""5278 mAh"", ""283 cycles"", ""Cell-E2"", ""93.6 mΩ""], [""30.5 °C"", ""2330 mAh"", ""588 cycles"", ""Cell-D2"", ""62.7 mΩ""], [""44.1 °C"", ""2353 mAh"", ""710 cycles"", ""Cell-C1"", ""110.2 mΩ""], [""49.9 °C"", ""3707 mAh"", ""726 cycles"", ""Cell-F1"", ""37.3 mΩ""]]}"
A-L3-0170,3,column_average,race_telemetry,Calculate the mean Top speed of all entries in the table.,"| Top speed | Pit time | Fuel remaining | Driver | Lap time | Brake temperature |
| --- | --- | --- | --- | --- | --- |
| 333.9 km/h | 15.95 s | 31.0 L | Leo | 88.51 s | 550 °C |
| 243.5 km/h | 1.47 s | 61.9 L | Alex | 123.71 s | 281 °C |
| 170.5 km/h | 19.46 s | 81.9 L | Emma | 127.41 s | 749 °C |
| 260.3 km/h | 11.30 s | 19.3 L | Noah | 138.40 s | 874 °C |
| 348.0 km/h | 15.07 s | 61.9 L | Jisoo | 149.38 s | 282 °C |
| 241.8 km/h | 31.86 s | 12.0 L | Sofia | 142.34 s | 816 °C |","Answer the question using the table. Return only the final answer.

Table:
| Top speed | Pit time | Fuel remaining | Driver | Lap time | Brake temperature |
| --- | --- | --- | --- | --- | --- |
| 333.9 km/h | 15.95 s | 31.0 L | Leo | 88.51 s | 550 °C |
| 243.5 km/h | 1.47 s | 61.9 L | Alex | 123.71 s | 281 °C |
| 170.5 km/h | 19.46 s | 81.9 L | Emma | 127.41 s | 749 °C |
| 260.3 km/h | 11.30 s | 19.3 L | Noah | 138.40 s | 874 °C |
| 348.0 km/h | 15.07 s | 61.9 L | Jisoo | 149.38 s | 282 °C |
| 241.8 km/h | 31.86 s | 12.0 L | Sofia | 142.34 s | 816 °C |

Question: Calculate the mean Top speed of all entries in the table.",266.33 km/h,mean,6,Top speed,"[{""row_index"": 0, ""column_index"": 0, ""row_identifier_column"": ""Driver"", ""row_identifier_value"": ""Leo"", ""column"": ""Top speed"", ""raw_value"": 333.9, ""display_value"": ""333.9 km/h""}, {""row_index"": 1, ""column_index"": 0, ""row_identifier_column"": ""Driver"", ""row_identifier_value"": ""Alex"", ""column"": ""Top speed"", ""raw_value"": 243.5, ""display_value"": ""243.5 km/h""}, {""row_index"": 2, ""column_index"": 0, ""row_identifier_column"": ""Driver"", ""row_identifier_value"": ""Emma"", ""column"": ""Top speed"", ""raw_value"": 170.5, ""display_value"": ""170.5 km/h""}, {""row_index"": 3, ""column_index"": 0, ""row_identifier_column"": ""Driver"", ""row_identifier_value"": ""Noah"", ""column"": ""Top speed"", ""raw_value"": 260.3, ""display_value"": ""260.3 km/h""}, {""row_index"": 4, ""column_index"": 0, ""row_identifier_column"": ""Driver"", ""row_identifier_value"": ""Jisoo"", ""column"": ""Top speed"", ""raw_value"": 348.0, ""display_value"": ""348.0 km/h""}, {""row_index"": 5, ""column_index"": 0, ""row_identifier_column"": ""Driver"", ""row_identifier_value"": ""Sofia"", ""column"": ""Top speed"", ""raw_value"": 241.8, ""display_value"": ""241.8 km/h""}]","{""target_column"": ""Top speed"", ""column_allowed_for_operation"": true, ""answer_digits"": 2}","{""headers"": [""Top speed"", ""Pit time"", ""Fuel remaining"", ""Driver"", ""Lap time"", ""Brake temperature""], ""rows"": [[""333.9 km/h"", ""15.95 s"", ""31.0 L"", ""Leo"", ""88.51 s"", ""550 °C""], [""243.5 km/h"", ""1.47 s"", ""61.9 L"", ""Alex"", ""123.71 s"", ""281 °C""], [""170.5 km/h"", ""19.46 s"", ""81.9 L"", ""Emma"", ""127.41 s"", ""749 °C""], [""260.3 km/h"", ""11.30 s"", ""19.3 L"", ""Noah"", ""138.40 s"", ""874 °C""], [""348.0 km/h"", ""15.07 s"", ""61.9 L"", ""Jisoo"", ""149.38 s"", ""282 °C""], [""241.8 km/h"", ""31.86 s"", ""12.0 L"", ""Sofia"", ""142.34 s"", ""816 °C""]]}"
A-L3-0171,3,argmin,regional_sales,Which region has the lowest Retail orders?,"| Units sold | Retail orders | Ad spend | Returns | Region | Revenue | Online orders |
| --- | --- | --- | --- | --- | --- | --- |
| 7189 units | 3693 orders | 75.8 kUSD | 186 units | Hillcrest | 757.1 kUSD | 4624 orders |
| 6728 units | 2223 orders | 70.0 kUSD | 222 units | Clearwater | 287.3 kUSD | 3480 orders |
| 5090 units | 1956 orders | 180.1 kUSD | 103 units | Riverton | 338.3 kUSD | 4218 orders |
| 6615 units | 1412 orders | 103.2 kUSD | 79 units | Maple | 887.7 kUSD | 4099 orders |
| 2229 units | 726 orders | 212.1 kUSD | 454 units | Brookfield | 816.2 kUSD | 2303 orders |
| 232 units | 3825 orders | 246.1 kUSD | 441 units | Cedar | 199.0 kUSD | 4618 orders |
| 2320 units | 3957 orders | 212.8 kUSD | 408 units | Fairview | 351.0 kUSD | 3067 orders |","Answer the question using the table. Return only the final answer.

Table:
| Units sold | Retail orders | Ad spend | Returns | Region | Revenue | Online orders |
| --- | --- | --- | --- | --- | --- | --- |
| 7189 units | 3693 orders | 75.8 kUSD | 186 units | Hillcrest | 757.1 kUSD | 4624 orders |
| 6728 units | 2223 orders | 70.0 kUSD | 222 units | Clearwater | 287.3 kUSD | 3480 orders |
| 5090 units | 1956 orders | 180.1 kUSD | 103 units | Riverton | 338.3 kUSD | 4218 orders |
| 6615 units | 1412 orders | 103.2 kUSD | 79 units | Maple | 887.7 kUSD | 4099 orders |
| 2229 units | 726 orders | 212.1 kUSD | 454 units | Brookfield | 816.2 kUSD | 2303 orders |
| 232 units | 3825 orders | 246.1 kUSD | 441 units | Cedar | 199.0 kUSD | 4618 orders |
| 2320 units | 3957 orders | 212.8 kUSD | 408 units | Fairview | 351.0 kUSD | 3067 orders |

Question: Which region has the lowest Retail orders?",Brookfield,argmin,7,Retail orders,"[{""row_index"": 0, ""column_index"": 1, ""row_identifier_column"": ""Region"", ""row_identifier_value"": ""Hillcrest"", ""column"": ""Retail orders"", ""raw_value"": 3693.0, ""display_value"": ""3693 orders""}, {""row_index"": 1, ""column_index"": 1, ""row_identifier_column"": ""Region"", ""row_identifier_value"": ""Clearwater"", ""column"": ""Retail orders"", ""raw_value"": 2223.0, ""display_value"": ""2223 orders""}, {""row_index"": 2, ""column_index"": 1, ""row_identifier_column"": ""Region"", ""row_identifier_value"": ""Riverton"", ""column"": ""Retail orders"", ""raw_value"": 1956.0, ""display_value"": ""1956 orders""}, {""row_index"": 3, ""column_index"": 1, ""row_identifier_column"": ""Region"", ""row_identifier_value"": ""Maple"", ""column"": ""Retail orders"", ""raw_value"": 1412.0, ""display_value"": ""1412 orders""}, {""row_index"": 4, ""column_index"": 1, ""row_identifier_column"": ""Region"", ""row_identifier_value"": ""Brookfield"", ""column"": ""Retail orders"", ""raw_value"": 726.0, ""display_value"": ""726 orders""}, {""row_index"": 5, ""column_index"": 1, ""row_identifier_column"": ""Region"", ""row_identifier_value"": ""Cedar"", ""column"": ""Retail orders"", ""raw_value"": 3825.0, ""display_value"": ""3825 orders""}, {""row_index"": 6, ""column_index"": 1, ""row_identifier_column"": ""Region"", ""row_identifier_value"": ""Fairview"", ""column"": ""Retail orders"", ""raw_value"": 3957.0, ""display_value"": ""3957 orders""}]","{""target_column"": ""Retail orders"", ""column_allowed_for_operation"": true}","{""headers"": [""Units sold"", ""Retail orders"", ""Ad spend"", ""Returns"", ""Region"", ""Revenue"", ""Online orders""], ""rows"": [[""7189 units"", ""3693 orders"", ""75.8 kUSD"", ""186 units"", ""Hillcrest"", ""757.1 kUSD"", ""4624 orders""], [""6728 units"", ""2223 orders"", ""70.0 kUSD"", ""222 units"", ""Clearwater"", ""287.3 kUSD"", ""3480 orders""], [""5090 units"", ""1956 orders"", ""180.1 kUSD"", ""103 units"", ""Riverton"", ""338.3 kUSD"", ""4218 orders""], [""6615 units"", ""1412 orders"", ""103.2 kUSD"", ""79 units"", ""Maple"", ""887.7 kUSD"", ""4099 orders""], [""2229 units"", ""726 orders"", ""212.1 kUSD"", ""454 units"", ""Brookfield"", ""816.2 kUSD"", ""2303 orders""], [""232 units"", ""3825 orders"", ""246.1 kUSD"", ""441 units"", ""Cedar"", ""199.0 kUSD"", ""4618 orders""], [""2320 units"", ""3957 orders"", ""212.8 kUSD"", ""408 units"", ""Fairview"", ""351.0 kUSD"", ""3067 orders""]]}"
A-L3-0172,3,column_sum,sports_statistics,Add all values in the Points column. What is the total?,"| Points | Goals scored | Team | Fouls | Possession |
| --- | --- | --- | --- | --- |
| 106 points | 47 goals | Bulls | 7 fouls | 55.0 % |
| 114 points | 91 goals | Knights | 31 fouls | 38.0 % |
| 20 points | 44 goals | Tigers | 14 fouls | 54.8 % |
| 22 points | 20 goals | Sharks | 7 fouls | 69.7 % |
| 33 points | 87 goals | Falcons | 28 fouls | 34.4 % |
| 93 points | 95 goals | Wolves | 31 fouls | 54.5 % |","Answer the question using the table. Return only the final answer.

Table:
| Points | Goals scored | Team | Fouls | Possession |
| --- | --- | --- | --- | --- |
| 106 points | 47 goals | Bulls | 7 fouls | 55.0 % |
| 114 points | 91 goals | Knights | 31 fouls | 38.0 % |
| 20 points | 44 goals | Tigers | 14 fouls | 54.8 % |
| 22 points | 20 goals | Sharks | 7 fouls | 69.7 % |
| 33 points | 87 goals | Falcons | 28 fouls | 34.4 % |
| 93 points | 95 goals | Wolves | 31 fouls | 54.5 % |

Question: Add all values in the Points column. What is the total?",388 points,sum,6,Points,"[{""row_index"": 0, ""column_index"": 0, ""row_identifier_column"": ""Team"", ""row_identifier_value"": ""Bulls"", ""column"": ""Points"", ""raw_value"": 106.0, ""display_value"": ""106 points""}, {""row_index"": 1, ""column_index"": 0, ""row_identifier_column"": ""Team"", ""row_identifier_value"": ""Knights"", ""column"": ""Points"", ""raw_value"": 114.0, ""display_value"": ""114 points""}, {""row_index"": 2, ""column_index"": 0, ""row_identifier_column"": ""Team"", ""row_identifier_value"": ""Tigers"", ""column"": ""Points"", ""raw_value"": 20.0, ""display_value"": ""20 points""}, {""row_index"": 3, ""column_index"": 0, ""row_identifier_column"": ""Team"", ""row_identifier_value"": ""Sharks"", ""column"": ""Points"", ""raw_value"": 22.0, ""display_value"": ""22 points""}, {""row_index"": 4, ""column_index"": 0, ""row_identifier_column"": ""Team"", ""row_identifier_value"": ""Falcons"", ""column"": ""Points"", ""raw_value"": 33.0, ""display_value"": ""33 points""}, {""row_index"": 5, ""column_index"": 0, ""row_identifier_column"": ""Team"", ""row_identifier_value"": ""Wolves"", ""column"": ""Points"", ""raw_value"": 93.0, ""display_value"": ""93 points""}]","{""target_column"": ""Points"", ""column_allowed_for_operation"": true}","{""headers"": [""Points"", ""Goals scored"", ""Team"", ""Fouls"", ""Possession""], ""rows"": [[""106 points"", ""47 goals"", ""Bulls"", ""7 fouls"", ""55.0 %""], [""114 points"", ""91 goals"", ""Knights"", ""31 fouls"", ""38.0 %""], [""20 points"", ""44 goals"", ""Tigers"", ""14 fouls"", ""54.8 %""], [""22 points"", ""20 goals"", ""Sharks"", ""7 fouls"", ""69.7 %""], [""33 points"", ""87 goals"", ""Falcons"", ""28 fouls"", ""34.4 %""], [""93 points"", ""95 goals"", ""Wolves"", ""31 fouls"", ""54.5 %""]]}"
A-L3-0173,3,argmax,regional_sales,Find the region with the greatest Ad spend.,"| Online orders | Region | Retail orders | Units sold | Ad spend |
| --- | --- | --- | --- | --- |
| 3731 orders | Brookfield | 3375 orders | 4189 units | 231.5 kUSD |
| 1759 orders | Fairview | 1804 orders | 961 units | 42.7 kUSD |
| 1496 orders | Orion | 3538 orders | 4476 units | 244.1 kUSD |
| 1905 orders | Westhaven | 4055 orders | 5746 units | 40.5 kUSD |
| 4798 orders | Pinehurst | 92 orders | 8064 units | 42.7 kUSD |
| 224 orders | Cedar | 1834 orders | 884 units | 233.0 kUSD |
| 4242 orders | Lakeside | 4255 orders | 3149 units | 23.6 kUSD |
| 2379 orders | Oakridge | 2240 orders | 375 units | 26.8 kUSD |
| 4935 orders | Clearwater | 1697 orders | 2623 units | 249.0 kUSD |
| 456 orders | Maple | 1539 orders | 8562 units | 139.5 kUSD |","Answer the question using the table. Return only the final answer.

Table:
| Online orders | Region | Retail orders | Units sold | Ad spend |
| --- | --- | --- | --- | --- |
| 3731 orders | Brookfield | 3375 orders | 4189 units | 231.5 kUSD |
| 1759 orders | Fairview | 1804 orders | 961 units | 42.7 kUSD |
| 1496 orders | Orion | 3538 orders | 4476 units | 244.1 kUSD |
| 1905 orders | Westhaven | 4055 orders | 5746 units | 40.5 kUSD |
| 4798 orders | Pinehurst | 92 orders | 8064 units | 42.7 kUSD |
| 224 orders | Cedar | 1834 orders | 884 units | 233.0 kUSD |
| 4242 orders | Lakeside | 4255 orders | 3149 units | 23.6 kUSD |
| 2379 orders | Oakridge | 2240 orders | 375 units | 26.8 kUSD |
| 4935 orders | Clearwater | 1697 orders | 2623 units | 249.0 kUSD |
| 456 orders | Maple | 1539 orders | 8562 units | 139.5 kUSD |

Question: Find the region with the greatest Ad spend.",Clearwater,argmax,10,Ad spend,"[{""row_index"": 0, ""column_index"": 4, ""row_identifier_column"": ""Region"", ""row_identifier_value"": ""Brookfield"", ""column"": ""Ad spend"", ""raw_value"": 231.5, ""display_value"": ""231.5 kUSD""}, {""row_index"": 1, ""column_index"": 4, ""row_identifier_column"": ""Region"", ""row_identifier_value"": ""Fairview"", ""column"": ""Ad spend"", ""raw_value"": 42.7, ""display_value"": ""42.7 kUSD""}, {""row_index"": 2, ""column_index"": 4, ""row_identifier_column"": ""Region"", ""row_identifier_value"": ""Orion"", ""column"": ""Ad spend"", ""raw_value"": 244.1, ""display_value"": ""244.1 kUSD""}, {""row_index"": 3, ""column_index"": 4, ""row_identifier_column"": ""Region"", ""row_identifier_value"": ""Westhaven"", ""column"": ""Ad spend"", ""raw_value"": 40.5, ""display_value"": ""40.5 kUSD""}, {""row_index"": 4, ""column_index"": 4, ""row_identifier_column"": ""Region"", ""row_identifier_value"": ""Pinehurst"", ""column"": ""Ad spend"", ""raw_value"": 42.7, ""display_value"": ""42.7 kUSD""}, {""row_index"": 5, ""column_index"": 4, ""row_identifier_column"": ""Region"", ""row_identifier_value"": ""Cedar"", ""column"": ""Ad spend"", ""raw_value"": 233.0, ""display_value"": ""233.0 kUSD""}, {""row_index"": 6, ""column_index"": 4, ""row_identifier_column"": ""Region"", ""row_identifier_value"": ""Lakeside"", ""column"": ""Ad spend"", ""raw_value"": 23.6, ""display_value"": ""23.6 kUSD""}, {""row_index"": 7, ""column_index"": 4, ""row_identifier_column"": ""Region"", ""row_identifier_value"": ""Oakridge"", ""column"": ""Ad spend"", ""raw_value"": 26.8, ""display_value"": ""26.8 kUSD""}, {""row_index"": 8, ""column_index"": 4, ""row_identifier_column"": ""Region"", ""row_identifier_value"": ""Clearwater"", ""column"": ""Ad spend"", ""raw_value"": 249.0, ""display_value"": ""249.0 kUSD""}, {""row_index"": 9, ""column_index"": 4, ""row_identifier_column"": ""Region"", ""row_identifier_value"": ""Maple"", ""column"": ""Ad spend"", ""raw_value"": 139.5, ""display_value"": ""139.5 kUSD""}]","{""target_column"": ""Ad spend"", ""column_allowed_for_operation"": true}","{""headers"": [""Online orders"", ""Region"", ""Retail orders"", ""Units sold"", ""Ad spend""], ""rows"": [[""3731 orders"", ""Brookfield"", ""3375 orders"", ""4189 units"", ""231.5 kUSD""], [""1759 orders"", ""Fairview"", ""1804 orders"", ""961 units"", ""42.7 kUSD""], [""1496 orders"", ""Orion"", ""3538 orders"", ""4476 units"", ""244.1 kUSD""], [""1905 orders"", ""Westhaven"", ""4055 orders"", ""5746 units"", ""40.5 kUSD""], [""4798 orders"", ""Pinehurst"", ""92 orders"", ""8064 units"", ""42.7 kUSD""], [""224 orders"", ""Cedar"", ""1834 orders"", ""884 units"", ""233.0 kUSD""], [""4242 orders"", ""Lakeside"", ""4255 orders"", ""3149 units"", ""23.6 kUSD""], [""2379 orders"", ""Oakridge"", ""2240 orders"", ""375 units"", ""26.8 kUSD""], [""4935 orders"", ""Clearwater"", ""1697 orders"", ""2623 units"", ""249.0 kUSD""], [""456 orders"", ""Maple"", ""1539 orders"", ""8562 units"", ""139.5 kUSD""]]}"
A-L3-0174,3,column_sum,race_telemetry,"According to the table, what is the sum of Pit time for all entries?","| Driver | Fuel remaining | Tire temperature | Lap time | Top speed | Pit time | Brake temperature |
| --- | --- | --- | --- | --- | --- | --- |
| Sofia | 21.9 L | 86.0 °C | 146.31 s | 343.3 km/h | 6.31 s | 496 °C |
| Lena | 79.7 L | 57.1 °C | 64.45 s | 334.6 km/h | 5.68 s | 600 °C |
| Leo | 22.8 L | 143.8 °C | 129.48 s | 271.2 km/h | 25.93 s | 572 °C |
| David | 52.1 L | 115.7 °C | 115.10 s | 212.3 km/h | 30.90 s | 496 °C |
| Julia | 36.9 L | 65.9 °C | 90.74 s | 231.1 km/h | 10.26 s | 516 °C |
| Ethan | 86.8 L | 82.0 °C | 74.29 s | 300.3 km/h | 21.61 s | 706 °C |","Answer the question using the table. Return only the final answer.

Table:
| Driver | Fuel remaining | Tire temperature | Lap time | Top speed | Pit time | Brake temperature |
| --- | --- | --- | --- | --- | --- | --- |
| Sofia | 21.9 L | 86.0 °C | 146.31 s | 343.3 km/h | 6.31 s | 496 °C |
| Lena | 79.7 L | 57.1 °C | 64.45 s | 334.6 km/h | 5.68 s | 600 °C |
| Leo | 22.8 L | 143.8 °C | 129.48 s | 271.2 km/h | 25.93 s | 572 °C |
| David | 52.1 L | 115.7 °C | 115.10 s | 212.3 km/h | 30.90 s | 496 °C |
| Julia | 36.9 L | 65.9 °C | 90.74 s | 231.1 km/h | 10.26 s | 516 °C |
| Ethan | 86.8 L | 82.0 °C | 74.29 s | 300.3 km/h | 21.61 s | 706 °C |

Question: According to the table, what is the sum of Pit time for all entries?",100.69 s,sum,6,Pit time,"[{""row_index"": 0, ""column_index"": 5, ""row_identifier_column"": ""Driver"", ""row_identifier_value"": ""Sofia"", ""column"": ""Pit time"", ""raw_value"": 6.31, ""display_value"": ""6.31 s""}, {""row_index"": 1, ""column_index"": 5, ""row_identifier_column"": ""Driver"", ""row_identifier_value"": ""Lena"", ""column"": ""Pit time"", ""raw_value"": 5.68, ""display_value"": ""5.68 s""}, {""row_index"": 2, ""column_index"": 5, ""row_identifier_column"": ""Driver"", ""row_identifier_value"": ""Leo"", ""column"": ""Pit time"", ""raw_value"": 25.93, ""display_value"": ""25.93 s""}, {""row_index"": 3, ""column_index"": 5, ""row_identifier_column"": ""Driver"", ""row_identifier_value"": ""David"", ""column"": ""Pit time"", ""raw_value"": 30.9, ""display_value"": ""30.90 s""}, {""row_index"": 4, ""column_index"": 5, ""row_identifier_column"": ""Driver"", ""row_identifier_value"": ""Julia"", ""column"": ""Pit time"", ""raw_value"": 10.26, ""display_value"": ""10.26 s""}, {""row_index"": 5, ""column_index"": 5, ""row_identifier_column"": ""Driver"", ""row_identifier_value"": ""Ethan"", ""column"": ""Pit time"", ""raw_value"": 21.61, ""display_value"": ""21.61 s""}]","{""target_column"": ""Pit time"", ""column_allowed_for_operation"": true}","{""headers"": [""Driver"", ""Fuel remaining"", ""Tire temperature"", ""Lap time"", ""Top speed"", ""Pit time"", ""Brake temperature""], ""rows"": [[""Sofia"", ""21.9 L"", ""86.0 °C"", ""146.31 s"", ""343.3 km/h"", ""6.31 s"", ""496 °C""], [""Lena"", ""79.7 L"", ""57.1 °C"", ""64.45 s"", ""334.6 km/h"", ""5.68 s"", ""600 °C""], [""Leo"", ""22.8 L"", ""143.8 °C"", ""129.48 s"", ""271.2 km/h"", ""25.93 s"", ""572 °C""], [""David"", ""52.1 L"", ""115.7 °C"", ""115.10 s"", ""212.3 km/h"", ""30.90 s"", ""496 °C""], [""Julia"", ""36.9 L"", ""65.9 °C"", ""90.74 s"", ""231.1 km/h"", ""10.26 s"", ""516 °C""], [""Ethan"", ""86.8 L"", ""82.0 °C"", ""74.29 s"", ""300.3 km/h"", ""21.61 s"", ""706 °C""]]}"
A-L3-0175,3,column_sum,weather_stations,Add all values in the Rainfall column. What is the total?,"| Humidity | Visibility | Station | Wind speed | Rainfall | Temperature |
| --- | --- | --- | --- | --- | --- |
| 72 % | 6.4 km | Orion | 2.4 m/s | 89.2 mm | 6.6 °C |
| 91 % | 18.8 km | Westhaven | 31.4 m/s | 113.3 mm | 0.2 °C |
| 55 % | 12.0 km | Maple | 0.6 m/s | 83.1 mm | 16.2 °C |
| 68 % | 20.3 km | Lakeside | 20.3 m/s | 49.0 mm | 11.8 °C |
| 68 % | 22.3 km | Fairview | 26.1 m/s | 82.8 mm | 29.1 °C |
| 88 % | 3.0 km | Hillcrest | 5.4 m/s | 77.7 mm | 25.5 °C |
| 21 % | 5.2 km | Clearwater | 8.3 m/s | 51.8 mm | 19.0 °C |","Answer the question using the table. Return only the final answer.

Table:
| Humidity | Visibility | Station | Wind speed | Rainfall | Temperature |
| --- | --- | --- | --- | --- | --- |
| 72 % | 6.4 km | Orion | 2.4 m/s | 89.2 mm | 6.6 °C |
| 91 % | 18.8 km | Westhaven | 31.4 m/s | 113.3 mm | 0.2 °C |
| 55 % | 12.0 km | Maple | 0.6 m/s | 83.1 mm | 16.2 °C |
| 68 % | 20.3 km | Lakeside | 20.3 m/s | 49.0 mm | 11.8 °C |
| 68 % | 22.3 km | Fairview | 26.1 m/s | 82.8 mm | 29.1 °C |
| 88 % | 3.0 km | Hillcrest | 5.4 m/s | 77.7 mm | 25.5 °C |
| 21 % | 5.2 km | Clearwater | 8.3 m/s | 51.8 mm | 19.0 °C |

Question: Add all values in the Rainfall column. What is the total?",546.9 mm,sum,7,Rainfall,"[{""row_index"": 0, ""column_index"": 4, ""row_identifier_column"": ""Station"", ""row_identifier_value"": ""Orion"", ""column"": ""Rainfall"", ""raw_value"": 89.2, ""display_value"": ""89.2 mm""}, {""row_index"": 1, ""column_index"": 4, ""row_identifier_column"": ""Station"", ""row_identifier_value"": ""Westhaven"", ""column"": ""Rainfall"", ""raw_value"": 113.3, ""display_value"": ""113.3 mm""}, {""row_index"": 2, ""column_index"": 4, ""row_identifier_column"": ""Station"", ""row_identifier_value"": ""Maple"", ""column"": ""Rainfall"", ""raw_value"": 83.1, ""display_value"": ""83.1 mm""}, {""row_index"": 3, ""column_index"": 4, ""row_identifier_column"": ""Station"", ""row_identifier_value"": ""Lakeside"", ""column"": ""Rainfall"", ""raw_value"": 49.0, ""display_value"": ""49.0 mm""}, {""row_index"": 4, ""column_index"": 4, ""row_identifier_column"": ""Station"", ""row_identifier_value"": ""Fairview"", ""column"": ""Rainfall"", ""raw_value"": 82.8, ""display_value"": ""82.8 mm""}, {""row_index"": 5, ""column_index"": 4, ""row_identifier_column"": ""Station"", ""row_identifier_value"": ""Hillcrest"", ""column"": ""Rainfall"", ""raw_value"": 77.7, ""display_value"": ""77.7 mm""}, {""row_index"": 6, ""column_index"": 4, ""row_identifier_column"": ""Station"", ""row_identifier_value"": ""Clearwater"", ""column"": ""Rainfall"", ""raw_value"": 51.8, ""display_value"": ""51.8 mm""}]","{""target_column"": ""Rainfall"", ""column_allowed_for_operation"": true}","{""headers"": [""Humidity"", ""Visibility"", ""Station"", ""Wind speed"", ""Rainfall"", ""Temperature""], ""rows"": [[""72 %"", ""6.4 km"", ""Orion"", ""2.4 m/s"", ""89.2 mm"", ""6.6 °C""], [""91 %"", ""18.8 km"", ""Westhaven"", ""31.4 m/s"", ""113.3 mm"", ""0.2 °C""], [""55 %"", ""12.0 km"", ""Maple"", ""0.6 m/s"", ""83.1 mm"", ""16.2 °C""], [""68 %"", ""20.3 km"", ""Lakeside"", ""20.3 m/s"", ""49.0 mm"", ""11.8 °C""], [""68 %"", ""22.3 km"", ""Fairview"", ""26.1 m/s"", ""82.8 mm"", ""29.1 °C""], [""88 %"", ""3.0 km"", ""Hillcrest"", ""5.4 m/s"", ""77.7 mm"", ""25.5 °C""], [""21 %"", ""5.2 km"", ""Clearwater"", ""8.3 m/s"", ""51.8 mm"", ""19.0 °C""]]}"
A-L3-0176,3,count_condition,sports_statistics,Count the rows where Passes is greater than 317.00 passes.,"| Team | Points | Shots | Fouls | Passes | Possession |
| --- | --- | --- | --- | --- | --- |
| Bulls | 107 points | 67 shots | 32 fouls | 353 passes | 59.7 % |
| Falcons | 80 points | 190 shots | 5 fouls | 636 passes | 47.2 % |
| Wolves | 74 points | 238 shots | 10 fouls | 281 passes | 66.5 % |
| Sharks | 101 points | 44 shots | 26 fouls | 642 passes | 48.8 % |
| Comets | 57 points | 28 shots | 7 fouls | 422 passes | 45.5 % |
| Dragons | 22 points | 45 shots | 33 fouls | 842 passes | 31.3 % |
| Knights | 74 points | 245 shots | 20 fouls | 520 passes | 39.6 % |","Answer the question using the table. Return only the final answer.

Table:
| Team | Points | Shots | Fouls | Passes | Possession |
| --- | --- | --- | --- | --- | --- |
| Bulls | 107 points | 67 shots | 32 fouls | 353 passes | 59.7 % |
| Falcons | 80 points | 190 shots | 5 fouls | 636 passes | 47.2 % |
| Wolves | 74 points | 238 shots | 10 fouls | 281 passes | 66.5 % |
| Sharks | 101 points | 44 shots | 26 fouls | 642 passes | 48.8 % |
| Comets | 57 points | 28 shots | 7 fouls | 422 passes | 45.5 % |
| Dragons | 22 points | 45 shots | 33 fouls | 842 passes | 31.3 % |
| Knights | 74 points | 245 shots | 20 fouls | 520 passes | 39.6 % |

Question: Count the rows where Passes is greater than 317.00 passes.",6,count_condition,7,Passes,"[{""row_index"": 0, ""column_index"": 4, ""row_identifier_column"": ""Team"", ""row_identifier_value"": ""Bulls"", ""column"": ""Passes"", ""raw_value"": 353.0, ""display_value"": ""353 passes""}, {""row_index"": 1, ""column_index"": 4, ""row_identifier_column"": ""Team"", ""row_identifier_value"": ""Falcons"", ""column"": ""Passes"", ""raw_value"": 636.0, ""display_value"": ""636 passes""}, {""row_index"": 2, ""column_index"": 4, ""row_identifier_column"": ""Team"", ""row_identifier_value"": ""Wolves"", ""column"": ""Passes"", ""raw_value"": 281.0, ""display_value"": ""281 passes""}, {""row_index"": 3, ""column_index"": 4, ""row_identifier_column"": ""Team"", ""row_identifier_value"": ""Sharks"", ""column"": ""Passes"", ""raw_value"": 642.0, ""display_value"": ""642 passes""}, {""row_index"": 4, ""column_index"": 4, ""row_identifier_column"": ""Team"", ""row_identifier_value"": ""Comets"", ""column"": ""Passes"", ""raw_value"": 422.0, ""display_value"": ""422 passes""}, {""row_index"": 5, ""column_index"": 4, ""row_identifier_column"": ""Team"", ""row_identifier_value"": ""Dragons"", ""column"": ""Passes"", ""raw_value"": 842.0, ""display_value"": ""842 passes""}, {""row_index"": 6, ""column_index"": 4, ""row_identifier_column"": ""Team"", ""row_identifier_value"": ""Knights"", ""column"": ""Passes"", ""raw_value"": 520.0, ""display_value"": ""520 passes""}]","{""target_column"": ""Passes"", ""column_allowed_for_operation"": true, ""comparison"": ""greater_than"", ""threshold_raw"": 317.0, ""threshold_display"": ""317.00 passes""}","{""headers"": [""Team"", ""Points"", ""Shots"", ""Fouls"", ""Passes"", ""Possession""], ""rows"": [[""Bulls"", ""107 points"", ""67 shots"", ""32 fouls"", ""353 passes"", ""59.7 %""], [""Falcons"", ""80 points"", ""190 shots"", ""5 fouls"", ""636 passes"", ""47.2 %""], [""Wolves"", ""74 points"", ""238 shots"", ""10 fouls"", ""281 passes"", ""66.5 %""], [""Sharks"", ""101 points"", ""44 shots"", ""26 fouls"", ""642 passes"", ""48.8 %""], [""Comets"", ""57 points"", ""28 shots"", ""7 fouls"", ""422 passes"", ""45.5 %""], [""Dragons"", ""22 points"", ""45 shots"", ""33 fouls"", ""842 passes"", ""31.3 %""], [""Knights"", ""74 points"", ""245 shots"", ""20 fouls"", ""520 passes"", ""39.6 %""]]}"
A-L3-0177,3,column_sum,flight_measurements,Add all values in the Fuel column. What is the total?,"| Vertical speed | Engine temperature | Pilot | Fuel | Ground speed |
| --- | --- | --- | --- | --- |
| 19.9 m/s | 772 °C | Chris | 3576 kg | 433.0 km/h |
| -0.1 m/s | 763 °C | Ryan | 10139 kg | 571.3 km/h |
| -19.2 m/s | 923 °C | Noah | 10617 kg | 571.2 km/h |
| 6.6 m/s | 900 °C | Sam | 358 kg | 450.6 km/h |
| -0.9 m/s | 738 °C | Julia | 11091 kg | 593.6 km/h |
| -10.0 m/s | 461 °C | Theo | 4970 kg | 360.9 km/h |
| -3.7 m/s | 785 °C | Daniel | 8108 kg | 581.3 km/h |","Answer the question using the table. Return only the final answer.

Table:
| Vertical speed | Engine temperature | Pilot | Fuel | Ground speed |
| --- | --- | --- | --- | --- |
| 19.9 m/s | 772 °C | Chris | 3576 kg | 433.0 km/h |
| -0.1 m/s | 763 °C | Ryan | 10139 kg | 571.3 km/h |
| -19.2 m/s | 923 °C | Noah | 10617 kg | 571.2 km/h |
| 6.6 m/s | 900 °C | Sam | 358 kg | 450.6 km/h |
| -0.9 m/s | 738 °C | Julia | 11091 kg | 593.6 km/h |
| -10.0 m/s | 461 °C | Theo | 4970 kg | 360.9 km/h |
| -3.7 m/s | 785 °C | Daniel | 8108 kg | 581.3 km/h |

Question: Add all values in the Fuel column. What is the total?",48859 kg,sum,7,Fuel,"[{""row_index"": 0, ""column_index"": 3, ""row_identifier_column"": ""Pilot"", ""row_identifier_value"": ""Chris"", ""column"": ""Fuel"", ""raw_value"": 3576.0, ""display_value"": ""3576 kg""}, {""row_index"": 1, ""column_index"": 3, ""row_identifier_column"": ""Pilot"", ""row_identifier_value"": ""Ryan"", ""column"": ""Fuel"", ""raw_value"": 10139.0, ""display_value"": ""10139 kg""}, {""row_index"": 2, ""column_index"": 3, ""row_identifier_column"": ""Pilot"", ""row_identifier_value"": ""Noah"", ""column"": ""Fuel"", ""raw_value"": 10617.0, ""display_value"": ""10617 kg""}, {""row_index"": 3, ""column_index"": 3, ""row_identifier_column"": ""Pilot"", ""row_identifier_value"": ""Sam"", ""column"": ""Fuel"", ""raw_value"": 358.0, ""display_value"": ""358 kg""}, {""row_index"": 4, ""column_index"": 3, ""row_identifier_column"": ""Pilot"", ""row_identifier_value"": ""Julia"", ""column"": ""Fuel"", ""raw_value"": 11091.0, ""display_value"": ""11091 kg""}, {""row_index"": 5, ""column_index"": 3, ""row_identifier_column"": ""Pilot"", ""row_identifier_value"": ""Theo"", ""column"": ""Fuel"", ""raw_value"": 4970.0, ""display_value"": ""4970 kg""}, {""row_index"": 6, ""column_index"": 3, ""row_identifier_column"": ""Pilot"", ""row_identifier_value"": ""Daniel"", ""column"": ""Fuel"", ""raw_value"": 8108.0, ""display_value"": ""8108 kg""}]","{""target_column"": ""Fuel"", ""column_allowed_for_operation"": true}","{""headers"": [""Vertical speed"", ""Engine temperature"", ""Pilot"", ""Fuel"", ""Ground speed""], ""rows"": [[""19.9 m/s"", ""772 °C"", ""Chris"", ""3576 kg"", ""433.0 km/h""], [""-0.1 m/s"", ""763 °C"", ""Ryan"", ""10139 kg"", ""571.3 km/h""], [""-19.2 m/s"", ""923 °C"", ""Noah"", ""10617 kg"", ""571.2 km/h""], [""6.6 m/s"", ""900 °C"", ""Sam"", ""358 kg"", ""450.6 km/h""], [""-0.9 m/s"", ""738 °C"", ""Julia"", ""11091 kg"", ""593.6 km/h""], [""-10.0 m/s"", ""461 °C"", ""Theo"", ""4970 kg"", ""360.9 km/h""], [""-3.7 m/s"", ""785 °C"", ""Daniel"", ""8108 kg"", ""581.3 km/h""]]}"
A-L3-0178,3,column_average,battery_tests,What is the average Capacity across all rows?,"| Cell | Charge cycles | Voltage | Temperature | Capacity |
| --- | --- | --- | --- | --- |
| Cell-C2 | 276 cycles | 2.81 V | 44.1 °C | 4747 mAh |
| Cell-F1 | 171 cycles | 4.12 V | 16.1 °C | 890 mAh |
| Cell-A2 | 500 cycles | 3.40 V | 30.6 °C | 5786 mAh |
| Cell-D2 | 1407 cycles | 4.07 V | 44.6 °C | 2319 mAh |
| Cell-F2 | 1339 cycles | 3.99 V | 48.0 °C | 4941 mAh |
| Cell-C1 | 351 cycles | 3.17 V | 17.3 °C | 809 mAh |
| Cell-B1 | 382 cycles | 3.39 V | 23.8 °C | 2137 mAh |
| Cell-D1 | 414 cycles | 3.21 V | 47.6 °C | 4677 mAh |
| Cell-E2 | 481 cycles | 2.93 V | 31.1 °C | 5620 mAh |","Answer the question using the table. Return only the final answer.

Table:
| Cell | Charge cycles | Voltage | Temperature | Capacity |
| --- | --- | --- | --- | --- |
| Cell-C2 | 276 cycles | 2.81 V | 44.1 °C | 4747 mAh |
| Cell-F1 | 171 cycles | 4.12 V | 16.1 °C | 890 mAh |
| Cell-A2 | 500 cycles | 3.40 V | 30.6 °C | 5786 mAh |
| Cell-D2 | 1407 cycles | 4.07 V | 44.6 °C | 2319 mAh |
| Cell-F2 | 1339 cycles | 3.99 V | 48.0 °C | 4941 mAh |
| Cell-C1 | 351 cycles | 3.17 V | 17.3 °C | 809 mAh |
| Cell-B1 | 382 cycles | 3.39 V | 23.8 °C | 2137 mAh |
| Cell-D1 | 414 cycles | 3.21 V | 47.6 °C | 4677 mAh |
| Cell-E2 | 481 cycles | 2.93 V | 31.1 °C | 5620 mAh |

Question: What is the average Capacity across all rows?",3547.33 mAh,mean,9,Capacity,"[{""row_index"": 0, ""column_index"": 4, ""row_identifier_column"": ""Cell"", ""row_identifier_value"": ""Cell-C2"", ""column"": ""Capacity"", ""raw_value"": 4747.0, ""display_value"": ""4747 mAh""}, {""row_index"": 1, ""column_index"": 4, ""row_identifier_column"": ""Cell"", ""row_identifier_value"": ""Cell-F1"", ""column"": ""Capacity"", ""raw_value"": 890.0, ""display_value"": ""890 mAh""}, {""row_index"": 2, ""column_index"": 4, ""row_identifier_column"": ""Cell"", ""row_identifier_value"": ""Cell-A2"", ""column"": ""Capacity"", ""raw_value"": 5786.0, ""display_value"": ""5786 mAh""}, {""row_index"": 3, ""column_index"": 4, ""row_identifier_column"": ""Cell"", ""row_identifier_value"": ""Cell-D2"", ""column"": ""Capacity"", ""raw_value"": 2319.0, ""display_value"": ""2319 mAh""}, {""row_index"": 4, ""column_index"": 4, ""row_identifier_column"": ""Cell"", ""row_identifier_value"": ""Cell-F2"", ""column"": ""Capacity"", ""raw_value"": 4941.0, ""display_value"": ""4941 mAh""}, {""row_index"": 5, ""column_index"": 4, ""row_identifier_column"": ""Cell"", ""row_identifier_value"": ""Cell-C1"", ""column"": ""Capacity"", ""raw_value"": 809.0, ""display_value"": ""809 mAh""}, {""row_index"": 6, ""column_index"": 4, ""row_identifier_column"": ""Cell"", ""row_identifier_value"": ""Cell-B1"", ""column"": ""Capacity"", ""raw_value"": 2137.0, ""display_value"": ""2137 mAh""}, {""row_index"": 7, ""column_index"": 4, ""row_identifier_column"": ""Cell"", ""row_identifier_value"": ""Cell-D1"", ""column"": ""Capacity"", ""raw_value"": 4677.0, ""display_value"": ""4677 mAh""}, {""row_index"": 8, ""column_index"": 4, ""row_identifier_column"": ""Cell"", ""row_identifier_value"": ""Cell-E2"", ""column"": ""Capacity"", ""raw_value"": 5620.0, ""display_value"": ""5620 mAh""}]","{""target_column"": ""Capacity"", ""column_allowed_for_operation"": true, ""answer_digits"": 2}","{""headers"": [""Cell"", ""Charge cycles"", ""Voltage"", ""Temperature"", ""Capacity""], ""rows"": [[""Cell-C2"", ""276 cycles"", ""2.81 V"", ""44.1 °C"", ""4747 mAh""], [""Cell-F1"", ""171 cycles"", ""4.12 V"", ""16.1 °C"", ""890 mAh""], [""Cell-A2"", ""500 cycles"", ""3.40 V"", ""30.6 °C"", ""5786 mAh""], [""Cell-D2"", ""1407 cycles"", ""4.07 V"", ""44.6 °C"", ""2319 mAh""], [""Cell-F2"", ""1339 cycles"", ""3.99 V"", ""48.0 °C"", ""4941 mAh""], [""Cell-C1"", ""351 cycles"", ""3.17 V"", ""17.3 °C"", ""809 mAh""], [""Cell-B1"", ""382 cycles"", ""3.39 V"", ""23.8 °C"", ""2137 mAh""], [""Cell-D1"", ""414 cycles"", ""3.21 V"", ""47.6 °C"", ""4677 mAh""], [""Cell-E2"", ""481 cycles"", ""2.93 V"", ""31.1 °C"", ""5620 mAh""]]}"
A-L3-0179,3,column_sum,lab_measurements,Add all values in the Mass column. What is the total?,"| Temperature | pH | Volume | Conductivity | Sample | Density | Mass |
| --- | --- | --- | --- | --- | --- | --- |
| 67.2 °C | 3.15 | 153.5 mL | 21.44 mS/cm | Sample-D | 2.86 g/mL | 338.6 g |
| 39.2 °C | 9.22 | 125.6 mL | 1.93 mS/cm | Sample-A | 1.40 g/mL | 208.9 g |
| 53.2 °C | 7.77 | 113.0 mL | 22.66 mS/cm | Sample-B | 0.60 g/mL | 249.6 g |
| 85.4 °C | 6.57 | 120.0 mL | 13.85 mS/cm | Sample-G | 3.82 g/mL | 253.4 g |
| 18.4 °C | 11.55 | 68.8 mL | 0.91 mS/cm | Sample-F | 3.80 g/mL | 310.0 g |","Answer the question using the table. Return only the final answer.

Table:
| Temperature | pH | Volume | Conductivity | Sample | Density | Mass |
| --- | --- | --- | --- | --- | --- | --- |
| 67.2 °C | 3.15 | 153.5 mL | 21.44 mS/cm | Sample-D | 2.86 g/mL | 338.6 g |
| 39.2 °C | 9.22 | 125.6 mL | 1.93 mS/cm | Sample-A | 1.40 g/mL | 208.9 g |
| 53.2 °C | 7.77 | 113.0 mL | 22.66 mS/cm | Sample-B | 0.60 g/mL | 249.6 g |
| 85.4 °C | 6.57 | 120.0 mL | 13.85 mS/cm | Sample-G | 3.82 g/mL | 253.4 g |
| 18.4 °C | 11.55 | 68.8 mL | 0.91 mS/cm | Sample-F | 3.80 g/mL | 310.0 g |

Question: Add all values in the Mass column. What is the total?",1360.5 g,sum,5,Mass,"[{""row_index"": 0, ""column_index"": 6, ""row_identifier_column"": ""Sample"", ""row_identifier_value"": ""Sample-D"", ""column"": ""Mass"", ""raw_value"": 338.6, ""display_value"": ""338.6 g""}, {""row_index"": 1, ""column_index"": 6, ""row_identifier_column"": ""Sample"", ""row_identifier_value"": ""Sample-A"", ""column"": ""Mass"", ""raw_value"": 208.9, ""display_value"": ""208.9 g""}, {""row_index"": 2, ""column_index"": 6, ""row_identifier_column"": ""Sample"", ""row_identifier_value"": ""Sample-B"", ""column"": ""Mass"", ""raw_value"": 249.6, ""display_value"": ""249.6 g""}, {""row_index"": 3, ""column_index"": 6, ""row_identifier_column"": ""Sample"", ""row_identifier_value"": ""Sample-G"", ""column"": ""Mass"", ""raw_value"": 253.4, ""display_value"": ""253.4 g""}, {""row_index"": 4, ""column_index"": 6, ""row_identifier_column"": ""Sample"", ""row_identifier_value"": ""Sample-F"", ""column"": ""Mass"", ""raw_value"": 310.0, ""display_value"": ""310.0 g""}]","{""target_column"": ""Mass"", ""column_allowed_for_operation"": true}","{""headers"": [""Temperature"", ""pH"", ""Volume"", ""Conductivity"", ""Sample"", ""Density"", ""Mass""], ""rows"": [[""67.2 °C"", ""3.15"", ""153.5 mL"", ""21.44 mS/cm"", ""Sample-D"", ""2.86 g/mL"", ""338.6 g""], [""39.2 °C"", ""9.22"", ""125.6 mL"", ""1.93 mS/cm"", ""Sample-A"", ""1.40 g/mL"", ""208.9 g""], [""53.2 °C"", ""7.77"", ""113.0 mL"", ""22.66 mS/cm"", ""Sample-B"", ""0.60 g/mL"", ""249.6 g""], [""85.4 °C"", ""6.57"", ""120.0 mL"", ""13.85 mS/cm"", ""Sample-G"", ""3.82 g/mL"", ""253.4 g""], [""18.4 °C"", ""11.55"", ""68.8 mL"", ""0.91 mS/cm"", ""Sample-F"", ""3.80 g/mL"", ""310.0 g""]]}"
A-L3-0180,3,count_condition,lab_measurements,Count the rows where Mass is less than 247.45 g.,"| Conductivity | Sample | Volume | Mass | Temperature |
| --- | --- | --- | --- | --- |
| 16.59 mS/cm | Sample-I | 179.6 mL | 232.5 g | 54.0 °C |
| 16.52 mS/cm | Sample-C | 146.6 mL | 262.4 g | 76.1 °C |
| 23.91 mS/cm | Sample-J | 15.9 mL | 207.7 g | 90.5 °C |
| 21.98 mS/cm | Sample-H | 26.7 mL | 473.4 g | 76.5 °C |
| 3.19 mS/cm | Sample-E | 55.6 mL | 307.0 g | 92.5 °C |
| 3.09 mS/cm | Sample-K | 2.2 mL | 203.5 g | 94.7 °C |","Answer the question using the table. Return only the final answer.

Table:
| Conductivity | Sample | Volume | Mass | Temperature |
| --- | --- | --- | --- | --- |
| 16.59 mS/cm | Sample-I | 179.6 mL | 232.5 g | 54.0 °C |
| 16.52 mS/cm | Sample-C | 146.6 mL | 262.4 g | 76.1 °C |
| 23.91 mS/cm | Sample-J | 15.9 mL | 207.7 g | 90.5 °C |
| 21.98 mS/cm | Sample-H | 26.7 mL | 473.4 g | 76.5 °C |
| 3.19 mS/cm | Sample-E | 55.6 mL | 307.0 g | 92.5 °C |
| 3.09 mS/cm | Sample-K | 2.2 mL | 203.5 g | 94.7 °C |

Question: Count the rows where Mass is less than 247.45 g.",3,count_condition,6,Mass,"[{""row_index"": 0, ""column_index"": 3, ""row_identifier_column"": ""Sample"", ""row_identifier_value"": ""Sample-I"", ""column"": ""Mass"", ""raw_value"": 232.5, ""display_value"": ""232.5 g""}, {""row_index"": 1, ""column_index"": 3, ""row_identifier_column"": ""Sample"", ""row_identifier_value"": ""Sample-C"", ""column"": ""Mass"", ""raw_value"": 262.4, ""display_value"": ""262.4 g""}, {""row_index"": 2, ""column_index"": 3, ""row_identifier_column"": ""Sample"", ""row_identifier_value"": ""Sample-J"", ""column"": ""Mass"", ""raw_value"": 207.7, ""display_value"": ""207.7 g""}, {""row_index"": 3, ""column_index"": 3, ""row_identifier_column"": ""Sample"", ""row_identifier_value"": ""Sample-H"", ""column"": ""Mass"", ""raw_value"": 473.4, ""display_value"": ""473.4 g""}, {""row_index"": 4, ""column_index"": 3, ""row_identifier_column"": ""Sample"", ""row_identifier_value"": ""Sample-E"", ""column"": ""Mass"", ""raw_value"": 307.0, ""display_value"": ""307.0 g""}, {""row_index"": 5, ""column_index"": 3, ""row_identifier_column"": ""Sample"", ""row_identifier_value"": ""Sample-K"", ""column"": ""Mass"", ""raw_value"": 203.5, ""display_value"": ""203.5 g""}]","{""target_column"": ""Mass"", ""column_allowed_for_operation"": true, ""comparison"": ""less_than"", ""threshold_raw"": 247.45, ""threshold_display"": ""247.45 g""}","{""headers"": [""Conductivity"", ""Sample"", ""Volume"", ""Mass"", ""Temperature""], ""rows"": [[""16.59 mS/cm"", ""Sample-I"", ""179.6 mL"", ""232.5 g"", ""54.0 °C""], [""16.52 mS/cm"", ""Sample-C"", ""146.6 mL"", ""262.4 g"", ""76.1 °C""], [""23.91 mS/cm"", ""Sample-J"", ""15.9 mL"", ""207.7 g"", ""90.5 °C""], [""21.98 mS/cm"", ""Sample-H"", ""26.7 mL"", ""473.4 g"", ""76.5 °C""], [""3.19 mS/cm"", ""Sample-E"", ""55.6 mL"", ""307.0 g"", ""92.5 °C""], [""3.09 mS/cm"", ""Sample-K"", ""2.2 mL"", ""203.5 g"", ""94.7 °C""]]}"
A-L3-0181,3,count_condition,flight_measurements,"According to the table, how many entries have Engine temperature greater than 728.00 °C?","| Vertical speed | Pilot | Altitude | Cabin pressure | Engine temperature |
| --- | --- | --- | --- | --- |
| 5.4 m/s | Ryan | 4554 m | 100.2 kPa | 737 °C |
| 8.0 m/s | Emma | 1931 m | 82.3 kPa | 719 °C |
| 5.1 m/s | Hana | 11164 m | 100.7 kPa | 679 °C |
| -5.0 m/s | Mina | 5225 m | 71.8 kPa | 796 °C |
| -6.1 m/s | Sofia | 10310 m | 92.3 kPa | 846 °C |
| -11.0 m/s | Ethan | 9797 m | 67.7 kPa | 936 °C |
| -9.5 m/s | Iris | 2722 m | 75.1 kPa | 590 °C |
| 3.9 m/s | Leo | 9603 m | 92.3 kPa | 593 °C |
| -8.2 m/s | Jisoo | 3264 m | 82.3 kPa | 942 °C |
| -15.5 m/s | Noah | 6006 m | 93.2 kPa | 625 °C |","Answer the question using the table. Return only the final answer.

Table:
| Vertical speed | Pilot | Altitude | Cabin pressure | Engine temperature |
| --- | --- | --- | --- | --- |
| 5.4 m/s | Ryan | 4554 m | 100.2 kPa | 737 °C |
| 8.0 m/s | Emma | 1931 m | 82.3 kPa | 719 °C |
| 5.1 m/s | Hana | 11164 m | 100.7 kPa | 679 °C |
| -5.0 m/s | Mina | 5225 m | 71.8 kPa | 796 °C |
| -6.1 m/s | Sofia | 10310 m | 92.3 kPa | 846 °C |
| -11.0 m/s | Ethan | 9797 m | 67.7 kPa | 936 °C |
| -9.5 m/s | Iris | 2722 m | 75.1 kPa | 590 °C |
| 3.9 m/s | Leo | 9603 m | 92.3 kPa | 593 °C |
| -8.2 m/s | Jisoo | 3264 m | 82.3 kPa | 942 °C |
| -15.5 m/s | Noah | 6006 m | 93.2 kPa | 625 °C |

Question: According to the table, how many entries have Engine temperature greater than 728.00 °C?",5,count_condition,10,Engine temperature,"[{""row_index"": 0, ""column_index"": 4, ""row_identifier_column"": ""Pilot"", ""row_identifier_value"": ""Ryan"", ""column"": ""Engine temperature"", ""raw_value"": 737.0, ""display_value"": ""737 °C""}, {""row_index"": 1, ""column_index"": 4, ""row_identifier_column"": ""Pilot"", ""row_identifier_value"": ""Emma"", ""column"": ""Engine temperature"", ""raw_value"": 719.0, ""display_value"": ""719 °C""}, {""row_index"": 2, ""column_index"": 4, ""row_identifier_column"": ""Pilot"", ""row_identifier_value"": ""Hana"", ""column"": ""Engine temperature"", ""raw_value"": 679.0, ""display_value"": ""679 °C""}, {""row_index"": 3, ""column_index"": 4, ""row_identifier_column"": ""Pilot"", ""row_identifier_value"": ""Mina"", ""column"": ""Engine temperature"", ""raw_value"": 796.0, ""display_value"": ""796 °C""}, {""row_index"": 4, ""column_index"": 4, ""row_identifier_column"": ""Pilot"", ""row_identifier_value"": ""Sofia"", ""column"": ""Engine temperature"", ""raw_value"": 846.0, ""display_value"": ""846 °C""}, {""row_index"": 5, ""column_index"": 4, ""row_identifier_column"": ""Pilot"", ""row_identifier_value"": ""Ethan"", ""column"": ""Engine temperature"", ""raw_value"": 936.0, ""display_value"": ""936 °C""}, {""row_index"": 6, ""column_index"": 4, ""row_identifier_column"": ""Pilot"", ""row_identifier_value"": ""Iris"", ""column"": ""Engine temperature"", ""raw_value"": 590.0, ""display_value"": ""590 °C""}, {""row_index"": 7, ""column_index"": 4, ""row_identifier_column"": ""Pilot"", ""row_identifier_value"": ""Leo"", ""column"": ""Engine temperature"", ""raw_value"": 593.0, ""display_value"": ""593 °C""}, {""row_index"": 8, ""column_index"": 4, ""row_identifier_column"": ""Pilot"", ""row_identifier_value"": ""Jisoo"", ""column"": ""Engine temperature"", ""raw_value"": 942.0, ""display_value"": ""942 °C""}, {""row_index"": 9, ""column_index"": 4, ""row_identifier_column"": ""Pilot"", ""row_identifier_value"": ""Noah"", ""column"": ""Engine temperature"", ""raw_value"": 625.0, ""display_value"": ""625 °C""}]","{""target_column"": ""Engine temperature"", ""column_allowed_for_operation"": true, ""comparison"": ""greater_than"", ""threshold_raw"": 728.0, ""threshold_display"": ""728.00 °C""}","{""headers"": [""Vertical speed"", ""Pilot"", ""Altitude"", ""Cabin pressure"", ""Engine temperature""], ""rows"": [[""5.4 m/s"", ""Ryan"", ""4554 m"", ""100.2 kPa"", ""737 °C""], [""8.0 m/s"", ""Emma"", ""1931 m"", ""82.3 kPa"", ""719 °C""], [""5.1 m/s"", ""Hana"", ""11164 m"", ""100.7 kPa"", ""679 °C""], [""-5.0 m/s"", ""Mina"", ""5225 m"", ""71.8 kPa"", ""796 °C""], [""-6.1 m/s"", ""Sofia"", ""10310 m"", ""92.3 kPa"", ""846 °C""], [""-11.0 m/s"", ""Ethan"", ""9797 m"", ""67.7 kPa"", ""936 °C""], [""-9.5 m/s"", ""Iris"", ""2722 m"", ""75.1 kPa"", ""590 °C""], [""3.9 m/s"", ""Leo"", ""9603 m"", ""92.3 kPa"", ""593 °C""], [""-8.2 m/s"", ""Jisoo"", ""3264 m"", ""82.3 kPa"", ""942 °C""], [""-15.5 m/s"", ""Noah"", ""6006 m"", ""93.2 kPa"", ""625 °C""]]}"
A-L3-0182,3,argmin,regional_sales,"According to the table, which region has the minimum Ad spend?","| Online orders | Returns | Ad spend | Retail orders | Revenue | Region |
| --- | --- | --- | --- | --- | --- |
| 1256 orders | 425 units | 208.9 kUSD | 4905 orders | 56.5 kUSD | Westhaven |
| 2937 orders | 150 units | 156.7 kUSD | 2672 orders | 315.7 kUSD | Fairview |
| 3457 orders | 429 units | 203.4 kUSD | 3615 orders | 176.3 kUSD | Hillcrest |
| 2738 orders | 324 units | 25.7 kUSD | 1347 orders | 390.5 kUSD | Lakeside |
| 102 orders | 333 units | 241.3 kUSD | 2989 orders | 640.3 kUSD | Riverton |
| 3111 orders | 484 units | 174.1 kUSD | 2857 orders | 610.9 kUSD | Pinehurst |
| 4666 orders | 220 units | 157.7 kUSD | 547 orders | 657.1 kUSD | Orion |
| 143 orders | 458 units | 199.5 kUSD | 1139 orders | 615.6 kUSD | Clearwater |
| 781 orders | 209 units | 196.3 kUSD | 2293 orders | 165.5 kUSD | Cedar |
| 1585 orders | 91 units | 118.9 kUSD | 3040 orders | 606.7 kUSD | Maple |","Answer the question using the table. Return only the final answer.

Table:
| Online orders | Returns | Ad spend | Retail orders | Revenue | Region |
| --- | --- | --- | --- | --- | --- |
| 1256 orders | 425 units | 208.9 kUSD | 4905 orders | 56.5 kUSD | Westhaven |
| 2937 orders | 150 units | 156.7 kUSD | 2672 orders | 315.7 kUSD | Fairview |
| 3457 orders | 429 units | 203.4 kUSD | 3615 orders | 176.3 kUSD | Hillcrest |
| 2738 orders | 324 units | 25.7 kUSD | 1347 orders | 390.5 kUSD | Lakeside |
| 102 orders | 333 units | 241.3 kUSD | 2989 orders | 640.3 kUSD | Riverton |
| 3111 orders | 484 units | 174.1 kUSD | 2857 orders | 610.9 kUSD | Pinehurst |
| 4666 orders | 220 units | 157.7 kUSD | 547 orders | 657.1 kUSD | Orion |
| 143 orders | 458 units | 199.5 kUSD | 1139 orders | 615.6 kUSD | Clearwater |
| 781 orders | 209 units | 196.3 kUSD | 2293 orders | 165.5 kUSD | Cedar |
| 1585 orders | 91 units | 118.9 kUSD | 3040 orders | 606.7 kUSD | Maple |

Question: According to the table, which region has the minimum Ad spend?",Lakeside,argmin,10,Ad spend,"[{""row_index"": 0, ""column_index"": 2, ""row_identifier_column"": ""Region"", ""row_identifier_value"": ""Westhaven"", ""column"": ""Ad spend"", ""raw_value"": 208.9, ""display_value"": ""208.9 kUSD""}, {""row_index"": 1, ""column_index"": 2, ""row_identifier_column"": ""Region"", ""row_identifier_value"": ""Fairview"", ""column"": ""Ad spend"", ""raw_value"": 156.7, ""display_value"": ""156.7 kUSD""}, {""row_index"": 2, ""column_index"": 2, ""row_identifier_column"": ""Region"", ""row_identifier_value"": ""Hillcrest"", ""column"": ""Ad spend"", ""raw_value"": 203.4, ""display_value"": ""203.4 kUSD""}, {""row_index"": 3, ""column_index"": 2, ""row_identifier_column"": ""Region"", ""row_identifier_value"": ""Lakeside"", ""column"": ""Ad spend"", ""raw_value"": 25.7, ""display_value"": ""25.7 kUSD""}, {""row_index"": 4, ""column_index"": 2, ""row_identifier_column"": ""Region"", ""row_identifier_value"": ""Riverton"", ""column"": ""Ad spend"", ""raw_value"": 241.3, ""display_value"": ""241.3 kUSD""}, {""row_index"": 5, ""column_index"": 2, ""row_identifier_column"": ""Region"", ""row_identifier_value"": ""Pinehurst"", ""column"": ""Ad spend"", ""raw_value"": 174.1, ""display_value"": ""174.1 kUSD""}, {""row_index"": 6, ""column_index"": 2, ""row_identifier_column"": ""Region"", ""row_identifier_value"": ""Orion"", ""column"": ""Ad spend"", ""raw_value"": 157.7, ""display_value"": ""157.7 kUSD""}, {""row_index"": 7, ""column_index"": 2, ""row_identifier_column"": ""Region"", ""row_identifier_value"": ""Clearwater"", ""column"": ""Ad spend"", ""raw_value"": 199.5, ""display_value"": ""199.5 kUSD""}, {""row_index"": 8, ""column_index"": 2, ""row_identifier_column"": ""Region"", ""row_identifier_value"": ""Cedar"", ""column"": ""Ad spend"", ""raw_value"": 196.3, ""display_value"": ""196.3 kUSD""}, {""row_index"": 9, ""column_index"": 2, ""row_identifier_column"": ""Region"", ""row_identifier_value"": ""Maple"", ""column"": ""Ad spend"", ""raw_value"": 118.9, ""display_value"": ""118.9 kUSD""}]","{""target_column"": ""Ad spend"", ""column_allowed_for_operation"": true}","{""headers"": [""Online orders"", ""Returns"", ""Ad spend"", ""Retail orders"", ""Revenue"", ""Region""], ""rows"": [[""1256 orders"", ""425 units"", ""208.9 kUSD"", ""4905 orders"", ""56.5 kUSD"", ""Westhaven""], [""2937 orders"", ""150 units"", ""156.7 kUSD"", ""2672 orders"", ""315.7 kUSD"", ""Fairview""], [""3457 orders"", ""429 units"", ""203.4 kUSD"", ""3615 orders"", ""176.3 kUSD"", ""Hillcrest""], [""2738 orders"", ""324 units"", ""25.7 kUSD"", ""1347 orders"", ""390.5 kUSD"", ""Lakeside""], [""102 orders"", ""333 units"", ""241.3 kUSD"", ""2989 orders"", ""640.3 kUSD"", ""Riverton""], [""3111 orders"", ""484 units"", ""174.1 kUSD"", ""2857 orders"", ""610.9 kUSD"", ""Pinehurst""], [""4666 orders"", ""220 units"", ""157.7 kUSD"", ""547 orders"", ""657.1 kUSD"", ""Orion""], [""143 orders"", ""458 units"", ""199.5 kUSD"", ""1139 orders"", ""615.6 kUSD"", ""Clearwater""], [""781 orders"", ""209 units"", ""196.3 kUSD"", ""2293 orders"", ""165.5 kUSD"", ""Cedar""], [""1585 orders"", ""91 units"", ""118.9 kUSD"", ""3040 orders"", ""606.7 kUSD"", ""Maple""]]}"
A-L3-0183,3,count_condition,lab_measurements,Count the rows where Density is greater than 2.460 g/mL.,"| Density | pH | Mass | Temperature | Conductivity | Sample |
| --- | --- | --- | --- | --- | --- |
| 0.57 g/mL | 5.09 | 249.4 g | 41.1 °C | 18.34 mS/cm | Sample-C |
| 3.65 g/mL | 2.48 | 428.2 g | 87.2 °C | 6.06 mS/cm | Sample-E |
| 3.44 g/mL | 11.35 | 72.6 g | 26.9 °C | 0.33 mS/cm | Sample-L |
| 2.20 g/mL | 9.99 | 38.4 g | 67.5 °C | 8.15 mS/cm | Sample-B |
| 3.46 g/mL | 8.25 | 160.5 g | 35.0 °C | 19.56 mS/cm | Sample-H |
| 2.24 g/mL | 6.07 | 241.6 g | 59.9 °C | 20.03 mS/cm | Sample-A |
| 2.68 g/mL | 3.37 | 139.4 g | 92.7 °C | 10.88 mS/cm | Sample-D |
| 0.68 g/mL | 3.14 | 425.3 g | 93.7 °C | 7.68 mS/cm | Sample-J |
| 3.70 g/mL | 8.85 | 100.6 g | 25.9 °C | 3.37 mS/cm | Sample-I |","Answer the question using the table. Return only the final answer.

Table:
| Density | pH | Mass | Temperature | Conductivity | Sample |
| --- | --- | --- | --- | --- | --- |
| 0.57 g/mL | 5.09 | 249.4 g | 41.1 °C | 18.34 mS/cm | Sample-C |
| 3.65 g/mL | 2.48 | 428.2 g | 87.2 °C | 6.06 mS/cm | Sample-E |
| 3.44 g/mL | 11.35 | 72.6 g | 26.9 °C | 0.33 mS/cm | Sample-L |
| 2.20 g/mL | 9.99 | 38.4 g | 67.5 °C | 8.15 mS/cm | Sample-B |
| 3.46 g/mL | 8.25 | 160.5 g | 35.0 °C | 19.56 mS/cm | Sample-H |
| 2.24 g/mL | 6.07 | 241.6 g | 59.9 °C | 20.03 mS/cm | Sample-A |
| 2.68 g/mL | 3.37 | 139.4 g | 92.7 °C | 10.88 mS/cm | Sample-D |
| 0.68 g/mL | 3.14 | 425.3 g | 93.7 °C | 7.68 mS/cm | Sample-J |
| 3.70 g/mL | 8.85 | 100.6 g | 25.9 °C | 3.37 mS/cm | Sample-I |

Question: Count the rows where Density is greater than 2.460 g/mL.",5,count_condition,9,Density,"[{""row_index"": 0, ""column_index"": 0, ""row_identifier_column"": ""Sample"", ""row_identifier_value"": ""Sample-C"", ""column"": ""Density"", ""raw_value"": 0.57, ""display_value"": ""0.57 g/mL""}, {""row_index"": 1, ""column_index"": 0, ""row_identifier_column"": ""Sample"", ""row_identifier_value"": ""Sample-E"", ""column"": ""Density"", ""raw_value"": 3.65, ""display_value"": ""3.65 g/mL""}, {""row_index"": 2, ""column_index"": 0, ""row_identifier_column"": ""Sample"", ""row_identifier_value"": ""Sample-L"", ""column"": ""Density"", ""raw_value"": 3.44, ""display_value"": ""3.44 g/mL""}, {""row_index"": 3, ""column_index"": 0, ""row_identifier_column"": ""Sample"", ""row_identifier_value"": ""Sample-B"", ""column"": ""Density"", ""raw_value"": 2.2, ""display_value"": ""2.20 g/mL""}, {""row_index"": 4, ""column_index"": 0, ""row_identifier_column"": ""Sample"", ""row_identifier_value"": ""Sample-H"", ""column"": ""Density"", ""raw_value"": 3.46, ""display_value"": ""3.46 g/mL""}, {""row_index"": 5, ""column_index"": 0, ""row_identifier_column"": ""Sample"", ""row_identifier_value"": ""Sample-A"", ""column"": ""Density"", ""raw_value"": 2.24, ""display_value"": ""2.24 g/mL""}, {""row_index"": 6, ""column_index"": 0, ""row_identifier_column"": ""Sample"", ""row_identifier_value"": ""Sample-D"", ""column"": ""Density"", ""raw_value"": 2.68, ""display_value"": ""2.68 g/mL""}, {""row_index"": 7, ""column_index"": 0, ""row_identifier_column"": ""Sample"", ""row_identifier_value"": ""Sample-J"", ""column"": ""Density"", ""raw_value"": 0.68, ""display_value"": ""0.68 g/mL""}, {""row_index"": 8, ""column_index"": 0, ""row_identifier_column"": ""Sample"", ""row_identifier_value"": ""Sample-I"", ""column"": ""Density"", ""raw_value"": 3.7, ""display_value"": ""3.70 g/mL""}]","{""target_column"": ""Density"", ""column_allowed_for_operation"": true, ""comparison"": ""greater_than"", ""threshold_raw"": 2.46, ""threshold_display"": ""2.460 g/mL""}","{""headers"": [""Density"", ""pH"", ""Mass"", ""Temperature"", ""Conductivity"", ""Sample""], ""rows"": [[""0.57 g/mL"", ""5.09"", ""249.4 g"", ""41.1 °C"", ""18.34 mS/cm"", ""Sample-C""], [""3.65 g/mL"", ""2.48"", ""428.2 g"", ""87.2 °C"", ""6.06 mS/cm"", ""Sample-E""], [""3.44 g/mL"", ""11.35"", ""72.6 g"", ""26.9 °C"", ""0.33 mS/cm"", ""Sample-L""], [""2.20 g/mL"", ""9.99"", ""38.4 g"", ""67.5 °C"", ""8.15 mS/cm"", ""Sample-B""], [""3.46 g/mL"", ""8.25"", ""160.5 g"", ""35.0 °C"", ""19.56 mS/cm"", ""Sample-H""], [""2.24 g/mL"", ""6.07"", ""241.6 g"", ""59.9 °C"", ""20.03 mS/cm"", ""Sample-A""], [""2.68 g/mL"", ""3.37"", ""139.4 g"", ""92.7 °C"", ""10.88 mS/cm"", ""Sample-D""], [""0.68 g/mL"", ""3.14"", ""425.3 g"", ""93.7 °C"", ""7.68 mS/cm"", ""Sample-J""], [""3.70 g/mL"", ""8.85"", ""100.6 g"", ""25.9 °C"", ""3.37 mS/cm"", ""Sample-I""]]}"
A-L3-0184,3,column_average,battery_tests,"According to the table, what is the average value of Internal resistance?","| Charge cycles | Voltage | State of health | Capacity | Temperature | Internal resistance | Cell |
| --- | --- | --- | --- | --- | --- | --- |
| 1025 cycles | 3.26 V | 64.4 % | 1255 mAh | 57.9 °C | 45.6 mΩ | Cell-E1 |
| 946 cycles | 2.85 V | 63.2 % | 3987 mAh | 17.1 °C | 23.0 mΩ | Cell-A1 |
| 390 cycles | 4.05 V | 93.9 % | 1791 mAh | 48.6 °C | 23.9 mΩ | Cell-C2 |
| 228 cycles | 3.12 V | 98.5 % | 3579 mAh | 56.7 °C | 61.6 mΩ | Cell-B1 |
| 809 cycles | 4.17 V | 93.6 % | 5833 mAh | 19.9 °C | 7.3 mΩ | Cell-B2 |
| 147 cycles | 3.80 V | 52.6 % | 3984 mAh | 42.4 °C | 138.9 mΩ | Cell-F1 |","Answer the question using the table. Return only the final answer.

Table:
| Charge cycles | Voltage | State of health | Capacity | Temperature | Internal resistance | Cell |
| --- | --- | --- | --- | --- | --- | --- |
| 1025 cycles | 3.26 V | 64.4 % | 1255 mAh | 57.9 °C | 45.6 mΩ | Cell-E1 |
| 946 cycles | 2.85 V | 63.2 % | 3987 mAh | 17.1 °C | 23.0 mΩ | Cell-A1 |
| 390 cycles | 4.05 V | 93.9 % | 1791 mAh | 48.6 °C | 23.9 mΩ | Cell-C2 |
| 228 cycles | 3.12 V | 98.5 % | 3579 mAh | 56.7 °C | 61.6 mΩ | Cell-B1 |
| 809 cycles | 4.17 V | 93.6 % | 5833 mAh | 19.9 °C | 7.3 mΩ | Cell-B2 |
| 147 cycles | 3.80 V | 52.6 % | 3984 mAh | 42.4 °C | 138.9 mΩ | Cell-F1 |

Question: According to the table, what is the average value of Internal resistance?",50.05 mΩ,mean,6,Internal resistance,"[{""row_index"": 0, ""column_index"": 5, ""row_identifier_column"": ""Cell"", ""row_identifier_value"": ""Cell-E1"", ""column"": ""Internal resistance"", ""raw_value"": 45.6, ""display_value"": ""45.6 mΩ""}, {""row_index"": 1, ""column_index"": 5, ""row_identifier_column"": ""Cell"", ""row_identifier_value"": ""Cell-A1"", ""column"": ""Internal resistance"", ""raw_value"": 23.0, ""display_value"": ""23.0 mΩ""}, {""row_index"": 2, ""column_index"": 5, ""row_identifier_column"": ""Cell"", ""row_identifier_value"": ""Cell-C2"", ""column"": ""Internal resistance"", ""raw_value"": 23.9, ""display_value"": ""23.9 mΩ""}, {""row_index"": 3, ""column_index"": 5, ""row_identifier_column"": ""Cell"", ""row_identifier_value"": ""Cell-B1"", ""column"": ""Internal resistance"", ""raw_value"": 61.6, ""display_value"": ""61.6 mΩ""}, {""row_index"": 4, ""column_index"": 5, ""row_identifier_column"": ""Cell"", ""row_identifier_value"": ""Cell-B2"", ""column"": ""Internal resistance"", ""raw_value"": 7.3, ""display_value"": ""7.3 mΩ""}, {""row_index"": 5, ""column_index"": 5, ""row_identifier_column"": ""Cell"", ""row_identifier_value"": ""Cell-F1"", ""column"": ""Internal resistance"", ""raw_value"": 138.9, ""display_value"": ""138.9 mΩ""}]","{""target_column"": ""Internal resistance"", ""column_allowed_for_operation"": true, ""answer_digits"": 2}","{""headers"": [""Charge cycles"", ""Voltage"", ""State of health"", ""Capacity"", ""Temperature"", ""Internal resistance"", ""Cell""], ""rows"": [[""1025 cycles"", ""3.26 V"", ""64.4 %"", ""1255 mAh"", ""57.9 °C"", ""45.6 mΩ"", ""Cell-E1""], [""946 cycles"", ""2.85 V"", ""63.2 %"", ""3987 mAh"", ""17.1 °C"", ""23.0 mΩ"", ""Cell-A1""], [""390 cycles"", ""4.05 V"", ""93.9 %"", ""1791 mAh"", ""48.6 °C"", ""23.9 mΩ"", ""Cell-C2""], [""228 cycles"", ""3.12 V"", ""98.5 %"", ""3579 mAh"", ""56.7 °C"", ""61.6 mΩ"", ""Cell-B1""], [""809 cycles"", ""4.17 V"", ""93.6 %"", ""5833 mAh"", ""19.9 °C"", ""7.3 mΩ"", ""Cell-B2""], [""147 cycles"", ""3.80 V"", ""52.6 %"", ""3984 mAh"", ""42.4 °C"", ""138.9 mΩ"", ""Cell-F1""]]}"
A-L3-0185,3,argmin,ml_benchmark,Find the model with the smallest Throughput.,"| Accuracy | Model | Memory usage | Throughput | F1 score |
| --- | --- | --- | --- | --- |
| 71.6 % | Atlas | 17.6 GB | 236.0 req/s | 73.1 % |
| 83.2 % | Zenith | 17.6 GB | 392.3 req/s | 64.7 % |
| 71.6 % | Vertex | 11.6 GB | 484.9 req/s | 65.0 % |
| 69.1 % | Echo | 15.2 GB | 120.5 req/s | 79.2 % |
| 98.7 % | Nimbus | 12.5 GB | 230.9 req/s | 82.7 % |
| 85.9 % | Sigma | 4.5 GB | 282.7 req/s | 47.9 % |","Answer the question using the table. Return only the final answer.

Table:
| Accuracy | Model | Memory usage | Throughput | F1 score |
| --- | --- | --- | --- | --- |
| 71.6 % | Atlas | 17.6 GB | 236.0 req/s | 73.1 % |
| 83.2 % | Zenith | 17.6 GB | 392.3 req/s | 64.7 % |
| 71.6 % | Vertex | 11.6 GB | 484.9 req/s | 65.0 % |
| 69.1 % | Echo | 15.2 GB | 120.5 req/s | 79.2 % |
| 98.7 % | Nimbus | 12.5 GB | 230.9 req/s | 82.7 % |
| 85.9 % | Sigma | 4.5 GB | 282.7 req/s | 47.9 % |

Question: Find the model with the smallest Throughput.",Echo,argmin,6,Throughput,"[{""row_index"": 0, ""column_index"": 3, ""row_identifier_column"": ""Model"", ""row_identifier_value"": ""Atlas"", ""column"": ""Throughput"", ""raw_value"": 236.0, ""display_value"": ""236.0 req/s""}, {""row_index"": 1, ""column_index"": 3, ""row_identifier_column"": ""Model"", ""row_identifier_value"": ""Zenith"", ""column"": ""Throughput"", ""raw_value"": 392.3, ""display_value"": ""392.3 req/s""}, {""row_index"": 2, ""column_index"": 3, ""row_identifier_column"": ""Model"", ""row_identifier_value"": ""Vertex"", ""column"": ""Throughput"", ""raw_value"": 484.9, ""display_value"": ""484.9 req/s""}, {""row_index"": 3, ""column_index"": 3, ""row_identifier_column"": ""Model"", ""row_identifier_value"": ""Echo"", ""column"": ""Throughput"", ""raw_value"": 120.5, ""display_value"": ""120.5 req/s""}, {""row_index"": 4, ""column_index"": 3, ""row_identifier_column"": ""Model"", ""row_identifier_value"": ""Nimbus"", ""column"": ""Throughput"", ""raw_value"": 230.9, ""display_value"": ""230.9 req/s""}, {""row_index"": 5, ""column_index"": 3, ""row_identifier_column"": ""Model"", ""row_identifier_value"": ""Sigma"", ""column"": ""Throughput"", ""raw_value"": 282.7, ""display_value"": ""282.7 req/s""}]","{""target_column"": ""Throughput"", ""column_allowed_for_operation"": true}","{""headers"": [""Accuracy"", ""Model"", ""Memory usage"", ""Throughput"", ""F1 score""], ""rows"": [[""71.6 %"", ""Atlas"", ""17.6 GB"", ""236.0 req/s"", ""73.1 %""], [""83.2 %"", ""Zenith"", ""17.6 GB"", ""392.3 req/s"", ""64.7 %""], [""71.6 %"", ""Vertex"", ""11.6 GB"", ""484.9 req/s"", ""65.0 %""], [""69.1 %"", ""Echo"", ""15.2 GB"", ""120.5 req/s"", ""79.2 %""], [""98.7 %"", ""Nimbus"", ""12.5 GB"", ""230.9 req/s"", ""82.7 %""], [""85.9 %"", ""Sigma"", ""4.5 GB"", ""282.7 req/s"", ""47.9 %""]]}"
A-L3-0186,3,argmax,regional_sales,Find the region with the greatest Returns.,"| Units sold | Revenue | Online orders | Returns | Region |
| --- | --- | --- | --- | --- |
| 7705 units | 168.5 kUSD | 4261 orders | 208 units | Fairview |
| 4996 units | 862.8 kUSD | 3846 orders | 73 units | Lakeside |
| 6884 units | 247.6 kUSD | 462 orders | 159 units | Pinehurst |
| 8652 units | 246.9 kUSD | 4894 orders | 53 units | Oakridge |
| 7412 units | 628.6 kUSD | 1380 orders | 86 units | Westhaven |
| 2572 units | 89.9 kUSD | 3181 orders | 153 units | Maple |
| 5326 units | 549.0 kUSD | 3111 orders | 114 units | Hillcrest |
| 568 units | 153.6 kUSD | 4866 orders | 436 units | Riverton |
| 2345 units | 455.0 kUSD | 2786 orders | 113 units | Brookfield |
| 3340 units | 247.4 kUSD | 456 orders | 286 units | Cedar |","Answer the question using the table. Return only the final answer.

Table:
| Units sold | Revenue | Online orders | Returns | Region |
| --- | --- | --- | --- | --- |
| 7705 units | 168.5 kUSD | 4261 orders | 208 units | Fairview |
| 4996 units | 862.8 kUSD | 3846 orders | 73 units | Lakeside |
| 6884 units | 247.6 kUSD | 462 orders | 159 units | Pinehurst |
| 8652 units | 246.9 kUSD | 4894 orders | 53 units | Oakridge |
| 7412 units | 628.6 kUSD | 1380 orders | 86 units | Westhaven |
| 2572 units | 89.9 kUSD | 3181 orders | 153 units | Maple |
| 5326 units | 549.0 kUSD | 3111 orders | 114 units | Hillcrest |
| 568 units | 153.6 kUSD | 4866 orders | 436 units | Riverton |
| 2345 units | 455.0 kUSD | 2786 orders | 113 units | Brookfield |
| 3340 units | 247.4 kUSD | 456 orders | 286 units | Cedar |

Question: Find the region with the greatest Returns.",Riverton,argmax,10,Returns,"[{""row_index"": 0, ""column_index"": 3, ""row_identifier_column"": ""Region"", ""row_identifier_value"": ""Fairview"", ""column"": ""Returns"", ""raw_value"": 208.0, ""display_value"": ""208 units""}, {""row_index"": 1, ""column_index"": 3, ""row_identifier_column"": ""Region"", ""row_identifier_value"": ""Lakeside"", ""column"": ""Returns"", ""raw_value"": 73.0, ""display_value"": ""73 units""}, {""row_index"": 2, ""column_index"": 3, ""row_identifier_column"": ""Region"", ""row_identifier_value"": ""Pinehurst"", ""column"": ""Returns"", ""raw_value"": 159.0, ""display_value"": ""159 units""}, {""row_index"": 3, ""column_index"": 3, ""row_identifier_column"": ""Region"", ""row_identifier_value"": ""Oakridge"", ""column"": ""Returns"", ""raw_value"": 53.0, ""display_value"": ""53 units""}, {""row_index"": 4, ""column_index"": 3, ""row_identifier_column"": ""Region"", ""row_identifier_value"": ""Westhaven"", ""column"": ""Returns"", ""raw_value"": 86.0, ""display_value"": ""86 units""}, {""row_index"": 5, ""column_index"": 3, ""row_identifier_column"": ""Region"", ""row_identifier_value"": ""Maple"", ""column"": ""Returns"", ""raw_value"": 153.0, ""display_value"": ""153 units""}, {""row_index"": 6, ""column_index"": 3, ""row_identifier_column"": ""Region"", ""row_identifier_value"": ""Hillcrest"", ""column"": ""Returns"", ""raw_value"": 114.0, ""display_value"": ""114 units""}, {""row_index"": 7, ""column_index"": 3, ""row_identifier_column"": ""Region"", ""row_identifier_value"": ""Riverton"", ""column"": ""Returns"", ""raw_value"": 436.0, ""display_value"": ""436 units""}, {""row_index"": 8, ""column_index"": 3, ""row_identifier_column"": ""Region"", ""row_identifier_value"": ""Brookfield"", ""column"": ""Returns"", ""raw_value"": 113.0, ""display_value"": ""113 units""}, {""row_index"": 9, ""column_index"": 3, ""row_identifier_column"": ""Region"", ""row_identifier_value"": ""Cedar"", ""column"": ""Returns"", ""raw_value"": 286.0, ""display_value"": ""286 units""}]","{""target_column"": ""Returns"", ""column_allowed_for_operation"": true}","{""headers"": [""Units sold"", ""Revenue"", ""Online orders"", ""Returns"", ""Region""], ""rows"": [[""7705 units"", ""168.5 kUSD"", ""4261 orders"", ""208 units"", ""Fairview""], [""4996 units"", ""862.8 kUSD"", ""3846 orders"", ""73 units"", ""Lakeside""], [""6884 units"", ""247.6 kUSD"", ""462 orders"", ""159 units"", ""Pinehurst""], [""8652 units"", ""246.9 kUSD"", ""4894 orders"", ""53 units"", ""Oakridge""], [""7412 units"", ""628.6 kUSD"", ""1380 orders"", ""86 units"", ""Westhaven""], [""2572 units"", ""89.9 kUSD"", ""3181 orders"", ""153 units"", ""Maple""], [""5326 units"", ""549.0 kUSD"", ""3111 orders"", ""114 units"", ""Hillcrest""], [""568 units"", ""153.6 kUSD"", ""4866 orders"", ""436 units"", ""Riverton""], [""2345 units"", ""455.0 kUSD"", ""2786 orders"", ""113 units"", ""Brookfield""], [""3340 units"", ""247.4 kUSD"", ""456 orders"", ""286 units"", ""Cedar""]]}"
A-L3-0187,3,argmax,flight_measurements,"According to the table, which pilot has the maximum Engine temperature?","| Altitude | Engine temperature | Cabin pressure | Pilot | Fuel |
| --- | --- | --- | --- | --- |
| 9110 m | 501 °C | 101.1 kPa | Julia | 250 kg |
| 7909 m | 631 °C | 91.2 kPa | David | 1957 kg |
| 8096 m | 481 °C | 83.1 kPa | Iris | 907 kg |
| 7012 m | 715 °C | 99.6 kPa | Oliver | 2062 kg |
| 8361 m | 838 °C | 91.6 kPa | Alex | 5135 kg |
| 6240 m | 952 °C | 103.5 kPa | Ryan | 1703 kg |
| 2757 m | 739 °C | 69.7 kPa | Nora | 1946 kg |
| 10905 m | 596 °C | 94.4 kPa | Sofia | 4490 kg |
| 7499 m | 795 °C | 95.7 kPa | Hana | 2894 kg |
| 11639 m | 455 °C | 76.6 kPa | Ethan | 11459 kg |","Answer the question using the table. Return only the final answer.

Table:
| Altitude | Engine temperature | Cabin pressure | Pilot | Fuel |
| --- | --- | --- | --- | --- |
| 9110 m | 501 °C | 101.1 kPa | Julia | 250 kg |
| 7909 m | 631 °C | 91.2 kPa | David | 1957 kg |
| 8096 m | 481 °C | 83.1 kPa | Iris | 907 kg |
| 7012 m | 715 °C | 99.6 kPa | Oliver | 2062 kg |
| 8361 m | 838 °C | 91.6 kPa | Alex | 5135 kg |
| 6240 m | 952 °C | 103.5 kPa | Ryan | 1703 kg |
| 2757 m | 739 °C | 69.7 kPa | Nora | 1946 kg |
| 10905 m | 596 °C | 94.4 kPa | Sofia | 4490 kg |
| 7499 m | 795 °C | 95.7 kPa | Hana | 2894 kg |
| 11639 m | 455 °C | 76.6 kPa | Ethan | 11459 kg |

Question: According to the table, which pilot has the maximum Engine temperature?",Ryan,argmax,10,Engine temperature,"[{""row_index"": 0, ""column_index"": 1, ""row_identifier_column"": ""Pilot"", ""row_identifier_value"": ""Julia"", ""column"": ""Engine temperature"", ""raw_value"": 501.0, ""display_value"": ""501 °C""}, {""row_index"": 1, ""column_index"": 1, ""row_identifier_column"": ""Pilot"", ""row_identifier_value"": ""David"", ""column"": ""Engine temperature"", ""raw_value"": 631.0, ""display_value"": ""631 °C""}, {""row_index"": 2, ""column_index"": 1, ""row_identifier_column"": ""Pilot"", ""row_identifier_value"": ""Iris"", ""column"": ""Engine temperature"", ""raw_value"": 481.0, ""display_value"": ""481 °C""}, {""row_index"": 3, ""column_index"": 1, ""row_identifier_column"": ""Pilot"", ""row_identifier_value"": ""Oliver"", ""column"": ""Engine temperature"", ""raw_value"": 715.0, ""display_value"": ""715 °C""}, {""row_index"": 4, ""column_index"": 1, ""row_identifier_column"": ""Pilot"", ""row_identifier_value"": ""Alex"", ""column"": ""Engine temperature"", ""raw_value"": 838.0, ""display_value"": ""838 °C""}, {""row_index"": 5, ""column_index"": 1, ""row_identifier_column"": ""Pilot"", ""row_identifier_value"": ""Ryan"", ""column"": ""Engine temperature"", ""raw_value"": 952.0, ""display_value"": ""952 °C""}, {""row_index"": 6, ""column_index"": 1, ""row_identifier_column"": ""Pilot"", ""row_identifier_value"": ""Nora"", ""column"": ""Engine temperature"", ""raw_value"": 739.0, ""display_value"": ""739 °C""}, {""row_index"": 7, ""column_index"": 1, ""row_identifier_column"": ""Pilot"", ""row_identifier_value"": ""Sofia"", ""column"": ""Engine temperature"", ""raw_value"": 596.0, ""display_value"": ""596 °C""}, {""row_index"": 8, ""column_index"": 1, ""row_identifier_column"": ""Pilot"", ""row_identifier_value"": ""Hana"", ""column"": ""Engine temperature"", ""raw_value"": 795.0, ""display_value"": ""795 °C""}, {""row_index"": 9, ""column_index"": 1, ""row_identifier_column"": ""Pilot"", ""row_identifier_value"": ""Ethan"", ""column"": ""Engine temperature"", ""raw_value"": 455.0, ""display_value"": ""455 °C""}]","{""target_column"": ""Engine temperature"", ""column_allowed_for_operation"": true}","{""headers"": [""Altitude"", ""Engine temperature"", ""Cabin pressure"", ""Pilot"", ""Fuel""], ""rows"": [[""9110 m"", ""501 °C"", ""101.1 kPa"", ""Julia"", ""250 kg""], [""7909 m"", ""631 °C"", ""91.2 kPa"", ""David"", ""1957 kg""], [""8096 m"", ""481 °C"", ""83.1 kPa"", ""Iris"", ""907 kg""], [""7012 m"", ""715 °C"", ""99.6 kPa"", ""Oliver"", ""2062 kg""], [""8361 m"", ""838 °C"", ""91.6 kPa"", ""Alex"", ""5135 kg""], [""6240 m"", ""952 °C"", ""103.5 kPa"", ""Ryan"", ""1703 kg""], [""2757 m"", ""739 °C"", ""69.7 kPa"", ""Nora"", ""1946 kg""], [""10905 m"", ""596 °C"", ""94.4 kPa"", ""Sofia"", ""4490 kg""], [""7499 m"", ""795 °C"", ""95.7 kPa"", ""Hana"", ""2894 kg""], [""11639 m"", ""455 °C"", ""76.6 kPa"", ""Ethan"", ""11459 kg""]]}"
A-L3-0188,3,column_average,race_telemetry,What is the average Tire temperature across all rows?,"| Driver | Brake temperature | Lap time | Tire temperature | Pit time | Fuel remaining |
| --- | --- | --- | --- | --- | --- |
| Ava | 315 °C | 58.60 s | 93.2 °C | 19.94 s | 80.6 L |
| Lucas | 352 °C | 141.44 s | 89.5 °C | 9.92 s | 4.2 L |
| Noah | 356 °C | 139.40 s | 83.5 °C | 15.72 s | 53.3 L |
| Oliver | 318 °C | 61.82 s | 81.6 °C | 36.28 s | 84.2 L |
| Sam | 454 °C | 74.64 s | 95.0 °C | 19.38 s | 48.7 L |
| Ryan | 726 °C | 66.12 s | 132.2 °C | 35.52 s | 46.2 L |
| Daniel | 439 °C | 124.66 s | 67.8 °C | 40.29 s | 42.2 L |
| Emma | 429 °C | 138.34 s | 143.2 °C | 11.84 s | 56.8 L |","Answer the question using the table. Return only the final answer.

Table:
| Driver | Brake temperature | Lap time | Tire temperature | Pit time | Fuel remaining |
| --- | --- | --- | --- | --- | --- |
| Ava | 315 °C | 58.60 s | 93.2 °C | 19.94 s | 80.6 L |
| Lucas | 352 °C | 141.44 s | 89.5 °C | 9.92 s | 4.2 L |
| Noah | 356 °C | 139.40 s | 83.5 °C | 15.72 s | 53.3 L |
| Oliver | 318 °C | 61.82 s | 81.6 °C | 36.28 s | 84.2 L |
| Sam | 454 °C | 74.64 s | 95.0 °C | 19.38 s | 48.7 L |
| Ryan | 726 °C | 66.12 s | 132.2 °C | 35.52 s | 46.2 L |
| Daniel | 439 °C | 124.66 s | 67.8 °C | 40.29 s | 42.2 L |
| Emma | 429 °C | 138.34 s | 143.2 °C | 11.84 s | 56.8 L |

Question: What is the average Tire temperature across all rows?",98.25 °C,mean,8,Tire temperature,"[{""row_index"": 0, ""column_index"": 3, ""row_identifier_column"": ""Driver"", ""row_identifier_value"": ""Ava"", ""column"": ""Tire temperature"", ""raw_value"": 93.2, ""display_value"": ""93.2 °C""}, {""row_index"": 1, ""column_index"": 3, ""row_identifier_column"": ""Driver"", ""row_identifier_value"": ""Lucas"", ""column"": ""Tire temperature"", ""raw_value"": 89.5, ""display_value"": ""89.5 °C""}, {""row_index"": 2, ""column_index"": 3, ""row_identifier_column"": ""Driver"", ""row_identifier_value"": ""Noah"", ""column"": ""Tire temperature"", ""raw_value"": 83.5, ""display_value"": ""83.5 °C""}, {""row_index"": 3, ""column_index"": 3, ""row_identifier_column"": ""Driver"", ""row_identifier_value"": ""Oliver"", ""column"": ""Tire temperature"", ""raw_value"": 81.6, ""display_value"": ""81.6 °C""}, {""row_index"": 4, ""column_index"": 3, ""row_identifier_column"": ""Driver"", ""row_identifier_value"": ""Sam"", ""column"": ""Tire temperature"", ""raw_value"": 95.0, ""display_value"": ""95.0 °C""}, {""row_index"": 5, ""column_index"": 3, ""row_identifier_column"": ""Driver"", ""row_identifier_value"": ""Ryan"", ""column"": ""Tire temperature"", ""raw_value"": 132.2, ""display_value"": ""132.2 °C""}, {""row_index"": 6, ""column_index"": 3, ""row_identifier_column"": ""Driver"", ""row_identifier_value"": ""Daniel"", ""column"": ""Tire temperature"", ""raw_value"": 67.8, ""display_value"": ""67.8 °C""}, {""row_index"": 7, ""column_index"": 3, ""row_identifier_column"": ""Driver"", ""row_identifier_value"": ""Emma"", ""column"": ""Tire temperature"", ""raw_value"": 143.2, ""display_value"": ""143.2 °C""}]","{""target_column"": ""Tire temperature"", ""column_allowed_for_operation"": true, ""answer_digits"": 2}","{""headers"": [""Driver"", ""Brake temperature"", ""Lap time"", ""Tire temperature"", ""Pit time"", ""Fuel remaining""], ""rows"": [[""Ava"", ""315 °C"", ""58.60 s"", ""93.2 °C"", ""19.94 s"", ""80.6 L""], [""Lucas"", ""352 °C"", ""141.44 s"", ""89.5 °C"", ""9.92 s"", ""4.2 L""], [""Noah"", ""356 °C"", ""139.40 s"", ""83.5 °C"", ""15.72 s"", ""53.3 L""], [""Oliver"", ""318 °C"", ""61.82 s"", ""81.6 °C"", ""36.28 s"", ""84.2 L""], [""Sam"", ""454 °C"", ""74.64 s"", ""95.0 °C"", ""19.38 s"", ""48.7 L""], [""Ryan"", ""726 °C"", ""66.12 s"", ""132.2 °C"", ""35.52 s"", ""46.2 L""], [""Daniel"", ""439 °C"", ""124.66 s"", ""67.8 °C"", ""40.29 s"", ""42.2 L""], [""Emma"", ""429 °C"", ""138.34 s"", ""143.2 °C"", ""11.84 s"", ""56.8 L""]]}"
A-L3-0189,3,count_condition,race_telemetry,How many entries have Top speed greater than 230.40 km/h?,"| Pit time | Brake temperature | Lap time | Top speed | Driver | Fuel remaining | Tire temperature |
| --- | --- | --- | --- | --- | --- | --- |
| 40.62 s | 790 °C | 98.93 s | 296.2 km/h | Nora | 21.2 L | 113.8 °C |
| 28.03 s | 702 °C | 149.92 s | 301.3 km/h | Julia | 88.2 L | 110.2 °C |
| 29.76 s | 653 °C | 100.16 s | 307.0 km/h | Emma | 24.6 L | 80.9 °C |
| 42.85 s | 640 °C | 79.70 s | 304.6 km/h | Oliver | 74.4 L | 143.7 °C |
| 15.01 s | 804 °C | 82.65 s | 275.5 km/h | Ethan | 58.4 L | 64.3 °C |
| 40.79 s | 319 °C | 96.11 s | 281.7 km/h | Maya | 73.3 L | 120.0 °C |
| 34.30 s | 404 °C | 94.65 s | 296.1 km/h | Ava | 51.2 L | 93.8 °C |
| 18.22 s | 887 °C | 144.87 s | 333.8 km/h | Mina | 57.1 L | 141.3 °C |
| 8.94 s | 707 °C | 66.11 s | 185.3 km/h | David | 75.3 L | 122.8 °C |","Answer the question using the table. Return only the final answer.

Table:
| Pit time | Brake temperature | Lap time | Top speed | Driver | Fuel remaining | Tire temperature |
| --- | --- | --- | --- | --- | --- | --- |
| 40.62 s | 790 °C | 98.93 s | 296.2 km/h | Nora | 21.2 L | 113.8 °C |
| 28.03 s | 702 °C | 149.92 s | 301.3 km/h | Julia | 88.2 L | 110.2 °C |
| 29.76 s | 653 °C | 100.16 s | 307.0 km/h | Emma | 24.6 L | 80.9 °C |
| 42.85 s | 640 °C | 79.70 s | 304.6 km/h | Oliver | 74.4 L | 143.7 °C |
| 15.01 s | 804 °C | 82.65 s | 275.5 km/h | Ethan | 58.4 L | 64.3 °C |
| 40.79 s | 319 °C | 96.11 s | 281.7 km/h | Maya | 73.3 L | 120.0 °C |
| 34.30 s | 404 °C | 94.65 s | 296.1 km/h | Ava | 51.2 L | 93.8 °C |
| 18.22 s | 887 °C | 144.87 s | 333.8 km/h | Mina | 57.1 L | 141.3 °C |
| 8.94 s | 707 °C | 66.11 s | 185.3 km/h | David | 75.3 L | 122.8 °C |

Question: How many entries have Top speed greater than 230.40 km/h?",8,count_condition,9,Top speed,"[{""row_index"": 0, ""column_index"": 3, ""row_identifier_column"": ""Driver"", ""row_identifier_value"": ""Nora"", ""column"": ""Top speed"", ""raw_value"": 296.2, ""display_value"": ""296.2 km/h""}, {""row_index"": 1, ""column_index"": 3, ""row_identifier_column"": ""Driver"", ""row_identifier_value"": ""Julia"", ""column"": ""Top speed"", ""raw_value"": 301.3, ""display_value"": ""301.3 km/h""}, {""row_index"": 2, ""column_index"": 3, ""row_identifier_column"": ""Driver"", ""row_identifier_value"": ""Emma"", ""column"": ""Top speed"", ""raw_value"": 307.0, ""display_value"": ""307.0 km/h""}, {""row_index"": 3, ""column_index"": 3, ""row_identifier_column"": ""Driver"", ""row_identifier_value"": ""Oliver"", ""column"": ""Top speed"", ""raw_value"": 304.6, ""display_value"": ""304.6 km/h""}, {""row_index"": 4, ""column_index"": 3, ""row_identifier_column"": ""Driver"", ""row_identifier_value"": ""Ethan"", ""column"": ""Top speed"", ""raw_value"": 275.5, ""display_value"": ""275.5 km/h""}, {""row_index"": 5, ""column_index"": 3, ""row_identifier_column"": ""Driver"", ""row_identifier_value"": ""Maya"", ""column"": ""Top speed"", ""raw_value"": 281.7, ""display_value"": ""281.7 km/h""}, {""row_index"": 6, ""column_index"": 3, ""row_identifier_column"": ""Driver"", ""row_identifier_value"": ""Ava"", ""column"": ""Top speed"", ""raw_value"": 296.1, ""display_value"": ""296.1 km/h""}, {""row_index"": 7, ""column_index"": 3, ""row_identifier_column"": ""Driver"", ""row_identifier_value"": ""Mina"", ""column"": ""Top speed"", ""raw_value"": 333.8, ""display_value"": ""333.8 km/h""}, {""row_index"": 8, ""column_index"": 3, ""row_identifier_column"": ""Driver"", ""row_identifier_value"": ""David"", ""column"": ""Top speed"", ""raw_value"": 185.3, ""display_value"": ""185.3 km/h""}]","{""target_column"": ""Top speed"", ""column_allowed_for_operation"": true, ""comparison"": ""greater_than"", ""threshold_raw"": 230.4, ""threshold_display"": ""230.40 km/h""}","{""headers"": [""Pit time"", ""Brake temperature"", ""Lap time"", ""Top speed"", ""Driver"", ""Fuel remaining"", ""Tire temperature""], ""rows"": [[""40.62 s"", ""790 °C"", ""98.93 s"", ""296.2 km/h"", ""Nora"", ""21.2 L"", ""113.8 °C""], [""28.03 s"", ""702 °C"", ""149.92 s"", ""301.3 km/h"", ""Julia"", ""88.2 L"", ""110.2 °C""], [""29.76 s"", ""653 °C"", ""100.16 s"", ""307.0 km/h"", ""Emma"", ""24.6 L"", ""80.9 °C""], [""42.85 s"", ""640 °C"", ""79.70 s"", ""304.6 km/h"", ""Oliver"", ""74.4 L"", ""143.7 °C""], [""15.01 s"", ""804 °C"", ""82.65 s"", ""275.5 km/h"", ""Ethan"", ""58.4 L"", ""64.3 °C""], [""40.79 s"", ""319 °C"", ""96.11 s"", ""281.7 km/h"", ""Maya"", ""73.3 L"", ""120.0 °C""], [""34.30 s"", ""404 °C"", ""94.65 s"", ""296.1 km/h"", ""Ava"", ""51.2 L"", ""93.8 °C""], [""18.22 s"", ""887 °C"", ""144.87 s"", ""333.8 km/h"", ""Mina"", ""57.1 L"", ""141.3 °C""], [""8.94 s"", ""707 °C"", ""66.11 s"", ""185.3 km/h"", ""David"", ""75.3 L"", ""122.8 °C""]]}"
A-L3-0190,3,count_condition,regional_sales,How many entries have Returns greater than 437.50 units?,"| Units sold | Returns | Retail orders | Revenue | Region |
| --- | --- | --- | --- | --- |
| 7101 units | 83 units | 752 orders | 654.4 kUSD | Lakeside |
| 3345 units | 399 units | 1695 orders | 413.7 kUSD | Oakridge |
| 1395 units | 332 units | 2647 orders | 343.3 kUSD | Orion |
| 3409 units | 395 units | 1632 orders | 698.4 kUSD | Hillcrest |
| 7533 units | 318 units | 4103 orders | 168.4 kUSD | Riverton |
| 617 units | 254 units | 1226 orders | 356.3 kUSD | Maple |
| 638 units | 476 units | 3711 orders | 102.7 kUSD | Pinehurst |
| 6866 units | 485 units | 582 orders | 979.7 kUSD | Clearwater |
| 772 units | 294 units | 814 orders | 622.1 kUSD | Cedar |","Answer the question using the table. Return only the final answer.

Table:
| Units sold | Returns | Retail orders | Revenue | Region |
| --- | --- | --- | --- | --- |
| 7101 units | 83 units | 752 orders | 654.4 kUSD | Lakeside |
| 3345 units | 399 units | 1695 orders | 413.7 kUSD | Oakridge |
| 1395 units | 332 units | 2647 orders | 343.3 kUSD | Orion |
| 3409 units | 395 units | 1632 orders | 698.4 kUSD | Hillcrest |
| 7533 units | 318 units | 4103 orders | 168.4 kUSD | Riverton |
| 617 units | 254 units | 1226 orders | 356.3 kUSD | Maple |
| 638 units | 476 units | 3711 orders | 102.7 kUSD | Pinehurst |
| 6866 units | 485 units | 582 orders | 979.7 kUSD | Clearwater |
| 772 units | 294 units | 814 orders | 622.1 kUSD | Cedar |

Question: How many entries have Returns greater than 437.50 units?",2,count_condition,9,Returns,"[{""row_index"": 0, ""column_index"": 1, ""row_identifier_column"": ""Region"", ""row_identifier_value"": ""Lakeside"", ""column"": ""Returns"", ""raw_value"": 83.0, ""display_value"": ""83 units""}, {""row_index"": 1, ""column_index"": 1, ""row_identifier_column"": ""Region"", ""row_identifier_value"": ""Oakridge"", ""column"": ""Returns"", ""raw_value"": 399.0, ""display_value"": ""399 units""}, {""row_index"": 2, ""column_index"": 1, ""row_identifier_column"": ""Region"", ""row_identifier_value"": ""Orion"", ""column"": ""Returns"", ""raw_value"": 332.0, ""display_value"": ""332 units""}, {""row_index"": 3, ""column_index"": 1, ""row_identifier_column"": ""Region"", ""row_identifier_value"": ""Hillcrest"", ""column"": ""Returns"", ""raw_value"": 395.0, ""display_value"": ""395 units""}, {""row_index"": 4, ""column_index"": 1, ""row_identifier_column"": ""Region"", ""row_identifier_value"": ""Riverton"", ""column"": ""Returns"", ""raw_value"": 318.0, ""display_value"": ""318 units""}, {""row_index"": 5, ""column_index"": 1, ""row_identifier_column"": ""Region"", ""row_identifier_value"": ""Maple"", ""column"": ""Returns"", ""raw_value"": 254.0, ""display_value"": ""254 units""}, {""row_index"": 6, ""column_index"": 1, ""row_identifier_column"": ""Region"", ""row_identifier_value"": ""Pinehurst"", ""column"": ""Returns"", ""raw_value"": 476.0, ""display_value"": ""476 units""}, {""row_index"": 7, ""column_index"": 1, ""row_identifier_column"": ""Region"", ""row_identifier_value"": ""Clearwater"", ""column"": ""Returns"", ""raw_value"": 485.0, ""display_value"": ""485 units""}, {""row_index"": 8, ""column_index"": 1, ""row_identifier_column"": ""Region"", ""row_identifier_value"": ""Cedar"", ""column"": ""Returns"", ""raw_value"": 294.0, ""display_value"": ""294 units""}]","{""target_column"": ""Returns"", ""column_allowed_for_operation"": true, ""comparison"": ""greater_than"", ""threshold_raw"": 437.5, ""threshold_display"": ""437.50 units""}","{""headers"": [""Units sold"", ""Returns"", ""Retail orders"", ""Revenue"", ""Region""], ""rows"": [[""7101 units"", ""83 units"", ""752 orders"", ""654.4 kUSD"", ""Lakeside""], [""3345 units"", ""399 units"", ""1695 orders"", ""413.7 kUSD"", ""Oakridge""], [""1395 units"", ""332 units"", ""2647 orders"", ""343.3 kUSD"", ""Orion""], [""3409 units"", ""395 units"", ""1632 orders"", ""698.4 kUSD"", ""Hillcrest""], [""7533 units"", ""318 units"", ""4103 orders"", ""168.4 kUSD"", ""Riverton""], [""617 units"", ""254 units"", ""1226 orders"", ""356.3 kUSD"", ""Maple""], [""638 units"", ""476 units"", ""3711 orders"", ""102.7 kUSD"", ""Pinehurst""], [""6866 units"", ""485 units"", ""582 orders"", ""979.7 kUSD"", ""Clearwater""], [""772 units"", ""294 units"", ""814 orders"", ""622.1 kUSD"", ""Cedar""]]}"
A-L3-0191,3,argmax,sports_statistics,Which team has the highest Points?,"| Team | Shots | Possession | Points | Goals scored |
| --- | --- | --- | --- | --- |
| Knights | 212 shots | 52.6 % | 118 points | 13 goals |
| Panthers | 51 shots | 59.0 % | 33 points | 28 goals |
| Cyclones | 28 shots | 65.2 % | 35 points | 34 goals |
| Falcons | 181 shots | 52.1 % | 99 points | 59 goals |
| Ravens | 106 shots | 30.8 % | 80 points | 24 goals |
| Sharks | 36 shots | 46.0 % | 45 points | 43 goals |
| Wolves | 85 shots | 55.6 % | 114 points | 92 goals |","Answer the question using the table. Return only the final answer.

Table:
| Team | Shots | Possession | Points | Goals scored |
| --- | --- | --- | --- | --- |
| Knights | 212 shots | 52.6 % | 118 points | 13 goals |
| Panthers | 51 shots | 59.0 % | 33 points | 28 goals |
| Cyclones | 28 shots | 65.2 % | 35 points | 34 goals |
| Falcons | 181 shots | 52.1 % | 99 points | 59 goals |
| Ravens | 106 shots | 30.8 % | 80 points | 24 goals |
| Sharks | 36 shots | 46.0 % | 45 points | 43 goals |
| Wolves | 85 shots | 55.6 % | 114 points | 92 goals |

Question: Which team has the highest Points?",Knights,argmax,7,Points,"[{""row_index"": 0, ""column_index"": 3, ""row_identifier_column"": ""Team"", ""row_identifier_value"": ""Knights"", ""column"": ""Points"", ""raw_value"": 118.0, ""display_value"": ""118 points""}, {""row_index"": 1, ""column_index"": 3, ""row_identifier_column"": ""Team"", ""row_identifier_value"": ""Panthers"", ""column"": ""Points"", ""raw_value"": 33.0, ""display_value"": ""33 points""}, {""row_index"": 2, ""column_index"": 3, ""row_identifier_column"": ""Team"", ""row_identifier_value"": ""Cyclones"", ""column"": ""Points"", ""raw_value"": 35.0, ""display_value"": ""35 points""}, {""row_index"": 3, ""column_index"": 3, ""row_identifier_column"": ""Team"", ""row_identifier_value"": ""Falcons"", ""column"": ""Points"", ""raw_value"": 99.0, ""display_value"": ""99 points""}, {""row_index"": 4, ""column_index"": 3, ""row_identifier_column"": ""Team"", ""row_identifier_value"": ""Ravens"", ""column"": ""Points"", ""raw_value"": 80.0, ""display_value"": ""80 points""}, {""row_index"": 5, ""column_index"": 3, ""row_identifier_column"": ""Team"", ""row_identifier_value"": ""Sharks"", ""column"": ""Points"", ""raw_value"": 45.0, ""display_value"": ""45 points""}, {""row_index"": 6, ""column_index"": 3, ""row_identifier_column"": ""Team"", ""row_identifier_value"": ""Wolves"", ""column"": ""Points"", ""raw_value"": 114.0, ""display_value"": ""114 points""}]","{""target_column"": ""Points"", ""column_allowed_for_operation"": true}","{""headers"": [""Team"", ""Shots"", ""Possession"", ""Points"", ""Goals scored""], ""rows"": [[""Knights"", ""212 shots"", ""52.6 %"", ""118 points"", ""13 goals""], [""Panthers"", ""51 shots"", ""59.0 %"", ""33 points"", ""28 goals""], [""Cyclones"", ""28 shots"", ""65.2 %"", ""35 points"", ""34 goals""], [""Falcons"", ""181 shots"", ""52.1 %"", ""99 points"", ""59 goals""], [""Ravens"", ""106 shots"", ""30.8 %"", ""80 points"", ""24 goals""], [""Sharks"", ""36 shots"", ""46.0 %"", ""45 points"", ""43 goals""], [""Wolves"", ""85 shots"", ""55.6 %"", ""114 points"", ""92 goals""]]}"
A-L3-0192,3,argmin,ml_benchmark,Find the model with the smallest Accuracy.,"| Accuracy | Throughput | F1 score | Latency | Model |
| --- | --- | --- | --- | --- |
| 98.4 % | 438.6 req/s | 89.5 % | 83.2 ms | Nova |
| 95.0 % | 291.1 req/s | 75.7 % | 5.1 ms | Pulse |
| 97.3 % | 195.7 req/s | 75.3 % | 68.3 ms | Zenith |
| 91.1 % | 367.8 req/s | 88.4 % | 101.9 ms | Delta |
| 72.9 % | 41.5 req/s | 64.8 % | 196.2 ms | Helix |","Answer the question using the table. Return only the final answer.

Table:
| Accuracy | Throughput | F1 score | Latency | Model |
| --- | --- | --- | --- | --- |
| 98.4 % | 438.6 req/s | 89.5 % | 83.2 ms | Nova |
| 95.0 % | 291.1 req/s | 75.7 % | 5.1 ms | Pulse |
| 97.3 % | 195.7 req/s | 75.3 % | 68.3 ms | Zenith |
| 91.1 % | 367.8 req/s | 88.4 % | 101.9 ms | Delta |
| 72.9 % | 41.5 req/s | 64.8 % | 196.2 ms | Helix |

Question: Find the model with the smallest Accuracy.",Helix,argmin,5,Accuracy,"[{""row_index"": 0, ""column_index"": 0, ""row_identifier_column"": ""Model"", ""row_identifier_value"": ""Nova"", ""column"": ""Accuracy"", ""raw_value"": 98.4, ""display_value"": ""98.4 %""}, {""row_index"": 1, ""column_index"": 0, ""row_identifier_column"": ""Model"", ""row_identifier_value"": ""Pulse"", ""column"": ""Accuracy"", ""raw_value"": 95.0, ""display_value"": ""95.0 %""}, {""row_index"": 2, ""column_index"": 0, ""row_identifier_column"": ""Model"", ""row_identifier_value"": ""Zenith"", ""column"": ""Accuracy"", ""raw_value"": 97.3, ""display_value"": ""97.3 %""}, {""row_index"": 3, ""column_index"": 0, ""row_identifier_column"": ""Model"", ""row_identifier_value"": ""Delta"", ""column"": ""Accuracy"", ""raw_value"": 91.1, ""display_value"": ""91.1 %""}, {""row_index"": 4, ""column_index"": 0, ""row_identifier_column"": ""Model"", ""row_identifier_value"": ""Helix"", ""column"": ""Accuracy"", ""raw_value"": 72.9, ""display_value"": ""72.9 %""}]","{""target_column"": ""Accuracy"", ""column_allowed_for_operation"": true}","{""headers"": [""Accuracy"", ""Throughput"", ""F1 score"", ""Latency"", ""Model""], ""rows"": [[""98.4 %"", ""438.6 req/s"", ""89.5 %"", ""83.2 ms"", ""Nova""], [""95.0 %"", ""291.1 req/s"", ""75.7 %"", ""5.1 ms"", ""Pulse""], [""97.3 %"", ""195.7 req/s"", ""75.3 %"", ""68.3 ms"", ""Zenith""], [""91.1 %"", ""367.8 req/s"", ""88.4 %"", ""101.9 ms"", ""Delta""], [""72.9 %"", ""41.5 req/s"", ""64.8 %"", ""196.2 ms"", ""Helix""]]}"
A-L3-0193,3,argmin,flight_measurements,Which pilot has the lowest Vertical speed?,"| Engine temperature | Pilot | Vertical speed | Ground speed | Fuel | Cabin pressure |
| --- | --- | --- | --- | --- | --- |
| 742 °C | Nora | 9.5 m/s | 408.7 km/h | 10489 kg | 86.4 kPa |
| 824 °C | Oliver | -7.0 m/s | 527.3 km/h | 1826 kg | 91.1 kPa |
| 568 °C | Ava | -7.9 m/s | 556.3 km/h | 2687 kg | 67.6 kPa |
| 732 °C | Lena | 6.2 m/s | 415.2 km/h | 948 kg | 66.8 kPa |
| 839 °C | Lucas | -7.6 m/s | 852.3 km/h | 2326 kg | 105.0 kPa |
| 634 °C | David | 15.0 m/s | 422.8 km/h | 814 kg | 100.6 kPa |
| 671 °C | Yuna | 7.3 m/s | 595.0 km/h | 6432 kg | 76.3 kPa |
| 786 °C | Maya | -19.8 m/s | 894.1 km/h | 6783 kg | 80.0 kPa |","Answer the question using the table. Return only the final answer.

Table:
| Engine temperature | Pilot | Vertical speed | Ground speed | Fuel | Cabin pressure |
| --- | --- | --- | --- | --- | --- |
| 742 °C | Nora | 9.5 m/s | 408.7 km/h | 10489 kg | 86.4 kPa |
| 824 °C | Oliver | -7.0 m/s | 527.3 km/h | 1826 kg | 91.1 kPa |
| 568 °C | Ava | -7.9 m/s | 556.3 km/h | 2687 kg | 67.6 kPa |
| 732 °C | Lena | 6.2 m/s | 415.2 km/h | 948 kg | 66.8 kPa |
| 839 °C | Lucas | -7.6 m/s | 852.3 km/h | 2326 kg | 105.0 kPa |
| 634 °C | David | 15.0 m/s | 422.8 km/h | 814 kg | 100.6 kPa |
| 671 °C | Yuna | 7.3 m/s | 595.0 km/h | 6432 kg | 76.3 kPa |
| 786 °C | Maya | -19.8 m/s | 894.1 km/h | 6783 kg | 80.0 kPa |

Question: Which pilot has the lowest Vertical speed?",Maya,argmin,8,Vertical speed,"[{""row_index"": 0, ""column_index"": 2, ""row_identifier_column"": ""Pilot"", ""row_identifier_value"": ""Nora"", ""column"": ""Vertical speed"", ""raw_value"": 9.5, ""display_value"": ""9.5 m/s""}, {""row_index"": 1, ""column_index"": 2, ""row_identifier_column"": ""Pilot"", ""row_identifier_value"": ""Oliver"", ""column"": ""Vertical speed"", ""raw_value"": -7.0, ""display_value"": ""-7.0 m/s""}, {""row_index"": 2, ""column_index"": 2, ""row_identifier_column"": ""Pilot"", ""row_identifier_value"": ""Ava"", ""column"": ""Vertical speed"", ""raw_value"": -7.9, ""display_value"": ""-7.9 m/s""}, {""row_index"": 3, ""column_index"": 2, ""row_identifier_column"": ""Pilot"", ""row_identifier_value"": ""Lena"", ""column"": ""Vertical speed"", ""raw_value"": 6.2, ""display_value"": ""6.2 m/s""}, {""row_index"": 4, ""column_index"": 2, ""row_identifier_column"": ""Pilot"", ""row_identifier_value"": ""Lucas"", ""column"": ""Vertical speed"", ""raw_value"": -7.6, ""display_value"": ""-7.6 m/s""}, {""row_index"": 5, ""column_index"": 2, ""row_identifier_column"": ""Pilot"", ""row_identifier_value"": ""David"", ""column"": ""Vertical speed"", ""raw_value"": 15.0, ""display_value"": ""15.0 m/s""}, {""row_index"": 6, ""column_index"": 2, ""row_identifier_column"": ""Pilot"", ""row_identifier_value"": ""Yuna"", ""column"": ""Vertical speed"", ""raw_value"": 7.3, ""display_value"": ""7.3 m/s""}, {""row_index"": 7, ""column_index"": 2, ""row_identifier_column"": ""Pilot"", ""row_identifier_value"": ""Maya"", ""column"": ""Vertical speed"", ""raw_value"": -19.8, ""display_value"": ""-19.8 m/s""}]","{""target_column"": ""Vertical speed"", ""column_allowed_for_operation"": true}","{""headers"": [""Engine temperature"", ""Pilot"", ""Vertical speed"", ""Ground speed"", ""Fuel"", ""Cabin pressure""], ""rows"": [[""742 °C"", ""Nora"", ""9.5 m/s"", ""408.7 km/h"", ""10489 kg"", ""86.4 kPa""], [""824 °C"", ""Oliver"", ""-7.0 m/s"", ""527.3 km/h"", ""1826 kg"", ""91.1 kPa""], [""568 °C"", ""Ava"", ""-7.9 m/s"", ""556.3 km/h"", ""2687 kg"", ""67.6 kPa""], [""732 °C"", ""Lena"", ""6.2 m/s"", ""415.2 km/h"", ""948 kg"", ""66.8 kPa""], [""839 °C"", ""Lucas"", ""-7.6 m/s"", ""852.3 km/h"", ""2326 kg"", ""105.0 kPa""], [""634 °C"", ""David"", ""15.0 m/s"", ""422.8 km/h"", ""814 kg"", ""100.6 kPa""], [""671 °C"", ""Yuna"", ""7.3 m/s"", ""595.0 km/h"", ""6432 kg"", ""76.3 kPa""], [""786 °C"", ""Maya"", ""-19.8 m/s"", ""894.1 km/h"", ""6783 kg"", ""80.0 kPa""]]}"
A-L3-0194,3,column_sum,flight_measurements,"According to the table, what is the sum of Fuel for all entries?","| Engine temperature | Vertical speed | Pilot | Ground speed | Altitude | Fuel | Cabin pressure |
| --- | --- | --- | --- | --- | --- | --- |
| 469 °C | -1.4 m/s | Julia | 569.9 km/h | 9680 m | 7570 kg | 90.4 kPa |
| 902 °C | 10.5 m/s | Emma | 528.5 km/h | 9986 m | 8640 kg | 82.6 kPa |
| 687 °C | -10.3 m/s | Lucas | 574.7 km/h | 1927 m | 9904 kg | 97.8 kPa |
| 709 °C | 14.5 m/s | Jisoo | 866.2 km/h | 7623 m | 2204 kg | 92.2 kPa |
| 908 °C | 17.0 m/s | Alex | 641.8 km/h | 11442 m | 3507 kg | 73.0 kPa |
| 619 °C | -3.0 m/s | Chris | 484.4 km/h | 1005 m | 6887 kg | 102.6 kPa |
| 531 °C | -17.8 m/s | Mina | 914.1 km/h | 6759 m | 6825 kg | 82.3 kPa |
| 677 °C | -0.2 m/s | Maya | 195.7 km/h | 3018 m | 5943 kg | 101.2 kPa |
| 737 °C | -7.3 m/s | Noah | 492.2 km/h | 7502 m | 3563 kg | 101.0 kPa |","Answer the question using the table. Return only the final answer.

Table:
| Engine temperature | Vertical speed | Pilot | Ground speed | Altitude | Fuel | Cabin pressure |
| --- | --- | --- | --- | --- | --- | --- |
| 469 °C | -1.4 m/s | Julia | 569.9 km/h | 9680 m | 7570 kg | 90.4 kPa |
| 902 °C | 10.5 m/s | Emma | 528.5 km/h | 9986 m | 8640 kg | 82.6 kPa |
| 687 °C | -10.3 m/s | Lucas | 574.7 km/h | 1927 m | 9904 kg | 97.8 kPa |
| 709 °C | 14.5 m/s | Jisoo | 866.2 km/h | 7623 m | 2204 kg | 92.2 kPa |
| 908 °C | 17.0 m/s | Alex | 641.8 km/h | 11442 m | 3507 kg | 73.0 kPa |
| 619 °C | -3.0 m/s | Chris | 484.4 km/h | 1005 m | 6887 kg | 102.6 kPa |
| 531 °C | -17.8 m/s | Mina | 914.1 km/h | 6759 m | 6825 kg | 82.3 kPa |
| 677 °C | -0.2 m/s | Maya | 195.7 km/h | 3018 m | 5943 kg | 101.2 kPa |
| 737 °C | -7.3 m/s | Noah | 492.2 km/h | 7502 m | 3563 kg | 101.0 kPa |

Question: According to the table, what is the sum of Fuel for all entries?",55043 kg,sum,9,Fuel,"[{""row_index"": 0, ""column_index"": 5, ""row_identifier_column"": ""Pilot"", ""row_identifier_value"": ""Julia"", ""column"": ""Fuel"", ""raw_value"": 7570.0, ""display_value"": ""7570 kg""}, {""row_index"": 1, ""column_index"": 5, ""row_identifier_column"": ""Pilot"", ""row_identifier_value"": ""Emma"", ""column"": ""Fuel"", ""raw_value"": 8640.0, ""display_value"": ""8640 kg""}, {""row_index"": 2, ""column_index"": 5, ""row_identifier_column"": ""Pilot"", ""row_identifier_value"": ""Lucas"", ""column"": ""Fuel"", ""raw_value"": 9904.0, ""display_value"": ""9904 kg""}, {""row_index"": 3, ""column_index"": 5, ""row_identifier_column"": ""Pilot"", ""row_identifier_value"": ""Jisoo"", ""column"": ""Fuel"", ""raw_value"": 2204.0, ""display_value"": ""2204 kg""}, {""row_index"": 4, ""column_index"": 5, ""row_identifier_column"": ""Pilot"", ""row_identifier_value"": ""Alex"", ""column"": ""Fuel"", ""raw_value"": 3507.0, ""display_value"": ""3507 kg""}, {""row_index"": 5, ""column_index"": 5, ""row_identifier_column"": ""Pilot"", ""row_identifier_value"": ""Chris"", ""column"": ""Fuel"", ""raw_value"": 6887.0, ""display_value"": ""6887 kg""}, {""row_index"": 6, ""column_index"": 5, ""row_identifier_column"": ""Pilot"", ""row_identifier_value"": ""Mina"", ""column"": ""Fuel"", ""raw_value"": 6825.0, ""display_value"": ""6825 kg""}, {""row_index"": 7, ""column_index"": 5, ""row_identifier_column"": ""Pilot"", ""row_identifier_value"": ""Maya"", ""column"": ""Fuel"", ""raw_value"": 5943.0, ""display_value"": ""5943 kg""}, {""row_index"": 8, ""column_index"": 5, ""row_identifier_column"": ""Pilot"", ""row_identifier_value"": ""Noah"", ""column"": ""Fuel"", ""raw_value"": 3563.0, ""display_value"": ""3563 kg""}]","{""target_column"": ""Fuel"", ""column_allowed_for_operation"": true}","{""headers"": [""Engine temperature"", ""Vertical speed"", ""Pilot"", ""Ground speed"", ""Altitude"", ""Fuel"", ""Cabin pressure""], ""rows"": [[""469 °C"", ""-1.4 m/s"", ""Julia"", ""569.9 km/h"", ""9680 m"", ""7570 kg"", ""90.4 kPa""], [""902 °C"", ""10.5 m/s"", ""Emma"", ""528.5 km/h"", ""9986 m"", ""8640 kg"", ""82.6 kPa""], [""687 °C"", ""-10.3 m/s"", ""Lucas"", ""574.7 km/h"", ""1927 m"", ""9904 kg"", ""97.8 kPa""], [""709 °C"", ""14.5 m/s"", ""Jisoo"", ""866.2 km/h"", ""7623 m"", ""2204 kg"", ""92.2 kPa""], [""908 °C"", ""17.0 m/s"", ""Alex"", ""641.8 km/h"", ""11442 m"", ""3507 kg"", ""73.0 kPa""], [""619 °C"", ""-3.0 m/s"", ""Chris"", ""484.4 km/h"", ""1005 m"", ""6887 kg"", ""102.6 kPa""], [""531 °C"", ""-17.8 m/s"", ""Mina"", ""914.1 km/h"", ""6759 m"", ""6825 kg"", ""82.3 kPa""], [""677 °C"", ""-0.2 m/s"", ""Maya"", ""195.7 km/h"", ""3018 m"", ""5943 kg"", ""101.2 kPa""], [""737 °C"", ""-7.3 m/s"", ""Noah"", ""492.2 km/h"", ""7502 m"", ""3563 kg"", ""101.0 kPa""]]}"
A-L3-0195,3,argmin,flight_measurements,Find the pilot with the smallest Altitude.,"| Altitude | Engine temperature | Fuel | Ground speed | Cabin pressure | Pilot |
| --- | --- | --- | --- | --- | --- |
| 805 m | 594 °C | 11319 kg | 398.2 km/h | 65.9 kPa | Ethan |
| 1235 m | 675 °C | 5198 kg | 590.4 km/h | 79.4 kPa | Maya |
| 10175 m | 856 °C | 5616 kg | 523.6 km/h | 94.4 kPa | Lucas |
| 4400 m | 787 °C | 8157 kg | 343.2 km/h | 66.6 kPa | Nora |
| 4604 m | 568 °C | 11400 kg | 291.2 km/h | 81.1 kPa | Daniel |
| 6070 m | 697 °C | 7724 kg | 864.0 km/h | 85.4 kPa | Lena |
| 7812 m | 529 °C | 5920 kg | 840.9 km/h | 77.6 kPa | Iris |
| 11400 m | 841 °C | 5045 kg | 670.8 km/h | 71.6 kPa | Noah |
| 2964 m | 508 °C | 6283 kg | 227.7 km/h | 93.0 kPa | Julia |","Answer the question using the table. Return only the final answer.

Table:
| Altitude | Engine temperature | Fuel | Ground speed | Cabin pressure | Pilot |
| --- | --- | --- | --- | --- | --- |
| 805 m | 594 °C | 11319 kg | 398.2 km/h | 65.9 kPa | Ethan |
| 1235 m | 675 °C | 5198 kg | 590.4 km/h | 79.4 kPa | Maya |
| 10175 m | 856 °C | 5616 kg | 523.6 km/h | 94.4 kPa | Lucas |
| 4400 m | 787 °C | 8157 kg | 343.2 km/h | 66.6 kPa | Nora |
| 4604 m | 568 °C | 11400 kg | 291.2 km/h | 81.1 kPa | Daniel |
| 6070 m | 697 °C | 7724 kg | 864.0 km/h | 85.4 kPa | Lena |
| 7812 m | 529 °C | 5920 kg | 840.9 km/h | 77.6 kPa | Iris |
| 11400 m | 841 °C | 5045 kg | 670.8 km/h | 71.6 kPa | Noah |
| 2964 m | 508 °C | 6283 kg | 227.7 km/h | 93.0 kPa | Julia |

Question: Find the pilot with the smallest Altitude.",Ethan,argmin,9,Altitude,"[{""row_index"": 0, ""column_index"": 0, ""row_identifier_column"": ""Pilot"", ""row_identifier_value"": ""Ethan"", ""column"": ""Altitude"", ""raw_value"": 805.0, ""display_value"": ""805 m""}, {""row_index"": 1, ""column_index"": 0, ""row_identifier_column"": ""Pilot"", ""row_identifier_value"": ""Maya"", ""column"": ""Altitude"", ""raw_value"": 1235.0, ""display_value"": ""1235 m""}, {""row_index"": 2, ""column_index"": 0, ""row_identifier_column"": ""Pilot"", ""row_identifier_value"": ""Lucas"", ""column"": ""Altitude"", ""raw_value"": 10175.0, ""display_value"": ""10175 m""}, {""row_index"": 3, ""column_index"": 0, ""row_identifier_column"": ""Pilot"", ""row_identifier_value"": ""Nora"", ""column"": ""Altitude"", ""raw_value"": 4400.0, ""display_value"": ""4400 m""}, {""row_index"": 4, ""column_index"": 0, ""row_identifier_column"": ""Pilot"", ""row_identifier_value"": ""Daniel"", ""column"": ""Altitude"", ""raw_value"": 4604.0, ""display_value"": ""4604 m""}, {""row_index"": 5, ""column_index"": 0, ""row_identifier_column"": ""Pilot"", ""row_identifier_value"": ""Lena"", ""column"": ""Altitude"", ""raw_value"": 6070.0, ""display_value"": ""6070 m""}, {""row_index"": 6, ""column_index"": 0, ""row_identifier_column"": ""Pilot"", ""row_identifier_value"": ""Iris"", ""column"": ""Altitude"", ""raw_value"": 7812.0, ""display_value"": ""7812 m""}, {""row_index"": 7, ""column_index"": 0, ""row_identifier_column"": ""Pilot"", ""row_identifier_value"": ""Noah"", ""column"": ""Altitude"", ""raw_value"": 11400.0, ""display_value"": ""11400 m""}, {""row_index"": 8, ""column_index"": 0, ""row_identifier_column"": ""Pilot"", ""row_identifier_value"": ""Julia"", ""column"": ""Altitude"", ""raw_value"": 2964.0, ""display_value"": ""2964 m""}]","{""target_column"": ""Altitude"", ""column_allowed_for_operation"": true}","{""headers"": [""Altitude"", ""Engine temperature"", ""Fuel"", ""Ground speed"", ""Cabin pressure"", ""Pilot""], ""rows"": [[""805 m"", ""594 °C"", ""11319 kg"", ""398.2 km/h"", ""65.9 kPa"", ""Ethan""], [""1235 m"", ""675 °C"", ""5198 kg"", ""590.4 km/h"", ""79.4 kPa"", ""Maya""], [""10175 m"", ""856 °C"", ""5616 kg"", ""523.6 km/h"", ""94.4 kPa"", ""Lucas""], [""4400 m"", ""787 °C"", ""8157 kg"", ""343.2 km/h"", ""66.6 kPa"", ""Nora""], [""4604 m"", ""568 °C"", ""11400 kg"", ""291.2 km/h"", ""81.1 kPa"", ""Daniel""], [""6070 m"", ""697 °C"", ""7724 kg"", ""864.0 km/h"", ""85.4 kPa"", ""Lena""], [""7812 m"", ""529 °C"", ""5920 kg"", ""840.9 km/h"", ""77.6 kPa"", ""Iris""], [""11400 m"", ""841 °C"", ""5045 kg"", ""670.8 km/h"", ""71.6 kPa"", ""Noah""], [""2964 m"", ""508 °C"", ""6283 kg"", ""227.7 km/h"", ""93.0 kPa"", ""Julia""]]}"
A-L3-0196,3,argmax,regional_sales,"According to the table, which region has the maximum Ad spend?","| Retail orders | Online orders | Region | Returns | Ad spend | Units sold | Revenue |
| --- | --- | --- | --- | --- | --- | --- |
| 4125 orders | 3315 orders | Riverton | 22 units | 125.4 kUSD | 4439 units | 734.1 kUSD |
| 3416 orders | 3803 orders | Clearwater | 237 units | 84.5 kUSD | 537 units | 998.5 kUSD |
| 2153 orders | 1602 orders | Pinehurst | 462 units | 100.5 kUSD | 432 units | 809.9 kUSD |
| 4803 orders | 392 orders | Brookfield | 110 units | 41.9 kUSD | 7319 units | 660.4 kUSD |
| 4125 orders | 4299 orders | Orion | 457 units | 126.8 kUSD | 3263 units | 890.1 kUSD |
| 3106 orders | 1446 orders | Westhaven | 454 units | 23.8 kUSD | 409 units | 299.1 kUSD |
| 4645 orders | 3121 orders | Lakeside | 21 units | 65.6 kUSD | 6847 units | 423.1 kUSD |
| 2472 orders | 3549 orders | Fairview | 70 units | 85.3 kUSD | 5221 units | 181.4 kUSD |
| 4700 orders | 4870 orders | Oakridge | 254 units | 247.1 kUSD | 5155 units | 597.2 kUSD |
| 1245 orders | 4796 orders | Maple | 172 units | 117.8 kUSD | 2520 units | 983.2 kUSD |","Answer the question using the table. Return only the final answer.

Table:
| Retail orders | Online orders | Region | Returns | Ad spend | Units sold | Revenue |
| --- | --- | --- | --- | --- | --- | --- |
| 4125 orders | 3315 orders | Riverton | 22 units | 125.4 kUSD | 4439 units | 734.1 kUSD |
| 3416 orders | 3803 orders | Clearwater | 237 units | 84.5 kUSD | 537 units | 998.5 kUSD |
| 2153 orders | 1602 orders | Pinehurst | 462 units | 100.5 kUSD | 432 units | 809.9 kUSD |
| 4803 orders | 392 orders | Brookfield | 110 units | 41.9 kUSD | 7319 units | 660.4 kUSD |
| 4125 orders | 4299 orders | Orion | 457 units | 126.8 kUSD | 3263 units | 890.1 kUSD |
| 3106 orders | 1446 orders | Westhaven | 454 units | 23.8 kUSD | 409 units | 299.1 kUSD |
| 4645 orders | 3121 orders | Lakeside | 21 units | 65.6 kUSD | 6847 units | 423.1 kUSD |
| 2472 orders | 3549 orders | Fairview | 70 units | 85.3 kUSD | 5221 units | 181.4 kUSD |
| 4700 orders | 4870 orders | Oakridge | 254 units | 247.1 kUSD | 5155 units | 597.2 kUSD |
| 1245 orders | 4796 orders | Maple | 172 units | 117.8 kUSD | 2520 units | 983.2 kUSD |

Question: According to the table, which region has the maximum Ad spend?",Oakridge,argmax,10,Ad spend,"[{""row_index"": 0, ""column_index"": 4, ""row_identifier_column"": ""Region"", ""row_identifier_value"": ""Riverton"", ""column"": ""Ad spend"", ""raw_value"": 125.4, ""display_value"": ""125.4 kUSD""}, {""row_index"": 1, ""column_index"": 4, ""row_identifier_column"": ""Region"", ""row_identifier_value"": ""Clearwater"", ""column"": ""Ad spend"", ""raw_value"": 84.5, ""display_value"": ""84.5 kUSD""}, {""row_index"": 2, ""column_index"": 4, ""row_identifier_column"": ""Region"", ""row_identifier_value"": ""Pinehurst"", ""column"": ""Ad spend"", ""raw_value"": 100.5, ""display_value"": ""100.5 kUSD""}, {""row_index"": 3, ""column_index"": 4, ""row_identifier_column"": ""Region"", ""row_identifier_value"": ""Brookfield"", ""column"": ""Ad spend"", ""raw_value"": 41.9, ""display_value"": ""41.9 kUSD""}, {""row_index"": 4, ""column_index"": 4, ""row_identifier_column"": ""Region"", ""row_identifier_value"": ""Orion"", ""column"": ""Ad spend"", ""raw_value"": 126.8, ""display_value"": ""126.8 kUSD""}, {""row_index"": 5, ""column_index"": 4, ""row_identifier_column"": ""Region"", ""row_identifier_value"": ""Westhaven"", ""column"": ""Ad spend"", ""raw_value"": 23.8, ""display_value"": ""23.8 kUSD""}, {""row_index"": 6, ""column_index"": 4, ""row_identifier_column"": ""Region"", ""row_identifier_value"": ""Lakeside"", ""column"": ""Ad spend"", ""raw_value"": 65.6, ""display_value"": ""65.6 kUSD""}, {""row_index"": 7, ""column_index"": 4, ""row_identifier_column"": ""Region"", ""row_identifier_value"": ""Fairview"", ""column"": ""Ad spend"", ""raw_value"": 85.3, ""display_value"": ""85.3 kUSD""}, {""row_index"": 8, ""column_index"": 4, ""row_identifier_column"": ""Region"", ""row_identifier_value"": ""Oakridge"", ""column"": ""Ad spend"", ""raw_value"": 247.1, ""display_value"": ""247.1 kUSD""}, {""row_index"": 9, ""column_index"": 4, ""row_identifier_column"": ""Region"", ""row_identifier_value"": ""Maple"", ""column"": ""Ad spend"", ""raw_value"": 117.8, ""display_value"": ""117.8 kUSD""}]","{""target_column"": ""Ad spend"", ""column_allowed_for_operation"": true}","{""headers"": [""Retail orders"", ""Online orders"", ""Region"", ""Returns"", ""Ad spend"", ""Units sold"", ""Revenue""], ""rows"": [[""4125 orders"", ""3315 orders"", ""Riverton"", ""22 units"", ""125.4 kUSD"", ""4439 units"", ""734.1 kUSD""], [""3416 orders"", ""3803 orders"", ""Clearwater"", ""237 units"", ""84.5 kUSD"", ""537 units"", ""998.5 kUSD""], [""2153 orders"", ""1602 orders"", ""Pinehurst"", ""462 units"", ""100.5 kUSD"", ""432 units"", ""809.9 kUSD""], [""4803 orders"", ""392 orders"", ""Brookfield"", ""110 units"", ""41.9 kUSD"", ""7319 units"", ""660.4 kUSD""], [""4125 orders"", ""4299 orders"", ""Orion"", ""457 units"", ""126.8 kUSD"", ""3263 units"", ""890.1 kUSD""], [""3106 orders"", ""1446 orders"", ""Westhaven"", ""454 units"", ""23.8 kUSD"", ""409 units"", ""299.1 kUSD""], [""4645 orders"", ""3121 orders"", ""Lakeside"", ""21 units"", ""65.6 kUSD"", ""6847 units"", ""423.1 kUSD""], [""2472 orders"", ""3549 orders"", ""Fairview"", ""70 units"", ""85.3 kUSD"", ""5221 units"", ""181.4 kUSD""], [""4700 orders"", ""4870 orders"", ""Oakridge"", ""254 units"", ""247.1 kUSD"", ""5155 units"", ""597.2 kUSD""], [""1245 orders"", ""4796 orders"", ""Maple"", ""172 units"", ""117.8 kUSD"", ""2520 units"", ""983.2 kUSD""]]}"
A-L3-0197,3,count_condition,flight_measurements,How many entries have Engine temperature less than 790.50 °C?,"| Fuel | Pilot | Altitude | Ground speed | Engine temperature | Cabin pressure | Vertical speed |
| --- | --- | --- | --- | --- | --- | --- |
| 1015 kg | Lucas | 8304 m | 501.6 km/h | 528 °C | 99.9 kPa | 5.7 m/s |
| 10369 kg | Ava | 8391 m | 448.8 km/h | 927 °C | 66.9 kPa | -6.4 m/s |
| 8783 kg | David | 8113 m | 162.9 km/h | 503 °C | 68.2 kPa | 6.5 m/s |
| 7610 kg | Ethan | 8712 m | 236.8 km/h | 722 °C | 95.7 kPa | -16.2 m/s |
| 4264 kg | Maya | 10690 m | 258.0 km/h | 606 °C | 70.8 kPa | -13.1 m/s |
| 9159 kg | Iris | 9709 m | 559.5 km/h | 648 °C | 65.1 kPa | -11.3 m/s |
| 2446 kg | Jisoo | 10737 m | 173.1 km/h | 944 °C | 93.3 kPa | 15.1 m/s |
| 6395 kg | Nora | 4508 m | 700.9 km/h | 835 °C | 71.8 kPa | 11.3 m/s |
| 8051 kg | Mina | 6509 m | 492.7 km/h | 746 °C | 88.5 kPa | 0.9 m/s |
| 4937 kg | Sam | 3261 m | 395.3 km/h | 917 °C | 83.9 kPa | 11.9 m/s |","Answer the question using the table. Return only the final answer.

Table:
| Fuel | Pilot | Altitude | Ground speed | Engine temperature | Cabin pressure | Vertical speed |
| --- | --- | --- | --- | --- | --- | --- |
| 1015 kg | Lucas | 8304 m | 501.6 km/h | 528 °C | 99.9 kPa | 5.7 m/s |
| 10369 kg | Ava | 8391 m | 448.8 km/h | 927 °C | 66.9 kPa | -6.4 m/s |
| 8783 kg | David | 8113 m | 162.9 km/h | 503 °C | 68.2 kPa | 6.5 m/s |
| 7610 kg | Ethan | 8712 m | 236.8 km/h | 722 °C | 95.7 kPa | -16.2 m/s |
| 4264 kg | Maya | 10690 m | 258.0 km/h | 606 °C | 70.8 kPa | -13.1 m/s |
| 9159 kg | Iris | 9709 m | 559.5 km/h | 648 °C | 65.1 kPa | -11.3 m/s |
| 2446 kg | Jisoo | 10737 m | 173.1 km/h | 944 °C | 93.3 kPa | 15.1 m/s |
| 6395 kg | Nora | 4508 m | 700.9 km/h | 835 °C | 71.8 kPa | 11.3 m/s |
| 8051 kg | Mina | 6509 m | 492.7 km/h | 746 °C | 88.5 kPa | 0.9 m/s |
| 4937 kg | Sam | 3261 m | 395.3 km/h | 917 °C | 83.9 kPa | 11.9 m/s |

Question: How many entries have Engine temperature less than 790.50 °C?",6,count_condition,10,Engine temperature,"[{""row_index"": 0, ""column_index"": 4, ""row_identifier_column"": ""Pilot"", ""row_identifier_value"": ""Lucas"", ""column"": ""Engine temperature"", ""raw_value"": 528.0, ""display_value"": ""528 °C""}, {""row_index"": 1, ""column_index"": 4, ""row_identifier_column"": ""Pilot"", ""row_identifier_value"": ""Ava"", ""column"": ""Engine temperature"", ""raw_value"": 927.0, ""display_value"": ""927 °C""}, {""row_index"": 2, ""column_index"": 4, ""row_identifier_column"": ""Pilot"", ""row_identifier_value"": ""David"", ""column"": ""Engine temperature"", ""raw_value"": 503.0, ""display_value"": ""503 °C""}, {""row_index"": 3, ""column_index"": 4, ""row_identifier_column"": ""Pilot"", ""row_identifier_value"": ""Ethan"", ""column"": ""Engine temperature"", ""raw_value"": 722.0, ""display_value"": ""722 °C""}, {""row_index"": 4, ""column_index"": 4, ""row_identifier_column"": ""Pilot"", ""row_identifier_value"": ""Maya"", ""column"": ""Engine temperature"", ""raw_value"": 606.0, ""display_value"": ""606 °C""}, {""row_index"": 5, ""column_index"": 4, ""row_identifier_column"": ""Pilot"", ""row_identifier_value"": ""Iris"", ""column"": ""Engine temperature"", ""raw_value"": 648.0, ""display_value"": ""648 °C""}, {""row_index"": 6, ""column_index"": 4, ""row_identifier_column"": ""Pilot"", ""row_identifier_value"": ""Jisoo"", ""column"": ""Engine temperature"", ""raw_value"": 944.0, ""display_value"": ""944 °C""}, {""row_index"": 7, ""column_index"": 4, ""row_identifier_column"": ""Pilot"", ""row_identifier_value"": ""Nora"", ""column"": ""Engine temperature"", ""raw_value"": 835.0, ""display_value"": ""835 °C""}, {""row_index"": 8, ""column_index"": 4, ""row_identifier_column"": ""Pilot"", ""row_identifier_value"": ""Mina"", ""column"": ""Engine temperature"", ""raw_value"": 746.0, ""display_value"": ""746 °C""}, {""row_index"": 9, ""column_index"": 4, ""row_identifier_column"": ""Pilot"", ""row_identifier_value"": ""Sam"", ""column"": ""Engine temperature"", ""raw_value"": 917.0, ""display_value"": ""917 °C""}]","{""target_column"": ""Engine temperature"", ""column_allowed_for_operation"": true, ""comparison"": ""less_than"", ""threshold_raw"": 790.5, ""threshold_display"": ""790.50 °C""}","{""headers"": [""Fuel"", ""Pilot"", ""Altitude"", ""Ground speed"", ""Engine temperature"", ""Cabin pressure"", ""Vertical speed""], ""rows"": [[""1015 kg"", ""Lucas"", ""8304 m"", ""501.6 km/h"", ""528 °C"", ""99.9 kPa"", ""5.7 m/s""], [""10369 kg"", ""Ava"", ""8391 m"", ""448.8 km/h"", ""927 °C"", ""66.9 kPa"", ""-6.4 m/s""], [""8783 kg"", ""David"", ""8113 m"", ""162.9 km/h"", ""503 °C"", ""68.2 kPa"", ""6.5 m/s""], [""7610 kg"", ""Ethan"", ""8712 m"", ""236.8 km/h"", ""722 °C"", ""95.7 kPa"", ""-16.2 m/s""], [""4264 kg"", ""Maya"", ""10690 m"", ""258.0 km/h"", ""606 °C"", ""70.8 kPa"", ""-13.1 m/s""], [""9159 kg"", ""Iris"", ""9709 m"", ""559.5 km/h"", ""648 °C"", ""65.1 kPa"", ""-11.3 m/s""], [""2446 kg"", ""Jisoo"", ""10737 m"", ""173.1 km/h"", ""944 °C"", ""93.3 kPa"", ""15.1 m/s""], [""6395 kg"", ""Nora"", ""4508 m"", ""700.9 km/h"", ""835 °C"", ""71.8 kPa"", ""11.3 m/s""], [""8051 kg"", ""Mina"", ""6509 m"", ""492.7 km/h"", ""746 °C"", ""88.5 kPa"", ""0.9 m/s""], [""4937 kg"", ""Sam"", ""3261 m"", ""395.3 km/h"", ""917 °C"", ""83.9 kPa"", ""11.9 m/s""]]}"
A-L3-0198,3,column_average,lab_measurements,What is the average Temperature across all rows?,"| Volume | Temperature | Density | Sample | Conductivity |
| --- | --- | --- | --- | --- |
| 293.5 mL | 91.6 °C | 3.81 g/mL | Sample-D | 10.14 mS/cm |
| 234.5 mL | 61.7 °C | 0.96 g/mL | Sample-G | 12.82 mS/cm |
| 262.2 mL | 33.0 °C | 2.66 g/mL | Sample-A | 2.24 mS/cm |
| 238.2 mL | 91.2 °C | 2.73 g/mL | Sample-K | 16.65 mS/cm |
| 226.2 mL | 83.6 °C | 1.37 g/mL | Sample-B | 0.52 mS/cm |
| 161.8 mL | 25.2 °C | 2.41 g/mL | Sample-H | 6.29 mS/cm |
| 110.5 mL | 43.0 °C | 1.62 g/mL | Sample-L | 8.84 mS/cm |
| 128.3 mL | 27.4 °C | 2.37 g/mL | Sample-E | 8.64 mS/cm |
| 242.8 mL | 62.2 °C | 3.30 g/mL | Sample-I | 1.59 mS/cm |","Answer the question using the table. Return only the final answer.

Table:
| Volume | Temperature | Density | Sample | Conductivity |
| --- | --- | --- | --- | --- |
| 293.5 mL | 91.6 °C | 3.81 g/mL | Sample-D | 10.14 mS/cm |
| 234.5 mL | 61.7 °C | 0.96 g/mL | Sample-G | 12.82 mS/cm |
| 262.2 mL | 33.0 °C | 2.66 g/mL | Sample-A | 2.24 mS/cm |
| 238.2 mL | 91.2 °C | 2.73 g/mL | Sample-K | 16.65 mS/cm |
| 226.2 mL | 83.6 °C | 1.37 g/mL | Sample-B | 0.52 mS/cm |
| 161.8 mL | 25.2 °C | 2.41 g/mL | Sample-H | 6.29 mS/cm |
| 110.5 mL | 43.0 °C | 1.62 g/mL | Sample-L | 8.84 mS/cm |
| 128.3 mL | 27.4 °C | 2.37 g/mL | Sample-E | 8.64 mS/cm |
| 242.8 mL | 62.2 °C | 3.30 g/mL | Sample-I | 1.59 mS/cm |

Question: What is the average Temperature across all rows?",57.66 °C,mean,9,Temperature,"[{""row_index"": 0, ""column_index"": 1, ""row_identifier_column"": ""Sample"", ""row_identifier_value"": ""Sample-D"", ""column"": ""Temperature"", ""raw_value"": 91.6, ""display_value"": ""91.6 °C""}, {""row_index"": 1, ""column_index"": 1, ""row_identifier_column"": ""Sample"", ""row_identifier_value"": ""Sample-G"", ""column"": ""Temperature"", ""raw_value"": 61.7, ""display_value"": ""61.7 °C""}, {""row_index"": 2, ""column_index"": 1, ""row_identifier_column"": ""Sample"", ""row_identifier_value"": ""Sample-A"", ""column"": ""Temperature"", ""raw_value"": 33.0, ""display_value"": ""33.0 °C""}, {""row_index"": 3, ""column_index"": 1, ""row_identifier_column"": ""Sample"", ""row_identifier_value"": ""Sample-K"", ""column"": ""Temperature"", ""raw_value"": 91.2, ""display_value"": ""91.2 °C""}, {""row_index"": 4, ""column_index"": 1, ""row_identifier_column"": ""Sample"", ""row_identifier_value"": ""Sample-B"", ""column"": ""Temperature"", ""raw_value"": 83.6, ""display_value"": ""83.6 °C""}, {""row_index"": 5, ""column_index"": 1, ""row_identifier_column"": ""Sample"", ""row_identifier_value"": ""Sample-H"", ""column"": ""Temperature"", ""raw_value"": 25.2, ""display_value"": ""25.2 °C""}, {""row_index"": 6, ""column_index"": 1, ""row_identifier_column"": ""Sample"", ""row_identifier_value"": ""Sample-L"", ""column"": ""Temperature"", ""raw_value"": 43.0, ""display_value"": ""43.0 °C""}, {""row_index"": 7, ""column_index"": 1, ""row_identifier_column"": ""Sample"", ""row_identifier_value"": ""Sample-E"", ""column"": ""Temperature"", ""raw_value"": 27.4, ""display_value"": ""27.4 °C""}, {""row_index"": 8, ""column_index"": 1, ""row_identifier_column"": ""Sample"", ""row_identifier_value"": ""Sample-I"", ""column"": ""Temperature"", ""raw_value"": 62.2, ""display_value"": ""62.2 °C""}]","{""target_column"": ""Temperature"", ""column_allowed_for_operation"": true, ""answer_digits"": 2}","{""headers"": [""Volume"", ""Temperature"", ""Density"", ""Sample"", ""Conductivity""], ""rows"": [[""293.5 mL"", ""91.6 °C"", ""3.81 g/mL"", ""Sample-D"", ""10.14 mS/cm""], [""234.5 mL"", ""61.7 °C"", ""0.96 g/mL"", ""Sample-G"", ""12.82 mS/cm""], [""262.2 mL"", ""33.0 °C"", ""2.66 g/mL"", ""Sample-A"", ""2.24 mS/cm""], [""238.2 mL"", ""91.2 °C"", ""2.73 g/mL"", ""Sample-K"", ""16.65 mS/cm""], [""226.2 mL"", ""83.6 °C"", ""1.37 g/mL"", ""Sample-B"", ""0.52 mS/cm""], [""161.8 mL"", ""25.2 °C"", ""2.41 g/mL"", ""Sample-H"", ""6.29 mS/cm""], [""110.5 mL"", ""43.0 °C"", ""1.62 g/mL"", ""Sample-L"", ""8.84 mS/cm""], [""128.3 mL"", ""27.4 °C"", ""2.37 g/mL"", ""Sample-E"", ""8.64 mS/cm""], [""242.8 mL"", ""62.2 °C"", ""3.30 g/mL"", ""Sample-I"", ""1.59 mS/cm""]]}"
A-L3-0199,3,column_average,weather_stations,What is the average Temperature across all rows?,"| Humidity | Station | Pressure | Wind speed | Temperature | Visibility | Rainfall |
| --- | --- | --- | --- | --- | --- | --- |
| 48 % | Fairview | 942.9 hPa | 34.5 m/s | 5.3 °C | 14.2 km | 34.7 mm |
| 27 % | Orion | 1035.8 hPa | 2.0 m/s | 12.1 °C | 18.2 km | 92.3 mm |
| 90 % | Pinehurst | 943.4 hPa | 24.4 m/s | 21.2 °C | 18.3 km | 106.7 mm |
| 24 % | Hillcrest | 963.2 hPa | 24.9 m/s | 15.0 °C | 12.8 km | 6.2 mm |
| 95 % | Cedar | 967.9 hPa | 3.7 m/s | -7.2 °C | 29.3 km | 23.6 mm |
| 65 % | Clearwater | 1032.1 hPa | 1.5 m/s | 24.0 °C | 4.2 km | 102.5 mm |
| 45 % | Riverton | 943.0 hPa | 31.4 m/s | 15.4 °C | 12.3 km | 34.9 mm |
| 56 % | Brookfield | 938.9 hPa | 5.5 m/s | 22.9 °C | 19.7 km | 47.1 mm |
| 79 % | Lakeside | 1023.1 hPa | 10.6 m/s | 3.9 °C | 4.9 km | 68.5 mm |
| 68 % | Maple | 1017.9 hPa | 29.9 m/s | 24.2 °C | 7.6 km | 75.2 mm |","Answer the question using the table. Return only the final answer.

Table:
| Humidity | Station | Pressure | Wind speed | Temperature | Visibility | Rainfall |
| --- | --- | --- | --- | --- | --- | --- |
| 48 % | Fairview | 942.9 hPa | 34.5 m/s | 5.3 °C | 14.2 km | 34.7 mm |
| 27 % | Orion | 1035.8 hPa | 2.0 m/s | 12.1 °C | 18.2 km | 92.3 mm |
| 90 % | Pinehurst | 943.4 hPa | 24.4 m/s | 21.2 °C | 18.3 km | 106.7 mm |
| 24 % | Hillcrest | 963.2 hPa | 24.9 m/s | 15.0 °C | 12.8 km | 6.2 mm |
| 95 % | Cedar | 967.9 hPa | 3.7 m/s | -7.2 °C | 29.3 km | 23.6 mm |
| 65 % | Clearwater | 1032.1 hPa | 1.5 m/s | 24.0 °C | 4.2 km | 102.5 mm |
| 45 % | Riverton | 943.0 hPa | 31.4 m/s | 15.4 °C | 12.3 km | 34.9 mm |
| 56 % | Brookfield | 938.9 hPa | 5.5 m/s | 22.9 °C | 19.7 km | 47.1 mm |
| 79 % | Lakeside | 1023.1 hPa | 10.6 m/s | 3.9 °C | 4.9 km | 68.5 mm |
| 68 % | Maple | 1017.9 hPa | 29.9 m/s | 24.2 °C | 7.6 km | 75.2 mm |

Question: What is the average Temperature across all rows?",13.68 °C,mean,10,Temperature,"[{""row_index"": 0, ""column_index"": 4, ""row_identifier_column"": ""Station"", ""row_identifier_value"": ""Fairview"", ""column"": ""Temperature"", ""raw_value"": 5.3, ""display_value"": ""5.3 °C""}, {""row_index"": 1, ""column_index"": 4, ""row_identifier_column"": ""Station"", ""row_identifier_value"": ""Orion"", ""column"": ""Temperature"", ""raw_value"": 12.1, ""display_value"": ""12.1 °C""}, {""row_index"": 2, ""column_index"": 4, ""row_identifier_column"": ""Station"", ""row_identifier_value"": ""Pinehurst"", ""column"": ""Temperature"", ""raw_value"": 21.2, ""display_value"": ""21.2 °C""}, {""row_index"": 3, ""column_index"": 4, ""row_identifier_column"": ""Station"", ""row_identifier_value"": ""Hillcrest"", ""column"": ""Temperature"", ""raw_value"": 15.0, ""display_value"": ""15.0 °C""}, {""row_index"": 4, ""column_index"": 4, ""row_identifier_column"": ""Station"", ""row_identifier_value"": ""Cedar"", ""column"": ""Temperature"", ""raw_value"": -7.2, ""display_value"": ""-7.2 °C""}, {""row_index"": 5, ""column_index"": 4, ""row_identifier_column"": ""Station"", ""row_identifier_value"": ""Clearwater"", ""column"": ""Temperature"", ""raw_value"": 24.0, ""display_value"": ""24.0 °C""}, {""row_index"": 6, ""column_index"": 4, ""row_identifier_column"": ""Station"", ""row_identifier_value"": ""Riverton"", ""column"": ""Temperature"", ""raw_value"": 15.4, ""display_value"": ""15.4 °C""}, {""row_index"": 7, ""column_index"": 4, ""row_identifier_column"": ""Station"", ""row_identifier_value"": ""Brookfield"", ""column"": ""Temperature"", ""raw_value"": 22.9, ""display_value"": ""22.9 °C""}, {""row_index"": 8, ""column_index"": 4, ""row_identifier_column"": ""Station"", ""row_identifier_value"": ""Lakeside"", ""column"": ""Temperature"", ""raw_value"": 3.9, ""display_value"": ""3.9 °C""}, {""row_index"": 9, ""column_index"": 4, ""row_identifier_column"": ""Station"", ""row_identifier_value"": ""Maple"", ""column"": ""Temperature"", ""raw_value"": 24.2, ""display_value"": ""24.2 °C""}]","{""target_column"": ""Temperature"", ""column_allowed_for_operation"": true, ""answer_digits"": 2}","{""headers"": [""Humidity"", ""Station"", ""Pressure"", ""Wind speed"", ""Temperature"", ""Visibility"", ""Rainfall""], ""rows"": [[""48 %"", ""Fairview"", ""942.9 hPa"", ""34.5 m/s"", ""5.3 °C"", ""14.2 km"", ""34.7 mm""], [""27 %"", ""Orion"", ""1035.8 hPa"", ""2.0 m/s"", ""12.1 °C"", ""18.2 km"", ""92.3 mm""], [""90 %"", ""Pinehurst"", ""943.4 hPa"", ""24.4 m/s"", ""21.2 °C"", ""18.3 km"", ""106.7 mm""], [""24 %"", ""Hillcrest"", ""963.2 hPa"", ""24.9 m/s"", ""15.0 °C"", ""12.8 km"", ""6.2 mm""], [""95 %"", ""Cedar"", ""967.9 hPa"", ""3.7 m/s"", ""-7.2 °C"", ""29.3 km"", ""23.6 mm""], [""65 %"", ""Clearwater"", ""1032.1 hPa"", ""1.5 m/s"", ""24.0 °C"", ""4.2 km"", ""102.5 mm""], [""45 %"", ""Riverton"", ""943.0 hPa"", ""31.4 m/s"", ""15.4 °C"", ""12.3 km"", ""34.9 mm""], [""56 %"", ""Brookfield"", ""938.9 hPa"", ""5.5 m/s"", ""22.9 °C"", ""19.7 km"", ""47.1 mm""], [""79 %"", ""Lakeside"", ""1023.1 hPa"", ""10.6 m/s"", ""3.9 °C"", ""4.9 km"", ""68.5 mm""], [""68 %"", ""Maple"", ""1017.9 hPa"", ""29.9 m/s"", ""24.2 °C"", ""7.6 km"", ""75.2 mm""]]}"
A-L3-0200,3,column_sum,weather_stations,"According to the table, what is the sum of Rainfall for all entries?","| Pressure | Humidity | Wind speed | Visibility | Rainfall | Station | Temperature |
| --- | --- | --- | --- | --- | --- | --- |
| 960.4 hPa | 60 % | 31.3 m/s | 25.6 km | 1.2 mm | Cedar | -4.3 °C |
| 943.6 hPa | 89 % | 30.2 m/s | 15.5 km | 55.1 mm | Orion | 37.5 °C |
| 1011.5 hPa | 81 % | 13.4 m/s | 16.9 km | 54.4 mm | Hillcrest | 13.2 °C |
| 948.9 hPa | 93 % | 12.1 m/s | 3.4 km | 38.4 mm | Westhaven | 8.6 °C |
| 1032.9 hPa | 44 % | 28.5 m/s | 16.1 km | 64.1 mm | Lakeside | 20.3 °C |
| 998.6 hPa | 59 % | 31.9 m/s | 1.8 km | 55.6 mm | Fairview | 7.8 °C |
| 970.5 hPa | 74 % | 3.1 m/s | 18.8 km | 42.0 mm | Clearwater | 24.0 °C |
| 978.1 hPa | 89 % | 29.6 m/s | 2.6 km | 42.4 mm | Riverton | 24.4 °C |
| 1028.5 hPa | 44 % | 22.5 m/s | 6.1 km | 13.2 mm | Brookfield | 29.6 °C |
| 997.4 hPa | 63 % | 3.2 m/s | 10.0 km | 1.1 mm | Oakridge | 27.3 °C |","Answer the question using the table. Return only the final answer.

Table:
| Pressure | Humidity | Wind speed | Visibility | Rainfall | Station | Temperature |
| --- | --- | --- | --- | --- | --- | --- |
| 960.4 hPa | 60 % | 31.3 m/s | 25.6 km | 1.2 mm | Cedar | -4.3 °C |
| 943.6 hPa | 89 % | 30.2 m/s | 15.5 km | 55.1 mm | Orion | 37.5 °C |
| 1011.5 hPa | 81 % | 13.4 m/s | 16.9 km | 54.4 mm | Hillcrest | 13.2 °C |
| 948.9 hPa | 93 % | 12.1 m/s | 3.4 km | 38.4 mm | Westhaven | 8.6 °C |
| 1032.9 hPa | 44 % | 28.5 m/s | 16.1 km | 64.1 mm | Lakeside | 20.3 °C |
| 998.6 hPa | 59 % | 31.9 m/s | 1.8 km | 55.6 mm | Fairview | 7.8 °C |
| 970.5 hPa | 74 % | 3.1 m/s | 18.8 km | 42.0 mm | Clearwater | 24.0 °C |
| 978.1 hPa | 89 % | 29.6 m/s | 2.6 km | 42.4 mm | Riverton | 24.4 °C |
| 1028.5 hPa | 44 % | 22.5 m/s | 6.1 km | 13.2 mm | Brookfield | 29.6 °C |
| 997.4 hPa | 63 % | 3.2 m/s | 10.0 km | 1.1 mm | Oakridge | 27.3 °C |

Question: According to the table, what is the sum of Rainfall for all entries?",367.5 mm,sum,10,Rainfall,"[{""row_index"": 0, ""column_index"": 4, ""row_identifier_column"": ""Station"", ""row_identifier_value"": ""Cedar"", ""column"": ""Rainfall"", ""raw_value"": 1.2, ""display_value"": ""1.2 mm""}, {""row_index"": 1, ""column_index"": 4, ""row_identifier_column"": ""Station"", ""row_identifier_value"": ""Orion"", ""column"": ""Rainfall"", ""raw_value"": 55.1, ""display_value"": ""55.1 mm""}, {""row_index"": 2, ""column_index"": 4, ""row_identifier_column"": ""Station"", ""row_identifier_value"": ""Hillcrest"", ""column"": ""Rainfall"", ""raw_value"": 54.4, ""display_value"": ""54.4 mm""}, {""row_index"": 3, ""column_index"": 4, ""row_identifier_column"": ""Station"", ""row_identifier_value"": ""Westhaven"", ""column"": ""Rainfall"", ""raw_value"": 38.4, ""display_value"": ""38.4 mm""}, {""row_index"": 4, ""column_index"": 4, ""row_identifier_column"": ""Station"", ""row_identifier_value"": ""Lakeside"", ""column"": ""Rainfall"", ""raw_value"": 64.1, ""display_value"": ""64.1 mm""}, {""row_index"": 5, ""column_index"": 4, ""row_identifier_column"": ""Station"", ""row_identifier_value"": ""Fairview"", ""column"": ""Rainfall"", ""raw_value"": 55.6, ""display_value"": ""55.6 mm""}, {""row_index"": 6, ""column_index"": 4, ""row_identifier_column"": ""Station"", ""row_identifier_value"": ""Clearwater"", ""column"": ""Rainfall"", ""raw_value"": 42.0, ""display_value"": ""42.0 mm""}, {""row_index"": 7, ""column_index"": 4, ""row_identifier_column"": ""Station"", ""row_identifier_value"": ""Riverton"", ""column"": ""Rainfall"", ""raw_value"": 42.4, ""display_value"": ""42.4 mm""}, {""row_index"": 8, ""column_index"": 4, ""row_identifier_column"": ""Station"", ""row_identifier_value"": ""Brookfield"", ""column"": ""Rainfall"", ""raw_value"": 13.2, ""display_value"": ""13.2 mm""}, {""row_index"": 9, ""column_index"": 4, ""row_identifier_column"": ""Station"", ""row_identifier_value"": ""Oakridge"", ""column"": ""Rainfall"", ""raw_value"": 1.1, ""display_value"": ""1.1 mm""}]","{""target_column"": ""Rainfall"", ""column_allowed_for_operation"": true}","{""headers"": [""Pressure"", ""Humidity"", ""Wind speed"", ""Visibility"", ""Rainfall"", ""Station"", ""Temperature""], ""rows"": [[""960.4 hPa"", ""60 %"", ""31.3 m/s"", ""25.6 km"", ""1.2 mm"", ""Cedar"", ""-4.3 °C""], [""943.6 hPa"", ""89 %"", ""30.2 m/s"", ""15.5 km"", ""55.1 mm"", ""Orion"", ""37.5 °C""], [""1011.5 hPa"", ""81 %"", ""13.4 m/s"", ""16.9 km"", ""54.4 mm"", ""Hillcrest"", ""13.2 °C""], [""948.9 hPa"", ""93 %"", ""12.1 m/s"", ""3.4 km"", ""38.4 mm"", ""Westhaven"", ""8.6 °C""], [""1032.9 hPa"", ""44 %"", ""28.5 m/s"", ""16.1 km"", ""64.1 mm"", ""Lakeside"", ""20.3 °C""], [""998.6 hPa"", ""59 %"", ""31.9 m/s"", ""1.8 km"", ""55.6 mm"", ""Fairview"", ""7.8 °C""], [""970.5 hPa"", ""74 %"", ""3.1 m/s"", ""18.8 km"", ""42.0 mm"", ""Clearwater"", ""24.0 °C""], [""978.1 hPa"", ""89 %"", ""29.6 m/s"", ""2.6 km"", ""42.4 mm"", ""Riverton"", ""24.4 °C""], [""1028.5 hPa"", ""44 %"", ""22.5 m/s"", ""6.1 km"", ""13.2 mm"", ""Brookfield"", ""29.6 °C""], [""997.4 hPa"", ""63 %"", ""3.2 m/s"", ""10.0 km"", ""1.1 mm"", ""Oakridge"", ""27.3 °C""]]}"
