id,level,task_type,domain,question,serialized_table,prompt,answer,evidence_json,operation,num_evidence_cells,table_json
A-L2-0001,2,cross_row_difference,hiking_route,What is the absolute difference in Downhill distance between Sam and Ethan?,"| Morning distance | Afternoon distance | Forest distance | Downhill distance | Hiker | Ridge distance |
| --- | --- | --- | --- | --- | --- |
| 16.5 km | 8.5 km | 11.5 km | 6.0 km | Sam | 8.7 km |
| 11.9 km | 16.8 km | 12.5 km | 3.0 km | Ethan | 9.5 km |
| 13.3 km | 11.4 km | 8.3 km | 10.2 km | Leo | 9.1 km |
| 5.9 km | 11.9 km | 10.4 km | 6.0 km | Nora | 5.2 km |","Answer the question using the table. Perform the required calculation and return only the final value with its unit.

Table:
| Morning distance | Afternoon distance | Forest distance | Downhill distance | Hiker | Ridge distance |
| --- | --- | --- | --- | --- | --- |
| 16.5 km | 8.5 km | 11.5 km | 6.0 km | Sam | 8.7 km |
| 11.9 km | 16.8 km | 12.5 km | 3.0 km | Ethan | 9.5 km |
| 13.3 km | 11.4 km | 8.3 km | 10.2 km | Leo | 9.1 km |
| 5.9 km | 11.9 km | 10.4 km | 6.0 km | Nora | 5.2 km |

Question: What is the absolute difference in Downhill distance between Sam and Ethan?",3.0 km,"[{""row_index"": 0, ""column_index"": 3, ""row_identifier_column"": ""Hiker"", ""row_identifier_value"": ""Sam"", ""column"": ""Downhill distance"", ""raw_value"": 6.0, ""display_value"": ""6.0 km""}, {""row_index"": 1, ""column_index"": 3, ""row_identifier_column"": ""Hiker"", ""row_identifier_value"": ""Ethan"", ""column"": ""Downhill distance"", ""raw_value"": 3.0, ""display_value"": ""3.0 km""}]",absolute_difference,2,"{""headers"": [""Morning distance"", ""Afternoon distance"", ""Forest distance"", ""Downhill distance"", ""Hiker"", ""Ridge distance""], ""rows"": [[""16.5 km"", ""8.5 km"", ""11.5 km"", ""6.0 km"", ""Sam"", ""8.7 km""], [""11.9 km"", ""16.8 km"", ""12.5 km"", ""3.0 km"", ""Ethan"", ""9.5 km""], [""13.3 km"", ""11.4 km"", ""8.3 km"", ""10.2 km"", ""Leo"", ""9.1 km""], [""5.9 km"", ""11.9 km"", ""10.4 km"", ""6.0 km"", ""Nora"", ""5.2 km""]]}"
A-L2-0002,2,same_row_difference,battery_energy,How far apart are the Morning energy and Evening energy values for Cell-C1? Return the absolute difference.,"| Morning energy | Discharge energy | Afternoon energy | Auxiliary energy | Evening energy | Cell | Charge energy |
| --- | --- | --- | --- | --- | --- | --- |
| 2.49 kWh | 2.29 kWh | 2.56 kWh | 0.74 kWh | 5.17 kWh | Cell-C2 | 11.41 kWh |
| 1.84 kWh | 10.03 kWh | 2.55 kWh | 2.23 kWh | 6.37 kWh | Cell-A2 | 2.59 kWh |
| 6.02 kWh | 11.84 kWh | 3.60 kWh | 2.56 kWh | 3.03 kWh | Cell-E2 | 1.69 kWh |
| 2.80 kWh | 10.12 kWh | 7.93 kWh | 1.70 kWh | 0.99 kWh | Cell-C1 | 4.96 kWh |
| 0.95 kWh | 7.76 kWh | 0.60 kWh | 2.92 kWh | 4.65 kWh | Cell-B1 | 6.46 kWh |
| 1.29 kWh | 2.68 kWh | 4.16 kWh | 3.59 kWh | 5.56 kWh | Cell-D2 | 7.88 kWh |
| 7.26 kWh | 1.72 kWh | 7.94 kWh | 4.18 kWh | 3.23 kWh | Cell-E1 | 6.60 kWh |","Answer the question using the table. Perform the required calculation and return only the final value with its unit.

Table:
| Morning energy | Discharge energy | Afternoon energy | Auxiliary energy | Evening energy | Cell | Charge energy |
| --- | --- | --- | --- | --- | --- | --- |
| 2.49 kWh | 2.29 kWh | 2.56 kWh | 0.74 kWh | 5.17 kWh | Cell-C2 | 11.41 kWh |
| 1.84 kWh | 10.03 kWh | 2.55 kWh | 2.23 kWh | 6.37 kWh | Cell-A2 | 2.59 kWh |
| 6.02 kWh | 11.84 kWh | 3.60 kWh | 2.56 kWh | 3.03 kWh | Cell-E2 | 1.69 kWh |
| 2.80 kWh | 10.12 kWh | 7.93 kWh | 1.70 kWh | 0.99 kWh | Cell-C1 | 4.96 kWh |
| 0.95 kWh | 7.76 kWh | 0.60 kWh | 2.92 kWh | 4.65 kWh | Cell-B1 | 6.46 kWh |
| 1.29 kWh | 2.68 kWh | 4.16 kWh | 3.59 kWh | 5.56 kWh | Cell-D2 | 7.88 kWh |
| 7.26 kWh | 1.72 kWh | 7.94 kWh | 4.18 kWh | 3.23 kWh | Cell-E1 | 6.60 kWh |

Question: How far apart are the Morning energy and Evening energy values for Cell-C1? Return the absolute difference.",1.81 kWh,"[{""row_index"": 3, ""column_index"": 0, ""row_identifier_column"": ""Cell"", ""row_identifier_value"": ""Cell-C1"", ""column"": ""Morning energy"", ""raw_value"": 2.8, ""display_value"": ""2.80 kWh""}, {""row_index"": 3, ""column_index"": 4, ""row_identifier_column"": ""Cell"", ""row_identifier_value"": ""Cell-C1"", ""column"": ""Evening energy"", ""raw_value"": 0.99, ""display_value"": ""0.99 kWh""}]",absolute_difference,2,"{""headers"": [""Morning energy"", ""Discharge energy"", ""Afternoon energy"", ""Auxiliary energy"", ""Evening energy"", ""Cell"", ""Charge energy""], ""rows"": [[""2.49 kWh"", ""2.29 kWh"", ""2.56 kWh"", ""0.74 kWh"", ""5.17 kWh"", ""Cell-C2"", ""11.41 kWh""], [""1.84 kWh"", ""10.03 kWh"", ""2.55 kWh"", ""2.23 kWh"", ""6.37 kWh"", ""Cell-A2"", ""2.59 kWh""], [""6.02 kWh"", ""11.84 kWh"", ""3.60 kWh"", ""2.56 kWh"", ""3.03 kWh"", ""Cell-E2"", ""1.69 kWh""], [""2.80 kWh"", ""10.12 kWh"", ""7.93 kWh"", ""1.70 kWh"", ""0.99 kWh"", ""Cell-C1"", ""4.96 kWh""], [""0.95 kWh"", ""7.76 kWh"", ""0.60 kWh"", ""2.92 kWh"", ""4.65 kWh"", ""Cell-B1"", ""6.46 kWh""], [""1.29 kWh"", ""2.68 kWh"", ""4.16 kWh"", ""3.59 kWh"", ""5.56 kWh"", ""Cell-D2"", ""7.88 kWh""], [""7.26 kWh"", ""1.72 kWh"", ""7.94 kWh"", ""4.18 kWh"", ""3.23 kWh"", ""Cell-E1"", ""6.60 kWh""]]}"
A-L2-0003,2,cross_row_difference,race_sector_times,How far apart are David and Hana in Penalty time? Return the absolute difference.,"| Sector 1 time | Penalty time | Driver | Stop time | Sector 3 time | Sector 2 time |
| --- | --- | --- | --- | --- | --- |
| 35.92 s | 8.50 s | David | 7.70 s | 33.95 s | 23.51 s |
| 18.88 s | 1.55 s | Oliver | 9.31 s | 38.74 s | 21.03 s |
| 24.60 s | 6.14 s | Nora | 11.96 s | 19.06 s | 21.00 s |
| 24.06 s | 6.57 s | Hana | 5.26 s | 34.42 s | 39.36 s |
| 26.67 s | 6.25 s | Jisoo | 12.30 s | 29.08 s | 34.95 s |
| 34.97 s | 1.85 s | Maya | 4.27 s | 41.09 s | 29.19 s |
| 19.95 s | 3.04 s | Ethan | 13.29 s | 36.04 s | 39.82 s |
| 35.14 s | 0.59 s | Ava | 2.63 s | 42.15 s | 43.07 s |
| 40.49 s | 4.37 s | Lucas | 8.05 s | 18.45 s | 39.99 s |","Answer the question using the table. Perform the required calculation and return only the final value with its unit.

Table:
| Sector 1 time | Penalty time | Driver | Stop time | Sector 3 time | Sector 2 time |
| --- | --- | --- | --- | --- | --- |
| 35.92 s | 8.50 s | David | 7.70 s | 33.95 s | 23.51 s |
| 18.88 s | 1.55 s | Oliver | 9.31 s | 38.74 s | 21.03 s |
| 24.60 s | 6.14 s | Nora | 11.96 s | 19.06 s | 21.00 s |
| 24.06 s | 6.57 s | Hana | 5.26 s | 34.42 s | 39.36 s |
| 26.67 s | 6.25 s | Jisoo | 12.30 s | 29.08 s | 34.95 s |
| 34.97 s | 1.85 s | Maya | 4.27 s | 41.09 s | 29.19 s |
| 19.95 s | 3.04 s | Ethan | 13.29 s | 36.04 s | 39.82 s |
| 35.14 s | 0.59 s | Ava | 2.63 s | 42.15 s | 43.07 s |
| 40.49 s | 4.37 s | Lucas | 8.05 s | 18.45 s | 39.99 s |

Question: How far apart are David and Hana in Penalty time? Return the absolute difference.",1.93 s,"[{""row_index"": 0, ""column_index"": 1, ""row_identifier_column"": ""Driver"", ""row_identifier_value"": ""David"", ""column"": ""Penalty time"", ""raw_value"": 8.5, ""display_value"": ""8.50 s""}, {""row_index"": 3, ""column_index"": 1, ""row_identifier_column"": ""Driver"", ""row_identifier_value"": ""Hana"", ""column"": ""Penalty time"", ""raw_value"": 6.57, ""display_value"": ""6.57 s""}]",absolute_difference,2,"{""headers"": [""Sector 1 time"", ""Penalty time"", ""Driver"", ""Stop time"", ""Sector 3 time"", ""Sector 2 time""], ""rows"": [[""35.92 s"", ""8.50 s"", ""David"", ""7.70 s"", ""33.95 s"", ""23.51 s""], [""18.88 s"", ""1.55 s"", ""Oliver"", ""9.31 s"", ""38.74 s"", ""21.03 s""], [""24.60 s"", ""6.14 s"", ""Nora"", ""11.96 s"", ""19.06 s"", ""21.00 s""], [""24.06 s"", ""6.57 s"", ""Hana"", ""5.26 s"", ""34.42 s"", ""39.36 s""], [""26.67 s"", ""6.25 s"", ""Jisoo"", ""12.30 s"", ""29.08 s"", ""34.95 s""], [""34.97 s"", ""1.85 s"", ""Maya"", ""4.27 s"", ""41.09 s"", ""29.19 s""], [""19.95 s"", ""3.04 s"", ""Ethan"", ""13.29 s"", ""36.04 s"", ""39.82 s""], [""35.14 s"", ""0.59 s"", ""Ava"", ""2.63 s"", ""42.15 s"", ""43.07 s""], [""40.49 s"", ""4.37 s"", ""Lucas"", ""8.05 s"", ""18.45 s"", ""39.99 s""]]}"
A-L2-0004,2,cross_row_difference,lab_mass_measurements,What is the absolute difference in Initial mass between Sample-A and Sample-B?,"| Sample | Initial mass | Wet mass | Final mass | Material mass | Container mass | Dry mass |
| --- | --- | --- | --- | --- | --- | --- |
| Sample-I | 65.0 g | 163.2 g | 293.4 g | 128.0 g | 36.2 g | 109.1 g |
| Sample-C | 197.2 g | 310.2 g | 20.1 g | 292.1 g | 15.2 g | 22.4 g |
| Sample-L | 359.1 g | 289.3 g | 105.2 g | 58.3 g | 43.0 g | 88.3 g |
| Sample-B | 366.5 g | 167.2 g | 446.3 g | 149.3 g | 106.8 g | 88.5 g |
| Sample-F | 58.2 g | 227.9 g | 167.2 g | 384.7 g | 108.0 g | 132.7 g |
| Sample-J | 86.3 g | 316.7 g | 305.3 g | 291.3 g | 34.7 g | 35.1 g |
| Sample-A | 198.0 g | 184.7 g | 121.2 g | 378.6 g | 39.3 g | 95.6 g |","Answer the question using the table. Perform the required calculation and return only the final value with its unit.

Table:
| Sample | Initial mass | Wet mass | Final mass | Material mass | Container mass | Dry mass |
| --- | --- | --- | --- | --- | --- | --- |
| Sample-I | 65.0 g | 163.2 g | 293.4 g | 128.0 g | 36.2 g | 109.1 g |
| Sample-C | 197.2 g | 310.2 g | 20.1 g | 292.1 g | 15.2 g | 22.4 g |
| Sample-L | 359.1 g | 289.3 g | 105.2 g | 58.3 g | 43.0 g | 88.3 g |
| Sample-B | 366.5 g | 167.2 g | 446.3 g | 149.3 g | 106.8 g | 88.5 g |
| Sample-F | 58.2 g | 227.9 g | 167.2 g | 384.7 g | 108.0 g | 132.7 g |
| Sample-J | 86.3 g | 316.7 g | 305.3 g | 291.3 g | 34.7 g | 35.1 g |
| Sample-A | 198.0 g | 184.7 g | 121.2 g | 378.6 g | 39.3 g | 95.6 g |

Question: What is the absolute difference in Initial mass between Sample-A and Sample-B?",168.5 g,"[{""row_index"": 6, ""column_index"": 1, ""row_identifier_column"": ""Sample"", ""row_identifier_value"": ""Sample-A"", ""column"": ""Initial mass"", ""raw_value"": 198.0, ""display_value"": ""198.0 g""}, {""row_index"": 3, ""column_index"": 1, ""row_identifier_column"": ""Sample"", ""row_identifier_value"": ""Sample-B"", ""column"": ""Initial mass"", ""raw_value"": 366.5, ""display_value"": ""366.5 g""}]",absolute_difference,2,"{""headers"": [""Sample"", ""Initial mass"", ""Wet mass"", ""Final mass"", ""Material mass"", ""Container mass"", ""Dry mass""], ""rows"": [[""Sample-I"", ""65.0 g"", ""163.2 g"", ""293.4 g"", ""128.0 g"", ""36.2 g"", ""109.1 g""], [""Sample-C"", ""197.2 g"", ""310.2 g"", ""20.1 g"", ""292.1 g"", ""15.2 g"", ""22.4 g""], [""Sample-L"", ""359.1 g"", ""289.3 g"", ""105.2 g"", ""58.3 g"", ""43.0 g"", ""88.3 g""], [""Sample-B"", ""366.5 g"", ""167.2 g"", ""446.3 g"", ""149.3 g"", ""106.8 g"", ""88.5 g""], [""Sample-F"", ""58.2 g"", ""227.9 g"", ""167.2 g"", ""384.7 g"", ""108.0 g"", ""132.7 g""], [""Sample-J"", ""86.3 g"", ""316.7 g"", ""305.3 g"", ""291.3 g"", ""34.7 g"", ""35.1 g""], [""Sample-A"", ""198.0 g"", ""184.7 g"", ""121.2 g"", ""378.6 g"", ""39.3 g"", ""95.6 g""]]}"
A-L2-0005,2,same_row_sum,basketball_game,"According to the table, what is the combined value of First-half points and Second-half points for Comets?","| Bench points | Paint points | Fast-break points | Second-half points | Free-throw points | Team | First-half points |
| --- | --- | --- | --- | --- | --- | --- |
| 21 points | 27 points | 4 points | 63 points | 30 points | Wolves | 21 points |
| 44 points | 29 points | 12 points | 35 points | 22 points | Sharks | 60 points |
| 12 points | 18 points | 29 points | 39 points | 27 points | Dragons | 23 points |
| 19 points | 19 points | 10 points | 67 points | 15 points | Cyclones | 48 points |
| 16 points | 42 points | 20 points | 65 points | 5 points | Comets | 66 points |","Answer the question using the table. Perform the required calculation and return only the final value with its unit.

Table:
| Bench points | Paint points | Fast-break points | Second-half points | Free-throw points | Team | First-half points |
| --- | --- | --- | --- | --- | --- | --- |
| 21 points | 27 points | 4 points | 63 points | 30 points | Wolves | 21 points |
| 44 points | 29 points | 12 points | 35 points | 22 points | Sharks | 60 points |
| 12 points | 18 points | 29 points | 39 points | 27 points | Dragons | 23 points |
| 19 points | 19 points | 10 points | 67 points | 15 points | Cyclones | 48 points |
| 16 points | 42 points | 20 points | 65 points | 5 points | Comets | 66 points |

Question: According to the table, what is the combined value of First-half points and Second-half points for Comets?",131 points,"[{""row_index"": 4, ""column_index"": 6, ""row_identifier_column"": ""Team"", ""row_identifier_value"": ""Comets"", ""column"": ""First-half points"", ""raw_value"": 66.0, ""display_value"": ""66 points""}, {""row_index"": 4, ""column_index"": 3, ""row_identifier_column"": ""Team"", ""row_identifier_value"": ""Comets"", ""column"": ""Second-half points"", ""raw_value"": 65.0, ""display_value"": ""65 points""}]",add,2,"{""headers"": [""Bench points"", ""Paint points"", ""Fast-break points"", ""Second-half points"", ""Free-throw points"", ""Team"", ""First-half points""], ""rows"": [[""21 points"", ""27 points"", ""4 points"", ""63 points"", ""30 points"", ""Wolves"", ""21 points""], [""44 points"", ""29 points"", ""12 points"", ""35 points"", ""22 points"", ""Sharks"", ""60 points""], [""12 points"", ""18 points"", ""29 points"", ""39 points"", ""27 points"", ""Dragons"", ""23 points""], [""19 points"", ""19 points"", ""10 points"", ""67 points"", ""15 points"", ""Cyclones"", ""48 points""], [""16 points"", ""42 points"", ""20 points"", ""65 points"", ""5 points"", ""Comets"", ""66 points""]]}"
A-L2-0006,2,same_row_sum,lab_mass_measurements,"According to the table, what is the combined value of Container mass and Material mass for Sample-K?","| Initial mass | Material mass | Container mass | Sample |
| --- | --- | --- | --- |
| 428.8 g | 321.8 g | 72.8 g | Sample-B |
| 370.6 g | 17.6 g | 85.2 g | Sample-E |
| 378.5 g | 145.8 g | 116.7 g | Sample-K |
| 135.4 g | 199.5 g | 22.7 g | Sample-J |
| 444.9 g | 282.3 g | 57.6 g | Sample-F |
| 285.5 g | 164.0 g | 36.2 g | Sample-H |","Answer the question using the table. Perform the required calculation and return only the final value with its unit.

Table:
| Initial mass | Material mass | Container mass | Sample |
| --- | --- | --- | --- |
| 428.8 g | 321.8 g | 72.8 g | Sample-B |
| 370.6 g | 17.6 g | 85.2 g | Sample-E |
| 378.5 g | 145.8 g | 116.7 g | Sample-K |
| 135.4 g | 199.5 g | 22.7 g | Sample-J |
| 444.9 g | 282.3 g | 57.6 g | Sample-F |
| 285.5 g | 164.0 g | 36.2 g | Sample-H |

Question: According to the table, what is the combined value of Container mass and Material mass for Sample-K?",262.5 g,"[{""row_index"": 2, ""column_index"": 2, ""row_identifier_column"": ""Sample"", ""row_identifier_value"": ""Sample-K"", ""column"": ""Container mass"", ""raw_value"": 116.7, ""display_value"": ""116.7 g""}, {""row_index"": 2, ""column_index"": 1, ""row_identifier_column"": ""Sample"", ""row_identifier_value"": ""Sample-K"", ""column"": ""Material mass"", ""raw_value"": 145.8, ""display_value"": ""145.8 g""}]",add,2,"{""headers"": [""Initial mass"", ""Material mass"", ""Container mass"", ""Sample""], ""rows"": [[""428.8 g"", ""321.8 g"", ""72.8 g"", ""Sample-B""], [""370.6 g"", ""17.6 g"", ""85.2 g"", ""Sample-E""], [""378.5 g"", ""145.8 g"", ""116.7 g"", ""Sample-K""], [""135.4 g"", ""199.5 g"", ""22.7 g"", ""Sample-J""], [""444.9 g"", ""282.3 g"", ""57.6 g"", ""Sample-F""], [""285.5 g"", ""164.0 g"", ""36.2 g"", ""Sample-H""]]}"
A-L2-0007,2,same_row_difference,quarterly_sales,Find the absolute difference between Westhaven's Q1 sales and Q2 sales.,"| Online sales | Q4 sales | Q1 sales | Q3 sales | Q2 sales | Region |
| --- | --- | --- | --- | --- | --- |
| 20.3 kUSD | 201.1 kUSD | 251.4 kUSD | 495.1 kUSD | 177.4 kUSD | Oakridge |
| 294.0 kUSD | 247.7 kUSD | 458.4 kUSD | 134.2 kUSD | 47.9 kUSD | Westhaven |
| 269.5 kUSD | 354.0 kUSD | 83.2 kUSD | 224.9 kUSD | 47.9 kUSD | Clearwater |
| 118.3 kUSD | 60.3 kUSD | 173.2 kUSD | 74.6 kUSD | 254.1 kUSD | Hillcrest |
| 23.1 kUSD | 300.5 kUSD | 121.3 kUSD | 294.3 kUSD | 24.9 kUSD | Pinehurst |","Answer the question using the table. Perform the required calculation and return only the final value with its unit.

Table:
| Online sales | Q4 sales | Q1 sales | Q3 sales | Q2 sales | Region |
| --- | --- | --- | --- | --- | --- |
| 20.3 kUSD | 201.1 kUSD | 251.4 kUSD | 495.1 kUSD | 177.4 kUSD | Oakridge |
| 294.0 kUSD | 247.7 kUSD | 458.4 kUSD | 134.2 kUSD | 47.9 kUSD | Westhaven |
| 269.5 kUSD | 354.0 kUSD | 83.2 kUSD | 224.9 kUSD | 47.9 kUSD | Clearwater |
| 118.3 kUSD | 60.3 kUSD | 173.2 kUSD | 74.6 kUSD | 254.1 kUSD | Hillcrest |
| 23.1 kUSD | 300.5 kUSD | 121.3 kUSD | 294.3 kUSD | 24.9 kUSD | Pinehurst |

Question: Find the absolute difference between Westhaven's Q1 sales and Q2 sales.",410.5 kUSD,"[{""row_index"": 1, ""column_index"": 2, ""row_identifier_column"": ""Region"", ""row_identifier_value"": ""Westhaven"", ""column"": ""Q1 sales"", ""raw_value"": 458.4, ""display_value"": ""458.4 kUSD""}, {""row_index"": 1, ""column_index"": 4, ""row_identifier_column"": ""Region"", ""row_identifier_value"": ""Westhaven"", ""column"": ""Q2 sales"", ""raw_value"": 47.9, ""display_value"": ""47.9 kUSD""}]",absolute_difference,2,"{""headers"": [""Online sales"", ""Q4 sales"", ""Q1 sales"", ""Q3 sales"", ""Q2 sales"", ""Region""], ""rows"": [[""20.3 kUSD"", ""201.1 kUSD"", ""251.4 kUSD"", ""495.1 kUSD"", ""177.4 kUSD"", ""Oakridge""], [""294.0 kUSD"", ""247.7 kUSD"", ""458.4 kUSD"", ""134.2 kUSD"", ""47.9 kUSD"", ""Westhaven""], [""269.5 kUSD"", ""354.0 kUSD"", ""83.2 kUSD"", ""224.9 kUSD"", ""47.9 kUSD"", ""Clearwater""], [""118.3 kUSD"", ""60.3 kUSD"", ""173.2 kUSD"", ""74.6 kUSD"", ""254.1 kUSD"", ""Hillcrest""], [""23.1 kUSD"", ""300.5 kUSD"", ""121.3 kUSD"", ""294.3 kUSD"", ""24.9 kUSD"", ""Pinehurst""]]}"
A-L2-0008,2,cross_row_sum,battery_energy,"According to the table, what do Cell-B1 and Cell-C2 have in total for Discharge energy?","| Cell | Afternoon energy | Charge energy | Discharge energy | Evening energy |
| --- | --- | --- | --- | --- |
| Cell-A2 | 2.74 kWh | 0.69 kWh | 0.80 kWh | 2.08 kWh |
| Cell-E1 | 4.97 kWh | 10.17 kWh | 7.04 kWh | 0.89 kWh |
| Cell-F1 | 3.55 kWh | 3.88 kWh | 1.04 kWh | 0.93 kWh |
| Cell-E2 | 6.01 kWh | 4.53 kWh | 6.39 kWh | 0.88 kWh |
| Cell-C2 | 5.90 kWh | 9.01 kWh | 9.72 kWh | 6.45 kWh |
| Cell-B1 | 3.42 kWh | 10.10 kWh | 1.85 kWh | 6.35 kWh |
| Cell-B2 | 4.46 kWh | 2.53 kWh | 4.23 kWh | 3.94 kWh |","Answer the question using the table. Perform the required calculation and return only the final value with its unit.

Table:
| Cell | Afternoon energy | Charge energy | Discharge energy | Evening energy |
| --- | --- | --- | --- | --- |
| Cell-A2 | 2.74 kWh | 0.69 kWh | 0.80 kWh | 2.08 kWh |
| Cell-E1 | 4.97 kWh | 10.17 kWh | 7.04 kWh | 0.89 kWh |
| Cell-F1 | 3.55 kWh | 3.88 kWh | 1.04 kWh | 0.93 kWh |
| Cell-E2 | 6.01 kWh | 4.53 kWh | 6.39 kWh | 0.88 kWh |
| Cell-C2 | 5.90 kWh | 9.01 kWh | 9.72 kWh | 6.45 kWh |
| Cell-B1 | 3.42 kWh | 10.10 kWh | 1.85 kWh | 6.35 kWh |
| Cell-B2 | 4.46 kWh | 2.53 kWh | 4.23 kWh | 3.94 kWh |

Question: According to the table, what do Cell-B1 and Cell-C2 have in total for Discharge energy?",11.57 kWh,"[{""row_index"": 5, ""column_index"": 3, ""row_identifier_column"": ""Cell"", ""row_identifier_value"": ""Cell-B1"", ""column"": ""Discharge energy"", ""raw_value"": 1.85, ""display_value"": ""1.85 kWh""}, {""row_index"": 4, ""column_index"": 3, ""row_identifier_column"": ""Cell"", ""row_identifier_value"": ""Cell-C2"", ""column"": ""Discharge energy"", ""raw_value"": 9.72, ""display_value"": ""9.72 kWh""}]",add,2,"{""headers"": [""Cell"", ""Afternoon energy"", ""Charge energy"", ""Discharge energy"", ""Evening energy""], ""rows"": [[""Cell-A2"", ""2.74 kWh"", ""0.69 kWh"", ""0.80 kWh"", ""2.08 kWh""], [""Cell-E1"", ""4.97 kWh"", ""10.17 kWh"", ""7.04 kWh"", ""0.89 kWh""], [""Cell-F1"", ""3.55 kWh"", ""3.88 kWh"", ""1.04 kWh"", ""0.93 kWh""], [""Cell-E2"", ""6.01 kWh"", ""4.53 kWh"", ""6.39 kWh"", ""0.88 kWh""], [""Cell-C2"", ""5.90 kWh"", ""9.01 kWh"", ""9.72 kWh"", ""6.45 kWh""], [""Cell-B1"", ""3.42 kWh"", ""10.10 kWh"", ""1.85 kWh"", ""6.35 kWh""], [""Cell-B2"", ""4.46 kWh"", ""2.53 kWh"", ""4.23 kWh"", ""3.94 kWh""]]}"
A-L2-0009,2,same_row_sum,lab_mass_measurements,Add Sample-E's Dry mass and Container mass. What is the total?,"| Dry mass | Sample | Final mass | Container mass | Material mass | Initial mass |
| --- | --- | --- | --- | --- | --- |
| 298.0 g | Sample-F | 201.9 g | 23.4 g | 20.8 g | 20.8 g |
| 122.1 g | Sample-L | 411.4 g | 62.5 g | 67.9 g | 203.4 g |
| 69.1 g | Sample-C | 435.2 g | 25.2 g | 227.7 g | 428.3 g |
| 94.3 g | Sample-E | 24.1 g | 17.6 g | 73.6 g | 400.2 g |","Answer the question using the table. Perform the required calculation and return only the final value with its unit.

Table:
| Dry mass | Sample | Final mass | Container mass | Material mass | Initial mass |
| --- | --- | --- | --- | --- | --- |
| 298.0 g | Sample-F | 201.9 g | 23.4 g | 20.8 g | 20.8 g |
| 122.1 g | Sample-L | 411.4 g | 62.5 g | 67.9 g | 203.4 g |
| 69.1 g | Sample-C | 435.2 g | 25.2 g | 227.7 g | 428.3 g |
| 94.3 g | Sample-E | 24.1 g | 17.6 g | 73.6 g | 400.2 g |

Question: Add Sample-E's Dry mass and Container mass. What is the total?",111.9 g,"[{""row_index"": 3, ""column_index"": 0, ""row_identifier_column"": ""Sample"", ""row_identifier_value"": ""Sample-E"", ""column"": ""Dry mass"", ""raw_value"": 94.3, ""display_value"": ""94.3 g""}, {""row_index"": 3, ""column_index"": 3, ""row_identifier_column"": ""Sample"", ""row_identifier_value"": ""Sample-E"", ""column"": ""Container mass"", ""raw_value"": 17.6, ""display_value"": ""17.6 g""}]",add,2,"{""headers"": [""Dry mass"", ""Sample"", ""Final mass"", ""Container mass"", ""Material mass"", ""Initial mass""], ""rows"": [[""298.0 g"", ""Sample-F"", ""201.9 g"", ""23.4 g"", ""20.8 g"", ""20.8 g""], [""122.1 g"", ""Sample-L"", ""411.4 g"", ""62.5 g"", ""67.9 g"", ""203.4 g""], [""69.1 g"", ""Sample-C"", ""435.2 g"", ""25.2 g"", ""227.7 g"", ""428.3 g""], [""94.3 g"", ""Sample-E"", ""24.1 g"", ""17.6 g"", ""73.6 g"", ""400.2 g""]]}"
A-L2-0010,2,same_row_sum,basketball_game,Add Tigers's Paint points and Bench points. What is the total?,"| Free-throw points | Fast-break points | Paint points | Team | Bench points |
| --- | --- | --- | --- | --- |
| 21 points | 8 points | 49 points | Knights | 34 points |
| 18 points | 25 points | 11 points | Tigers | 22 points |
| 33 points | 5 points | 23 points | Falcons | 6 points |
| 24 points | 28 points | 23 points | Sharks | 26 points |","Answer the question using the table. Perform the required calculation and return only the final value with its unit.

Table:
| Free-throw points | Fast-break points | Paint points | Team | Bench points |
| --- | --- | --- | --- | --- |
| 21 points | 8 points | 49 points | Knights | 34 points |
| 18 points | 25 points | 11 points | Tigers | 22 points |
| 33 points | 5 points | 23 points | Falcons | 6 points |
| 24 points | 28 points | 23 points | Sharks | 26 points |

Question: Add Tigers's Paint points and Bench points. What is the total?",33 points,"[{""row_index"": 1, ""column_index"": 2, ""row_identifier_column"": ""Team"", ""row_identifier_value"": ""Tigers"", ""column"": ""Paint points"", ""raw_value"": 11.0, ""display_value"": ""11 points""}, {""row_index"": 1, ""column_index"": 4, ""row_identifier_column"": ""Team"", ""row_identifier_value"": ""Tigers"", ""column"": ""Bench points"", ""raw_value"": 22.0, ""display_value"": ""22 points""}]",add,2,"{""headers"": [""Free-throw points"", ""Fast-break points"", ""Paint points"", ""Team"", ""Bench points""], ""rows"": [[""21 points"", ""8 points"", ""49 points"", ""Knights"", ""34 points""], [""18 points"", ""25 points"", ""11 points"", ""Tigers"", ""22 points""], [""33 points"", ""5 points"", ""23 points"", ""Falcons"", ""6 points""], [""24 points"", ""28 points"", ""23 points"", ""Sharks"", ""26 points""]]}"
A-L2-0011,2,cross_row_difference,ml_latency,How far apart are Atlas and Helix in Postprocessing latency? Return the absolute difference.,"| Network latency | Postprocessing latency | Inference latency | Model | Tokenization latency | Preprocessing latency | Queue latency |
| --- | --- | --- | --- | --- | --- | --- |
| 12.8 ms | 21.7 ms | 118.7 ms | Vertex | 6.6 ms | 25.4 ms | 50.6 ms |
| 18.4 ms | 10.2 ms | 26.1 ms | Quartz | 4.6 ms | 32.7 ms | 34.4 ms |
| 34.6 ms | 21.6 ms | 71.5 ms | Pulse | 9.6 ms | 11.6 ms | 3.6 ms |
| 42.8 ms | 14.4 ms | 38.1 ms | Helix | 17.0 ms | 1.4 ms | 0.9 ms |
| 81.1 ms | 1.7 ms | 134.6 ms | Zenith | 15.2 ms | 3.6 ms | 30.3 ms |
| 86.1 ms | 14.3 ms | 161.2 ms | Atlas | 4.4 ms | 26.6 ms | 73.7 ms |
| 51.4 ms | 23.4 ms | 69.3 ms | Aurora | 6.1 ms | 23.7 ms | 46.4 ms |","Answer the question using the table. Perform the required calculation and return only the final value with its unit.

Table:
| Network latency | Postprocessing latency | Inference latency | Model | Tokenization latency | Preprocessing latency | Queue latency |
| --- | --- | --- | --- | --- | --- | --- |
| 12.8 ms | 21.7 ms | 118.7 ms | Vertex | 6.6 ms | 25.4 ms | 50.6 ms |
| 18.4 ms | 10.2 ms | 26.1 ms | Quartz | 4.6 ms | 32.7 ms | 34.4 ms |
| 34.6 ms | 21.6 ms | 71.5 ms | Pulse | 9.6 ms | 11.6 ms | 3.6 ms |
| 42.8 ms | 14.4 ms | 38.1 ms | Helix | 17.0 ms | 1.4 ms | 0.9 ms |
| 81.1 ms | 1.7 ms | 134.6 ms | Zenith | 15.2 ms | 3.6 ms | 30.3 ms |
| 86.1 ms | 14.3 ms | 161.2 ms | Atlas | 4.4 ms | 26.6 ms | 73.7 ms |
| 51.4 ms | 23.4 ms | 69.3 ms | Aurora | 6.1 ms | 23.7 ms | 46.4 ms |

Question: How far apart are Atlas and Helix in Postprocessing latency? Return the absolute difference.",0.1 ms,"[{""row_index"": 5, ""column_index"": 1, ""row_identifier_column"": ""Model"", ""row_identifier_value"": ""Atlas"", ""column"": ""Postprocessing latency"", ""raw_value"": 14.3, ""display_value"": ""14.3 ms""}, {""row_index"": 3, ""column_index"": 1, ""row_identifier_column"": ""Model"", ""row_identifier_value"": ""Helix"", ""column"": ""Postprocessing latency"", ""raw_value"": 14.4, ""display_value"": ""14.4 ms""}]",absolute_difference,2,"{""headers"": [""Network latency"", ""Postprocessing latency"", ""Inference latency"", ""Model"", ""Tokenization latency"", ""Preprocessing latency"", ""Queue latency""], ""rows"": [[""12.8 ms"", ""21.7 ms"", ""118.7 ms"", ""Vertex"", ""6.6 ms"", ""25.4 ms"", ""50.6 ms""], [""18.4 ms"", ""10.2 ms"", ""26.1 ms"", ""Quartz"", ""4.6 ms"", ""32.7 ms"", ""34.4 ms""], [""34.6 ms"", ""21.6 ms"", ""71.5 ms"", ""Pulse"", ""9.6 ms"", ""11.6 ms"", ""3.6 ms""], [""42.8 ms"", ""14.4 ms"", ""38.1 ms"", ""Helix"", ""17.0 ms"", ""1.4 ms"", ""0.9 ms""], [""81.1 ms"", ""1.7 ms"", ""134.6 ms"", ""Zenith"", ""15.2 ms"", ""3.6 ms"", ""30.3 ms""], [""86.1 ms"", ""14.3 ms"", ""161.2 ms"", ""Atlas"", ""4.4 ms"", ""26.6 ms"", ""73.7 ms""], [""51.4 ms"", ""23.4 ms"", ""69.3 ms"", ""Aurora"", ""6.1 ms"", ""23.7 ms"", ""46.4 ms""]]}"
A-L2-0012,2,same_row_sum,race_sector_times,Add Yuna's Pit-lane time and Stop time. What is the total?,"| Sector 1 time | Stop time | Driver | Pit-lane time |
| --- | --- | --- | --- |
| 19.52 s | 13.54 s | Ava | 25.25 s |
| 40.65 s | 8.39 s | Iris | 18.77 s |
| 37.56 s | 1.77 s | Nora | 28.84 s |
| 35.29 s | 6.67 s | Jisoo | 29.29 s |
| 38.14 s | 8.26 s | Yuna | 22.09 s |
| 21.49 s | 1.64 s | Ethan | 28.56 s |","Answer the question using the table. Perform the required calculation and return only the final value with its unit.

Table:
| Sector 1 time | Stop time | Driver | Pit-lane time |
| --- | --- | --- | --- |
| 19.52 s | 13.54 s | Ava | 25.25 s |
| 40.65 s | 8.39 s | Iris | 18.77 s |
| 37.56 s | 1.77 s | Nora | 28.84 s |
| 35.29 s | 6.67 s | Jisoo | 29.29 s |
| 38.14 s | 8.26 s | Yuna | 22.09 s |
| 21.49 s | 1.64 s | Ethan | 28.56 s |

Question: Add Yuna's Pit-lane time and Stop time. What is the total?",30.35 s,"[{""row_index"": 4, ""column_index"": 3, ""row_identifier_column"": ""Driver"", ""row_identifier_value"": ""Yuna"", ""column"": ""Pit-lane time"", ""raw_value"": 22.09, ""display_value"": ""22.09 s""}, {""row_index"": 4, ""column_index"": 1, ""row_identifier_column"": ""Driver"", ""row_identifier_value"": ""Yuna"", ""column"": ""Stop time"", ""raw_value"": 8.26, ""display_value"": ""8.26 s""}]",add,2,"{""headers"": [""Sector 1 time"", ""Stop time"", ""Driver"", ""Pit-lane time""], ""rows"": [[""19.52 s"", ""13.54 s"", ""Ava"", ""25.25 s""], [""40.65 s"", ""8.39 s"", ""Iris"", ""18.77 s""], [""37.56 s"", ""1.77 s"", ""Nora"", ""28.84 s""], [""35.29 s"", ""6.67 s"", ""Jisoo"", ""29.29 s""], [""38.14 s"", ""8.26 s"", ""Yuna"", ""22.09 s""], [""21.49 s"", ""1.64 s"", ""Ethan"", ""28.56 s""]]}"
A-L2-0013,2,same_row_sum,lab_mass_measurements,Add Sample-I's Container mass and Material mass. What is the total?,"| Initial mass | Dry mass | Container mass | Wet mass | Material mass | Sample |
| --- | --- | --- | --- | --- | --- |
| 259.3 g | 31.3 g | 16.1 g | 50.6 g | 284.2 g | Sample-J |
| 33.6 g | 94.4 g | 9.5 g | 326.6 g | 194.5 g | Sample-K |
| 374.0 g | 207.5 g | 54.1 g | 35.8 g | 86.5 g | Sample-C |
| 100.5 g | 253.1 g | 113.4 g | 264.1 g | 118.9 g | Sample-B |
| 192.8 g | 258.0 g | 67.9 g | 131.3 g | 93.4 g | Sample-E |
| 115.5 g | 38.1 g | 57.7 g | 397.0 g | 45.2 g | Sample-D |
| 82.1 g | 160.8 g | 105.8 g | 298.2 g | 56.7 g | Sample-I |
| 54.8 g | 176.6 g | 26.4 g | 16.1 g | 336.2 g | Sample-A |
| 195.8 g | 10.1 g | 36.4 g | 82.5 g | 37.1 g | Sample-H |","Answer the question using the table. Perform the required calculation and return only the final value with its unit.

Table:
| Initial mass | Dry mass | Container mass | Wet mass | Material mass | Sample |
| --- | --- | --- | --- | --- | --- |
| 259.3 g | 31.3 g | 16.1 g | 50.6 g | 284.2 g | Sample-J |
| 33.6 g | 94.4 g | 9.5 g | 326.6 g | 194.5 g | Sample-K |
| 374.0 g | 207.5 g | 54.1 g | 35.8 g | 86.5 g | Sample-C |
| 100.5 g | 253.1 g | 113.4 g | 264.1 g | 118.9 g | Sample-B |
| 192.8 g | 258.0 g | 67.9 g | 131.3 g | 93.4 g | Sample-E |
| 115.5 g | 38.1 g | 57.7 g | 397.0 g | 45.2 g | Sample-D |
| 82.1 g | 160.8 g | 105.8 g | 298.2 g | 56.7 g | Sample-I |
| 54.8 g | 176.6 g | 26.4 g | 16.1 g | 336.2 g | Sample-A |
| 195.8 g | 10.1 g | 36.4 g | 82.5 g | 37.1 g | Sample-H |

Question: Add Sample-I's Container mass and Material mass. What is the total?",162.5 g,"[{""row_index"": 6, ""column_index"": 2, ""row_identifier_column"": ""Sample"", ""row_identifier_value"": ""Sample-I"", ""column"": ""Container mass"", ""raw_value"": 105.8, ""display_value"": ""105.8 g""}, {""row_index"": 6, ""column_index"": 4, ""row_identifier_column"": ""Sample"", ""row_identifier_value"": ""Sample-I"", ""column"": ""Material mass"", ""raw_value"": 56.7, ""display_value"": ""56.7 g""}]",add,2,"{""headers"": [""Initial mass"", ""Dry mass"", ""Container mass"", ""Wet mass"", ""Material mass"", ""Sample""], ""rows"": [[""259.3 g"", ""31.3 g"", ""16.1 g"", ""50.6 g"", ""284.2 g"", ""Sample-J""], [""33.6 g"", ""94.4 g"", ""9.5 g"", ""326.6 g"", ""194.5 g"", ""Sample-K""], [""374.0 g"", ""207.5 g"", ""54.1 g"", ""35.8 g"", ""86.5 g"", ""Sample-C""], [""100.5 g"", ""253.1 g"", ""113.4 g"", ""264.1 g"", ""118.9 g"", ""Sample-B""], [""192.8 g"", ""258.0 g"", ""67.9 g"", ""131.3 g"", ""93.4 g"", ""Sample-E""], [""115.5 g"", ""38.1 g"", ""57.7 g"", ""397.0 g"", ""45.2 g"", ""Sample-D""], [""82.1 g"", ""160.8 g"", ""105.8 g"", ""298.2 g"", ""56.7 g"", ""Sample-I""], [""54.8 g"", ""176.6 g"", ""26.4 g"", ""16.1 g"", ""336.2 g"", ""Sample-A""], [""195.8 g"", ""10.1 g"", ""36.4 g"", ""82.5 g"", ""37.1 g"", ""Sample-H""]]}"
A-L2-0014,2,cross_row_sum,rainfall_measurements,Add the Storm rainfall values for Hillcrest and Cedar. What is the total?,"| Storm rainfall | South gauge | Afternoon rainfall | Station | Evening rainfall | Morning rainfall |
| --- | --- | --- | --- | --- | --- |
| 65.7 mm | 62.0 mm | 0.1 mm | Hillcrest | 6.4 mm | 21.1 mm |
| 58.4 mm | 63.9 mm | 23.5 mm | Maple | 27.1 mm | 1.2 mm |
| 2.1 mm | 39.1 mm | 9.0 mm | Riverton | 0.0 mm | 42.3 mm |
| 42.5 mm | 39.7 mm | 36.0 mm | Cedar | 48.3 mm | 28.7 mm |
| 97.6 mm | 31.8 mm | 32.2 mm | Lakeside | 1.7 mm | 48.0 mm |
| 54.2 mm | 23.2 mm | 46.9 mm | Clearwater | 10.4 mm | 20.2 mm |
| 3.9 mm | 20.4 mm | 32.1 mm | Pinehurst | 51.0 mm | 19.0 mm |","Answer the question using the table. Perform the required calculation and return only the final value with its unit.

Table:
| Storm rainfall | South gauge | Afternoon rainfall | Station | Evening rainfall | Morning rainfall |
| --- | --- | --- | --- | --- | --- |
| 65.7 mm | 62.0 mm | 0.1 mm | Hillcrest | 6.4 mm | 21.1 mm |
| 58.4 mm | 63.9 mm | 23.5 mm | Maple | 27.1 mm | 1.2 mm |
| 2.1 mm | 39.1 mm | 9.0 mm | Riverton | 0.0 mm | 42.3 mm |
| 42.5 mm | 39.7 mm | 36.0 mm | Cedar | 48.3 mm | 28.7 mm |
| 97.6 mm | 31.8 mm | 32.2 mm | Lakeside | 1.7 mm | 48.0 mm |
| 54.2 mm | 23.2 mm | 46.9 mm | Clearwater | 10.4 mm | 20.2 mm |
| 3.9 mm | 20.4 mm | 32.1 mm | Pinehurst | 51.0 mm | 19.0 mm |

Question: Add the Storm rainfall values for Hillcrest and Cedar. What is the total?",108.2 mm,"[{""row_index"": 0, ""column_index"": 0, ""row_identifier_column"": ""Station"", ""row_identifier_value"": ""Hillcrest"", ""column"": ""Storm rainfall"", ""raw_value"": 65.7, ""display_value"": ""65.7 mm""}, {""row_index"": 3, ""column_index"": 0, ""row_identifier_column"": ""Station"", ""row_identifier_value"": ""Cedar"", ""column"": ""Storm rainfall"", ""raw_value"": 42.5, ""display_value"": ""42.5 mm""}]",add,2,"{""headers"": [""Storm rainfall"", ""South gauge"", ""Afternoon rainfall"", ""Station"", ""Evening rainfall"", ""Morning rainfall""], ""rows"": [[""65.7 mm"", ""62.0 mm"", ""0.1 mm"", ""Hillcrest"", ""6.4 mm"", ""21.1 mm""], [""58.4 mm"", ""63.9 mm"", ""23.5 mm"", ""Maple"", ""27.1 mm"", ""1.2 mm""], [""2.1 mm"", ""39.1 mm"", ""9.0 mm"", ""Riverton"", ""0.0 mm"", ""42.3 mm""], [""42.5 mm"", ""39.7 mm"", ""36.0 mm"", ""Cedar"", ""48.3 mm"", ""28.7 mm""], [""97.6 mm"", ""31.8 mm"", ""32.2 mm"", ""Lakeside"", ""1.7 mm"", ""48.0 mm""], [""54.2 mm"", ""23.2 mm"", ""46.9 mm"", ""Clearwater"", ""10.4 mm"", ""20.2 mm""], [""3.9 mm"", ""20.4 mm"", ""32.1 mm"", ""Pinehurst"", ""51.0 mm"", ""19.0 mm""]]}"
A-L2-0015,2,same_row_difference,basketball_game,Find the absolute difference between Wolves's Paint points and Bench points.,"| Team | Bench points | Paint points | Free-throw points | Second-half points | First-half points | Fast-break points |
| --- | --- | --- | --- | --- | --- | --- |
| Tigers | 10 points | 39 points | 32 points | 58 points | 56 points | 22 points |
| Bulls | 37 points | 41 points | 15 points | 70 points | 46 points | 5 points |
| Cyclones | 6 points | 52 points | 16 points | 46 points | 64 points | 16 points |
| Hawks | 39 points | 53 points | 9 points | 30 points | 44 points | 26 points |
| Comets | 31 points | 38 points | 5 points | 66 points | 43 points | 10 points |
| Sharks | 13 points | 27 points | 15 points | 66 points | 37 points | 25 points |
| Ravens | 16 points | 41 points | 13 points | 67 points | 67 points | 5 points |
| Wolves | 12 points | 13 points | 8 points | 62 points | 64 points | 11 points |
| Knights | 7 points | 29 points | 18 points | 35 points | 55 points | 9 points |","Answer the question using the table. Perform the required calculation and return only the final value with its unit.

Table:
| Team | Bench points | Paint points | Free-throw points | Second-half points | First-half points | Fast-break points |
| --- | --- | --- | --- | --- | --- | --- |
| Tigers | 10 points | 39 points | 32 points | 58 points | 56 points | 22 points |
| Bulls | 37 points | 41 points | 15 points | 70 points | 46 points | 5 points |
| Cyclones | 6 points | 52 points | 16 points | 46 points | 64 points | 16 points |
| Hawks | 39 points | 53 points | 9 points | 30 points | 44 points | 26 points |
| Comets | 31 points | 38 points | 5 points | 66 points | 43 points | 10 points |
| Sharks | 13 points | 27 points | 15 points | 66 points | 37 points | 25 points |
| Ravens | 16 points | 41 points | 13 points | 67 points | 67 points | 5 points |
| Wolves | 12 points | 13 points | 8 points | 62 points | 64 points | 11 points |
| Knights | 7 points | 29 points | 18 points | 35 points | 55 points | 9 points |

Question: Find the absolute difference between Wolves's Paint points and Bench points.",1 points,"[{""row_index"": 7, ""column_index"": 2, ""row_identifier_column"": ""Team"", ""row_identifier_value"": ""Wolves"", ""column"": ""Paint points"", ""raw_value"": 13.0, ""display_value"": ""13 points""}, {""row_index"": 7, ""column_index"": 1, ""row_identifier_column"": ""Team"", ""row_identifier_value"": ""Wolves"", ""column"": ""Bench points"", ""raw_value"": 12.0, ""display_value"": ""12 points""}]",absolute_difference,2,"{""headers"": [""Team"", ""Bench points"", ""Paint points"", ""Free-throw points"", ""Second-half points"", ""First-half points"", ""Fast-break points""], ""rows"": [[""Tigers"", ""10 points"", ""39 points"", ""32 points"", ""58 points"", ""56 points"", ""22 points""], [""Bulls"", ""37 points"", ""41 points"", ""15 points"", ""70 points"", ""46 points"", ""5 points""], [""Cyclones"", ""6 points"", ""52 points"", ""16 points"", ""46 points"", ""64 points"", ""16 points""], [""Hawks"", ""39 points"", ""53 points"", ""9 points"", ""30 points"", ""44 points"", ""26 points""], [""Comets"", ""31 points"", ""38 points"", ""5 points"", ""66 points"", ""43 points"", ""10 points""], [""Sharks"", ""13 points"", ""27 points"", ""15 points"", ""66 points"", ""37 points"", ""25 points""], [""Ravens"", ""16 points"", ""41 points"", ""13 points"", ""67 points"", ""67 points"", ""5 points""], [""Wolves"", ""12 points"", ""13 points"", ""8 points"", ""62 points"", ""64 points"", ""11 points""], [""Knights"", ""7 points"", ""29 points"", ""18 points"", ""35 points"", ""55 points"", ""9 points""]]}"
A-L2-0016,2,same_row_difference,race_sector_times,"For Maya, what is the absolute difference between Sector 2 time and Sector 3 time?","| Sector 2 time | Pit-lane time | Sector 3 time | Driver |
| --- | --- | --- | --- |
| 27.83 s | 28.90 s | 31.39 s | David |
| 36.37 s | 32.49 s | 37.96 s | Nora |
| 36.29 s | 26.38 s | 38.80 s | Lena |
| 34.12 s | 20.18 s | 26.28 s | Emma |
| 38.16 s | 13.85 s | 40.33 s | Theo |
| 24.16 s | 13.55 s | 18.21 s | Leo |
| 20.63 s | 32.18 s | 29.94 s | Iris |
| 40.29 s | 29.14 s | 31.37 s | Maya |","Answer the question using the table. Perform the required calculation and return only the final value with its unit.

Table:
| Sector 2 time | Pit-lane time | Sector 3 time | Driver |
| --- | --- | --- | --- |
| 27.83 s | 28.90 s | 31.39 s | David |
| 36.37 s | 32.49 s | 37.96 s | Nora |
| 36.29 s | 26.38 s | 38.80 s | Lena |
| 34.12 s | 20.18 s | 26.28 s | Emma |
| 38.16 s | 13.85 s | 40.33 s | Theo |
| 24.16 s | 13.55 s | 18.21 s | Leo |
| 20.63 s | 32.18 s | 29.94 s | Iris |
| 40.29 s | 29.14 s | 31.37 s | Maya |

Question: For Maya, what is the absolute difference between Sector 2 time and Sector 3 time?",8.92 s,"[{""row_index"": 7, ""column_index"": 0, ""row_identifier_column"": ""Driver"", ""row_identifier_value"": ""Maya"", ""column"": ""Sector 2 time"", ""raw_value"": 40.29, ""display_value"": ""40.29 s""}, {""row_index"": 7, ""column_index"": 2, ""row_identifier_column"": ""Driver"", ""row_identifier_value"": ""Maya"", ""column"": ""Sector 3 time"", ""raw_value"": 31.37, ""display_value"": ""31.37 s""}]",absolute_difference,2,"{""headers"": [""Sector 2 time"", ""Pit-lane time"", ""Sector 3 time"", ""Driver""], ""rows"": [[""27.83 s"", ""28.90 s"", ""31.39 s"", ""David""], [""36.37 s"", ""32.49 s"", ""37.96 s"", ""Nora""], [""36.29 s"", ""26.38 s"", ""38.80 s"", ""Lena""], [""34.12 s"", ""20.18 s"", ""26.28 s"", ""Emma""], [""38.16 s"", ""13.85 s"", ""40.33 s"", ""Theo""], [""24.16 s"", ""13.55 s"", ""18.21 s"", ""Leo""], [""20.63 s"", ""32.18 s"", ""29.94 s"", ""Iris""], [""40.29 s"", ""29.14 s"", ""31.37 s"", ""Maya""]]}"
A-L2-0017,2,same_row_difference,hiking_route,Find the absolute difference between Yuna's Morning distance and Afternoon distance.,"| Hiker | Afternoon distance | Morning distance | Forest distance | Uphill distance | Downhill distance |
| --- | --- | --- | --- | --- | --- |
| Sam | 8.7 km | 2.8 km | 14.3 km | 11.4 km | 4.2 km |
| Emma | 7.9 km | 6.3 km | 13.5 km | 0.9 km | 9.5 km |
| Jisoo | 5.0 km | 2.3 km | 9.7 km | 2.8 km | 5.4 km |
| Ethan | 10.5 km | 3.5 km | 3.5 km | 8.0 km | 11.3 km |
| Yuna | 14.2 km | 15.5 km | 14.0 km | 9.5 km | 10.6 km |
| Oliver | 11.6 km | 8.8 km | 9.2 km | 4.4 km | 2.4 km |","Answer the question using the table. Perform the required calculation and return only the final value with its unit.

Table:
| Hiker | Afternoon distance | Morning distance | Forest distance | Uphill distance | Downhill distance |
| --- | --- | --- | --- | --- | --- |
| Sam | 8.7 km | 2.8 km | 14.3 km | 11.4 km | 4.2 km |
| Emma | 7.9 km | 6.3 km | 13.5 km | 0.9 km | 9.5 km |
| Jisoo | 5.0 km | 2.3 km | 9.7 km | 2.8 km | 5.4 km |
| Ethan | 10.5 km | 3.5 km | 3.5 km | 8.0 km | 11.3 km |
| Yuna | 14.2 km | 15.5 km | 14.0 km | 9.5 km | 10.6 km |
| Oliver | 11.6 km | 8.8 km | 9.2 km | 4.4 km | 2.4 km |

Question: Find the absolute difference between Yuna's Morning distance and Afternoon distance.",1.3 km,"[{""row_index"": 4, ""column_index"": 2, ""row_identifier_column"": ""Hiker"", ""row_identifier_value"": ""Yuna"", ""column"": ""Morning distance"", ""raw_value"": 15.5, ""display_value"": ""15.5 km""}, {""row_index"": 4, ""column_index"": 1, ""row_identifier_column"": ""Hiker"", ""row_identifier_value"": ""Yuna"", ""column"": ""Afternoon distance"", ""raw_value"": 14.2, ""display_value"": ""14.2 km""}]",absolute_difference,2,"{""headers"": [""Hiker"", ""Afternoon distance"", ""Morning distance"", ""Forest distance"", ""Uphill distance"", ""Downhill distance""], ""rows"": [[""Sam"", ""8.7 km"", ""2.8 km"", ""14.3 km"", ""11.4 km"", ""4.2 km""], [""Emma"", ""7.9 km"", ""6.3 km"", ""13.5 km"", ""0.9 km"", ""9.5 km""], [""Jisoo"", ""5.0 km"", ""2.3 km"", ""9.7 km"", ""2.8 km"", ""5.4 km""], [""Ethan"", ""10.5 km"", ""3.5 km"", ""3.5 km"", ""8.0 km"", ""11.3 km""], [""Yuna"", ""14.2 km"", ""15.5 km"", ""14.0 km"", ""9.5 km"", ""10.6 km""], [""Oliver"", ""11.6 km"", ""8.8 km"", ""9.2 km"", ""4.4 km"", ""2.4 km""]]}"
A-L2-0018,2,same_row_difference,lab_mass_measurements,Find the absolute difference between Sample-I's Wet mass and Dry mass.,"| Wet mass | Final mass | Initial mass | Material mass | Container mass | Sample | Dry mass |
| --- | --- | --- | --- | --- | --- | --- |
| 130.2 g | 207.8 g | 378.0 g | 301.2 g | 91.2 g | Sample-K | 222.1 g |
| 95.4 g | 34.1 g | 100.1 g | 326.2 g | 116.5 g | Sample-H | 160.8 g |
| 409.4 g | 329.6 g | 328.3 g | 81.1 g | 80.9 g | Sample-A | 126.4 g |
| 378.6 g | 351.4 g | 270.6 g | 354.2 g | 10.5 g | Sample-B | 254.7 g |
| 320.8 g | 154.9 g | 381.1 g | 75.8 g | 36.3 g | Sample-I | 250.2 g |
| 276.1 g | 293.9 g | 305.2 g | 388.5 g | 65.1 g | Sample-F | 175.5 g |
| 290.8 g | 420.5 g | 71.6 g | 140.6 g | 36.9 g | Sample-L | 229.8 g |","Answer the question using the table. Perform the required calculation and return only the final value with its unit.

Table:
| Wet mass | Final mass | Initial mass | Material mass | Container mass | Sample | Dry mass |
| --- | --- | --- | --- | --- | --- | --- |
| 130.2 g | 207.8 g | 378.0 g | 301.2 g | 91.2 g | Sample-K | 222.1 g |
| 95.4 g | 34.1 g | 100.1 g | 326.2 g | 116.5 g | Sample-H | 160.8 g |
| 409.4 g | 329.6 g | 328.3 g | 81.1 g | 80.9 g | Sample-A | 126.4 g |
| 378.6 g | 351.4 g | 270.6 g | 354.2 g | 10.5 g | Sample-B | 254.7 g |
| 320.8 g | 154.9 g | 381.1 g | 75.8 g | 36.3 g | Sample-I | 250.2 g |
| 276.1 g | 293.9 g | 305.2 g | 388.5 g | 65.1 g | Sample-F | 175.5 g |
| 290.8 g | 420.5 g | 71.6 g | 140.6 g | 36.9 g | Sample-L | 229.8 g |

Question: Find the absolute difference between Sample-I's Wet mass and Dry mass.",70.6 g,"[{""row_index"": 4, ""column_index"": 0, ""row_identifier_column"": ""Sample"", ""row_identifier_value"": ""Sample-I"", ""column"": ""Wet mass"", ""raw_value"": 320.8, ""display_value"": ""320.8 g""}, {""row_index"": 4, ""column_index"": 6, ""row_identifier_column"": ""Sample"", ""row_identifier_value"": ""Sample-I"", ""column"": ""Dry mass"", ""raw_value"": 250.2, ""display_value"": ""250.2 g""}]",absolute_difference,2,"{""headers"": [""Wet mass"", ""Final mass"", ""Initial mass"", ""Material mass"", ""Container mass"", ""Sample"", ""Dry mass""], ""rows"": [[""130.2 g"", ""207.8 g"", ""378.0 g"", ""301.2 g"", ""91.2 g"", ""Sample-K"", ""222.1 g""], [""95.4 g"", ""34.1 g"", ""100.1 g"", ""326.2 g"", ""116.5 g"", ""Sample-H"", ""160.8 g""], [""409.4 g"", ""329.6 g"", ""328.3 g"", ""81.1 g"", ""80.9 g"", ""Sample-A"", ""126.4 g""], [""378.6 g"", ""351.4 g"", ""270.6 g"", ""354.2 g"", ""10.5 g"", ""Sample-B"", ""254.7 g""], [""320.8 g"", ""154.9 g"", ""381.1 g"", ""75.8 g"", ""36.3 g"", ""Sample-I"", ""250.2 g""], [""276.1 g"", ""293.9 g"", ""305.2 g"", ""388.5 g"", ""65.1 g"", ""Sample-F"", ""175.5 g""], [""290.8 g"", ""420.5 g"", ""71.6 g"", ""140.6 g"", ""36.9 g"", ""Sample-L"", ""229.8 g""]]}"
A-L2-0019,2,same_row_difference,hiking_route,Find the absolute difference between Leo's Morning distance and Afternoon distance.,"| Hiker | Downhill distance | Afternoon distance | Morning distance | Uphill distance |
| --- | --- | --- | --- | --- |
| Iris | 9.4 km | 6.1 km | 17.5 km | 5.8 km |
| Ava | 2.0 km | 13.8 km | 13.4 km | 2.7 km |
| Noah | 1.8 km | 13.6 km | 4.3 km | 7.2 km |
| Mina | 1.1 km | 12.2 km | 14.9 km | 10.1 km |
| Leo | 4.9 km | 15.1 km | 16.4 km | 10.6 km |
| Chris | 4.5 km | 10.2 km | 7.3 km | 11.7 km |
| Lena | 10.3 km | 1.6 km | 15.5 km | 7.9 km |","Answer the question using the table. Perform the required calculation and return only the final value with its unit.

Table:
| Hiker | Downhill distance | Afternoon distance | Morning distance | Uphill distance |
| --- | --- | --- | --- | --- |
| Iris | 9.4 km | 6.1 km | 17.5 km | 5.8 km |
| Ava | 2.0 km | 13.8 km | 13.4 km | 2.7 km |
| Noah | 1.8 km | 13.6 km | 4.3 km | 7.2 km |
| Mina | 1.1 km | 12.2 km | 14.9 km | 10.1 km |
| Leo | 4.9 km | 15.1 km | 16.4 km | 10.6 km |
| Chris | 4.5 km | 10.2 km | 7.3 km | 11.7 km |
| Lena | 10.3 km | 1.6 km | 15.5 km | 7.9 km |

Question: Find the absolute difference between Leo's Morning distance and Afternoon distance.",1.3 km,"[{""row_index"": 4, ""column_index"": 3, ""row_identifier_column"": ""Hiker"", ""row_identifier_value"": ""Leo"", ""column"": ""Morning distance"", ""raw_value"": 16.4, ""display_value"": ""16.4 km""}, {""row_index"": 4, ""column_index"": 2, ""row_identifier_column"": ""Hiker"", ""row_identifier_value"": ""Leo"", ""column"": ""Afternoon distance"", ""raw_value"": 15.1, ""display_value"": ""15.1 km""}]",absolute_difference,2,"{""headers"": [""Hiker"", ""Downhill distance"", ""Afternoon distance"", ""Morning distance"", ""Uphill distance""], ""rows"": [[""Iris"", ""9.4 km"", ""6.1 km"", ""17.5 km"", ""5.8 km""], [""Ava"", ""2.0 km"", ""13.8 km"", ""13.4 km"", ""2.7 km""], [""Noah"", ""1.8 km"", ""13.6 km"", ""4.3 km"", ""7.2 km""], [""Mina"", ""1.1 km"", ""12.2 km"", ""14.9 km"", ""10.1 km""], [""Leo"", ""4.9 km"", ""15.1 km"", ""16.4 km"", ""10.6 km""], [""Chris"", ""4.5 km"", ""10.2 km"", ""7.3 km"", ""11.7 km""], [""Lena"", ""10.3 km"", ""1.6 km"", ""15.5 km"", ""7.9 km""]]}"
A-L2-0020,2,same_row_sum,lab_mass_measurements,Add Sample-D's Container mass and Material mass. What is the total?,"| Sample | Material mass | Wet mass | Container mass | Final mass |
| --- | --- | --- | --- | --- |
| Sample-I | 244.4 g | 217.1 g | 18.9 g | 142.6 g |
| Sample-J | 297.7 g | 190.8 g | 44.8 g | 424.3 g |
| Sample-A | 30.4 g | 285.2 g | 17.7 g | 178.3 g |
| Sample-E | 97.4 g | 370.4 g | 26.1 g | 203.7 g |
| Sample-H | 396.2 g | 361.0 g | 24.1 g | 293.6 g |
| Sample-L | 217.5 g | 438.1 g | 107.4 g | 65.9 g |
| Sample-D | 17.2 g | 58.2 g | 24.5 g | 353.8 g |
| Sample-C | 266.9 g | 330.1 g | 65.4 g | 303.7 g |","Answer the question using the table. Perform the required calculation and return only the final value with its unit.

Table:
| Sample | Material mass | Wet mass | Container mass | Final mass |
| --- | --- | --- | --- | --- |
| Sample-I | 244.4 g | 217.1 g | 18.9 g | 142.6 g |
| Sample-J | 297.7 g | 190.8 g | 44.8 g | 424.3 g |
| Sample-A | 30.4 g | 285.2 g | 17.7 g | 178.3 g |
| Sample-E | 97.4 g | 370.4 g | 26.1 g | 203.7 g |
| Sample-H | 396.2 g | 361.0 g | 24.1 g | 293.6 g |
| Sample-L | 217.5 g | 438.1 g | 107.4 g | 65.9 g |
| Sample-D | 17.2 g | 58.2 g | 24.5 g | 353.8 g |
| Sample-C | 266.9 g | 330.1 g | 65.4 g | 303.7 g |

Question: Add Sample-D's Container mass and Material mass. What is the total?",41.7 g,"[{""row_index"": 6, ""column_index"": 3, ""row_identifier_column"": ""Sample"", ""row_identifier_value"": ""Sample-D"", ""column"": ""Container mass"", ""raw_value"": 24.5, ""display_value"": ""24.5 g""}, {""row_index"": 6, ""column_index"": 1, ""row_identifier_column"": ""Sample"", ""row_identifier_value"": ""Sample-D"", ""column"": ""Material mass"", ""raw_value"": 17.2, ""display_value"": ""17.2 g""}]",add,2,"{""headers"": [""Sample"", ""Material mass"", ""Wet mass"", ""Container mass"", ""Final mass""], ""rows"": [[""Sample-I"", ""244.4 g"", ""217.1 g"", ""18.9 g"", ""142.6 g""], [""Sample-J"", ""297.7 g"", ""190.8 g"", ""44.8 g"", ""424.3 g""], [""Sample-A"", ""30.4 g"", ""285.2 g"", ""17.7 g"", ""178.3 g""], [""Sample-E"", ""97.4 g"", ""370.4 g"", ""26.1 g"", ""203.7 g""], [""Sample-H"", ""396.2 g"", ""361.0 g"", ""24.1 g"", ""293.6 g""], [""Sample-L"", ""217.5 g"", ""438.1 g"", ""107.4 g"", ""65.9 g""], [""Sample-D"", ""17.2 g"", ""58.2 g"", ""24.5 g"", ""353.8 g""], [""Sample-C"", ""266.9 g"", ""330.1 g"", ""65.4 g"", ""303.7 g""]]}"
A-L2-0021,2,same_row_sum,lab_mass_measurements,Add Sample-L's Dry mass and Container mass. What is the total?,"| Final mass | Container mass | Dry mass | Sample |
| --- | --- | --- | --- |
| 217.5 g | 116.4 g | 231.3 g | Sample-K |
| 321.2 g | 101.1 g | 125.6 g | Sample-I |
| 338.0 g | 83.3 g | 71.8 g | Sample-J |
| 308.1 g | 52.7 g | 191.5 g | Sample-L |","Answer the question using the table. Perform the required calculation and return only the final value with its unit.

Table:
| Final mass | Container mass | Dry mass | Sample |
| --- | --- | --- | --- |
| 217.5 g | 116.4 g | 231.3 g | Sample-K |
| 321.2 g | 101.1 g | 125.6 g | Sample-I |
| 338.0 g | 83.3 g | 71.8 g | Sample-J |
| 308.1 g | 52.7 g | 191.5 g | Sample-L |

Question: Add Sample-L's Dry mass and Container mass. What is the total?",244.2 g,"[{""row_index"": 3, ""column_index"": 2, ""row_identifier_column"": ""Sample"", ""row_identifier_value"": ""Sample-L"", ""column"": ""Dry mass"", ""raw_value"": 191.5, ""display_value"": ""191.5 g""}, {""row_index"": 3, ""column_index"": 1, ""row_identifier_column"": ""Sample"", ""row_identifier_value"": ""Sample-L"", ""column"": ""Container mass"", ""raw_value"": 52.7, ""display_value"": ""52.7 g""}]",add,2,"{""headers"": [""Final mass"", ""Container mass"", ""Dry mass"", ""Sample""], ""rows"": [[""217.5 g"", ""116.4 g"", ""231.3 g"", ""Sample-K""], [""321.2 g"", ""101.1 g"", ""125.6 g"", ""Sample-I""], [""338.0 g"", ""83.3 g"", ""71.8 g"", ""Sample-J""], [""308.1 g"", ""52.7 g"", ""191.5 g"", ""Sample-L""]]}"
A-L2-0022,2,same_row_difference,hiking_route,"For Oliver, what is the absolute difference between Forest distance and Ridge distance?","| Hiker | Forest distance | Ridge distance | Uphill distance | Morning distance | Downhill distance |
| --- | --- | --- | --- | --- | --- |
| Daniel | 6.9 km | 12.0 km | 10.4 km | 5.9 km | 8.5 km |
| Sofia | 3.2 km | 9.9 km | 0.8 km | 3.8 km | 7.2 km |
| Noah | 12.1 km | 3.9 km | 6.8 km | 10.4 km | 8.5 km |
| Leo | 4.8 km | 7.3 km | 3.4 km | 3.7 km | 3.6 km |
| Nora | 6.3 km | 5.2 km | 7.0 km | 14.2 km | 2.0 km |
| Oliver | 6.1 km | 12.6 km | 4.3 km | 16.9 km | 3.3 km |","Answer the question using the table. Perform the required calculation and return only the final value with its unit.

Table:
| Hiker | Forest distance | Ridge distance | Uphill distance | Morning distance | Downhill distance |
| --- | --- | --- | --- | --- | --- |
| Daniel | 6.9 km | 12.0 km | 10.4 km | 5.9 km | 8.5 km |
| Sofia | 3.2 km | 9.9 km | 0.8 km | 3.8 km | 7.2 km |
| Noah | 12.1 km | 3.9 km | 6.8 km | 10.4 km | 8.5 km |
| Leo | 4.8 km | 7.3 km | 3.4 km | 3.7 km | 3.6 km |
| Nora | 6.3 km | 5.2 km | 7.0 km | 14.2 km | 2.0 km |
| Oliver | 6.1 km | 12.6 km | 4.3 km | 16.9 km | 3.3 km |

Question: For Oliver, what is the absolute difference between Forest distance and Ridge distance?",6.5 km,"[{""row_index"": 5, ""column_index"": 1, ""row_identifier_column"": ""Hiker"", ""row_identifier_value"": ""Oliver"", ""column"": ""Forest distance"", ""raw_value"": 6.1, ""display_value"": ""6.1 km""}, {""row_index"": 5, ""column_index"": 2, ""row_identifier_column"": ""Hiker"", ""row_identifier_value"": ""Oliver"", ""column"": ""Ridge distance"", ""raw_value"": 12.6, ""display_value"": ""12.6 km""}]",absolute_difference,2,"{""headers"": [""Hiker"", ""Forest distance"", ""Ridge distance"", ""Uphill distance"", ""Morning distance"", ""Downhill distance""], ""rows"": [[""Daniel"", ""6.9 km"", ""12.0 km"", ""10.4 km"", ""5.9 km"", ""8.5 km""], [""Sofia"", ""3.2 km"", ""9.9 km"", ""0.8 km"", ""3.8 km"", ""7.2 km""], [""Noah"", ""12.1 km"", ""3.9 km"", ""6.8 km"", ""10.4 km"", ""8.5 km""], [""Leo"", ""4.8 km"", ""7.3 km"", ""3.4 km"", ""3.7 km"", ""3.6 km""], [""Nora"", ""6.3 km"", ""5.2 km"", ""7.0 km"", ""14.2 km"", ""2.0 km""], [""Oliver"", ""6.1 km"", ""12.6 km"", ""4.3 km"", ""16.9 km"", ""3.3 km""]]}"
A-L2-0023,2,same_row_difference,ml_latency,"For Sigma, what is the absolute difference between Inference latency and Postprocessing latency?","| Inference latency | Queue latency | Network latency | Preprocessing latency | Model | Postprocessing latency |
| --- | --- | --- | --- | --- | --- |
| 67.0 ms | 72.7 ms | 26.6 ms | 7.6 ms | Sigma | 4.3 ms |
| 87.3 ms | 64.6 ms | 32.9 ms | 13.9 ms | Echo | 25.9 ms |
| 147.1 ms | 38.6 ms | 73.2 ms | 17.0 ms | Zenith | 9.1 ms |
| 104.6 ms | 9.8 ms | 20.3 ms | 30.5 ms | Delta | 17.0 ms |
| 25.7 ms | 42.4 ms | 86.7 ms | 16.7 ms | Nova | 19.5 ms |
| 53.3 ms | 25.7 ms | 15.3 ms | 6.0 ms | Quartz | 26.2 ms |","Answer the question using the table. Perform the required calculation and return only the final value with its unit.

Table:
| Inference latency | Queue latency | Network latency | Preprocessing latency | Model | Postprocessing latency |
| --- | --- | --- | --- | --- | --- |
| 67.0 ms | 72.7 ms | 26.6 ms | 7.6 ms | Sigma | 4.3 ms |
| 87.3 ms | 64.6 ms | 32.9 ms | 13.9 ms | Echo | 25.9 ms |
| 147.1 ms | 38.6 ms | 73.2 ms | 17.0 ms | Zenith | 9.1 ms |
| 104.6 ms | 9.8 ms | 20.3 ms | 30.5 ms | Delta | 17.0 ms |
| 25.7 ms | 42.4 ms | 86.7 ms | 16.7 ms | Nova | 19.5 ms |
| 53.3 ms | 25.7 ms | 15.3 ms | 6.0 ms | Quartz | 26.2 ms |

Question: For Sigma, what is the absolute difference between Inference latency and Postprocessing latency?",62.7 ms,"[{""row_index"": 0, ""column_index"": 0, ""row_identifier_column"": ""Model"", ""row_identifier_value"": ""Sigma"", ""column"": ""Inference latency"", ""raw_value"": 67.0, ""display_value"": ""67.0 ms""}, {""row_index"": 0, ""column_index"": 5, ""row_identifier_column"": ""Model"", ""row_identifier_value"": ""Sigma"", ""column"": ""Postprocessing latency"", ""raw_value"": 4.3, ""display_value"": ""4.3 ms""}]",absolute_difference,2,"{""headers"": [""Inference latency"", ""Queue latency"", ""Network latency"", ""Preprocessing latency"", ""Model"", ""Postprocessing latency""], ""rows"": [[""67.0 ms"", ""72.7 ms"", ""26.6 ms"", ""7.6 ms"", ""Sigma"", ""4.3 ms""], [""87.3 ms"", ""64.6 ms"", ""32.9 ms"", ""13.9 ms"", ""Echo"", ""25.9 ms""], [""147.1 ms"", ""38.6 ms"", ""73.2 ms"", ""17.0 ms"", ""Zenith"", ""9.1 ms""], [""104.6 ms"", ""9.8 ms"", ""20.3 ms"", ""30.5 ms"", ""Delta"", ""17.0 ms""], [""25.7 ms"", ""42.4 ms"", ""86.7 ms"", ""16.7 ms"", ""Nova"", ""19.5 ms""], [""53.3 ms"", ""25.7 ms"", ""15.3 ms"", ""6.0 ms"", ""Quartz"", ""26.2 ms""]]}"
A-L2-0024,2,cross_row_sum,lab_mass_measurements,What is the combined Wet mass of Sample-G and Sample-D?,"| Material mass | Sample | Wet mass | Initial mass | Dry mass | Final mass |
| --- | --- | --- | --- | --- | --- |
| 269.7 g | Sample-A | 421.3 g | 100.6 g | 211.2 g | 382.2 g |
| 372.6 g | Sample-F | 159.9 g | 103.9 g | 276.1 g | 428.0 g |
| 241.1 g | Sample-G | 462.8 g | 146.0 g | 157.0 g | 328.9 g |
| 70.0 g | Sample-B | 196.6 g | 428.5 g | 231.1 g | 245.8 g |
| 315.7 g | Sample-H | 470.0 g | 132.7 g | 173.6 g | 141.9 g |
| 10.9 g | Sample-D | 358.6 g | 170.7 g | 265.5 g | 207.7 g |
| 132.8 g | Sample-E | 251.3 g | 338.7 g | 285.7 g | 82.4 g |","Answer the question using the table. Perform the required calculation and return only the final value with its unit.

Table:
| Material mass | Sample | Wet mass | Initial mass | Dry mass | Final mass |
| --- | --- | --- | --- | --- | --- |
| 269.7 g | Sample-A | 421.3 g | 100.6 g | 211.2 g | 382.2 g |
| 372.6 g | Sample-F | 159.9 g | 103.9 g | 276.1 g | 428.0 g |
| 241.1 g | Sample-G | 462.8 g | 146.0 g | 157.0 g | 328.9 g |
| 70.0 g | Sample-B | 196.6 g | 428.5 g | 231.1 g | 245.8 g |
| 315.7 g | Sample-H | 470.0 g | 132.7 g | 173.6 g | 141.9 g |
| 10.9 g | Sample-D | 358.6 g | 170.7 g | 265.5 g | 207.7 g |
| 132.8 g | Sample-E | 251.3 g | 338.7 g | 285.7 g | 82.4 g |

Question: What is the combined Wet mass of Sample-G and Sample-D?",821.4 g,"[{""row_index"": 2, ""column_index"": 2, ""row_identifier_column"": ""Sample"", ""row_identifier_value"": ""Sample-G"", ""column"": ""Wet mass"", ""raw_value"": 462.8, ""display_value"": ""462.8 g""}, {""row_index"": 5, ""column_index"": 2, ""row_identifier_column"": ""Sample"", ""row_identifier_value"": ""Sample-D"", ""column"": ""Wet mass"", ""raw_value"": 358.6, ""display_value"": ""358.6 g""}]",add,2,"{""headers"": [""Material mass"", ""Sample"", ""Wet mass"", ""Initial mass"", ""Dry mass"", ""Final mass""], ""rows"": [[""269.7 g"", ""Sample-A"", ""421.3 g"", ""100.6 g"", ""211.2 g"", ""382.2 g""], [""372.6 g"", ""Sample-F"", ""159.9 g"", ""103.9 g"", ""276.1 g"", ""428.0 g""], [""241.1 g"", ""Sample-G"", ""462.8 g"", ""146.0 g"", ""157.0 g"", ""328.9 g""], [""70.0 g"", ""Sample-B"", ""196.6 g"", ""428.5 g"", ""231.1 g"", ""245.8 g""], [""315.7 g"", ""Sample-H"", ""470.0 g"", ""132.7 g"", ""173.6 g"", ""141.9 g""], [""10.9 g"", ""Sample-D"", ""358.6 g"", ""170.7 g"", ""265.5 g"", ""207.7 g""], [""132.8 g"", ""Sample-E"", ""251.3 g"", ""338.7 g"", ""285.7 g"", ""82.4 g""]]}"
A-L2-0025,2,cross_row_sum,basketball_game,"According to the table, what do Tigers and Ravens have in total for First-half points?","| First-half points | Second-half points | Bench points | Team | Fast-break points |
| --- | --- | --- | --- | --- |
| 63 points | 41 points | 21 points | Sharks | 7 points |
| 32 points | 44 points | 45 points | Falcons | 12 points |
| 60 points | 29 points | 26 points | Cyclones | 28 points |
| 42 points | 59 points | 14 points | Dragons | 26 points |
| 29 points | 30 points | 31 points | Knights | 3 points |
| 21 points | 20 points | 12 points | Tigers | 30 points |
| 60 points | 54 points | 18 points | Wolves | 28 points |
| 62 points | 48 points | 6 points | Ravens | 30 points |
| 69 points | 64 points | 22 points | Hawks | 14 points |","Answer the question using the table. Perform the required calculation and return only the final value with its unit.

Table:
| First-half points | Second-half points | Bench points | Team | Fast-break points |
| --- | --- | --- | --- | --- |
| 63 points | 41 points | 21 points | Sharks | 7 points |
| 32 points | 44 points | 45 points | Falcons | 12 points |
| 60 points | 29 points | 26 points | Cyclones | 28 points |
| 42 points | 59 points | 14 points | Dragons | 26 points |
| 29 points | 30 points | 31 points | Knights | 3 points |
| 21 points | 20 points | 12 points | Tigers | 30 points |
| 60 points | 54 points | 18 points | Wolves | 28 points |
| 62 points | 48 points | 6 points | Ravens | 30 points |
| 69 points | 64 points | 22 points | Hawks | 14 points |

Question: According to the table, what do Tigers and Ravens have in total for First-half points?",83 points,"[{""row_index"": 5, ""column_index"": 0, ""row_identifier_column"": ""Team"", ""row_identifier_value"": ""Tigers"", ""column"": ""First-half points"", ""raw_value"": 21.0, ""display_value"": ""21 points""}, {""row_index"": 7, ""column_index"": 0, ""row_identifier_column"": ""Team"", ""row_identifier_value"": ""Ravens"", ""column"": ""First-half points"", ""raw_value"": 62.0, ""display_value"": ""62 points""}]",add,2,"{""headers"": [""First-half points"", ""Second-half points"", ""Bench points"", ""Team"", ""Fast-break points""], ""rows"": [[""63 points"", ""41 points"", ""21 points"", ""Sharks"", ""7 points""], [""32 points"", ""44 points"", ""45 points"", ""Falcons"", ""12 points""], [""60 points"", ""29 points"", ""26 points"", ""Cyclones"", ""28 points""], [""42 points"", ""59 points"", ""14 points"", ""Dragons"", ""26 points""], [""29 points"", ""30 points"", ""31 points"", ""Knights"", ""3 points""], [""21 points"", ""20 points"", ""12 points"", ""Tigers"", ""30 points""], [""60 points"", ""54 points"", ""18 points"", ""Wolves"", ""28 points""], [""62 points"", ""48 points"", ""6 points"", ""Ravens"", ""30 points""], [""69 points"", ""64 points"", ""22 points"", ""Hawks"", ""14 points""]]}"
A-L2-0026,2,same_row_difference,quarterly_sales,How far apart are the Q1 sales and Q2 sales values for Oakridge? Return the absolute difference.,"| Q2 sales | Retail sales | Region | Q4 sales | Q1 sales | Q3 sales | Online sales |
| --- | --- | --- | --- | --- | --- | --- |
| 240.9 kUSD | 334.4 kUSD | Westhaven | 427.6 kUSD | 304.9 kUSD | 128.6 kUSD | 98.6 kUSD |
| 140.0 kUSD | 203.7 kUSD | Pinehurst | 139.1 kUSD | 451.1 kUSD | 99.8 kUSD | 71.7 kUSD |
| 440.1 kUSD | 246.3 kUSD | Riverton | 290.1 kUSD | 212.5 kUSD | 215.4 kUSD | 251.2 kUSD |
| 172.9 kUSD | 257.2 kUSD | Hillcrest | 86.1 kUSD | 323.7 kUSD | 205.8 kUSD | 84.3 kUSD |
| 178.4 kUSD | 167.3 kUSD | Oakridge | 126.0 kUSD | 283.5 kUSD | 410.2 kUSD | 292.5 kUSD |","Answer the question using the table. Perform the required calculation and return only the final value with its unit.

Table:
| Q2 sales | Retail sales | Region | Q4 sales | Q1 sales | Q3 sales | Online sales |
| --- | --- | --- | --- | --- | --- | --- |
| 240.9 kUSD | 334.4 kUSD | Westhaven | 427.6 kUSD | 304.9 kUSD | 128.6 kUSD | 98.6 kUSD |
| 140.0 kUSD | 203.7 kUSD | Pinehurst | 139.1 kUSD | 451.1 kUSD | 99.8 kUSD | 71.7 kUSD |
| 440.1 kUSD | 246.3 kUSD | Riverton | 290.1 kUSD | 212.5 kUSD | 215.4 kUSD | 251.2 kUSD |
| 172.9 kUSD | 257.2 kUSD | Hillcrest | 86.1 kUSD | 323.7 kUSD | 205.8 kUSD | 84.3 kUSD |
| 178.4 kUSD | 167.3 kUSD | Oakridge | 126.0 kUSD | 283.5 kUSD | 410.2 kUSD | 292.5 kUSD |

Question: How far apart are the Q1 sales and Q2 sales values for Oakridge? Return the absolute difference.",105.1 kUSD,"[{""row_index"": 4, ""column_index"": 4, ""row_identifier_column"": ""Region"", ""row_identifier_value"": ""Oakridge"", ""column"": ""Q1 sales"", ""raw_value"": 283.5, ""display_value"": ""283.5 kUSD""}, {""row_index"": 4, ""column_index"": 0, ""row_identifier_column"": ""Region"", ""row_identifier_value"": ""Oakridge"", ""column"": ""Q2 sales"", ""raw_value"": 178.4, ""display_value"": ""178.4 kUSD""}]",absolute_difference,2,"{""headers"": [""Q2 sales"", ""Retail sales"", ""Region"", ""Q4 sales"", ""Q1 sales"", ""Q3 sales"", ""Online sales""], ""rows"": [[""240.9 kUSD"", ""334.4 kUSD"", ""Westhaven"", ""427.6 kUSD"", ""304.9 kUSD"", ""128.6 kUSD"", ""98.6 kUSD""], [""140.0 kUSD"", ""203.7 kUSD"", ""Pinehurst"", ""139.1 kUSD"", ""451.1 kUSD"", ""99.8 kUSD"", ""71.7 kUSD""], [""440.1 kUSD"", ""246.3 kUSD"", ""Riverton"", ""290.1 kUSD"", ""212.5 kUSD"", ""215.4 kUSD"", ""251.2 kUSD""], [""172.9 kUSD"", ""257.2 kUSD"", ""Hillcrest"", ""86.1 kUSD"", ""323.7 kUSD"", ""205.8 kUSD"", ""84.3 kUSD""], [""178.4 kUSD"", ""167.3 kUSD"", ""Oakridge"", ""126.0 kUSD"", ""283.5 kUSD"", ""410.2 kUSD"", ""292.5 kUSD""]]}"
A-L2-0027,2,same_row_sum,basketball_game,"According to the table, what is the combined value of Paint points and Bench points for Wolves?","| Second-half points | Free-throw points | First-half points | Paint points | Bench points | Team |
| --- | --- | --- | --- | --- | --- |
| 61 points | 11 points | 63 points | 23 points | 28 points | Ravens |
| 42 points | 18 points | 31 points | 28 points | 32 points | Panthers |
| 30 points | 6 points | 62 points | 53 points | 26 points | Cyclones |
| 46 points | 5 points | 20 points | 42 points | 38 points | Wolves |","Answer the question using the table. Perform the required calculation and return only the final value with its unit.

Table:
| Second-half points | Free-throw points | First-half points | Paint points | Bench points | Team |
| --- | --- | --- | --- | --- | --- |
| 61 points | 11 points | 63 points | 23 points | 28 points | Ravens |
| 42 points | 18 points | 31 points | 28 points | 32 points | Panthers |
| 30 points | 6 points | 62 points | 53 points | 26 points | Cyclones |
| 46 points | 5 points | 20 points | 42 points | 38 points | Wolves |

Question: According to the table, what is the combined value of Paint points and Bench points for Wolves?",80 points,"[{""row_index"": 3, ""column_index"": 3, ""row_identifier_column"": ""Team"", ""row_identifier_value"": ""Wolves"", ""column"": ""Paint points"", ""raw_value"": 42.0, ""display_value"": ""42 points""}, {""row_index"": 3, ""column_index"": 4, ""row_identifier_column"": ""Team"", ""row_identifier_value"": ""Wolves"", ""column"": ""Bench points"", ""raw_value"": 38.0, ""display_value"": ""38 points""}]",add,2,"{""headers"": [""Second-half points"", ""Free-throw points"", ""First-half points"", ""Paint points"", ""Bench points"", ""Team""], ""rows"": [[""61 points"", ""11 points"", ""63 points"", ""23 points"", ""28 points"", ""Ravens""], [""42 points"", ""18 points"", ""31 points"", ""28 points"", ""32 points"", ""Panthers""], [""30 points"", ""6 points"", ""62 points"", ""53 points"", ""26 points"", ""Cyclones""], [""46 points"", ""5 points"", ""20 points"", ""42 points"", ""38 points"", ""Wolves""]]}"
A-L2-0028,2,cross_row_difference,race_sector_times,What is the absolute difference in Sector 3 time between Lucas and Hana?,"| Sector 2 time | Driver | Pit-lane time | Sector 1 time | Sector 3 time | Penalty time | Stop time |
| --- | --- | --- | --- | --- | --- | --- |
| 22.24 s | Daniel | 14.78 s | 28.57 s | 26.63 s | 9.88 s | 9.20 s |
| 33.12 s | Hana | 25.82 s | 34.69 s | 38.13 s | 1.26 s | 5.61 s |
| 32.28 s | Lena | 30.55 s | 37.62 s | 38.98 s | 8.72 s | 12.14 s |
| 40.89 s | Lucas | 23.00 s | 43.39 s | 43.21 s | 3.61 s | 4.31 s |
| 24.24 s | Yuna | 18.25 s | 36.26 s | 41.95 s | 3.53 s | 2.00 s |","Answer the question using the table. Perform the required calculation and return only the final value with its unit.

Table:
| Sector 2 time | Driver | Pit-lane time | Sector 1 time | Sector 3 time | Penalty time | Stop time |
| --- | --- | --- | --- | --- | --- | --- |
| 22.24 s | Daniel | 14.78 s | 28.57 s | 26.63 s | 9.88 s | 9.20 s |
| 33.12 s | Hana | 25.82 s | 34.69 s | 38.13 s | 1.26 s | 5.61 s |
| 32.28 s | Lena | 30.55 s | 37.62 s | 38.98 s | 8.72 s | 12.14 s |
| 40.89 s | Lucas | 23.00 s | 43.39 s | 43.21 s | 3.61 s | 4.31 s |
| 24.24 s | Yuna | 18.25 s | 36.26 s | 41.95 s | 3.53 s | 2.00 s |

Question: What is the absolute difference in Sector 3 time between Lucas and Hana?",5.08 s,"[{""row_index"": 3, ""column_index"": 4, ""row_identifier_column"": ""Driver"", ""row_identifier_value"": ""Lucas"", ""column"": ""Sector 3 time"", ""raw_value"": 43.21, ""display_value"": ""43.21 s""}, {""row_index"": 1, ""column_index"": 4, ""row_identifier_column"": ""Driver"", ""row_identifier_value"": ""Hana"", ""column"": ""Sector 3 time"", ""raw_value"": 38.13, ""display_value"": ""38.13 s""}]",absolute_difference,2,"{""headers"": [""Sector 2 time"", ""Driver"", ""Pit-lane time"", ""Sector 1 time"", ""Sector 3 time"", ""Penalty time"", ""Stop time""], ""rows"": [[""22.24 s"", ""Daniel"", ""14.78 s"", ""28.57 s"", ""26.63 s"", ""9.88 s"", ""9.20 s""], [""33.12 s"", ""Hana"", ""25.82 s"", ""34.69 s"", ""38.13 s"", ""1.26 s"", ""5.61 s""], [""32.28 s"", ""Lena"", ""30.55 s"", ""37.62 s"", ""38.98 s"", ""8.72 s"", ""12.14 s""], [""40.89 s"", ""Lucas"", ""23.00 s"", ""43.39 s"", ""43.21 s"", ""3.61 s"", ""4.31 s""], [""24.24 s"", ""Yuna"", ""18.25 s"", ""36.26 s"", ""41.95 s"", ""3.53 s"", ""2.00 s""]]}"
A-L2-0029,2,cross_row_sum,hiking_route,"According to the table, what do Nora and Chris have in total for Morning distance?","| Ridge distance | Uphill distance | Hiker | Downhill distance | Forest distance | Afternoon distance | Morning distance |
| --- | --- | --- | --- | --- | --- | --- |
| 6.9 km | 9.3 km | Theo | 5.9 km | 2.0 km | 11.5 km | 2.3 km |
| 6.6 km | 6.6 km | Nora | 2.5 km | 10.1 km | 2.7 km | 4.9 km |
| 8.9 km | 11.5 km | Julia | 8.1 km | 14.0 km | 15.3 km | 2.0 km |
| 4.7 km | 11.9 km | Alex | 11.7 km | 1.6 km | 10.9 km | 7.5 km |
| 13.2 km | 11.5 km | Chris | 10.1 km | 11.0 km | 8.7 km | 14.9 km |","Answer the question using the table. Perform the required calculation and return only the final value with its unit.

Table:
| Ridge distance | Uphill distance | Hiker | Downhill distance | Forest distance | Afternoon distance | Morning distance |
| --- | --- | --- | --- | --- | --- | --- |
| 6.9 km | 9.3 km | Theo | 5.9 km | 2.0 km | 11.5 km | 2.3 km |
| 6.6 km | 6.6 km | Nora | 2.5 km | 10.1 km | 2.7 km | 4.9 km |
| 8.9 km | 11.5 km | Julia | 8.1 km | 14.0 km | 15.3 km | 2.0 km |
| 4.7 km | 11.9 km | Alex | 11.7 km | 1.6 km | 10.9 km | 7.5 km |
| 13.2 km | 11.5 km | Chris | 10.1 km | 11.0 km | 8.7 km | 14.9 km |

Question: According to the table, what do Nora and Chris have in total for Morning distance?",19.8 km,"[{""row_index"": 1, ""column_index"": 6, ""row_identifier_column"": ""Hiker"", ""row_identifier_value"": ""Nora"", ""column"": ""Morning distance"", ""raw_value"": 4.9, ""display_value"": ""4.9 km""}, {""row_index"": 4, ""column_index"": 6, ""row_identifier_column"": ""Hiker"", ""row_identifier_value"": ""Chris"", ""column"": ""Morning distance"", ""raw_value"": 14.9, ""display_value"": ""14.9 km""}]",add,2,"{""headers"": [""Ridge distance"", ""Uphill distance"", ""Hiker"", ""Downhill distance"", ""Forest distance"", ""Afternoon distance"", ""Morning distance""], ""rows"": [[""6.9 km"", ""9.3 km"", ""Theo"", ""5.9 km"", ""2.0 km"", ""11.5 km"", ""2.3 km""], [""6.6 km"", ""6.6 km"", ""Nora"", ""2.5 km"", ""10.1 km"", ""2.7 km"", ""4.9 km""], [""8.9 km"", ""11.5 km"", ""Julia"", ""8.1 km"", ""14.0 km"", ""15.3 km"", ""2.0 km""], [""4.7 km"", ""11.9 km"", ""Alex"", ""11.7 km"", ""1.6 km"", ""10.9 km"", ""7.5 km""], [""13.2 km"", ""11.5 km"", ""Chris"", ""10.1 km"", ""11.0 km"", ""8.7 km"", ""14.9 km""]]}"
A-L2-0030,2,same_row_sum,race_sector_times,Add Mina's Sector 1 time and Sector 2 time. What is the total?,"| Sector 1 time | Sector 3 time | Sector 2 time | Driver | Stop time | Pit-lane time | Penalty time |
| --- | --- | --- | --- | --- | --- | --- |
| 36.72 s | 29.19 s | 32.14 s | Leo | 2.62 s | 16.38 s | 0.63 s |
| 33.29 s | 27.28 s | 31.02 s | Mina | 14.25 s | 25.13 s | 3.18 s |
| 39.01 s | 36.06 s | 20.13 s | Hana | 8.34 s | 34.22 s | 1.43 s |
| 36.55 s | 25.60 s | 20.07 s | Lena | 1.80 s | 20.72 s | 4.49 s |
| 33.25 s | 31.41 s | 26.82 s | Ethan | 9.04 s | 14.26 s | 5.34 s |
| 21.49 s | 28.07 s | 37.36 s | Emma | 2.32 s | 28.41 s | 2.73 s |","Answer the question using the table. Perform the required calculation and return only the final value with its unit.

Table:
| Sector 1 time | Sector 3 time | Sector 2 time | Driver | Stop time | Pit-lane time | Penalty time |
| --- | --- | --- | --- | --- | --- | --- |
| 36.72 s | 29.19 s | 32.14 s | Leo | 2.62 s | 16.38 s | 0.63 s |
| 33.29 s | 27.28 s | 31.02 s | Mina | 14.25 s | 25.13 s | 3.18 s |
| 39.01 s | 36.06 s | 20.13 s | Hana | 8.34 s | 34.22 s | 1.43 s |
| 36.55 s | 25.60 s | 20.07 s | Lena | 1.80 s | 20.72 s | 4.49 s |
| 33.25 s | 31.41 s | 26.82 s | Ethan | 9.04 s | 14.26 s | 5.34 s |
| 21.49 s | 28.07 s | 37.36 s | Emma | 2.32 s | 28.41 s | 2.73 s |

Question: Add Mina's Sector 1 time and Sector 2 time. What is the total?",64.31 s,"[{""row_index"": 1, ""column_index"": 0, ""row_identifier_column"": ""Driver"", ""row_identifier_value"": ""Mina"", ""column"": ""Sector 1 time"", ""raw_value"": 33.29, ""display_value"": ""33.29 s""}, {""row_index"": 1, ""column_index"": 2, ""row_identifier_column"": ""Driver"", ""row_identifier_value"": ""Mina"", ""column"": ""Sector 2 time"", ""raw_value"": 31.02, ""display_value"": ""31.02 s""}]",add,2,"{""headers"": [""Sector 1 time"", ""Sector 3 time"", ""Sector 2 time"", ""Driver"", ""Stop time"", ""Pit-lane time"", ""Penalty time""], ""rows"": [[""36.72 s"", ""29.19 s"", ""32.14 s"", ""Leo"", ""2.62 s"", ""16.38 s"", ""0.63 s""], [""33.29 s"", ""27.28 s"", ""31.02 s"", ""Mina"", ""14.25 s"", ""25.13 s"", ""3.18 s""], [""39.01 s"", ""36.06 s"", ""20.13 s"", ""Hana"", ""8.34 s"", ""34.22 s"", ""1.43 s""], [""36.55 s"", ""25.60 s"", ""20.07 s"", ""Lena"", ""1.80 s"", ""20.72 s"", ""4.49 s""], [""33.25 s"", ""31.41 s"", ""26.82 s"", ""Ethan"", ""9.04 s"", ""14.26 s"", ""5.34 s""], [""21.49 s"", ""28.07 s"", ""37.36 s"", ""Emma"", ""2.32 s"", ""28.41 s"", ""2.73 s""]]}"
A-L2-0031,2,cross_row_sum,lab_mass_measurements,What is the combined Initial mass of Sample-H and Sample-A?,"| Sample | Material mass | Initial mass | Dry mass | Wet mass | Final mass |
| --- | --- | --- | --- | --- | --- |
| Sample-D | 44.6 g | 210.1 g | 257.1 g | 185.7 g | 320.3 g |
| Sample-A | 57.1 g | 113.5 g | 131.1 g | 456.0 g | 422.1 g |
| Sample-H | 212.1 g | 449.2 g | 232.2 g | 95.3 g | 127.4 g |
| Sample-K | 206.0 g | 440.0 g | 259.3 g | 36.8 g | 274.7 g |
| Sample-E | 225.9 g | 220.6 g | 275.0 g | 324.0 g | 318.2 g |","Answer the question using the table. Perform the required calculation and return only the final value with its unit.

Table:
| Sample | Material mass | Initial mass | Dry mass | Wet mass | Final mass |
| --- | --- | --- | --- | --- | --- |
| Sample-D | 44.6 g | 210.1 g | 257.1 g | 185.7 g | 320.3 g |
| Sample-A | 57.1 g | 113.5 g | 131.1 g | 456.0 g | 422.1 g |
| Sample-H | 212.1 g | 449.2 g | 232.2 g | 95.3 g | 127.4 g |
| Sample-K | 206.0 g | 440.0 g | 259.3 g | 36.8 g | 274.7 g |
| Sample-E | 225.9 g | 220.6 g | 275.0 g | 324.0 g | 318.2 g |

Question: What is the combined Initial mass of Sample-H and Sample-A?",562.7 g,"[{""row_index"": 2, ""column_index"": 2, ""row_identifier_column"": ""Sample"", ""row_identifier_value"": ""Sample-H"", ""column"": ""Initial mass"", ""raw_value"": 449.2, ""display_value"": ""449.2 g""}, {""row_index"": 1, ""column_index"": 2, ""row_identifier_column"": ""Sample"", ""row_identifier_value"": ""Sample-A"", ""column"": ""Initial mass"", ""raw_value"": 113.5, ""display_value"": ""113.5 g""}]",add,2,"{""headers"": [""Sample"", ""Material mass"", ""Initial mass"", ""Dry mass"", ""Wet mass"", ""Final mass""], ""rows"": [[""Sample-D"", ""44.6 g"", ""210.1 g"", ""257.1 g"", ""185.7 g"", ""320.3 g""], [""Sample-A"", ""57.1 g"", ""113.5 g"", ""131.1 g"", ""456.0 g"", ""422.1 g""], [""Sample-H"", ""212.1 g"", ""449.2 g"", ""232.2 g"", ""95.3 g"", ""127.4 g""], [""Sample-K"", ""206.0 g"", ""440.0 g"", ""259.3 g"", ""36.8 g"", ""274.7 g""], [""Sample-E"", ""225.9 g"", ""220.6 g"", ""275.0 g"", ""324.0 g"", ""318.2 g""]]}"
A-L2-0032,2,same_row_difference,battery_energy,Find the absolute difference between Cell-E2's Discharge energy and Auxiliary energy.,"| Cell | Auxiliary energy | Evening energy | Discharge energy |
| --- | --- | --- | --- |
| Cell-D2 | 3.35 kWh | 7.92 kWh | 2.91 kWh |
| Cell-C1 | 2.16 kWh | 2.24 kWh | 9.78 kWh |
| Cell-E2 | 1.95 kWh | 2.69 kWh | 5.42 kWh |
| Cell-E1 | 4.63 kWh | 4.96 kWh | 11.89 kWh |","Answer the question using the table. Perform the required calculation and return only the final value with its unit.

Table:
| Cell | Auxiliary energy | Evening energy | Discharge energy |
| --- | --- | --- | --- |
| Cell-D2 | 3.35 kWh | 7.92 kWh | 2.91 kWh |
| Cell-C1 | 2.16 kWh | 2.24 kWh | 9.78 kWh |
| Cell-E2 | 1.95 kWh | 2.69 kWh | 5.42 kWh |
| Cell-E1 | 4.63 kWh | 4.96 kWh | 11.89 kWh |

Question: Find the absolute difference between Cell-E2's Discharge energy and Auxiliary energy.",3.47 kWh,"[{""row_index"": 2, ""column_index"": 3, ""row_identifier_column"": ""Cell"", ""row_identifier_value"": ""Cell-E2"", ""column"": ""Discharge energy"", ""raw_value"": 5.42, ""display_value"": ""5.42 kWh""}, {""row_index"": 2, ""column_index"": 1, ""row_identifier_column"": ""Cell"", ""row_identifier_value"": ""Cell-E2"", ""column"": ""Auxiliary energy"", ""raw_value"": 1.95, ""display_value"": ""1.95 kWh""}]",absolute_difference,2,"{""headers"": [""Cell"", ""Auxiliary energy"", ""Evening energy"", ""Discharge energy""], ""rows"": [[""Cell-D2"", ""3.35 kWh"", ""7.92 kWh"", ""2.91 kWh""], [""Cell-C1"", ""2.16 kWh"", ""2.24 kWh"", ""9.78 kWh""], [""Cell-E2"", ""1.95 kWh"", ""2.69 kWh"", ""5.42 kWh""], [""Cell-E1"", ""4.63 kWh"", ""4.96 kWh"", ""11.89 kWh""]]}"
A-L2-0033,2,same_row_sum,hiking_route,"According to the table, what is the combined value of Forest distance and Ridge distance for Lena?","| Morning distance | Ridge distance | Hiker | Forest distance | Uphill distance |
| --- | --- | --- | --- | --- |
| 9.5 km | 12.9 km | Lucas | 14.0 km | 4.1 km |
| 2.0 km | 9.3 km | Lena | 5.4 km | 3.8 km |
| 9.9 km | 6.2 km | Daniel | 9.7 km | 4.9 km |
| 9.8 km | 5.8 km | Leo | 1.9 km | 10.6 km |
| 6.7 km | 12.0 km | Alex | 14.9 km | 11.5 km |
| 11.8 km | 10.4 km | Ryan | 5.7 km | 3.8 km |
| 6.0 km | 7.3 km | Emma | 1.8 km | 1.8 km |","Answer the question using the table. Perform the required calculation and return only the final value with its unit.

Table:
| Morning distance | Ridge distance | Hiker | Forest distance | Uphill distance |
| --- | --- | --- | --- | --- |
| 9.5 km | 12.9 km | Lucas | 14.0 km | 4.1 km |
| 2.0 km | 9.3 km | Lena | 5.4 km | 3.8 km |
| 9.9 km | 6.2 km | Daniel | 9.7 km | 4.9 km |
| 9.8 km | 5.8 km | Leo | 1.9 km | 10.6 km |
| 6.7 km | 12.0 km | Alex | 14.9 km | 11.5 km |
| 11.8 km | 10.4 km | Ryan | 5.7 km | 3.8 km |
| 6.0 km | 7.3 km | Emma | 1.8 km | 1.8 km |

Question: According to the table, what is the combined value of Forest distance and Ridge distance for Lena?",14.7 km,"[{""row_index"": 1, ""column_index"": 3, ""row_identifier_column"": ""Hiker"", ""row_identifier_value"": ""Lena"", ""column"": ""Forest distance"", ""raw_value"": 5.4, ""display_value"": ""5.4 km""}, {""row_index"": 1, ""column_index"": 1, ""row_identifier_column"": ""Hiker"", ""row_identifier_value"": ""Lena"", ""column"": ""Ridge distance"", ""raw_value"": 9.3, ""display_value"": ""9.3 km""}]",add,2,"{""headers"": [""Morning distance"", ""Ridge distance"", ""Hiker"", ""Forest distance"", ""Uphill distance""], ""rows"": [[""9.5 km"", ""12.9 km"", ""Lucas"", ""14.0 km"", ""4.1 km""], [""2.0 km"", ""9.3 km"", ""Lena"", ""5.4 km"", ""3.8 km""], [""9.9 km"", ""6.2 km"", ""Daniel"", ""9.7 km"", ""4.9 km""], [""9.8 km"", ""5.8 km"", ""Leo"", ""1.9 km"", ""10.6 km""], [""6.7 km"", ""12.0 km"", ""Alex"", ""14.9 km"", ""11.5 km""], [""11.8 km"", ""10.4 km"", ""Ryan"", ""5.7 km"", ""3.8 km""], [""6.0 km"", ""7.3 km"", ""Emma"", ""1.8 km"", ""1.8 km""]]}"
A-L2-0034,2,same_row_sum,lab_mass_measurements,"For Sample-D, what is Dry mass plus Container mass?","| Dry mass | Initial mass | Container mass | Sample | Wet mass |
| --- | --- | --- | --- | --- |
| 80.7 g | 189.1 g | 40.4 g | Sample-L | 408.0 g |
| 198.0 g | 346.4 g | 107.6 g | Sample-I | 299.6 g |
| 137.1 g | 196.5 g | 58.5 g | Sample-D | 169.4 g |
| 28.5 g | 298.7 g | 116.5 g | Sample-B | 162.4 g |","Answer the question using the table. Perform the required calculation and return only the final value with its unit.

Table:
| Dry mass | Initial mass | Container mass | Sample | Wet mass |
| --- | --- | --- | --- | --- |
| 80.7 g | 189.1 g | 40.4 g | Sample-L | 408.0 g |
| 198.0 g | 346.4 g | 107.6 g | Sample-I | 299.6 g |
| 137.1 g | 196.5 g | 58.5 g | Sample-D | 169.4 g |
| 28.5 g | 298.7 g | 116.5 g | Sample-B | 162.4 g |

Question: For Sample-D, what is Dry mass plus Container mass?",195.6 g,"[{""row_index"": 2, ""column_index"": 0, ""row_identifier_column"": ""Sample"", ""row_identifier_value"": ""Sample-D"", ""column"": ""Dry mass"", ""raw_value"": 137.1, ""display_value"": ""137.1 g""}, {""row_index"": 2, ""column_index"": 2, ""row_identifier_column"": ""Sample"", ""row_identifier_value"": ""Sample-D"", ""column"": ""Container mass"", ""raw_value"": 58.5, ""display_value"": ""58.5 g""}]",add,2,"{""headers"": [""Dry mass"", ""Initial mass"", ""Container mass"", ""Sample"", ""Wet mass""], ""rows"": [[""80.7 g"", ""189.1 g"", ""40.4 g"", ""Sample-L"", ""408.0 g""], [""198.0 g"", ""346.4 g"", ""107.6 g"", ""Sample-I"", ""299.6 g""], [""137.1 g"", ""196.5 g"", ""58.5 g"", ""Sample-D"", ""169.4 g""], [""28.5 g"", ""298.7 g"", ""116.5 g"", ""Sample-B"", ""162.4 g""]]}"
A-L2-0035,2,cross_row_difference,battery_energy,Find the absolute difference between the Morning energy values of Cell-A1 and Cell-F1.,"| Cell | Discharge energy | Charge energy | Afternoon energy | Morning energy | Evening energy | Auxiliary energy |
| --- | --- | --- | --- | --- | --- | --- |
| Cell-D1 | 4.38 kWh | 0.53 kWh | 2.56 kWh | 6.23 kWh | 5.08 kWh | 4.31 kWh |
| Cell-B1 | 6.78 kWh | 3.41 kWh | 5.29 kWh | 3.89 kWh | 5.93 kWh | 2.87 kWh |
| Cell-D2 | 5.29 kWh | 2.79 kWh | 0.98 kWh | 0.23 kWh | 7.87 kWh | 2.29 kWh |
| Cell-E1 | 6.88 kWh | 5.10 kWh | 7.23 kWh | 3.23 kWh | 4.22 kWh | 1.69 kWh |
| Cell-C2 | 0.96 kWh | 4.19 kWh | 7.63 kWh | 4.13 kWh | 2.44 kWh | 3.93 kWh |
| Cell-A1 | 7.31 kWh | 3.21 kWh | 7.46 kWh | 3.47 kWh | 5.30 kWh | 3.28 kWh |
| Cell-F1 | 8.93 kWh | 5.85 kWh | 1.50 kWh | 1.19 kWh | 1.37 kWh | 4.44 kWh |
| Cell-E2 | 9.35 kWh | 2.01 kWh | 5.54 kWh | 2.20 kWh | 7.98 kWh | 4.13 kWh |","Answer the question using the table. Perform the required calculation and return only the final value with its unit.

Table:
| Cell | Discharge energy | Charge energy | Afternoon energy | Morning energy | Evening energy | Auxiliary energy |
| --- | --- | --- | --- | --- | --- | --- |
| Cell-D1 | 4.38 kWh | 0.53 kWh | 2.56 kWh | 6.23 kWh | 5.08 kWh | 4.31 kWh |
| Cell-B1 | 6.78 kWh | 3.41 kWh | 5.29 kWh | 3.89 kWh | 5.93 kWh | 2.87 kWh |
| Cell-D2 | 5.29 kWh | 2.79 kWh | 0.98 kWh | 0.23 kWh | 7.87 kWh | 2.29 kWh |
| Cell-E1 | 6.88 kWh | 5.10 kWh | 7.23 kWh | 3.23 kWh | 4.22 kWh | 1.69 kWh |
| Cell-C2 | 0.96 kWh | 4.19 kWh | 7.63 kWh | 4.13 kWh | 2.44 kWh | 3.93 kWh |
| Cell-A1 | 7.31 kWh | 3.21 kWh | 7.46 kWh | 3.47 kWh | 5.30 kWh | 3.28 kWh |
| Cell-F1 | 8.93 kWh | 5.85 kWh | 1.50 kWh | 1.19 kWh | 1.37 kWh | 4.44 kWh |
| Cell-E2 | 9.35 kWh | 2.01 kWh | 5.54 kWh | 2.20 kWh | 7.98 kWh | 4.13 kWh |

Question: Find the absolute difference between the Morning energy values of Cell-A1 and Cell-F1.",2.28 kWh,"[{""row_index"": 5, ""column_index"": 4, ""row_identifier_column"": ""Cell"", ""row_identifier_value"": ""Cell-A1"", ""column"": ""Morning energy"", ""raw_value"": 3.47, ""display_value"": ""3.47 kWh""}, {""row_index"": 6, ""column_index"": 4, ""row_identifier_column"": ""Cell"", ""row_identifier_value"": ""Cell-F1"", ""column"": ""Morning energy"", ""raw_value"": 1.19, ""display_value"": ""1.19 kWh""}]",absolute_difference,2,"{""headers"": [""Cell"", ""Discharge energy"", ""Charge energy"", ""Afternoon energy"", ""Morning energy"", ""Evening energy"", ""Auxiliary energy""], ""rows"": [[""Cell-D1"", ""4.38 kWh"", ""0.53 kWh"", ""2.56 kWh"", ""6.23 kWh"", ""5.08 kWh"", ""4.31 kWh""], [""Cell-B1"", ""6.78 kWh"", ""3.41 kWh"", ""5.29 kWh"", ""3.89 kWh"", ""5.93 kWh"", ""2.87 kWh""], [""Cell-D2"", ""5.29 kWh"", ""2.79 kWh"", ""0.98 kWh"", ""0.23 kWh"", ""7.87 kWh"", ""2.29 kWh""], [""Cell-E1"", ""6.88 kWh"", ""5.10 kWh"", ""7.23 kWh"", ""3.23 kWh"", ""4.22 kWh"", ""1.69 kWh""], [""Cell-C2"", ""0.96 kWh"", ""4.19 kWh"", ""7.63 kWh"", ""4.13 kWh"", ""2.44 kWh"", ""3.93 kWh""], [""Cell-A1"", ""7.31 kWh"", ""3.21 kWh"", ""7.46 kWh"", ""3.47 kWh"", ""5.30 kWh"", ""3.28 kWh""], [""Cell-F1"", ""8.93 kWh"", ""5.85 kWh"", ""1.50 kWh"", ""1.19 kWh"", ""1.37 kWh"", ""4.44 kWh""], [""Cell-E2"", ""9.35 kWh"", ""2.01 kWh"", ""5.54 kWh"", ""2.20 kWh"", ""7.98 kWh"", ""4.13 kWh""]]}"
A-L2-0036,2,cross_row_difference,rainfall_measurements,Find the absolute difference between the Morning rainfall values of Brookfield and Fairview.,"| Station | South gauge | Evening rainfall | Morning rainfall |
| --- | --- | --- | --- |
| Westhaven | 30.1 mm | 21.2 mm | 0.1 mm |
| Fairview | 47.7 mm | 9.1 mm | 39.8 mm |
| Oakridge | 30.0 mm | 24.6 mm | 47.7 mm |
| Hillcrest | 69.5 mm | 37.4 mm | 52.6 mm |
| Brookfield | 10.8 mm | 9.8 mm | 2.8 mm |","Answer the question using the table. Perform the required calculation and return only the final value with its unit.

Table:
| Station | South gauge | Evening rainfall | Morning rainfall |
| --- | --- | --- | --- |
| Westhaven | 30.1 mm | 21.2 mm | 0.1 mm |
| Fairview | 47.7 mm | 9.1 mm | 39.8 mm |
| Oakridge | 30.0 mm | 24.6 mm | 47.7 mm |
| Hillcrest | 69.5 mm | 37.4 mm | 52.6 mm |
| Brookfield | 10.8 mm | 9.8 mm | 2.8 mm |

Question: Find the absolute difference between the Morning rainfall values of Brookfield and Fairview.",37.0 mm,"[{""row_index"": 4, ""column_index"": 3, ""row_identifier_column"": ""Station"", ""row_identifier_value"": ""Brookfield"", ""column"": ""Morning rainfall"", ""raw_value"": 2.8, ""display_value"": ""2.8 mm""}, {""row_index"": 1, ""column_index"": 3, ""row_identifier_column"": ""Station"", ""row_identifier_value"": ""Fairview"", ""column"": ""Morning rainfall"", ""raw_value"": 39.8, ""display_value"": ""39.8 mm""}]",absolute_difference,2,"{""headers"": [""Station"", ""South gauge"", ""Evening rainfall"", ""Morning rainfall""], ""rows"": [[""Westhaven"", ""30.1 mm"", ""21.2 mm"", ""0.1 mm""], [""Fairview"", ""47.7 mm"", ""9.1 mm"", ""39.8 mm""], [""Oakridge"", ""30.0 mm"", ""24.6 mm"", ""47.7 mm""], [""Hillcrest"", ""69.5 mm"", ""37.4 mm"", ""52.6 mm""], [""Brookfield"", ""10.8 mm"", ""9.8 mm"", ""2.8 mm""]]}"
A-L2-0037,2,cross_row_difference,hiking_route,How far apart are Leo and Chris in Ridge distance? Return the absolute difference.,"| Hiker | Forest distance | Uphill distance | Afternoon distance | Morning distance | Ridge distance |
| --- | --- | --- | --- | --- | --- |
| Leo | 6.0 km | 10.0 km | 17.4 km | 10.9 km | 12.9 km |
| Chris | 4.1 km | 7.7 km | 7.9 km | 10.9 km | 4.5 km |
| Theo | 12.9 km | 5.7 km | 12.7 km | 7.2 km | 2.4 km |
| Jisoo | 7.6 km | 3.3 km | 6.2 km | 14.4 km | 10.6 km |","Answer the question using the table. Perform the required calculation and return only the final value with its unit.

Table:
| Hiker | Forest distance | Uphill distance | Afternoon distance | Morning distance | Ridge distance |
| --- | --- | --- | --- | --- | --- |
| Leo | 6.0 km | 10.0 km | 17.4 km | 10.9 km | 12.9 km |
| Chris | 4.1 km | 7.7 km | 7.9 km | 10.9 km | 4.5 km |
| Theo | 12.9 km | 5.7 km | 12.7 km | 7.2 km | 2.4 km |
| Jisoo | 7.6 km | 3.3 km | 6.2 km | 14.4 km | 10.6 km |

Question: How far apart are Leo and Chris in Ridge distance? Return the absolute difference.",8.4 km,"[{""row_index"": 0, ""column_index"": 5, ""row_identifier_column"": ""Hiker"", ""row_identifier_value"": ""Leo"", ""column"": ""Ridge distance"", ""raw_value"": 12.9, ""display_value"": ""12.9 km""}, {""row_index"": 1, ""column_index"": 5, ""row_identifier_column"": ""Hiker"", ""row_identifier_value"": ""Chris"", ""column"": ""Ridge distance"", ""raw_value"": 4.5, ""display_value"": ""4.5 km""}]",absolute_difference,2,"{""headers"": [""Hiker"", ""Forest distance"", ""Uphill distance"", ""Afternoon distance"", ""Morning distance"", ""Ridge distance""], ""rows"": [[""Leo"", ""6.0 km"", ""10.0 km"", ""17.4 km"", ""10.9 km"", ""12.9 km""], [""Chris"", ""4.1 km"", ""7.7 km"", ""7.9 km"", ""10.9 km"", ""4.5 km""], [""Theo"", ""12.9 km"", ""5.7 km"", ""12.7 km"", ""7.2 km"", ""2.4 km""], [""Jisoo"", ""7.6 km"", ""3.3 km"", ""6.2 km"", ""14.4 km"", ""10.6 km""]]}"
A-L2-0038,2,same_row_difference,rainfall_measurements,How far apart are the Morning rainfall and Afternoon rainfall values for Maple? Return the absolute difference.,"| Afternoon rainfall | Morning rainfall | Station | Evening rainfall | North gauge |
| --- | --- | --- | --- | --- |
| 36.8 mm | 37.0 mm | Fairview | 37.3 mm | 4.0 mm |
| 34.5 mm | 39.2 mm | Pinehurst | 15.7 mm | 19.8 mm |
| 35.2 mm | 11.3 mm | Brookfield | 17.5 mm | 40.0 mm |
| 17.3 mm | 41.1 mm | Maple | 23.8 mm | 58.8 mm |
| 10.2 mm | 28.9 mm | Cedar | 18.1 mm | 59.1 mm |
| 33.8 mm | 50.8 mm | Oakridge | 35.4 mm | 1.9 mm |
| 34.5 mm | 20.8 mm | Orion | 45.4 mm | 49.8 mm |
| 45.2 mm | 2.0 mm | Clearwater | 51.9 mm | 69.8 mm |
| 8.1 mm | 16.9 mm | Westhaven | 36.4 mm | 14.9 mm |","Answer the question using the table. Perform the required calculation and return only the final value with its unit.

Table:
| Afternoon rainfall | Morning rainfall | Station | Evening rainfall | North gauge |
| --- | --- | --- | --- | --- |
| 36.8 mm | 37.0 mm | Fairview | 37.3 mm | 4.0 mm |
| 34.5 mm | 39.2 mm | Pinehurst | 15.7 mm | 19.8 mm |
| 35.2 mm | 11.3 mm | Brookfield | 17.5 mm | 40.0 mm |
| 17.3 mm | 41.1 mm | Maple | 23.8 mm | 58.8 mm |
| 10.2 mm | 28.9 mm | Cedar | 18.1 mm | 59.1 mm |
| 33.8 mm | 50.8 mm | Oakridge | 35.4 mm | 1.9 mm |
| 34.5 mm | 20.8 mm | Orion | 45.4 mm | 49.8 mm |
| 45.2 mm | 2.0 mm | Clearwater | 51.9 mm | 69.8 mm |
| 8.1 mm | 16.9 mm | Westhaven | 36.4 mm | 14.9 mm |

Question: How far apart are the Morning rainfall and Afternoon rainfall values for Maple? Return the absolute difference.",23.8 mm,"[{""row_index"": 3, ""column_index"": 1, ""row_identifier_column"": ""Station"", ""row_identifier_value"": ""Maple"", ""column"": ""Morning rainfall"", ""raw_value"": 41.1, ""display_value"": ""41.1 mm""}, {""row_index"": 3, ""column_index"": 0, ""row_identifier_column"": ""Station"", ""row_identifier_value"": ""Maple"", ""column"": ""Afternoon rainfall"", ""raw_value"": 17.3, ""display_value"": ""17.3 mm""}]",absolute_difference,2,"{""headers"": [""Afternoon rainfall"", ""Morning rainfall"", ""Station"", ""Evening rainfall"", ""North gauge""], ""rows"": [[""36.8 mm"", ""37.0 mm"", ""Fairview"", ""37.3 mm"", ""4.0 mm""], [""34.5 mm"", ""39.2 mm"", ""Pinehurst"", ""15.7 mm"", ""19.8 mm""], [""35.2 mm"", ""11.3 mm"", ""Brookfield"", ""17.5 mm"", ""40.0 mm""], [""17.3 mm"", ""41.1 mm"", ""Maple"", ""23.8 mm"", ""58.8 mm""], [""10.2 mm"", ""28.9 mm"", ""Cedar"", ""18.1 mm"", ""59.1 mm""], [""33.8 mm"", ""50.8 mm"", ""Oakridge"", ""35.4 mm"", ""1.9 mm""], [""34.5 mm"", ""20.8 mm"", ""Orion"", ""45.4 mm"", ""49.8 mm""], [""45.2 mm"", ""2.0 mm"", ""Clearwater"", ""51.9 mm"", ""69.8 mm""], [""8.1 mm"", ""16.9 mm"", ""Westhaven"", ""36.4 mm"", ""14.9 mm""]]}"
A-L2-0039,2,same_row_sum,lab_mass_measurements,"According to the table, what is the combined value of Dry mass and Container mass for Sample-L?","| Dry mass | Initial mass | Final mass | Container mass | Sample |
| --- | --- | --- | --- | --- |
| 120.3 g | 187.4 g | 286.0 g | 55.6 g | Sample-A |
| 285.8 g | 120.0 g | 258.2 g | 72.8 g | Sample-G |
| 237.6 g | 419.9 g | 248.9 g | 96.3 g | Sample-L |
| 111.7 g | 248.2 g | 284.6 g | 47.4 g | Sample-H |","Answer the question using the table. Perform the required calculation and return only the final value with its unit.

Table:
| Dry mass | Initial mass | Final mass | Container mass | Sample |
| --- | --- | --- | --- | --- |
| 120.3 g | 187.4 g | 286.0 g | 55.6 g | Sample-A |
| 285.8 g | 120.0 g | 258.2 g | 72.8 g | Sample-G |
| 237.6 g | 419.9 g | 248.9 g | 96.3 g | Sample-L |
| 111.7 g | 248.2 g | 284.6 g | 47.4 g | Sample-H |

Question: According to the table, what is the combined value of Dry mass and Container mass for Sample-L?",333.9 g,"[{""row_index"": 2, ""column_index"": 0, ""row_identifier_column"": ""Sample"", ""row_identifier_value"": ""Sample-L"", ""column"": ""Dry mass"", ""raw_value"": 237.6, ""display_value"": ""237.6 g""}, {""row_index"": 2, ""column_index"": 3, ""row_identifier_column"": ""Sample"", ""row_identifier_value"": ""Sample-L"", ""column"": ""Container mass"", ""raw_value"": 96.3, ""display_value"": ""96.3 g""}]",add,2,"{""headers"": [""Dry mass"", ""Initial mass"", ""Final mass"", ""Container mass"", ""Sample""], ""rows"": [[""120.3 g"", ""187.4 g"", ""286.0 g"", ""55.6 g"", ""Sample-A""], [""285.8 g"", ""120.0 g"", ""258.2 g"", ""72.8 g"", ""Sample-G""], [""237.6 g"", ""419.9 g"", ""248.9 g"", ""96.3 g"", ""Sample-L""], [""111.7 g"", ""248.2 g"", ""284.6 g"", ""47.4 g"", ""Sample-H""]]}"
A-L2-0040,2,cross_row_sum,ml_latency,Add the Postprocessing latency values for Echo and Nimbus. What is the total?,"| Tokenization latency | Network latency | Inference latency | Model | Postprocessing latency | Preprocessing latency | Queue latency |
| --- | --- | --- | --- | --- | --- | --- |
| 2.4 ms | 24.1 ms | 101.8 ms | Quartz | 19.5 ms | 11.2 ms | 7.8 ms |
| 19.8 ms | 33.0 ms | 177.4 ms | Helix | 26.3 ms | 1.7 ms | 29.3 ms |
| 11.3 ms | 52.4 ms | 52.9 ms | Echo | 11.5 ms | 20.7 ms | 54.7 ms |
| 14.7 ms | 13.8 ms | 159.4 ms | Nimbus | 13.2 ms | 23.1 ms | 18.0 ms |
| 10.3 ms | 36.7 ms | 94.3 ms | Zenith | 16.8 ms | 20.3 ms | 0.9 ms |
| 10.7 ms | 19.3 ms | 84.7 ms | Pulse | 20.3 ms | 7.2 ms | 21.9 ms |","Answer the question using the table. Perform the required calculation and return only the final value with its unit.

Table:
| Tokenization latency | Network latency | Inference latency | Model | Postprocessing latency | Preprocessing latency | Queue latency |
| --- | --- | --- | --- | --- | --- | --- |
| 2.4 ms | 24.1 ms | 101.8 ms | Quartz | 19.5 ms | 11.2 ms | 7.8 ms |
| 19.8 ms | 33.0 ms | 177.4 ms | Helix | 26.3 ms | 1.7 ms | 29.3 ms |
| 11.3 ms | 52.4 ms | 52.9 ms | Echo | 11.5 ms | 20.7 ms | 54.7 ms |
| 14.7 ms | 13.8 ms | 159.4 ms | Nimbus | 13.2 ms | 23.1 ms | 18.0 ms |
| 10.3 ms | 36.7 ms | 94.3 ms | Zenith | 16.8 ms | 20.3 ms | 0.9 ms |
| 10.7 ms | 19.3 ms | 84.7 ms | Pulse | 20.3 ms | 7.2 ms | 21.9 ms |

Question: Add the Postprocessing latency values for Echo and Nimbus. What is the total?",24.7 ms,"[{""row_index"": 2, ""column_index"": 4, ""row_identifier_column"": ""Model"", ""row_identifier_value"": ""Echo"", ""column"": ""Postprocessing latency"", ""raw_value"": 11.5, ""display_value"": ""11.5 ms""}, {""row_index"": 3, ""column_index"": 4, ""row_identifier_column"": ""Model"", ""row_identifier_value"": ""Nimbus"", ""column"": ""Postprocessing latency"", ""raw_value"": 13.2, ""display_value"": ""13.2 ms""}]",add,2,"{""headers"": [""Tokenization latency"", ""Network latency"", ""Inference latency"", ""Model"", ""Postprocessing latency"", ""Preprocessing latency"", ""Queue latency""], ""rows"": [[""2.4 ms"", ""24.1 ms"", ""101.8 ms"", ""Quartz"", ""19.5 ms"", ""11.2 ms"", ""7.8 ms""], [""19.8 ms"", ""33.0 ms"", ""177.4 ms"", ""Helix"", ""26.3 ms"", ""1.7 ms"", ""29.3 ms""], [""11.3 ms"", ""52.4 ms"", ""52.9 ms"", ""Echo"", ""11.5 ms"", ""20.7 ms"", ""54.7 ms""], [""14.7 ms"", ""13.8 ms"", ""159.4 ms"", ""Nimbus"", ""13.2 ms"", ""23.1 ms"", ""18.0 ms""], [""10.3 ms"", ""36.7 ms"", ""94.3 ms"", ""Zenith"", ""16.8 ms"", ""20.3 ms"", ""0.9 ms""], [""10.7 ms"", ""19.3 ms"", ""84.7 ms"", ""Pulse"", ""20.3 ms"", ""7.2 ms"", ""21.9 ms""]]}"
A-L2-0041,2,cross_row_difference,rainfall_measurements,How far apart are Hillcrest and Oakridge in Evening rainfall? Return the absolute difference.,"| Morning rainfall | North gauge | South gauge | Station | Evening rainfall |
| --- | --- | --- | --- | --- |
| 30.9 mm | 55.2 mm | 7.8 mm | Maple | 3.9 mm |
| 40.1 mm | 48.1 mm | 51.4 mm | Fairview | 2.8 mm |
| 25.8 mm | 64.0 mm | 58.0 mm | Oakridge | 23.9 mm |
| 53.2 mm | 30.0 mm | 26.6 mm | Cedar | 19.7 mm |
| 28.1 mm | 4.8 mm | 22.0 mm | Riverton | 7.2 mm |
| 24.6 mm | 15.5 mm | 38.8 mm | Brookfield | 54.1 mm |
| 42.1 mm | 10.8 mm | 3.0 mm | Hillcrest | 54.1 mm |","Answer the question using the table. Perform the required calculation and return only the final value with its unit.

Table:
| Morning rainfall | North gauge | South gauge | Station | Evening rainfall |
| --- | --- | --- | --- | --- |
| 30.9 mm | 55.2 mm | 7.8 mm | Maple | 3.9 mm |
| 40.1 mm | 48.1 mm | 51.4 mm | Fairview | 2.8 mm |
| 25.8 mm | 64.0 mm | 58.0 mm | Oakridge | 23.9 mm |
| 53.2 mm | 30.0 mm | 26.6 mm | Cedar | 19.7 mm |
| 28.1 mm | 4.8 mm | 22.0 mm | Riverton | 7.2 mm |
| 24.6 mm | 15.5 mm | 38.8 mm | Brookfield | 54.1 mm |
| 42.1 mm | 10.8 mm | 3.0 mm | Hillcrest | 54.1 mm |

Question: How far apart are Hillcrest and Oakridge in Evening rainfall? Return the absolute difference.",30.2 mm,"[{""row_index"": 6, ""column_index"": 4, ""row_identifier_column"": ""Station"", ""row_identifier_value"": ""Hillcrest"", ""column"": ""Evening rainfall"", ""raw_value"": 54.1, ""display_value"": ""54.1 mm""}, {""row_index"": 2, ""column_index"": 4, ""row_identifier_column"": ""Station"", ""row_identifier_value"": ""Oakridge"", ""column"": ""Evening rainfall"", ""raw_value"": 23.9, ""display_value"": ""23.9 mm""}]",absolute_difference,2,"{""headers"": [""Morning rainfall"", ""North gauge"", ""South gauge"", ""Station"", ""Evening rainfall""], ""rows"": [[""30.9 mm"", ""55.2 mm"", ""7.8 mm"", ""Maple"", ""3.9 mm""], [""40.1 mm"", ""48.1 mm"", ""51.4 mm"", ""Fairview"", ""2.8 mm""], [""25.8 mm"", ""64.0 mm"", ""58.0 mm"", ""Oakridge"", ""23.9 mm""], [""53.2 mm"", ""30.0 mm"", ""26.6 mm"", ""Cedar"", ""19.7 mm""], [""28.1 mm"", ""4.8 mm"", ""22.0 mm"", ""Riverton"", ""7.2 mm""], [""24.6 mm"", ""15.5 mm"", ""38.8 mm"", ""Brookfield"", ""54.1 mm""], [""42.1 mm"", ""10.8 mm"", ""3.0 mm"", ""Hillcrest"", ""54.1 mm""]]}"
A-L2-0042,2,cross_row_difference,hiking_route,Find the absolute difference between the Afternoon distance values of Yuna and Ethan.,"| Hiker | Downhill distance | Uphill distance | Afternoon distance | Ridge distance |
| --- | --- | --- | --- | --- |
| Yuna | 1.1 km | 11.7 km | 6.7 km | 4.9 km |
| Nora | 9.8 km | 5.5 km | 10.9 km | 9.6 km |
| Lena | 5.6 km | 11.4 km | 18.0 km | 6.4 km |
| Jisoo | 5.3 km | 6.9 km | 7.9 km | 10.3 km |
| Ethan | 8.7 km | 10.7 km | 4.1 km | 2.3 km |","Answer the question using the table. Perform the required calculation and return only the final value with its unit.

Table:
| Hiker | Downhill distance | Uphill distance | Afternoon distance | Ridge distance |
| --- | --- | --- | --- | --- |
| Yuna | 1.1 km | 11.7 km | 6.7 km | 4.9 km |
| Nora | 9.8 km | 5.5 km | 10.9 km | 9.6 km |
| Lena | 5.6 km | 11.4 km | 18.0 km | 6.4 km |
| Jisoo | 5.3 km | 6.9 km | 7.9 km | 10.3 km |
| Ethan | 8.7 km | 10.7 km | 4.1 km | 2.3 km |

Question: Find the absolute difference between the Afternoon distance values of Yuna and Ethan.",2.6 km,"[{""row_index"": 0, ""column_index"": 3, ""row_identifier_column"": ""Hiker"", ""row_identifier_value"": ""Yuna"", ""column"": ""Afternoon distance"", ""raw_value"": 6.7, ""display_value"": ""6.7 km""}, {""row_index"": 4, ""column_index"": 3, ""row_identifier_column"": ""Hiker"", ""row_identifier_value"": ""Ethan"", ""column"": ""Afternoon distance"", ""raw_value"": 4.1, ""display_value"": ""4.1 km""}]",absolute_difference,2,"{""headers"": [""Hiker"", ""Downhill distance"", ""Uphill distance"", ""Afternoon distance"", ""Ridge distance""], ""rows"": [[""Yuna"", ""1.1 km"", ""11.7 km"", ""6.7 km"", ""4.9 km""], [""Nora"", ""9.8 km"", ""5.5 km"", ""10.9 km"", ""9.6 km""], [""Lena"", ""5.6 km"", ""11.4 km"", ""18.0 km"", ""6.4 km""], [""Jisoo"", ""5.3 km"", ""6.9 km"", ""7.9 km"", ""10.3 km""], [""Ethan"", ""8.7 km"", ""10.7 km"", ""4.1 km"", ""2.3 km""]]}"
A-L2-0043,2,cross_row_sum,basketball_game,Add the Second-half points values for Wolves and Tigers. What is the total?,"| First-half points | Team | Free-throw points | Fast-break points | Paint points | Second-half points |
| --- | --- | --- | --- | --- | --- |
| 53 points | Tigers | 27 points | 12 points | 24 points | 66 points |
| 55 points | Bulls | 7 points | 16 points | 32 points | 43 points |
| 32 points | Knights | 23 points | 26 points | 27 points | 61 points |
| 60 points | Wolves | 29 points | 18 points | 42 points | 34 points |","Answer the question using the table. Perform the required calculation and return only the final value with its unit.

Table:
| First-half points | Team | Free-throw points | Fast-break points | Paint points | Second-half points |
| --- | --- | --- | --- | --- | --- |
| 53 points | Tigers | 27 points | 12 points | 24 points | 66 points |
| 55 points | Bulls | 7 points | 16 points | 32 points | 43 points |
| 32 points | Knights | 23 points | 26 points | 27 points | 61 points |
| 60 points | Wolves | 29 points | 18 points | 42 points | 34 points |

Question: Add the Second-half points values for Wolves and Tigers. What is the total?",100 points,"[{""row_index"": 3, ""column_index"": 5, ""row_identifier_column"": ""Team"", ""row_identifier_value"": ""Wolves"", ""column"": ""Second-half points"", ""raw_value"": 34.0, ""display_value"": ""34 points""}, {""row_index"": 0, ""column_index"": 5, ""row_identifier_column"": ""Team"", ""row_identifier_value"": ""Tigers"", ""column"": ""Second-half points"", ""raw_value"": 66.0, ""display_value"": ""66 points""}]",add,2,"{""headers"": [""First-half points"", ""Team"", ""Free-throw points"", ""Fast-break points"", ""Paint points"", ""Second-half points""], ""rows"": [[""53 points"", ""Tigers"", ""27 points"", ""12 points"", ""24 points"", ""66 points""], [""55 points"", ""Bulls"", ""7 points"", ""16 points"", ""32 points"", ""43 points""], [""32 points"", ""Knights"", ""23 points"", ""26 points"", ""27 points"", ""61 points""], [""60 points"", ""Wolves"", ""29 points"", ""18 points"", ""42 points"", ""34 points""]]}"
A-L2-0044,2,cross_row_sum,quarterly_sales,"According to the table, what do Clearwater and Pinehurst have in total for Online sales?","| Q1 sales | Q4 sales | Q3 sales | Online sales | Q2 sales | Region | Retail sales |
| --- | --- | --- | --- | --- | --- | --- |
| 284.4 kUSD | 104.5 kUSD | 54.1 kUSD | 254.8 kUSD | 382.4 kUSD | Brookfield | 175.8 kUSD |
| 349.2 kUSD | 322.6 kUSD | 313.8 kUSD | 89.0 kUSD | 392.8 kUSD | Clearwater | 291.9 kUSD |
| 483.7 kUSD | 124.3 kUSD | 178.3 kUSD | 55.9 kUSD | 99.9 kUSD | Pinehurst | 197.9 kUSD |
| 356.2 kUSD | 294.5 kUSD | 116.1 kUSD | 41.9 kUSD | 219.8 kUSD | Orion | 53.0 kUSD |","Answer the question using the table. Perform the required calculation and return only the final value with its unit.

Table:
| Q1 sales | Q4 sales | Q3 sales | Online sales | Q2 sales | Region | Retail sales |
| --- | --- | --- | --- | --- | --- | --- |
| 284.4 kUSD | 104.5 kUSD | 54.1 kUSD | 254.8 kUSD | 382.4 kUSD | Brookfield | 175.8 kUSD |
| 349.2 kUSD | 322.6 kUSD | 313.8 kUSD | 89.0 kUSD | 392.8 kUSD | Clearwater | 291.9 kUSD |
| 483.7 kUSD | 124.3 kUSD | 178.3 kUSD | 55.9 kUSD | 99.9 kUSD | Pinehurst | 197.9 kUSD |
| 356.2 kUSD | 294.5 kUSD | 116.1 kUSD | 41.9 kUSD | 219.8 kUSD | Orion | 53.0 kUSD |

Question: According to the table, what do Clearwater and Pinehurst have in total for Online sales?",144.9 kUSD,"[{""row_index"": 1, ""column_index"": 3, ""row_identifier_column"": ""Region"", ""row_identifier_value"": ""Clearwater"", ""column"": ""Online sales"", ""raw_value"": 89.0, ""display_value"": ""89.0 kUSD""}, {""row_index"": 2, ""column_index"": 3, ""row_identifier_column"": ""Region"", ""row_identifier_value"": ""Pinehurst"", ""column"": ""Online sales"", ""raw_value"": 55.9, ""display_value"": ""55.9 kUSD""}]",add,2,"{""headers"": [""Q1 sales"", ""Q4 sales"", ""Q3 sales"", ""Online sales"", ""Q2 sales"", ""Region"", ""Retail sales""], ""rows"": [[""284.4 kUSD"", ""104.5 kUSD"", ""54.1 kUSD"", ""254.8 kUSD"", ""382.4 kUSD"", ""Brookfield"", ""175.8 kUSD""], [""349.2 kUSD"", ""322.6 kUSD"", ""313.8 kUSD"", ""89.0 kUSD"", ""392.8 kUSD"", ""Clearwater"", ""291.9 kUSD""], [""483.7 kUSD"", ""124.3 kUSD"", ""178.3 kUSD"", ""55.9 kUSD"", ""99.9 kUSD"", ""Pinehurst"", ""197.9 kUSD""], [""356.2 kUSD"", ""294.5 kUSD"", ""116.1 kUSD"", ""41.9 kUSD"", ""219.8 kUSD"", ""Orion"", ""53.0 kUSD""]]}"
A-L2-0045,2,same_row_difference,hiking_route,"For Jisoo, what is the absolute difference between Uphill distance and Downhill distance?","| Ridge distance | Uphill distance | Morning distance | Downhill distance | Forest distance | Hiker |
| --- | --- | --- | --- | --- | --- |
| 9.6 km | 2.3 km | 6.2 km | 2.0 km | 13.2 km | Nora |
| 9.1 km | 7.0 km | 14.1 km | 10.5 km | 10.1 km | Iris |
| 9.1 km | 9.3 km | 4.5 km | 1.3 km | 3.3 km | Noah |
| 14.0 km | 9.8 km | 14.1 km | 5.3 km | 2.0 km | Leo |
| 12.7 km | 5.1 km | 4.7 km | 7.2 km | 9.2 km | Oliver |
| 5.1 km | 2.5 km | 10.8 km | 11.8 km | 7.0 km | Alex |
| 12.8 km | 10.4 km | 1.5 km | 2.8 km | 10.3 km | Jisoo |
| 1.8 km | 1.4 km | 12.1 km | 7.1 km | 7.9 km | Ethan |","Answer the question using the table. Perform the required calculation and return only the final value with its unit.

Table:
| Ridge distance | Uphill distance | Morning distance | Downhill distance | Forest distance | Hiker |
| --- | --- | --- | --- | --- | --- |
| 9.6 km | 2.3 km | 6.2 km | 2.0 km | 13.2 km | Nora |
| 9.1 km | 7.0 km | 14.1 km | 10.5 km | 10.1 km | Iris |
| 9.1 km | 9.3 km | 4.5 km | 1.3 km | 3.3 km | Noah |
| 14.0 km | 9.8 km | 14.1 km | 5.3 km | 2.0 km | Leo |
| 12.7 km | 5.1 km | 4.7 km | 7.2 km | 9.2 km | Oliver |
| 5.1 km | 2.5 km | 10.8 km | 11.8 km | 7.0 km | Alex |
| 12.8 km | 10.4 km | 1.5 km | 2.8 km | 10.3 km | Jisoo |
| 1.8 km | 1.4 km | 12.1 km | 7.1 km | 7.9 km | Ethan |

Question: For Jisoo, what is the absolute difference between Uphill distance and Downhill distance?",7.6 km,"[{""row_index"": 6, ""column_index"": 1, ""row_identifier_column"": ""Hiker"", ""row_identifier_value"": ""Jisoo"", ""column"": ""Uphill distance"", ""raw_value"": 10.4, ""display_value"": ""10.4 km""}, {""row_index"": 6, ""column_index"": 3, ""row_identifier_column"": ""Hiker"", ""row_identifier_value"": ""Jisoo"", ""column"": ""Downhill distance"", ""raw_value"": 2.8, ""display_value"": ""2.8 km""}]",absolute_difference,2,"{""headers"": [""Ridge distance"", ""Uphill distance"", ""Morning distance"", ""Downhill distance"", ""Forest distance"", ""Hiker""], ""rows"": [[""9.6 km"", ""2.3 km"", ""6.2 km"", ""2.0 km"", ""13.2 km"", ""Nora""], [""9.1 km"", ""7.0 km"", ""14.1 km"", ""10.5 km"", ""10.1 km"", ""Iris""], [""9.1 km"", ""9.3 km"", ""4.5 km"", ""1.3 km"", ""3.3 km"", ""Noah""], [""14.0 km"", ""9.8 km"", ""14.1 km"", ""5.3 km"", ""2.0 km"", ""Leo""], [""12.7 km"", ""5.1 km"", ""4.7 km"", ""7.2 km"", ""9.2 km"", ""Oliver""], [""5.1 km"", ""2.5 km"", ""10.8 km"", ""11.8 km"", ""7.0 km"", ""Alex""], [""12.8 km"", ""10.4 km"", ""1.5 km"", ""2.8 km"", ""10.3 km"", ""Jisoo""], [""1.8 km"", ""1.4 km"", ""12.1 km"", ""7.1 km"", ""7.9 km"", ""Ethan""]]}"
A-L2-0046,2,same_row_difference,quarterly_sales,How far apart are the Q1 sales and Q2 sales values for Brookfield? Return the absolute difference.,"| Q2 sales | Q1 sales | Retail sales | Q3 sales | Region | Online sales |
| --- | --- | --- | --- | --- | --- |
| 155.2 kUSD | 422.7 kUSD | 132.2 kUSD | 192.5 kUSD | Maple | 74.0 kUSD |
| 482.7 kUSD | 375.6 kUSD | 197.2 kUSD | 337.0 kUSD | Orion | 119.3 kUSD |
| 196.7 kUSD | 481.8 kUSD | 247.5 kUSD | 431.7 kUSD | Pinehurst | 126.8 kUSD |
| 321.4 kUSD | 60.1 kUSD | 103.5 kUSD | 108.4 kUSD | Lakeside | 211.8 kUSD |
| 316.2 kUSD | 186.0 kUSD | 155.0 kUSD | 460.4 kUSD | Brookfield | 186.6 kUSD |
| 465.0 kUSD | 329.9 kUSD | 39.5 kUSD | 493.2 kUSD | Westhaven | 66.0 kUSD |","Answer the question using the table. Perform the required calculation and return only the final value with its unit.

Table:
| Q2 sales | Q1 sales | Retail sales | Q3 sales | Region | Online sales |
| --- | --- | --- | --- | --- | --- |
| 155.2 kUSD | 422.7 kUSD | 132.2 kUSD | 192.5 kUSD | Maple | 74.0 kUSD |
| 482.7 kUSD | 375.6 kUSD | 197.2 kUSD | 337.0 kUSD | Orion | 119.3 kUSD |
| 196.7 kUSD | 481.8 kUSD | 247.5 kUSD | 431.7 kUSD | Pinehurst | 126.8 kUSD |
| 321.4 kUSD | 60.1 kUSD | 103.5 kUSD | 108.4 kUSD | Lakeside | 211.8 kUSD |
| 316.2 kUSD | 186.0 kUSD | 155.0 kUSD | 460.4 kUSD | Brookfield | 186.6 kUSD |
| 465.0 kUSD | 329.9 kUSD | 39.5 kUSD | 493.2 kUSD | Westhaven | 66.0 kUSD |

Question: How far apart are the Q1 sales and Q2 sales values for Brookfield? Return the absolute difference.",130.2 kUSD,"[{""row_index"": 4, ""column_index"": 1, ""row_identifier_column"": ""Region"", ""row_identifier_value"": ""Brookfield"", ""column"": ""Q1 sales"", ""raw_value"": 186.0, ""display_value"": ""186.0 kUSD""}, {""row_index"": 4, ""column_index"": 0, ""row_identifier_column"": ""Region"", ""row_identifier_value"": ""Brookfield"", ""column"": ""Q2 sales"", ""raw_value"": 316.2, ""display_value"": ""316.2 kUSD""}]",absolute_difference,2,"{""headers"": [""Q2 sales"", ""Q1 sales"", ""Retail sales"", ""Q3 sales"", ""Region"", ""Online sales""], ""rows"": [[""155.2 kUSD"", ""422.7 kUSD"", ""132.2 kUSD"", ""192.5 kUSD"", ""Maple"", ""74.0 kUSD""], [""482.7 kUSD"", ""375.6 kUSD"", ""197.2 kUSD"", ""337.0 kUSD"", ""Orion"", ""119.3 kUSD""], [""196.7 kUSD"", ""481.8 kUSD"", ""247.5 kUSD"", ""431.7 kUSD"", ""Pinehurst"", ""126.8 kUSD""], [""321.4 kUSD"", ""60.1 kUSD"", ""103.5 kUSD"", ""108.4 kUSD"", ""Lakeside"", ""211.8 kUSD""], [""316.2 kUSD"", ""186.0 kUSD"", ""155.0 kUSD"", ""460.4 kUSD"", ""Brookfield"", ""186.6 kUSD""], [""465.0 kUSD"", ""329.9 kUSD"", ""39.5 kUSD"", ""493.2 kUSD"", ""Westhaven"", ""66.0 kUSD""]]}"
A-L2-0047,2,cross_row_difference,ml_latency,Find the absolute difference between the Network latency values of Pulse and Delta.,"| Inference latency | Postprocessing latency | Network latency | Queue latency | Model | Preprocessing latency | Tokenization latency |
| --- | --- | --- | --- | --- | --- | --- |
| 16.3 ms | 27.0 ms | 26.0 ms | 74.1 ms | Sigma | 20.4 ms | 11.2 ms |
| 49.7 ms | 26.8 ms | 5.4 ms | 64.3 ms | Pulse | 7.2 ms | 24.4 ms |
| 168.1 ms | 12.7 ms | 4.9 ms | 78.4 ms | Delta | 30.0 ms | 17.6 ms |
| 120.5 ms | 17.2 ms | 65.5 ms | 39.2 ms | Vertex | 9.5 ms | 22.0 ms |","Answer the question using the table. Perform the required calculation and return only the final value with its unit.

Table:
| Inference latency | Postprocessing latency | Network latency | Queue latency | Model | Preprocessing latency | Tokenization latency |
| --- | --- | --- | --- | --- | --- | --- |
| 16.3 ms | 27.0 ms | 26.0 ms | 74.1 ms | Sigma | 20.4 ms | 11.2 ms |
| 49.7 ms | 26.8 ms | 5.4 ms | 64.3 ms | Pulse | 7.2 ms | 24.4 ms |
| 168.1 ms | 12.7 ms | 4.9 ms | 78.4 ms | Delta | 30.0 ms | 17.6 ms |
| 120.5 ms | 17.2 ms | 65.5 ms | 39.2 ms | Vertex | 9.5 ms | 22.0 ms |

Question: Find the absolute difference between the Network latency values of Pulse and Delta.",0.5 ms,"[{""row_index"": 1, ""column_index"": 2, ""row_identifier_column"": ""Model"", ""row_identifier_value"": ""Pulse"", ""column"": ""Network latency"", ""raw_value"": 5.4, ""display_value"": ""5.4 ms""}, {""row_index"": 2, ""column_index"": 2, ""row_identifier_column"": ""Model"", ""row_identifier_value"": ""Delta"", ""column"": ""Network latency"", ""raw_value"": 4.9, ""display_value"": ""4.9 ms""}]",absolute_difference,2,"{""headers"": [""Inference latency"", ""Postprocessing latency"", ""Network latency"", ""Queue latency"", ""Model"", ""Preprocessing latency"", ""Tokenization latency""], ""rows"": [[""16.3 ms"", ""27.0 ms"", ""26.0 ms"", ""74.1 ms"", ""Sigma"", ""20.4 ms"", ""11.2 ms""], [""49.7 ms"", ""26.8 ms"", ""5.4 ms"", ""64.3 ms"", ""Pulse"", ""7.2 ms"", ""24.4 ms""], [""168.1 ms"", ""12.7 ms"", ""4.9 ms"", ""78.4 ms"", ""Delta"", ""30.0 ms"", ""17.6 ms""], [""120.5 ms"", ""17.2 ms"", ""65.5 ms"", ""39.2 ms"", ""Vertex"", ""9.5 ms"", ""22.0 ms""]]}"
A-L2-0048,2,cross_row_difference,rainfall_measurements,Find the absolute difference between the Morning rainfall values of Lakeside and Fairview.,"| Morning rainfall | North gauge | Storm rainfall | Station | South gauge |
| --- | --- | --- | --- | --- |
| 23.3 mm | 62.6 mm | 30.5 mm | Fairview | 2.6 mm |
| 32.0 mm | 55.1 mm | 19.2 mm | Hillcrest | 50.2 mm |
| 41.2 mm | 56.9 mm | 99.6 mm | Maple | 56.4 mm |
| 54.2 mm | 65.3 mm | 21.5 mm | Oakridge | 3.0 mm |
| 19.0 mm | 67.5 mm | 3.7 mm | Lakeside | 7.8 mm |
| 25.8 mm | 28.9 mm | 12.9 mm | Westhaven | 54.3 mm |","Answer the question using the table. Perform the required calculation and return only the final value with its unit.

Table:
| Morning rainfall | North gauge | Storm rainfall | Station | South gauge |
| --- | --- | --- | --- | --- |
| 23.3 mm | 62.6 mm | 30.5 mm | Fairview | 2.6 mm |
| 32.0 mm | 55.1 mm | 19.2 mm | Hillcrest | 50.2 mm |
| 41.2 mm | 56.9 mm | 99.6 mm | Maple | 56.4 mm |
| 54.2 mm | 65.3 mm | 21.5 mm | Oakridge | 3.0 mm |
| 19.0 mm | 67.5 mm | 3.7 mm | Lakeside | 7.8 mm |
| 25.8 mm | 28.9 mm | 12.9 mm | Westhaven | 54.3 mm |

Question: Find the absolute difference between the Morning rainfall values of Lakeside and Fairview.",4.3 mm,"[{""row_index"": 4, ""column_index"": 0, ""row_identifier_column"": ""Station"", ""row_identifier_value"": ""Lakeside"", ""column"": ""Morning rainfall"", ""raw_value"": 19.0, ""display_value"": ""19.0 mm""}, {""row_index"": 0, ""column_index"": 0, ""row_identifier_column"": ""Station"", ""row_identifier_value"": ""Fairview"", ""column"": ""Morning rainfall"", ""raw_value"": 23.3, ""display_value"": ""23.3 mm""}]",absolute_difference,2,"{""headers"": [""Morning rainfall"", ""North gauge"", ""Storm rainfall"", ""Station"", ""South gauge""], ""rows"": [[""23.3 mm"", ""62.6 mm"", ""30.5 mm"", ""Fairview"", ""2.6 mm""], [""32.0 mm"", ""55.1 mm"", ""19.2 mm"", ""Hillcrest"", ""50.2 mm""], [""41.2 mm"", ""56.9 mm"", ""99.6 mm"", ""Maple"", ""56.4 mm""], [""54.2 mm"", ""65.3 mm"", ""21.5 mm"", ""Oakridge"", ""3.0 mm""], [""19.0 mm"", ""67.5 mm"", ""3.7 mm"", ""Lakeside"", ""7.8 mm""], [""25.8 mm"", ""28.9 mm"", ""12.9 mm"", ""Westhaven"", ""54.3 mm""]]}"
A-L2-0049,2,cross_row_difference,battery_energy,Find the absolute difference between the Discharge energy values of Cell-D1 and Cell-F2.,"| Evening energy | Charge energy | Morning energy | Discharge energy | Cell |
| --- | --- | --- | --- | --- |
| 1.10 kWh | 3.73 kWh | 5.03 kWh | 7.22 kWh | Cell-D2 |
| 2.09 kWh | 6.59 kWh | 4.50 kWh | 9.29 kWh | Cell-A1 |
| 3.53 kWh | 4.11 kWh | 5.41 kWh | 5.06 kWh | Cell-F2 |
| 2.61 kWh | 6.65 kWh | 1.88 kWh | 0.51 kWh | Cell-A2 |
| 5.01 kWh | 7.32 kWh | 3.64 kWh | 10.20 kWh | Cell-D1 |
| 4.67 kWh | 6.49 kWh | 1.23 kWh | 11.52 kWh | Cell-B1 |
| 1.61 kWh | 2.46 kWh | 0.45 kWh | 6.00 kWh | Cell-C1 |
| 6.18 kWh | 0.60 kWh | 2.99 kWh | 8.45 kWh | Cell-B2 |
| 4.69 kWh | 1.05 kWh | 6.72 kWh | 5.33 kWh | Cell-E2 |","Answer the question using the table. Perform the required calculation and return only the final value with its unit.

Table:
| Evening energy | Charge energy | Morning energy | Discharge energy | Cell |
| --- | --- | --- | --- | --- |
| 1.10 kWh | 3.73 kWh | 5.03 kWh | 7.22 kWh | Cell-D2 |
| 2.09 kWh | 6.59 kWh | 4.50 kWh | 9.29 kWh | Cell-A1 |
| 3.53 kWh | 4.11 kWh | 5.41 kWh | 5.06 kWh | Cell-F2 |
| 2.61 kWh | 6.65 kWh | 1.88 kWh | 0.51 kWh | Cell-A2 |
| 5.01 kWh | 7.32 kWh | 3.64 kWh | 10.20 kWh | Cell-D1 |
| 4.67 kWh | 6.49 kWh | 1.23 kWh | 11.52 kWh | Cell-B1 |
| 1.61 kWh | 2.46 kWh | 0.45 kWh | 6.00 kWh | Cell-C1 |
| 6.18 kWh | 0.60 kWh | 2.99 kWh | 8.45 kWh | Cell-B2 |
| 4.69 kWh | 1.05 kWh | 6.72 kWh | 5.33 kWh | Cell-E2 |

Question: Find the absolute difference between the Discharge energy values of Cell-D1 and Cell-F2.",5.14 kWh,"[{""row_index"": 4, ""column_index"": 3, ""row_identifier_column"": ""Cell"", ""row_identifier_value"": ""Cell-D1"", ""column"": ""Discharge energy"", ""raw_value"": 10.2, ""display_value"": ""10.20 kWh""}, {""row_index"": 2, ""column_index"": 3, ""row_identifier_column"": ""Cell"", ""row_identifier_value"": ""Cell-F2"", ""column"": ""Discharge energy"", ""raw_value"": 5.06, ""display_value"": ""5.06 kWh""}]",absolute_difference,2,"{""headers"": [""Evening energy"", ""Charge energy"", ""Morning energy"", ""Discharge energy"", ""Cell""], ""rows"": [[""1.10 kWh"", ""3.73 kWh"", ""5.03 kWh"", ""7.22 kWh"", ""Cell-D2""], [""2.09 kWh"", ""6.59 kWh"", ""4.50 kWh"", ""9.29 kWh"", ""Cell-A1""], [""3.53 kWh"", ""4.11 kWh"", ""5.41 kWh"", ""5.06 kWh"", ""Cell-F2""], [""2.61 kWh"", ""6.65 kWh"", ""1.88 kWh"", ""0.51 kWh"", ""Cell-A2""], [""5.01 kWh"", ""7.32 kWh"", ""3.64 kWh"", ""10.20 kWh"", ""Cell-D1""], [""4.67 kWh"", ""6.49 kWh"", ""1.23 kWh"", ""11.52 kWh"", ""Cell-B1""], [""1.61 kWh"", ""2.46 kWh"", ""0.45 kWh"", ""6.00 kWh"", ""Cell-C1""], [""6.18 kWh"", ""0.60 kWh"", ""2.99 kWh"", ""8.45 kWh"", ""Cell-B2""], [""4.69 kWh"", ""1.05 kWh"", ""6.72 kWh"", ""5.33 kWh"", ""Cell-E2""]]}"
A-L2-0050,2,cross_row_sum,quarterly_sales,Add the Q4 sales values for Orion and Lakeside. What is the total?,"| Retail sales | Q4 sales | Q3 sales | Region |
| --- | --- | --- | --- |
| 37.1 kUSD | 104.6 kUSD | 454.4 kUSD | Maple |
| 293.7 kUSD | 172.5 kUSD | 202.2 kUSD | Lakeside |
| 272.9 kUSD | 445.2 kUSD | 487.3 kUSD | Orion |
| 95.0 kUSD | 49.4 kUSD | 467.0 kUSD | Riverton |
| 30.4 kUSD | 321.3 kUSD | 463.8 kUSD | Cedar |
| 109.7 kUSD | 78.9 kUSD | 150.0 kUSD | Oakridge |
| 77.1 kUSD | 351.7 kUSD | 30.9 kUSD | Hillcrest |
| 115.1 kUSD | 499.9 kUSD | 213.8 kUSD | Clearwater |
| 171.2 kUSD | 339.9 kUSD | 480.7 kUSD | Brookfield |","Answer the question using the table. Perform the required calculation and return only the final value with its unit.

Table:
| Retail sales | Q4 sales | Q3 sales | Region |
| --- | --- | --- | --- |
| 37.1 kUSD | 104.6 kUSD | 454.4 kUSD | Maple |
| 293.7 kUSD | 172.5 kUSD | 202.2 kUSD | Lakeside |
| 272.9 kUSD | 445.2 kUSD | 487.3 kUSD | Orion |
| 95.0 kUSD | 49.4 kUSD | 467.0 kUSD | Riverton |
| 30.4 kUSD | 321.3 kUSD | 463.8 kUSD | Cedar |
| 109.7 kUSD | 78.9 kUSD | 150.0 kUSD | Oakridge |
| 77.1 kUSD | 351.7 kUSD | 30.9 kUSD | Hillcrest |
| 115.1 kUSD | 499.9 kUSD | 213.8 kUSD | Clearwater |
| 171.2 kUSD | 339.9 kUSD | 480.7 kUSD | Brookfield |

Question: Add the Q4 sales values for Orion and Lakeside. What is the total?",617.7 kUSD,"[{""row_index"": 2, ""column_index"": 1, ""row_identifier_column"": ""Region"", ""row_identifier_value"": ""Orion"", ""column"": ""Q4 sales"", ""raw_value"": 445.2, ""display_value"": ""445.2 kUSD""}, {""row_index"": 1, ""column_index"": 1, ""row_identifier_column"": ""Region"", ""row_identifier_value"": ""Lakeside"", ""column"": ""Q4 sales"", ""raw_value"": 172.5, ""display_value"": ""172.5 kUSD""}]",add,2,"{""headers"": [""Retail sales"", ""Q4 sales"", ""Q3 sales"", ""Region""], ""rows"": [[""37.1 kUSD"", ""104.6 kUSD"", ""454.4 kUSD"", ""Maple""], [""293.7 kUSD"", ""172.5 kUSD"", ""202.2 kUSD"", ""Lakeside""], [""272.9 kUSD"", ""445.2 kUSD"", ""487.3 kUSD"", ""Orion""], [""95.0 kUSD"", ""49.4 kUSD"", ""467.0 kUSD"", ""Riverton""], [""30.4 kUSD"", ""321.3 kUSD"", ""463.8 kUSD"", ""Cedar""], [""109.7 kUSD"", ""78.9 kUSD"", ""150.0 kUSD"", ""Oakridge""], [""77.1 kUSD"", ""351.7 kUSD"", ""30.9 kUSD"", ""Hillcrest""], [""115.1 kUSD"", ""499.9 kUSD"", ""213.8 kUSD"", ""Clearwater""], [""171.2 kUSD"", ""339.9 kUSD"", ""480.7 kUSD"", ""Brookfield""]]}"
A-L2-0051,2,same_row_difference,rainfall_measurements,Find the absolute difference between Hillcrest's Storm rainfall and Morning rainfall.,"| Station | Storm rainfall | Evening rainfall | South gauge | North gauge | Afternoon rainfall | Morning rainfall |
| --- | --- | --- | --- | --- | --- | --- |
| Orion | 83.6 mm | 30.9 mm | 23.8 mm | 48.9 mm | 18.3 mm | 33.4 mm |
| Clearwater | 91.4 mm | 37.1 mm | 38.8 mm | 60.3 mm | 54.1 mm | 31.6 mm |
| Riverton | 97.0 mm | 5.2 mm | 47.1 mm | 29.8 mm | 33.8 mm | 39.0 mm |
| Hillcrest | 8.9 mm | 7.4 mm | 9.4 mm | 29.0 mm | 24.8 mm | 0.5 mm |
| Brookfield | 53.1 mm | 9.7 mm | 10.5 mm | 27.0 mm | 41.1 mm | 33.2 mm |
| Westhaven | 13.9 mm | 7.7 mm | 49.1 mm | 50.4 mm | 39.9 mm | 14.9 mm |
| Cedar | 79.6 mm | 31.8 mm | 0.9 mm | 14.2 mm | 13.6 mm | 15.7 mm |","Answer the question using the table. Perform the required calculation and return only the final value with its unit.

Table:
| Station | Storm rainfall | Evening rainfall | South gauge | North gauge | Afternoon rainfall | Morning rainfall |
| --- | --- | --- | --- | --- | --- | --- |
| Orion | 83.6 mm | 30.9 mm | 23.8 mm | 48.9 mm | 18.3 mm | 33.4 mm |
| Clearwater | 91.4 mm | 37.1 mm | 38.8 mm | 60.3 mm | 54.1 mm | 31.6 mm |
| Riverton | 97.0 mm | 5.2 mm | 47.1 mm | 29.8 mm | 33.8 mm | 39.0 mm |
| Hillcrest | 8.9 mm | 7.4 mm | 9.4 mm | 29.0 mm | 24.8 mm | 0.5 mm |
| Brookfield | 53.1 mm | 9.7 mm | 10.5 mm | 27.0 mm | 41.1 mm | 33.2 mm |
| Westhaven | 13.9 mm | 7.7 mm | 49.1 mm | 50.4 mm | 39.9 mm | 14.9 mm |
| Cedar | 79.6 mm | 31.8 mm | 0.9 mm | 14.2 mm | 13.6 mm | 15.7 mm |

Question: Find the absolute difference between Hillcrest's Storm rainfall and Morning rainfall.",8.4 mm,"[{""row_index"": 3, ""column_index"": 1, ""row_identifier_column"": ""Station"", ""row_identifier_value"": ""Hillcrest"", ""column"": ""Storm rainfall"", ""raw_value"": 8.9, ""display_value"": ""8.9 mm""}, {""row_index"": 3, ""column_index"": 6, ""row_identifier_column"": ""Station"", ""row_identifier_value"": ""Hillcrest"", ""column"": ""Morning rainfall"", ""raw_value"": 0.5, ""display_value"": ""0.5 mm""}]",absolute_difference,2,"{""headers"": [""Station"", ""Storm rainfall"", ""Evening rainfall"", ""South gauge"", ""North gauge"", ""Afternoon rainfall"", ""Morning rainfall""], ""rows"": [[""Orion"", ""83.6 mm"", ""30.9 mm"", ""23.8 mm"", ""48.9 mm"", ""18.3 mm"", ""33.4 mm""], [""Clearwater"", ""91.4 mm"", ""37.1 mm"", ""38.8 mm"", ""60.3 mm"", ""54.1 mm"", ""31.6 mm""], [""Riverton"", ""97.0 mm"", ""5.2 mm"", ""47.1 mm"", ""29.8 mm"", ""33.8 mm"", ""39.0 mm""], [""Hillcrest"", ""8.9 mm"", ""7.4 mm"", ""9.4 mm"", ""29.0 mm"", ""24.8 mm"", ""0.5 mm""], [""Brookfield"", ""53.1 mm"", ""9.7 mm"", ""10.5 mm"", ""27.0 mm"", ""41.1 mm"", ""33.2 mm""], [""Westhaven"", ""13.9 mm"", ""7.7 mm"", ""49.1 mm"", ""50.4 mm"", ""39.9 mm"", ""14.9 mm""], [""Cedar"", ""79.6 mm"", ""31.8 mm"", ""0.9 mm"", ""14.2 mm"", ""13.6 mm"", ""15.7 mm""]]}"
A-L2-0052,2,same_row_difference,hiking_route,Find the absolute difference between Iris's Uphill distance and Downhill distance.,"| Hiker | Ridge distance | Forest distance | Downhill distance | Uphill distance | Morning distance | Afternoon distance |
| --- | --- | --- | --- | --- | --- | --- |
| Iris | 11.8 km | 13.5 km | 3.0 km | 11.3 km | 14.0 km | 10.2 km |
| Maya | 14.5 km | 3.8 km | 10.7 km | 5.9 km | 5.1 km | 6.3 km |
| Alex | 1.0 km | 14.4 km | 5.1 km | 10.3 km | 3.3 km | 7.5 km |
| Julia | 8.7 km | 4.2 km | 9.5 km | 3.2 km | 5.3 km | 8.1 km |
| Ava | 9.1 km | 14.0 km | 9.0 km | 2.6 km | 5.7 km | 10.1 km |
| Oliver | 4.5 km | 5.3 km | 10.2 km | 11.0 km | 12.6 km | 16.4 km |","Answer the question using the table. Perform the required calculation and return only the final value with its unit.

Table:
| Hiker | Ridge distance | Forest distance | Downhill distance | Uphill distance | Morning distance | Afternoon distance |
| --- | --- | --- | --- | --- | --- | --- |
| Iris | 11.8 km | 13.5 km | 3.0 km | 11.3 km | 14.0 km | 10.2 km |
| Maya | 14.5 km | 3.8 km | 10.7 km | 5.9 km | 5.1 km | 6.3 km |
| Alex | 1.0 km | 14.4 km | 5.1 km | 10.3 km | 3.3 km | 7.5 km |
| Julia | 8.7 km | 4.2 km | 9.5 km | 3.2 km | 5.3 km | 8.1 km |
| Ava | 9.1 km | 14.0 km | 9.0 km | 2.6 km | 5.7 km | 10.1 km |
| Oliver | 4.5 km | 5.3 km | 10.2 km | 11.0 km | 12.6 km | 16.4 km |

Question: Find the absolute difference between Iris's Uphill distance and Downhill distance.",8.3 km,"[{""row_index"": 0, ""column_index"": 4, ""row_identifier_column"": ""Hiker"", ""row_identifier_value"": ""Iris"", ""column"": ""Uphill distance"", ""raw_value"": 11.3, ""display_value"": ""11.3 km""}, {""row_index"": 0, ""column_index"": 3, ""row_identifier_column"": ""Hiker"", ""row_identifier_value"": ""Iris"", ""column"": ""Downhill distance"", ""raw_value"": 3.0, ""display_value"": ""3.0 km""}]",absolute_difference,2,"{""headers"": [""Hiker"", ""Ridge distance"", ""Forest distance"", ""Downhill distance"", ""Uphill distance"", ""Morning distance"", ""Afternoon distance""], ""rows"": [[""Iris"", ""11.8 km"", ""13.5 km"", ""3.0 km"", ""11.3 km"", ""14.0 km"", ""10.2 km""], [""Maya"", ""14.5 km"", ""3.8 km"", ""10.7 km"", ""5.9 km"", ""5.1 km"", ""6.3 km""], [""Alex"", ""1.0 km"", ""14.4 km"", ""5.1 km"", ""10.3 km"", ""3.3 km"", ""7.5 km""], [""Julia"", ""8.7 km"", ""4.2 km"", ""9.5 km"", ""3.2 km"", ""5.3 km"", ""8.1 km""], [""Ava"", ""9.1 km"", ""14.0 km"", ""9.0 km"", ""2.6 km"", ""5.7 km"", ""10.1 km""], [""Oliver"", ""4.5 km"", ""5.3 km"", ""10.2 km"", ""11.0 km"", ""12.6 km"", ""16.4 km""]]}"
A-L2-0053,2,cross_row_sum,hiking_route,What is the combined Downhill distance of Oliver and Daniel?,"| Downhill distance | Morning distance | Hiker | Afternoon distance |
| --- | --- | --- | --- |
| 2.2 km | 3.0 km | Oliver | 3.3 km |
| 9.6 km | 2.4 km | Sofia | 12.6 km |
| 3.9 km | 17.3 km | Jisoo | 10.4 km |
| 2.1 km | 12.3 km | Daniel | 16.5 km |","Answer the question using the table. Perform the required calculation and return only the final value with its unit.

Table:
| Downhill distance | Morning distance | Hiker | Afternoon distance |
| --- | --- | --- | --- |
| 2.2 km | 3.0 km | Oliver | 3.3 km |
| 9.6 km | 2.4 km | Sofia | 12.6 km |
| 3.9 km | 17.3 km | Jisoo | 10.4 km |
| 2.1 km | 12.3 km | Daniel | 16.5 km |

Question: What is the combined Downhill distance of Oliver and Daniel?",4.3 km,"[{""row_index"": 0, ""column_index"": 0, ""row_identifier_column"": ""Hiker"", ""row_identifier_value"": ""Oliver"", ""column"": ""Downhill distance"", ""raw_value"": 2.2, ""display_value"": ""2.2 km""}, {""row_index"": 3, ""column_index"": 0, ""row_identifier_column"": ""Hiker"", ""row_identifier_value"": ""Daniel"", ""column"": ""Downhill distance"", ""raw_value"": 2.1, ""display_value"": ""2.1 km""}]",add,2,"{""headers"": [""Downhill distance"", ""Morning distance"", ""Hiker"", ""Afternoon distance""], ""rows"": [[""2.2 km"", ""3.0 km"", ""Oliver"", ""3.3 km""], [""9.6 km"", ""2.4 km"", ""Sofia"", ""12.6 km""], [""3.9 km"", ""17.3 km"", ""Jisoo"", ""10.4 km""], [""2.1 km"", ""12.3 km"", ""Daniel"", ""16.5 km""]]}"
A-L2-0054,2,cross_row_difference,basketball_game,Find the absolute difference between the Second-half points values of Cyclones and Falcons.,"| Paint points | Team | Bench points | First-half points | Fast-break points | Second-half points | Free-throw points |
| --- | --- | --- | --- | --- | --- | --- |
| 19 points | Knights | 18 points | 49 points | 6 points | 63 points | 11 points |
| 38 points | Falcons | 11 points | 61 points | 28 points | 38 points | 11 points |
| 11 points | Cyclones | 7 points | 58 points | 24 points | 64 points | 35 points |
| 36 points | Ravens | 19 points | 67 points | 11 points | 58 points | 10 points |
| 54 points | Hawks | 21 points | 29 points | 22 points | 54 points | 24 points |","Answer the question using the table. Perform the required calculation and return only the final value with its unit.

Table:
| Paint points | Team | Bench points | First-half points | Fast-break points | Second-half points | Free-throw points |
| --- | --- | --- | --- | --- | --- | --- |
| 19 points | Knights | 18 points | 49 points | 6 points | 63 points | 11 points |
| 38 points | Falcons | 11 points | 61 points | 28 points | 38 points | 11 points |
| 11 points | Cyclones | 7 points | 58 points | 24 points | 64 points | 35 points |
| 36 points | Ravens | 19 points | 67 points | 11 points | 58 points | 10 points |
| 54 points | Hawks | 21 points | 29 points | 22 points | 54 points | 24 points |

Question: Find the absolute difference between the Second-half points values of Cyclones and Falcons.",26 points,"[{""row_index"": 2, ""column_index"": 5, ""row_identifier_column"": ""Team"", ""row_identifier_value"": ""Cyclones"", ""column"": ""Second-half points"", ""raw_value"": 64.0, ""display_value"": ""64 points""}, {""row_index"": 1, ""column_index"": 5, ""row_identifier_column"": ""Team"", ""row_identifier_value"": ""Falcons"", ""column"": ""Second-half points"", ""raw_value"": 38.0, ""display_value"": ""38 points""}]",absolute_difference,2,"{""headers"": [""Paint points"", ""Team"", ""Bench points"", ""First-half points"", ""Fast-break points"", ""Second-half points"", ""Free-throw points""], ""rows"": [[""19 points"", ""Knights"", ""18 points"", ""49 points"", ""6 points"", ""63 points"", ""11 points""], [""38 points"", ""Falcons"", ""11 points"", ""61 points"", ""28 points"", ""38 points"", ""11 points""], [""11 points"", ""Cyclones"", ""7 points"", ""58 points"", ""24 points"", ""64 points"", ""35 points""], [""36 points"", ""Ravens"", ""19 points"", ""67 points"", ""11 points"", ""58 points"", ""10 points""], [""54 points"", ""Hawks"", ""21 points"", ""29 points"", ""22 points"", ""54 points"", ""24 points""]]}"
A-L2-0055,2,cross_row_sum,ml_latency,What is the combined Postprocessing latency of Pulse and Delta?,"| Inference latency | Preprocessing latency | Queue latency | Postprocessing latency | Tokenization latency | Model | Network latency |
| --- | --- | --- | --- | --- | --- | --- |
| 108.9 ms | 22.6 ms | 23.3 ms | 9.9 ms | 24.0 ms | Helix | 67.7 ms |
| 61.0 ms | 25.0 ms | 58.9 ms | 25.0 ms | 8.1 ms | Pulse | 56.0 ms |
| 108.7 ms | 3.9 ms | 44.7 ms | 17.4 ms | 4.8 ms | Aurora | 29.1 ms |
| 26.0 ms | 3.5 ms | 66.4 ms | 8.1 ms | 7.0 ms | Delta | 28.9 ms |","Answer the question using the table. Perform the required calculation and return only the final value with its unit.

Table:
| Inference latency | Preprocessing latency | Queue latency | Postprocessing latency | Tokenization latency | Model | Network latency |
| --- | --- | --- | --- | --- | --- | --- |
| 108.9 ms | 22.6 ms | 23.3 ms | 9.9 ms | 24.0 ms | Helix | 67.7 ms |
| 61.0 ms | 25.0 ms | 58.9 ms | 25.0 ms | 8.1 ms | Pulse | 56.0 ms |
| 108.7 ms | 3.9 ms | 44.7 ms | 17.4 ms | 4.8 ms | Aurora | 29.1 ms |
| 26.0 ms | 3.5 ms | 66.4 ms | 8.1 ms | 7.0 ms | Delta | 28.9 ms |

Question: What is the combined Postprocessing latency of Pulse and Delta?",33.1 ms,"[{""row_index"": 1, ""column_index"": 3, ""row_identifier_column"": ""Model"", ""row_identifier_value"": ""Pulse"", ""column"": ""Postprocessing latency"", ""raw_value"": 25.0, ""display_value"": ""25.0 ms""}, {""row_index"": 3, ""column_index"": 3, ""row_identifier_column"": ""Model"", ""row_identifier_value"": ""Delta"", ""column"": ""Postprocessing latency"", ""raw_value"": 8.1, ""display_value"": ""8.1 ms""}]",add,2,"{""headers"": [""Inference latency"", ""Preprocessing latency"", ""Queue latency"", ""Postprocessing latency"", ""Tokenization latency"", ""Model"", ""Network latency""], ""rows"": [[""108.9 ms"", ""22.6 ms"", ""23.3 ms"", ""9.9 ms"", ""24.0 ms"", ""Helix"", ""67.7 ms""], [""61.0 ms"", ""25.0 ms"", ""58.9 ms"", ""25.0 ms"", ""8.1 ms"", ""Pulse"", ""56.0 ms""], [""108.7 ms"", ""3.9 ms"", ""44.7 ms"", ""17.4 ms"", ""4.8 ms"", ""Aurora"", ""29.1 ms""], [""26.0 ms"", ""3.5 ms"", ""66.4 ms"", ""8.1 ms"", ""7.0 ms"", ""Delta"", ""28.9 ms""]]}"
A-L2-0056,2,cross_row_sum,lab_mass_measurements,Add the Material mass values for Sample-J and Sample-C. What is the total?,"| Container mass | Sample | Final mass | Material mass | Initial mass | Wet mass | Dry mass |
| --- | --- | --- | --- | --- | --- | --- |
| 40.9 g | Sample-I | 196.1 g | 124.3 g | 235.8 g | 282.0 g | 187.3 g |
| 46.0 g | Sample-J | 39.8 g | 18.9 g | 257.7 g | 274.0 g | 267.7 g |
| 50.3 g | Sample-E | 25.0 g | 312.3 g | 29.5 g | 114.0 g | 63.1 g |
| 109.0 g | Sample-B | 356.2 g | 230.3 g | 272.4 g | 16.0 g | 204.9 g |
| 68.4 g | Sample-C | 162.1 g | 194.9 g | 46.9 g | 402.1 g | 250.1 g |
| 99.3 g | Sample-K | 69.9 g | 67.6 g | 280.3 g | 371.6 g | 263.7 g |","Answer the question using the table. Perform the required calculation and return only the final value with its unit.

Table:
| Container mass | Sample | Final mass | Material mass | Initial mass | Wet mass | Dry mass |
| --- | --- | --- | --- | --- | --- | --- |
| 40.9 g | Sample-I | 196.1 g | 124.3 g | 235.8 g | 282.0 g | 187.3 g |
| 46.0 g | Sample-J | 39.8 g | 18.9 g | 257.7 g | 274.0 g | 267.7 g |
| 50.3 g | Sample-E | 25.0 g | 312.3 g | 29.5 g | 114.0 g | 63.1 g |
| 109.0 g | Sample-B | 356.2 g | 230.3 g | 272.4 g | 16.0 g | 204.9 g |
| 68.4 g | Sample-C | 162.1 g | 194.9 g | 46.9 g | 402.1 g | 250.1 g |
| 99.3 g | Sample-K | 69.9 g | 67.6 g | 280.3 g | 371.6 g | 263.7 g |

Question: Add the Material mass values for Sample-J and Sample-C. What is the total?",213.8 g,"[{""row_index"": 1, ""column_index"": 3, ""row_identifier_column"": ""Sample"", ""row_identifier_value"": ""Sample-J"", ""column"": ""Material mass"", ""raw_value"": 18.9, ""display_value"": ""18.9 g""}, {""row_index"": 4, ""column_index"": 3, ""row_identifier_column"": ""Sample"", ""row_identifier_value"": ""Sample-C"", ""column"": ""Material mass"", ""raw_value"": 194.9, ""display_value"": ""194.9 g""}]",add,2,"{""headers"": [""Container mass"", ""Sample"", ""Final mass"", ""Material mass"", ""Initial mass"", ""Wet mass"", ""Dry mass""], ""rows"": [[""40.9 g"", ""Sample-I"", ""196.1 g"", ""124.3 g"", ""235.8 g"", ""282.0 g"", ""187.3 g""], [""46.0 g"", ""Sample-J"", ""39.8 g"", ""18.9 g"", ""257.7 g"", ""274.0 g"", ""267.7 g""], [""50.3 g"", ""Sample-E"", ""25.0 g"", ""312.3 g"", ""29.5 g"", ""114.0 g"", ""63.1 g""], [""109.0 g"", ""Sample-B"", ""356.2 g"", ""230.3 g"", ""272.4 g"", ""16.0 g"", ""204.9 g""], [""68.4 g"", ""Sample-C"", ""162.1 g"", ""194.9 g"", ""46.9 g"", ""402.1 g"", ""250.1 g""], [""99.3 g"", ""Sample-K"", ""69.9 g"", ""67.6 g"", ""280.3 g"", ""371.6 g"", ""263.7 g""]]}"
A-L2-0057,2,cross_row_sum,basketball_game,Add the First-half points values for Falcons and Panthers. What is the total?,"| Free-throw points | Team | Bench points | Second-half points | Paint points | First-half points |
| --- | --- | --- | --- | --- | --- |
| 28 points | Dragons | 41 points | 20 points | 15 points | 40 points |
| 26 points | Sharks | 16 points | 41 points | 19 points | 56 points |
| 33 points | Ravens | 12 points | 31 points | 53 points | 57 points |
| 30 points | Hawks | 11 points | 47 points | 51 points | 51 points |
| 26 points | Bulls | 38 points | 27 points | 33 points | 53 points |
| 7 points | Falcons | 15 points | 61 points | 30 points | 67 points |
| 26 points | Panthers | 37 points | 32 points | 40 points | 68 points |","Answer the question using the table. Perform the required calculation and return only the final value with its unit.

Table:
| Free-throw points | Team | Bench points | Second-half points | Paint points | First-half points |
| --- | --- | --- | --- | --- | --- |
| 28 points | Dragons | 41 points | 20 points | 15 points | 40 points |
| 26 points | Sharks | 16 points | 41 points | 19 points | 56 points |
| 33 points | Ravens | 12 points | 31 points | 53 points | 57 points |
| 30 points | Hawks | 11 points | 47 points | 51 points | 51 points |
| 26 points | Bulls | 38 points | 27 points | 33 points | 53 points |
| 7 points | Falcons | 15 points | 61 points | 30 points | 67 points |
| 26 points | Panthers | 37 points | 32 points | 40 points | 68 points |

Question: Add the First-half points values for Falcons and Panthers. What is the total?",135 points,"[{""row_index"": 5, ""column_index"": 5, ""row_identifier_column"": ""Team"", ""row_identifier_value"": ""Falcons"", ""column"": ""First-half points"", ""raw_value"": 67.0, ""display_value"": ""67 points""}, {""row_index"": 6, ""column_index"": 5, ""row_identifier_column"": ""Team"", ""row_identifier_value"": ""Panthers"", ""column"": ""First-half points"", ""raw_value"": 68.0, ""display_value"": ""68 points""}]",add,2,"{""headers"": [""Free-throw points"", ""Team"", ""Bench points"", ""Second-half points"", ""Paint points"", ""First-half points""], ""rows"": [[""28 points"", ""Dragons"", ""41 points"", ""20 points"", ""15 points"", ""40 points""], [""26 points"", ""Sharks"", ""16 points"", ""41 points"", ""19 points"", ""56 points""], [""33 points"", ""Ravens"", ""12 points"", ""31 points"", ""53 points"", ""57 points""], [""30 points"", ""Hawks"", ""11 points"", ""47 points"", ""51 points"", ""51 points""], [""26 points"", ""Bulls"", ""38 points"", ""27 points"", ""33 points"", ""53 points""], [""7 points"", ""Falcons"", ""15 points"", ""61 points"", ""30 points"", ""67 points""], [""26 points"", ""Panthers"", ""37 points"", ""32 points"", ""40 points"", ""68 points""]]}"
A-L2-0058,2,cross_row_sum,lab_mass_measurements,What is the combined Final mass of Sample-D and Sample-K?,"| Sample | Dry mass | Container mass | Final mass | Initial mass | Material mass |
| --- | --- | --- | --- | --- | --- |
| Sample-H | 281.8 g | 119.6 g | 58.0 g | 183.2 g | 99.7 g |
| Sample-A | 161.6 g | 58.4 g | 351.5 g | 379.9 g | 34.2 g |
| Sample-K | 183.7 g | 68.8 g | 178.1 g | 170.1 g | 62.5 g |
| Sample-D | 162.8 g | 28.6 g | 87.0 g | 156.8 g | 254.4 g |
| Sample-I | 214.9 g | 109.0 g | 171.2 g | 408.5 g | 131.5 g |
| Sample-G | 243.0 g | 76.5 g | 391.5 g | 248.4 g | 326.6 g |
| Sample-C | 275.1 g | 104.9 g | 23.6 g | 169.1 g | 45.1 g |
| Sample-L | 268.2 g | 27.0 g | 268.0 g | 241.0 g | 36.6 g |","Answer the question using the table. Perform the required calculation and return only the final value with its unit.

Table:
| Sample | Dry mass | Container mass | Final mass | Initial mass | Material mass |
| --- | --- | --- | --- | --- | --- |
| Sample-H | 281.8 g | 119.6 g | 58.0 g | 183.2 g | 99.7 g |
| Sample-A | 161.6 g | 58.4 g | 351.5 g | 379.9 g | 34.2 g |
| Sample-K | 183.7 g | 68.8 g | 178.1 g | 170.1 g | 62.5 g |
| Sample-D | 162.8 g | 28.6 g | 87.0 g | 156.8 g | 254.4 g |
| Sample-I | 214.9 g | 109.0 g | 171.2 g | 408.5 g | 131.5 g |
| Sample-G | 243.0 g | 76.5 g | 391.5 g | 248.4 g | 326.6 g |
| Sample-C | 275.1 g | 104.9 g | 23.6 g | 169.1 g | 45.1 g |
| Sample-L | 268.2 g | 27.0 g | 268.0 g | 241.0 g | 36.6 g |

Question: What is the combined Final mass of Sample-D and Sample-K?",265.1 g,"[{""row_index"": 3, ""column_index"": 3, ""row_identifier_column"": ""Sample"", ""row_identifier_value"": ""Sample-D"", ""column"": ""Final mass"", ""raw_value"": 87.0, ""display_value"": ""87.0 g""}, {""row_index"": 2, ""column_index"": 3, ""row_identifier_column"": ""Sample"", ""row_identifier_value"": ""Sample-K"", ""column"": ""Final mass"", ""raw_value"": 178.1, ""display_value"": ""178.1 g""}]",add,2,"{""headers"": [""Sample"", ""Dry mass"", ""Container mass"", ""Final mass"", ""Initial mass"", ""Material mass""], ""rows"": [[""Sample-H"", ""281.8 g"", ""119.6 g"", ""58.0 g"", ""183.2 g"", ""99.7 g""], [""Sample-A"", ""161.6 g"", ""58.4 g"", ""351.5 g"", ""379.9 g"", ""34.2 g""], [""Sample-K"", ""183.7 g"", ""68.8 g"", ""178.1 g"", ""170.1 g"", ""62.5 g""], [""Sample-D"", ""162.8 g"", ""28.6 g"", ""87.0 g"", ""156.8 g"", ""254.4 g""], [""Sample-I"", ""214.9 g"", ""109.0 g"", ""171.2 g"", ""408.5 g"", ""131.5 g""], [""Sample-G"", ""243.0 g"", ""76.5 g"", ""391.5 g"", ""248.4 g"", ""326.6 g""], [""Sample-C"", ""275.1 g"", ""104.9 g"", ""23.6 g"", ""169.1 g"", ""45.1 g""], [""Sample-L"", ""268.2 g"", ""27.0 g"", ""268.0 g"", ""241.0 g"", ""36.6 g""]]}"
A-L2-0059,2,cross_row_sum,rainfall_measurements,What is the combined Afternoon rainfall of Oakridge and Orion?,"| Station | Evening rainfall | Storm rainfall | Afternoon rainfall | Morning rainfall | North gauge | South gauge |
| --- | --- | --- | --- | --- | --- | --- |
| Lakeside | 9.7 mm | 51.4 mm | 41.2 mm | 21.7 mm | 1.9 mm | 68.1 mm |
| Westhaven | 3.1 mm | 83.0 mm | 6.8 mm | 16.8 mm | 17.0 mm | 13.0 mm |
| Orion | 20.5 mm | 41.6 mm | 42.8 mm | 39.3 mm | 20.3 mm | 4.7 mm |
| Oakridge | 8.8 mm | 61.1 mm | 4.8 mm | 32.4 mm | 28.0 mm | 51.4 mm |","Answer the question using the table. Perform the required calculation and return only the final value with its unit.

Table:
| Station | Evening rainfall | Storm rainfall | Afternoon rainfall | Morning rainfall | North gauge | South gauge |
| --- | --- | --- | --- | --- | --- | --- |
| Lakeside | 9.7 mm | 51.4 mm | 41.2 mm | 21.7 mm | 1.9 mm | 68.1 mm |
| Westhaven | 3.1 mm | 83.0 mm | 6.8 mm | 16.8 mm | 17.0 mm | 13.0 mm |
| Orion | 20.5 mm | 41.6 mm | 42.8 mm | 39.3 mm | 20.3 mm | 4.7 mm |
| Oakridge | 8.8 mm | 61.1 mm | 4.8 mm | 32.4 mm | 28.0 mm | 51.4 mm |

Question: What is the combined Afternoon rainfall of Oakridge and Orion?",47.6 mm,"[{""row_index"": 3, ""column_index"": 3, ""row_identifier_column"": ""Station"", ""row_identifier_value"": ""Oakridge"", ""column"": ""Afternoon rainfall"", ""raw_value"": 4.8, ""display_value"": ""4.8 mm""}, {""row_index"": 2, ""column_index"": 3, ""row_identifier_column"": ""Station"", ""row_identifier_value"": ""Orion"", ""column"": ""Afternoon rainfall"", ""raw_value"": 42.8, ""display_value"": ""42.8 mm""}]",add,2,"{""headers"": [""Station"", ""Evening rainfall"", ""Storm rainfall"", ""Afternoon rainfall"", ""Morning rainfall"", ""North gauge"", ""South gauge""], ""rows"": [[""Lakeside"", ""9.7 mm"", ""51.4 mm"", ""41.2 mm"", ""21.7 mm"", ""1.9 mm"", ""68.1 mm""], [""Westhaven"", ""3.1 mm"", ""83.0 mm"", ""6.8 mm"", ""16.8 mm"", ""17.0 mm"", ""13.0 mm""], [""Orion"", ""20.5 mm"", ""41.6 mm"", ""42.8 mm"", ""39.3 mm"", ""20.3 mm"", ""4.7 mm""], [""Oakridge"", ""8.8 mm"", ""61.1 mm"", ""4.8 mm"", ""32.4 mm"", ""28.0 mm"", ""51.4 mm""]]}"
A-L2-0060,2,same_row_difference,ml_latency,How far apart are the Network latency and Queue latency values for Atlas? Return the absolute difference.,"| Queue latency | Tokenization latency | Postprocessing latency | Model | Network latency | Preprocessing latency | Inference latency |
| --- | --- | --- | --- | --- | --- | --- |
| 26.9 ms | 9.1 ms | 19.6 ms | Quartz | 55.3 ms | 25.9 ms | 29.6 ms |
| 36.0 ms | 10.3 ms | 14.2 ms | Zenith | 35.0 ms | 24.6 ms | 56.7 ms |
| 20.3 ms | 21.5 ms | 9.9 ms | Aurora | 23.7 ms | 18.4 ms | 152.9 ms |
| 36.0 ms | 12.5 ms | 5.3 ms | Atlas | 47.1 ms | 5.2 ms | 27.1 ms |
| 57.9 ms | 12.6 ms | 10.4 ms | Nimbus | 39.9 ms | 25.0 ms | 10.3 ms |
| 40.8 ms | 19.6 ms | 1.7 ms | Echo | 78.6 ms | 23.4 ms | 169.7 ms |
| 67.5 ms | 1.0 ms | 3.4 ms | Sigma | 76.8 ms | 15.0 ms | 89.8 ms |","Answer the question using the table. Perform the required calculation and return only the final value with its unit.

Table:
| Queue latency | Tokenization latency | Postprocessing latency | Model | Network latency | Preprocessing latency | Inference latency |
| --- | --- | --- | --- | --- | --- | --- |
| 26.9 ms | 9.1 ms | 19.6 ms | Quartz | 55.3 ms | 25.9 ms | 29.6 ms |
| 36.0 ms | 10.3 ms | 14.2 ms | Zenith | 35.0 ms | 24.6 ms | 56.7 ms |
| 20.3 ms | 21.5 ms | 9.9 ms | Aurora | 23.7 ms | 18.4 ms | 152.9 ms |
| 36.0 ms | 12.5 ms | 5.3 ms | Atlas | 47.1 ms | 5.2 ms | 27.1 ms |
| 57.9 ms | 12.6 ms | 10.4 ms | Nimbus | 39.9 ms | 25.0 ms | 10.3 ms |
| 40.8 ms | 19.6 ms | 1.7 ms | Echo | 78.6 ms | 23.4 ms | 169.7 ms |
| 67.5 ms | 1.0 ms | 3.4 ms | Sigma | 76.8 ms | 15.0 ms | 89.8 ms |

Question: How far apart are the Network latency and Queue latency values for Atlas? Return the absolute difference.",11.1 ms,"[{""row_index"": 3, ""column_index"": 4, ""row_identifier_column"": ""Model"", ""row_identifier_value"": ""Atlas"", ""column"": ""Network latency"", ""raw_value"": 47.1, ""display_value"": ""47.1 ms""}, {""row_index"": 3, ""column_index"": 0, ""row_identifier_column"": ""Model"", ""row_identifier_value"": ""Atlas"", ""column"": ""Queue latency"", ""raw_value"": 36.0, ""display_value"": ""36.0 ms""}]",absolute_difference,2,"{""headers"": [""Queue latency"", ""Tokenization latency"", ""Postprocessing latency"", ""Model"", ""Network latency"", ""Preprocessing latency"", ""Inference latency""], ""rows"": [[""26.9 ms"", ""9.1 ms"", ""19.6 ms"", ""Quartz"", ""55.3 ms"", ""25.9 ms"", ""29.6 ms""], [""36.0 ms"", ""10.3 ms"", ""14.2 ms"", ""Zenith"", ""35.0 ms"", ""24.6 ms"", ""56.7 ms""], [""20.3 ms"", ""21.5 ms"", ""9.9 ms"", ""Aurora"", ""23.7 ms"", ""18.4 ms"", ""152.9 ms""], [""36.0 ms"", ""12.5 ms"", ""5.3 ms"", ""Atlas"", ""47.1 ms"", ""5.2 ms"", ""27.1 ms""], [""57.9 ms"", ""12.6 ms"", ""10.4 ms"", ""Nimbus"", ""39.9 ms"", ""25.0 ms"", ""10.3 ms""], [""40.8 ms"", ""19.6 ms"", ""1.7 ms"", ""Echo"", ""78.6 ms"", ""23.4 ms"", ""169.7 ms""], [""67.5 ms"", ""1.0 ms"", ""3.4 ms"", ""Sigma"", ""76.8 ms"", ""15.0 ms"", ""89.8 ms""]]}"
A-L2-0061,2,same_row_difference,lab_mass_measurements,How far apart are the Material mass and Container mass values for Sample-F? Return the absolute difference.,"| Material mass | Initial mass | Container mass | Dry mass | Sample | Wet mass | Final mass |
| --- | --- | --- | --- | --- | --- | --- |
| 174.6 g | 298.3 g | 66.0 g | 189.4 g | Sample-F | 446.2 g | 294.7 g |
| 100.1 g | 364.8 g | 72.4 g | 227.7 g | Sample-E | 210.0 g | 170.3 g |
| 16.5 g | 374.4 g | 107.1 g | 237.4 g | Sample-D | 67.3 g | 243.8 g |
| 17.5 g | 318.3 g | 13.0 g | 69.8 g | Sample-L | 294.8 g | 428.1 g |
| 58.8 g | 448.4 g | 43.3 g | 239.7 g | Sample-A | 26.7 g | 54.8 g |
| 112.8 g | 72.1 g | 41.7 g | 166.8 g | Sample-K | 191.7 g | 418.1 g |
| 171.1 g | 382.9 g | 29.5 g | 272.4 g | Sample-J | 446.2 g | 259.2 g |
| 118.1 g | 337.2 g | 110.6 g | 50.1 g | Sample-I | 202.2 g | 91.9 g |","Answer the question using the table. Perform the required calculation and return only the final value with its unit.

Table:
| Material mass | Initial mass | Container mass | Dry mass | Sample | Wet mass | Final mass |
| --- | --- | --- | --- | --- | --- | --- |
| 174.6 g | 298.3 g | 66.0 g | 189.4 g | Sample-F | 446.2 g | 294.7 g |
| 100.1 g | 364.8 g | 72.4 g | 227.7 g | Sample-E | 210.0 g | 170.3 g |
| 16.5 g | 374.4 g | 107.1 g | 237.4 g | Sample-D | 67.3 g | 243.8 g |
| 17.5 g | 318.3 g | 13.0 g | 69.8 g | Sample-L | 294.8 g | 428.1 g |
| 58.8 g | 448.4 g | 43.3 g | 239.7 g | Sample-A | 26.7 g | 54.8 g |
| 112.8 g | 72.1 g | 41.7 g | 166.8 g | Sample-K | 191.7 g | 418.1 g |
| 171.1 g | 382.9 g | 29.5 g | 272.4 g | Sample-J | 446.2 g | 259.2 g |
| 118.1 g | 337.2 g | 110.6 g | 50.1 g | Sample-I | 202.2 g | 91.9 g |

Question: How far apart are the Material mass and Container mass values for Sample-F? Return the absolute difference.",108.6 g,"[{""row_index"": 0, ""column_index"": 0, ""row_identifier_column"": ""Sample"", ""row_identifier_value"": ""Sample-F"", ""column"": ""Material mass"", ""raw_value"": 174.6, ""display_value"": ""174.6 g""}, {""row_index"": 0, ""column_index"": 2, ""row_identifier_column"": ""Sample"", ""row_identifier_value"": ""Sample-F"", ""column"": ""Container mass"", ""raw_value"": 66.0, ""display_value"": ""66.0 g""}]",absolute_difference,2,"{""headers"": [""Material mass"", ""Initial mass"", ""Container mass"", ""Dry mass"", ""Sample"", ""Wet mass"", ""Final mass""], ""rows"": [[""174.6 g"", ""298.3 g"", ""66.0 g"", ""189.4 g"", ""Sample-F"", ""446.2 g"", ""294.7 g""], [""100.1 g"", ""364.8 g"", ""72.4 g"", ""227.7 g"", ""Sample-E"", ""210.0 g"", ""170.3 g""], [""16.5 g"", ""374.4 g"", ""107.1 g"", ""237.4 g"", ""Sample-D"", ""67.3 g"", ""243.8 g""], [""17.5 g"", ""318.3 g"", ""13.0 g"", ""69.8 g"", ""Sample-L"", ""294.8 g"", ""428.1 g""], [""58.8 g"", ""448.4 g"", ""43.3 g"", ""239.7 g"", ""Sample-A"", ""26.7 g"", ""54.8 g""], [""112.8 g"", ""72.1 g"", ""41.7 g"", ""166.8 g"", ""Sample-K"", ""191.7 g"", ""418.1 g""], [""171.1 g"", ""382.9 g"", ""29.5 g"", ""272.4 g"", ""Sample-J"", ""446.2 g"", ""259.2 g""], [""118.1 g"", ""337.2 g"", ""110.6 g"", ""50.1 g"", ""Sample-I"", ""202.2 g"", ""91.9 g""]]}"
A-L2-0062,2,cross_row_sum,hiking_route,"According to the table, what do Nora and Sofia have in total for Uphill distance?","| Forest distance | Uphill distance | Hiker | Ridge distance | Downhill distance |
| --- | --- | --- | --- | --- |
| 7.1 km | 0.7 km | Chris | 4.9 km | 2.7 km |
| 8.6 km | 3.4 km | Ryan | 11.1 km | 8.6 km |
| 13.8 km | 10.9 km | Lucas | 1.1 km | 10.8 km |
| 11.0 km | 9.5 km | Leo | 14.6 km | 11.4 km |
| 14.6 km | 10.8 km | Nora | 9.9 km | 8.4 km |
| 11.6 km | 10.0 km | Ethan | 12.2 km | 12.0 km |
| 12.8 km | 4.5 km | Ava | 9.0 km | 11.7 km |
| 8.0 km | 6.7 km | Lena | 13.5 km | 10.7 km |
| 4.2 km | 7.0 km | Sofia | 2.0 km | 1.6 km |","Answer the question using the table. Perform the required calculation and return only the final value with its unit.

Table:
| Forest distance | Uphill distance | Hiker | Ridge distance | Downhill distance |
| --- | --- | --- | --- | --- |
| 7.1 km | 0.7 km | Chris | 4.9 km | 2.7 km |
| 8.6 km | 3.4 km | Ryan | 11.1 km | 8.6 km |
| 13.8 km | 10.9 km | Lucas | 1.1 km | 10.8 km |
| 11.0 km | 9.5 km | Leo | 14.6 km | 11.4 km |
| 14.6 km | 10.8 km | Nora | 9.9 km | 8.4 km |
| 11.6 km | 10.0 km | Ethan | 12.2 km | 12.0 km |
| 12.8 km | 4.5 km | Ava | 9.0 km | 11.7 km |
| 8.0 km | 6.7 km | Lena | 13.5 km | 10.7 km |
| 4.2 km | 7.0 km | Sofia | 2.0 km | 1.6 km |

Question: According to the table, what do Nora and Sofia have in total for Uphill distance?",17.8 km,"[{""row_index"": 4, ""column_index"": 1, ""row_identifier_column"": ""Hiker"", ""row_identifier_value"": ""Nora"", ""column"": ""Uphill distance"", ""raw_value"": 10.8, ""display_value"": ""10.8 km""}, {""row_index"": 8, ""column_index"": 1, ""row_identifier_column"": ""Hiker"", ""row_identifier_value"": ""Sofia"", ""column"": ""Uphill distance"", ""raw_value"": 7.0, ""display_value"": ""7.0 km""}]",add,2,"{""headers"": [""Forest distance"", ""Uphill distance"", ""Hiker"", ""Ridge distance"", ""Downhill distance""], ""rows"": [[""7.1 km"", ""0.7 km"", ""Chris"", ""4.9 km"", ""2.7 km""], [""8.6 km"", ""3.4 km"", ""Ryan"", ""11.1 km"", ""8.6 km""], [""13.8 km"", ""10.9 km"", ""Lucas"", ""1.1 km"", ""10.8 km""], [""11.0 km"", ""9.5 km"", ""Leo"", ""14.6 km"", ""11.4 km""], [""14.6 km"", ""10.8 km"", ""Nora"", ""9.9 km"", ""8.4 km""], [""11.6 km"", ""10.0 km"", ""Ethan"", ""12.2 km"", ""12.0 km""], [""12.8 km"", ""4.5 km"", ""Ava"", ""9.0 km"", ""11.7 km""], [""8.0 km"", ""6.7 km"", ""Lena"", ""13.5 km"", ""10.7 km""], [""4.2 km"", ""7.0 km"", ""Sofia"", ""2.0 km"", ""1.6 km""]]}"
A-L2-0063,2,same_row_sum,basketball_game,"For Sharks, what is Paint points plus Bench points?","| Team | Fast-break points | Second-half points | Paint points | Bench points |
| --- | --- | --- | --- | --- |
| Sharks | 20 points | 57 points | 31 points | 33 points |
| Tigers | 26 points | 42 points | 11 points | 8 points |
| Ravens | 25 points | 52 points | 43 points | 15 points |
| Dragons | 9 points | 24 points | 43 points | 19 points |
| Knights | 29 points | 27 points | 17 points | 23 points |
| Bulls | 17 points | 31 points | 48 points | 6 points |
| Hawks | 3 points | 20 points | 13 points | 36 points |
| Cyclones | 12 points | 30 points | 29 points | 39 points |","Answer the question using the table. Perform the required calculation and return only the final value with its unit.

Table:
| Team | Fast-break points | Second-half points | Paint points | Bench points |
| --- | --- | --- | --- | --- |
| Sharks | 20 points | 57 points | 31 points | 33 points |
| Tigers | 26 points | 42 points | 11 points | 8 points |
| Ravens | 25 points | 52 points | 43 points | 15 points |
| Dragons | 9 points | 24 points | 43 points | 19 points |
| Knights | 29 points | 27 points | 17 points | 23 points |
| Bulls | 17 points | 31 points | 48 points | 6 points |
| Hawks | 3 points | 20 points | 13 points | 36 points |
| Cyclones | 12 points | 30 points | 29 points | 39 points |

Question: For Sharks, what is Paint points plus Bench points?",64 points,"[{""row_index"": 0, ""column_index"": 3, ""row_identifier_column"": ""Team"", ""row_identifier_value"": ""Sharks"", ""column"": ""Paint points"", ""raw_value"": 31.0, ""display_value"": ""31 points""}, {""row_index"": 0, ""column_index"": 4, ""row_identifier_column"": ""Team"", ""row_identifier_value"": ""Sharks"", ""column"": ""Bench points"", ""raw_value"": 33.0, ""display_value"": ""33 points""}]",add,2,"{""headers"": [""Team"", ""Fast-break points"", ""Second-half points"", ""Paint points"", ""Bench points""], ""rows"": [[""Sharks"", ""20 points"", ""57 points"", ""31 points"", ""33 points""], [""Tigers"", ""26 points"", ""42 points"", ""11 points"", ""8 points""], [""Ravens"", ""25 points"", ""52 points"", ""43 points"", ""15 points""], [""Dragons"", ""9 points"", ""24 points"", ""43 points"", ""19 points""], [""Knights"", ""29 points"", ""27 points"", ""17 points"", ""23 points""], [""Bulls"", ""17 points"", ""31 points"", ""48 points"", ""6 points""], [""Hawks"", ""3 points"", ""20 points"", ""13 points"", ""36 points""], [""Cyclones"", ""12 points"", ""30 points"", ""29 points"", ""39 points""]]}"
A-L2-0064,2,cross_row_difference,hiking_route,What is the absolute difference in Morning distance between Maya and Ryan?,"| Downhill distance | Afternoon distance | Ridge distance | Hiker | Morning distance | Uphill distance | Forest distance |
| --- | --- | --- | --- | --- | --- | --- |
| 4.4 km | 15.6 km | 8.0 km | Maya | 7.8 km | 8.7 km | 6.4 km |
| 2.0 km | 7.7 km | 7.5 km | Ryan | 17.1 km | 5.9 km | 6.3 km |
| 8.2 km | 17.1 km | 2.5 km | Oliver | 9.4 km | 9.4 km | 1.6 km |
| 7.4 km | 15.6 km | 7.7 km | Mina | 16.8 km | 5.2 km | 7.6 km |","Answer the question using the table. Perform the required calculation and return only the final value with its unit.

Table:
| Downhill distance | Afternoon distance | Ridge distance | Hiker | Morning distance | Uphill distance | Forest distance |
| --- | --- | --- | --- | --- | --- | --- |
| 4.4 km | 15.6 km | 8.0 km | Maya | 7.8 km | 8.7 km | 6.4 km |
| 2.0 km | 7.7 km | 7.5 km | Ryan | 17.1 km | 5.9 km | 6.3 km |
| 8.2 km | 17.1 km | 2.5 km | Oliver | 9.4 km | 9.4 km | 1.6 km |
| 7.4 km | 15.6 km | 7.7 km | Mina | 16.8 km | 5.2 km | 7.6 km |

Question: What is the absolute difference in Morning distance between Maya and Ryan?",9.3 km,"[{""row_index"": 0, ""column_index"": 4, ""row_identifier_column"": ""Hiker"", ""row_identifier_value"": ""Maya"", ""column"": ""Morning distance"", ""raw_value"": 7.8, ""display_value"": ""7.8 km""}, {""row_index"": 1, ""column_index"": 4, ""row_identifier_column"": ""Hiker"", ""row_identifier_value"": ""Ryan"", ""column"": ""Morning distance"", ""raw_value"": 17.1, ""display_value"": ""17.1 km""}]",absolute_difference,2,"{""headers"": [""Downhill distance"", ""Afternoon distance"", ""Ridge distance"", ""Hiker"", ""Morning distance"", ""Uphill distance"", ""Forest distance""], ""rows"": [[""4.4 km"", ""15.6 km"", ""8.0 km"", ""Maya"", ""7.8 km"", ""8.7 km"", ""6.4 km""], [""2.0 km"", ""7.7 km"", ""7.5 km"", ""Ryan"", ""17.1 km"", ""5.9 km"", ""6.3 km""], [""8.2 km"", ""17.1 km"", ""2.5 km"", ""Oliver"", ""9.4 km"", ""9.4 km"", ""1.6 km""], [""7.4 km"", ""15.6 km"", ""7.7 km"", ""Mina"", ""16.8 km"", ""5.2 km"", ""7.6 km""]]}"
A-L2-0065,2,same_row_difference,rainfall_measurements,How far apart are the Storm rainfall and Morning rainfall values for Hillcrest? Return the absolute difference.,"| North gauge | Storm rainfall | Afternoon rainfall | Station | Morning rainfall |
| --- | --- | --- | --- | --- |
| 56.5 mm | 70.0 mm | 4.5 mm | Westhaven | 31.9 mm |
| 29.8 mm | 36.9 mm | 41.3 mm | Brookfield | 8.9 mm |
| 50.0 mm | 84.7 mm | 12.5 mm | Hillcrest | 20.1 mm |
| 66.2 mm | 38.3 mm | 29.8 mm | Clearwater | 36.6 mm |
| 21.2 mm | 67.7 mm | 31.0 mm | Oakridge | 47.2 mm |
| 9.4 mm | 40.4 mm | 19.2 mm | Fairview | 40.6 mm |","Answer the question using the table. Perform the required calculation and return only the final value with its unit.

Table:
| North gauge | Storm rainfall | Afternoon rainfall | Station | Morning rainfall |
| --- | --- | --- | --- | --- |
| 56.5 mm | 70.0 mm | 4.5 mm | Westhaven | 31.9 mm |
| 29.8 mm | 36.9 mm | 41.3 mm | Brookfield | 8.9 mm |
| 50.0 mm | 84.7 mm | 12.5 mm | Hillcrest | 20.1 mm |
| 66.2 mm | 38.3 mm | 29.8 mm | Clearwater | 36.6 mm |
| 21.2 mm | 67.7 mm | 31.0 mm | Oakridge | 47.2 mm |
| 9.4 mm | 40.4 mm | 19.2 mm | Fairview | 40.6 mm |

Question: How far apart are the Storm rainfall and Morning rainfall values for Hillcrest? Return the absolute difference.",64.6 mm,"[{""row_index"": 2, ""column_index"": 1, ""row_identifier_column"": ""Station"", ""row_identifier_value"": ""Hillcrest"", ""column"": ""Storm rainfall"", ""raw_value"": 84.7, ""display_value"": ""84.7 mm""}, {""row_index"": 2, ""column_index"": 4, ""row_identifier_column"": ""Station"", ""row_identifier_value"": ""Hillcrest"", ""column"": ""Morning rainfall"", ""raw_value"": 20.1, ""display_value"": ""20.1 mm""}]",absolute_difference,2,"{""headers"": [""North gauge"", ""Storm rainfall"", ""Afternoon rainfall"", ""Station"", ""Morning rainfall""], ""rows"": [[""56.5 mm"", ""70.0 mm"", ""4.5 mm"", ""Westhaven"", ""31.9 mm""], [""29.8 mm"", ""36.9 mm"", ""41.3 mm"", ""Brookfield"", ""8.9 mm""], [""50.0 mm"", ""84.7 mm"", ""12.5 mm"", ""Hillcrest"", ""20.1 mm""], [""66.2 mm"", ""38.3 mm"", ""29.8 mm"", ""Clearwater"", ""36.6 mm""], [""21.2 mm"", ""67.7 mm"", ""31.0 mm"", ""Oakridge"", ""47.2 mm""], [""9.4 mm"", ""40.4 mm"", ""19.2 mm"", ""Fairview"", ""40.6 mm""]]}"
A-L2-0066,2,same_row_sum,hiking_route,"According to the table, what is the combined value of Morning distance and Afternoon distance for Mina?","| Afternoon distance | Downhill distance | Ridge distance | Morning distance | Hiker |
| --- | --- | --- | --- | --- |
| 13.2 km | 1.7 km | 12.9 km | 15.4 km | Lena |
| 16.4 km | 8.3 km | 14.1 km | 1.6 km | Leo |
| 16.9 km | 8.3 km | 3.0 km | 17.1 km | Mina |
| 17.7 km | 6.8 km | 3.4 km | 15.9 km | Yuna |
| 16.7 km | 3.1 km | 10.1 km | 12.6 km | Ryan |","Answer the question using the table. Perform the required calculation and return only the final value with its unit.

Table:
| Afternoon distance | Downhill distance | Ridge distance | Morning distance | Hiker |
| --- | --- | --- | --- | --- |
| 13.2 km | 1.7 km | 12.9 km | 15.4 km | Lena |
| 16.4 km | 8.3 km | 14.1 km | 1.6 km | Leo |
| 16.9 km | 8.3 km | 3.0 km | 17.1 km | Mina |
| 17.7 km | 6.8 km | 3.4 km | 15.9 km | Yuna |
| 16.7 km | 3.1 km | 10.1 km | 12.6 km | Ryan |

Question: According to the table, what is the combined value of Morning distance and Afternoon distance for Mina?",34.0 km,"[{""row_index"": 2, ""column_index"": 3, ""row_identifier_column"": ""Hiker"", ""row_identifier_value"": ""Mina"", ""column"": ""Morning distance"", ""raw_value"": 17.1, ""display_value"": ""17.1 km""}, {""row_index"": 2, ""column_index"": 0, ""row_identifier_column"": ""Hiker"", ""row_identifier_value"": ""Mina"", ""column"": ""Afternoon distance"", ""raw_value"": 16.9, ""display_value"": ""16.9 km""}]",add,2,"{""headers"": [""Afternoon distance"", ""Downhill distance"", ""Ridge distance"", ""Morning distance"", ""Hiker""], ""rows"": [[""13.2 km"", ""1.7 km"", ""12.9 km"", ""15.4 km"", ""Lena""], [""16.4 km"", ""8.3 km"", ""14.1 km"", ""1.6 km"", ""Leo""], [""16.9 km"", ""8.3 km"", ""3.0 km"", ""17.1 km"", ""Mina""], [""17.7 km"", ""6.8 km"", ""3.4 km"", ""15.9 km"", ""Yuna""], [""16.7 km"", ""3.1 km"", ""10.1 km"", ""12.6 km"", ""Ryan""]]}"
A-L2-0067,2,cross_row_sum,rainfall_measurements,Add the South gauge values for Brookfield and Pinehurst. What is the total?,"| South gauge | Station | Evening rainfall | Morning rainfall |
| --- | --- | --- | --- |
| 42.3 mm | Westhaven | 42.7 mm | 15.3 mm |
| 37.0 mm | Brookfield | 36.5 mm | 28.2 mm |
| 50.4 mm | Clearwater | 35.7 mm | 53.2 mm |
| 53.8 mm | Pinehurst | 6.6 mm | 42.5 mm |
| 12.7 mm | Lakeside | 30.2 mm | 0.1 mm |
| 59.5 mm | Riverton | 39.7 mm | 43.6 mm |
| 35.1 mm | Hillcrest | 10.1 mm | 17.3 mm |","Answer the question using the table. Perform the required calculation and return only the final value with its unit.

Table:
| South gauge | Station | Evening rainfall | Morning rainfall |
| --- | --- | --- | --- |
| 42.3 mm | Westhaven | 42.7 mm | 15.3 mm |
| 37.0 mm | Brookfield | 36.5 mm | 28.2 mm |
| 50.4 mm | Clearwater | 35.7 mm | 53.2 mm |
| 53.8 mm | Pinehurst | 6.6 mm | 42.5 mm |
| 12.7 mm | Lakeside | 30.2 mm | 0.1 mm |
| 59.5 mm | Riverton | 39.7 mm | 43.6 mm |
| 35.1 mm | Hillcrest | 10.1 mm | 17.3 mm |

Question: Add the South gauge values for Brookfield and Pinehurst. What is the total?",90.8 mm,"[{""row_index"": 1, ""column_index"": 0, ""row_identifier_column"": ""Station"", ""row_identifier_value"": ""Brookfield"", ""column"": ""South gauge"", ""raw_value"": 37.0, ""display_value"": ""37.0 mm""}, {""row_index"": 3, ""column_index"": 0, ""row_identifier_column"": ""Station"", ""row_identifier_value"": ""Pinehurst"", ""column"": ""South gauge"", ""raw_value"": 53.8, ""display_value"": ""53.8 mm""}]",add,2,"{""headers"": [""South gauge"", ""Station"", ""Evening rainfall"", ""Morning rainfall""], ""rows"": [[""42.3 mm"", ""Westhaven"", ""42.7 mm"", ""15.3 mm""], [""37.0 mm"", ""Brookfield"", ""36.5 mm"", ""28.2 mm""], [""50.4 mm"", ""Clearwater"", ""35.7 mm"", ""53.2 mm""], [""53.8 mm"", ""Pinehurst"", ""6.6 mm"", ""42.5 mm""], [""12.7 mm"", ""Lakeside"", ""30.2 mm"", ""0.1 mm""], [""59.5 mm"", ""Riverton"", ""39.7 mm"", ""43.6 mm""], [""35.1 mm"", ""Hillcrest"", ""10.1 mm"", ""17.3 mm""]]}"
A-L2-0068,2,cross_row_difference,race_sector_times,How far apart are Ethan and Maya in Pit-lane time? Return the absolute difference.,"| Sector 3 time | Penalty time | Driver | Stop time | Sector 1 time | Pit-lane time |
| --- | --- | --- | --- | --- | --- |
| 35.16 s | 8.82 s | Sofia | 12.37 s | 20.05 s | 31.24 s |
| 44.76 s | 7.82 s | Lucas | 7.44 s | 39.45 s | 18.86 s |
| 22.82 s | 6.55 s | Daniel | 14.26 s | 36.82 s | 17.92 s |
| 20.20 s | 2.85 s | Ethan | 2.85 s | 38.76 s | 15.18 s |
| 40.14 s | 6.14 s | Maya | 10.37 s | 31.70 s | 15.99 s |","Answer the question using the table. Perform the required calculation and return only the final value with its unit.

Table:
| Sector 3 time | Penalty time | Driver | Stop time | Sector 1 time | Pit-lane time |
| --- | --- | --- | --- | --- | --- |
| 35.16 s | 8.82 s | Sofia | 12.37 s | 20.05 s | 31.24 s |
| 44.76 s | 7.82 s | Lucas | 7.44 s | 39.45 s | 18.86 s |
| 22.82 s | 6.55 s | Daniel | 14.26 s | 36.82 s | 17.92 s |
| 20.20 s | 2.85 s | Ethan | 2.85 s | 38.76 s | 15.18 s |
| 40.14 s | 6.14 s | Maya | 10.37 s | 31.70 s | 15.99 s |

Question: How far apart are Ethan and Maya in Pit-lane time? Return the absolute difference.",0.81 s,"[{""row_index"": 3, ""column_index"": 5, ""row_identifier_column"": ""Driver"", ""row_identifier_value"": ""Ethan"", ""column"": ""Pit-lane time"", ""raw_value"": 15.18, ""display_value"": ""15.18 s""}, {""row_index"": 4, ""column_index"": 5, ""row_identifier_column"": ""Driver"", ""row_identifier_value"": ""Maya"", ""column"": ""Pit-lane time"", ""raw_value"": 15.99, ""display_value"": ""15.99 s""}]",absolute_difference,2,"{""headers"": [""Sector 3 time"", ""Penalty time"", ""Driver"", ""Stop time"", ""Sector 1 time"", ""Pit-lane time""], ""rows"": [[""35.16 s"", ""8.82 s"", ""Sofia"", ""12.37 s"", ""20.05 s"", ""31.24 s""], [""44.76 s"", ""7.82 s"", ""Lucas"", ""7.44 s"", ""39.45 s"", ""18.86 s""], [""22.82 s"", ""6.55 s"", ""Daniel"", ""14.26 s"", ""36.82 s"", ""17.92 s""], [""20.20 s"", ""2.85 s"", ""Ethan"", ""2.85 s"", ""38.76 s"", ""15.18 s""], [""40.14 s"", ""6.14 s"", ""Maya"", ""10.37 s"", ""31.70 s"", ""15.99 s""]]}"
A-L2-0069,2,cross_row_sum,rainfall_measurements,What is the combined South gauge of Pinehurst and Cedar?,"| North gauge | South gauge | Afternoon rainfall | Station | Evening rainfall | Storm rainfall | Morning rainfall |
| --- | --- | --- | --- | --- | --- | --- |
| 12.8 mm | 62.8 mm | 22.9 mm | Cedar | 33.3 mm | 62.7 mm | 19.8 mm |
| 12.3 mm | 4.6 mm | 9.0 mm | Pinehurst | 8.7 mm | 46.4 mm | 25.8 mm |
| 61.1 mm | 47.2 mm | 1.2 mm | Maple | 17.5 mm | 66.4 mm | 36.2 mm |
| 48.7 mm | 66.6 mm | 26.3 mm | Westhaven | 52.1 mm | 44.3 mm | 32.5 mm |","Answer the question using the table. Perform the required calculation and return only the final value with its unit.

Table:
| North gauge | South gauge | Afternoon rainfall | Station | Evening rainfall | Storm rainfall | Morning rainfall |
| --- | --- | --- | --- | --- | --- | --- |
| 12.8 mm | 62.8 mm | 22.9 mm | Cedar | 33.3 mm | 62.7 mm | 19.8 mm |
| 12.3 mm | 4.6 mm | 9.0 mm | Pinehurst | 8.7 mm | 46.4 mm | 25.8 mm |
| 61.1 mm | 47.2 mm | 1.2 mm | Maple | 17.5 mm | 66.4 mm | 36.2 mm |
| 48.7 mm | 66.6 mm | 26.3 mm | Westhaven | 52.1 mm | 44.3 mm | 32.5 mm |

Question: What is the combined South gauge of Pinehurst and Cedar?",67.4 mm,"[{""row_index"": 1, ""column_index"": 1, ""row_identifier_column"": ""Station"", ""row_identifier_value"": ""Pinehurst"", ""column"": ""South gauge"", ""raw_value"": 4.6, ""display_value"": ""4.6 mm""}, {""row_index"": 0, ""column_index"": 1, ""row_identifier_column"": ""Station"", ""row_identifier_value"": ""Cedar"", ""column"": ""South gauge"", ""raw_value"": 62.8, ""display_value"": ""62.8 mm""}]",add,2,"{""headers"": [""North gauge"", ""South gauge"", ""Afternoon rainfall"", ""Station"", ""Evening rainfall"", ""Storm rainfall"", ""Morning rainfall""], ""rows"": [[""12.8 mm"", ""62.8 mm"", ""22.9 mm"", ""Cedar"", ""33.3 mm"", ""62.7 mm"", ""19.8 mm""], [""12.3 mm"", ""4.6 mm"", ""9.0 mm"", ""Pinehurst"", ""8.7 mm"", ""46.4 mm"", ""25.8 mm""], [""61.1 mm"", ""47.2 mm"", ""1.2 mm"", ""Maple"", ""17.5 mm"", ""66.4 mm"", ""36.2 mm""], [""48.7 mm"", ""66.6 mm"", ""26.3 mm"", ""Westhaven"", ""52.1 mm"", ""44.3 mm"", ""32.5 mm""]]}"
A-L2-0070,2,cross_row_difference,quarterly_sales,Find the absolute difference between the Q1 sales values of Oakridge and Clearwater.,"| Q1 sales | Retail sales | Region | Online sales | Q4 sales | Q3 sales | Q2 sales |
| --- | --- | --- | --- | --- | --- | --- |
| 390.1 kUSD | 279.9 kUSD | Oakridge | 19.7 kUSD | 271.4 kUSD | 413.9 kUSD | 451.8 kUSD |
| 433.3 kUSD | 161.0 kUSD | Hillcrest | 118.0 kUSD | 480.7 kUSD | 32.6 kUSD | 350.7 kUSD |
| 418.7 kUSD | 296.3 kUSD | Westhaven | 93.1 kUSD | 353.1 kUSD | 319.7 kUSD | 44.3 kUSD |
| 284.7 kUSD | 46.7 kUSD | Clearwater | 171.8 kUSD | 85.6 kUSD | 157.7 kUSD | 186.5 kUSD |
| 139.1 kUSD | 203.3 kUSD | Lakeside | 166.1 kUSD | 495.2 kUSD | 226.8 kUSD | 66.2 kUSD |
| 199.5 kUSD | 91.8 kUSD | Riverton | 297.6 kUSD | 324.7 kUSD | 482.0 kUSD | 182.1 kUSD |","Answer the question using the table. Perform the required calculation and return only the final value with its unit.

Table:
| Q1 sales | Retail sales | Region | Online sales | Q4 sales | Q3 sales | Q2 sales |
| --- | --- | --- | --- | --- | --- | --- |
| 390.1 kUSD | 279.9 kUSD | Oakridge | 19.7 kUSD | 271.4 kUSD | 413.9 kUSD | 451.8 kUSD |
| 433.3 kUSD | 161.0 kUSD | Hillcrest | 118.0 kUSD | 480.7 kUSD | 32.6 kUSD | 350.7 kUSD |
| 418.7 kUSD | 296.3 kUSD | Westhaven | 93.1 kUSD | 353.1 kUSD | 319.7 kUSD | 44.3 kUSD |
| 284.7 kUSD | 46.7 kUSD | Clearwater | 171.8 kUSD | 85.6 kUSD | 157.7 kUSD | 186.5 kUSD |
| 139.1 kUSD | 203.3 kUSD | Lakeside | 166.1 kUSD | 495.2 kUSD | 226.8 kUSD | 66.2 kUSD |
| 199.5 kUSD | 91.8 kUSD | Riverton | 297.6 kUSD | 324.7 kUSD | 482.0 kUSD | 182.1 kUSD |

Question: Find the absolute difference between the Q1 sales values of Oakridge and Clearwater.",105.4 kUSD,"[{""row_index"": 0, ""column_index"": 0, ""row_identifier_column"": ""Region"", ""row_identifier_value"": ""Oakridge"", ""column"": ""Q1 sales"", ""raw_value"": 390.1, ""display_value"": ""390.1 kUSD""}, {""row_index"": 3, ""column_index"": 0, ""row_identifier_column"": ""Region"", ""row_identifier_value"": ""Clearwater"", ""column"": ""Q1 sales"", ""raw_value"": 284.7, ""display_value"": ""284.7 kUSD""}]",absolute_difference,2,"{""headers"": [""Q1 sales"", ""Retail sales"", ""Region"", ""Online sales"", ""Q4 sales"", ""Q3 sales"", ""Q2 sales""], ""rows"": [[""390.1 kUSD"", ""279.9 kUSD"", ""Oakridge"", ""19.7 kUSD"", ""271.4 kUSD"", ""413.9 kUSD"", ""451.8 kUSD""], [""433.3 kUSD"", ""161.0 kUSD"", ""Hillcrest"", ""118.0 kUSD"", ""480.7 kUSD"", ""32.6 kUSD"", ""350.7 kUSD""], [""418.7 kUSD"", ""296.3 kUSD"", ""Westhaven"", ""93.1 kUSD"", ""353.1 kUSD"", ""319.7 kUSD"", ""44.3 kUSD""], [""284.7 kUSD"", ""46.7 kUSD"", ""Clearwater"", ""171.8 kUSD"", ""85.6 kUSD"", ""157.7 kUSD"", ""186.5 kUSD""], [""139.1 kUSD"", ""203.3 kUSD"", ""Lakeside"", ""166.1 kUSD"", ""495.2 kUSD"", ""226.8 kUSD"", ""66.2 kUSD""], [""199.5 kUSD"", ""91.8 kUSD"", ""Riverton"", ""297.6 kUSD"", ""324.7 kUSD"", ""482.0 kUSD"", ""182.1 kUSD""]]}"
A-L2-0071,2,cross_row_difference,battery_energy,How far apart are Cell-B1 and Cell-C1 in Morning energy? Return the absolute difference.,"| Discharge energy | Charge energy | Auxiliary energy | Morning energy | Cell | Afternoon energy |
| --- | --- | --- | --- | --- | --- |
| 8.34 kWh | 10.70 kWh | 3.69 kWh | 7.15 kWh | Cell-C2 | 2.10 kWh |
| 6.71 kWh | 1.63 kWh | 1.29 kWh | 4.38 kWh | Cell-B1 | 0.38 kWh |
| 2.02 kWh | 2.99 kWh | 2.25 kWh | 4.63 kWh | Cell-F2 | 4.89 kWh |
| 2.60 kWh | 4.20 kWh | 3.45 kWh | 0.40 kWh | Cell-E2 | 1.90 kWh |
| 5.11 kWh | 7.91 kWh | 1.70 kWh | 5.70 kWh | Cell-C1 | 5.81 kWh |
| 10.83 kWh | 10.58 kWh | 0.38 kWh | 4.80 kWh | Cell-A1 | 6.74 kWh |
| 7.87 kWh | 7.16 kWh | 0.41 kWh | 2.33 kWh | Cell-E1 | 1.61 kWh |","Answer the question using the table. Perform the required calculation and return only the final value with its unit.

Table:
| Discharge energy | Charge energy | Auxiliary energy | Morning energy | Cell | Afternoon energy |
| --- | --- | --- | --- | --- | --- |
| 8.34 kWh | 10.70 kWh | 3.69 kWh | 7.15 kWh | Cell-C2 | 2.10 kWh |
| 6.71 kWh | 1.63 kWh | 1.29 kWh | 4.38 kWh | Cell-B1 | 0.38 kWh |
| 2.02 kWh | 2.99 kWh | 2.25 kWh | 4.63 kWh | Cell-F2 | 4.89 kWh |
| 2.60 kWh | 4.20 kWh | 3.45 kWh | 0.40 kWh | Cell-E2 | 1.90 kWh |
| 5.11 kWh | 7.91 kWh | 1.70 kWh | 5.70 kWh | Cell-C1 | 5.81 kWh |
| 10.83 kWh | 10.58 kWh | 0.38 kWh | 4.80 kWh | Cell-A1 | 6.74 kWh |
| 7.87 kWh | 7.16 kWh | 0.41 kWh | 2.33 kWh | Cell-E1 | 1.61 kWh |

Question: How far apart are Cell-B1 and Cell-C1 in Morning energy? Return the absolute difference.",1.32 kWh,"[{""row_index"": 1, ""column_index"": 3, ""row_identifier_column"": ""Cell"", ""row_identifier_value"": ""Cell-B1"", ""column"": ""Morning energy"", ""raw_value"": 4.38, ""display_value"": ""4.38 kWh""}, {""row_index"": 4, ""column_index"": 3, ""row_identifier_column"": ""Cell"", ""row_identifier_value"": ""Cell-C1"", ""column"": ""Morning energy"", ""raw_value"": 5.7, ""display_value"": ""5.70 kWh""}]",absolute_difference,2,"{""headers"": [""Discharge energy"", ""Charge energy"", ""Auxiliary energy"", ""Morning energy"", ""Cell"", ""Afternoon energy""], ""rows"": [[""8.34 kWh"", ""10.70 kWh"", ""3.69 kWh"", ""7.15 kWh"", ""Cell-C2"", ""2.10 kWh""], [""6.71 kWh"", ""1.63 kWh"", ""1.29 kWh"", ""4.38 kWh"", ""Cell-B1"", ""0.38 kWh""], [""2.02 kWh"", ""2.99 kWh"", ""2.25 kWh"", ""4.63 kWh"", ""Cell-F2"", ""4.89 kWh""], [""2.60 kWh"", ""4.20 kWh"", ""3.45 kWh"", ""0.40 kWh"", ""Cell-E2"", ""1.90 kWh""], [""5.11 kWh"", ""7.91 kWh"", ""1.70 kWh"", ""5.70 kWh"", ""Cell-C1"", ""5.81 kWh""], [""10.83 kWh"", ""10.58 kWh"", ""0.38 kWh"", ""4.80 kWh"", ""Cell-A1"", ""6.74 kWh""], [""7.87 kWh"", ""7.16 kWh"", ""0.41 kWh"", ""2.33 kWh"", ""Cell-E1"", ""1.61 kWh""]]}"
A-L2-0072,2,cross_row_difference,quarterly_sales,How far apart are Maple and Cedar in Q3 sales? Return the absolute difference.,"| Q3 sales | Region | Q4 sales | Q2 sales |
| --- | --- | --- | --- |
| 117.9 kUSD | Oakridge | 315.3 kUSD | 23.8 kUSD |
| 70.9 kUSD | Maple | 37.6 kUSD | 290.4 kUSD |
| 487.6 kUSD | Cedar | 370.0 kUSD | 429.9 kUSD |
| 215.6 kUSD | Clearwater | 145.1 kUSD | 133.8 kUSD |
| 192.5 kUSD | Pinehurst | 306.6 kUSD | 57.5 kUSD |
| 399.3 kUSD | Lakeside | 25.7 kUSD | 265.1 kUSD |
| 370.8 kUSD | Fairview | 316.4 kUSD | 271.2 kUSD |
| 175.2 kUSD | Westhaven | 425.1 kUSD | 452.3 kUSD |","Answer the question using the table. Perform the required calculation and return only the final value with its unit.

Table:
| Q3 sales | Region | Q4 sales | Q2 sales |
| --- | --- | --- | --- |
| 117.9 kUSD | Oakridge | 315.3 kUSD | 23.8 kUSD |
| 70.9 kUSD | Maple | 37.6 kUSD | 290.4 kUSD |
| 487.6 kUSD | Cedar | 370.0 kUSD | 429.9 kUSD |
| 215.6 kUSD | Clearwater | 145.1 kUSD | 133.8 kUSD |
| 192.5 kUSD | Pinehurst | 306.6 kUSD | 57.5 kUSD |
| 399.3 kUSD | Lakeside | 25.7 kUSD | 265.1 kUSD |
| 370.8 kUSD | Fairview | 316.4 kUSD | 271.2 kUSD |
| 175.2 kUSD | Westhaven | 425.1 kUSD | 452.3 kUSD |

Question: How far apart are Maple and Cedar in Q3 sales? Return the absolute difference.",416.7 kUSD,"[{""row_index"": 1, ""column_index"": 0, ""row_identifier_column"": ""Region"", ""row_identifier_value"": ""Maple"", ""column"": ""Q3 sales"", ""raw_value"": 70.9, ""display_value"": ""70.9 kUSD""}, {""row_index"": 2, ""column_index"": 0, ""row_identifier_column"": ""Region"", ""row_identifier_value"": ""Cedar"", ""column"": ""Q3 sales"", ""raw_value"": 487.6, ""display_value"": ""487.6 kUSD""}]",absolute_difference,2,"{""headers"": [""Q3 sales"", ""Region"", ""Q4 sales"", ""Q2 sales""], ""rows"": [[""117.9 kUSD"", ""Oakridge"", ""315.3 kUSD"", ""23.8 kUSD""], [""70.9 kUSD"", ""Maple"", ""37.6 kUSD"", ""290.4 kUSD""], [""487.6 kUSD"", ""Cedar"", ""370.0 kUSD"", ""429.9 kUSD""], [""215.6 kUSD"", ""Clearwater"", ""145.1 kUSD"", ""133.8 kUSD""], [""192.5 kUSD"", ""Pinehurst"", ""306.6 kUSD"", ""57.5 kUSD""], [""399.3 kUSD"", ""Lakeside"", ""25.7 kUSD"", ""265.1 kUSD""], [""370.8 kUSD"", ""Fairview"", ""316.4 kUSD"", ""271.2 kUSD""], [""175.2 kUSD"", ""Westhaven"", ""425.1 kUSD"", ""452.3 kUSD""]]}"
A-L2-0073,2,cross_row_sum,battery_energy,Add the Auxiliary energy values for Cell-E1 and Cell-E2. What is the total?,"| Auxiliary energy | Afternoon energy | Discharge energy | Morning energy | Cell |
| --- | --- | --- | --- | --- |
| 4.45 kWh | 4.75 kWh | 4.52 kWh | 0.63 kWh | Cell-D2 |
| 3.43 kWh | 2.92 kWh | 7.86 kWh | 1.56 kWh | Cell-C2 |
| 3.85 kWh | 7.66 kWh | 1.02 kWh | 6.68 kWh | Cell-F1 |
| 3.96 kWh | 0.50 kWh | 7.67 kWh | 3.30 kWh | Cell-B1 |
| 3.96 kWh | 3.38 kWh | 6.44 kWh | 1.67 kWh | Cell-E2 |
| 4.95 kWh | 0.69 kWh | 8.47 kWh | 1.08 kWh | Cell-D1 |
| 2.89 kWh | 0.38 kWh | 7.60 kWh | 2.96 kWh | Cell-F2 |
| 1.19 kWh | 7.08 kWh | 4.08 kWh | 1.44 kWh | Cell-E1 |","Answer the question using the table. Perform the required calculation and return only the final value with its unit.

Table:
| Auxiliary energy | Afternoon energy | Discharge energy | Morning energy | Cell |
| --- | --- | --- | --- | --- |
| 4.45 kWh | 4.75 kWh | 4.52 kWh | 0.63 kWh | Cell-D2 |
| 3.43 kWh | 2.92 kWh | 7.86 kWh | 1.56 kWh | Cell-C2 |
| 3.85 kWh | 7.66 kWh | 1.02 kWh | 6.68 kWh | Cell-F1 |
| 3.96 kWh | 0.50 kWh | 7.67 kWh | 3.30 kWh | Cell-B1 |
| 3.96 kWh | 3.38 kWh | 6.44 kWh | 1.67 kWh | Cell-E2 |
| 4.95 kWh | 0.69 kWh | 8.47 kWh | 1.08 kWh | Cell-D1 |
| 2.89 kWh | 0.38 kWh | 7.60 kWh | 2.96 kWh | Cell-F2 |
| 1.19 kWh | 7.08 kWh | 4.08 kWh | 1.44 kWh | Cell-E1 |

Question: Add the Auxiliary energy values for Cell-E1 and Cell-E2. What is the total?",5.15 kWh,"[{""row_index"": 7, ""column_index"": 0, ""row_identifier_column"": ""Cell"", ""row_identifier_value"": ""Cell-E1"", ""column"": ""Auxiliary energy"", ""raw_value"": 1.19, ""display_value"": ""1.19 kWh""}, {""row_index"": 4, ""column_index"": 0, ""row_identifier_column"": ""Cell"", ""row_identifier_value"": ""Cell-E2"", ""column"": ""Auxiliary energy"", ""raw_value"": 3.96, ""display_value"": ""3.96 kWh""}]",add,2,"{""headers"": [""Auxiliary energy"", ""Afternoon energy"", ""Discharge energy"", ""Morning energy"", ""Cell""], ""rows"": [[""4.45 kWh"", ""4.75 kWh"", ""4.52 kWh"", ""0.63 kWh"", ""Cell-D2""], [""3.43 kWh"", ""2.92 kWh"", ""7.86 kWh"", ""1.56 kWh"", ""Cell-C2""], [""3.85 kWh"", ""7.66 kWh"", ""1.02 kWh"", ""6.68 kWh"", ""Cell-F1""], [""3.96 kWh"", ""0.50 kWh"", ""7.67 kWh"", ""3.30 kWh"", ""Cell-B1""], [""3.96 kWh"", ""3.38 kWh"", ""6.44 kWh"", ""1.67 kWh"", ""Cell-E2""], [""4.95 kWh"", ""0.69 kWh"", ""8.47 kWh"", ""1.08 kWh"", ""Cell-D1""], [""2.89 kWh"", ""0.38 kWh"", ""7.60 kWh"", ""2.96 kWh"", ""Cell-F2""], [""1.19 kWh"", ""7.08 kWh"", ""4.08 kWh"", ""1.44 kWh"", ""Cell-E1""]]}"
A-L2-0074,2,same_row_sum,ml_latency,"According to the table, what is the combined value of Inference latency and Postprocessing latency for Helix?","| Tokenization latency | Model | Network latency | Postprocessing latency | Inference latency |
| --- | --- | --- | --- | --- |
| 13.1 ms | Pulse | 55.9 ms | 13.9 ms | 127.6 ms |
| 13.9 ms | Helix | 51.4 ms | 22.9 ms | 78.6 ms |
| 23.3 ms | Zenith | 15.2 ms | 13.4 ms | 67.0 ms |
| 20.8 ms | Echo | 41.4 ms | 24.1 ms | 91.4 ms |
| 17.4 ms | Atlas | 27.5 ms | 4.3 ms | 72.9 ms |
| 18.1 ms | Vertex | 55.6 ms | 17.2 ms | 16.9 ms |
| 8.7 ms | Aurora | 21.8 ms | 15.5 ms | 61.7 ms |","Answer the question using the table. Perform the required calculation and return only the final value with its unit.

Table:
| Tokenization latency | Model | Network latency | Postprocessing latency | Inference latency |
| --- | --- | --- | --- | --- |
| 13.1 ms | Pulse | 55.9 ms | 13.9 ms | 127.6 ms |
| 13.9 ms | Helix | 51.4 ms | 22.9 ms | 78.6 ms |
| 23.3 ms | Zenith | 15.2 ms | 13.4 ms | 67.0 ms |
| 20.8 ms | Echo | 41.4 ms | 24.1 ms | 91.4 ms |
| 17.4 ms | Atlas | 27.5 ms | 4.3 ms | 72.9 ms |
| 18.1 ms | Vertex | 55.6 ms | 17.2 ms | 16.9 ms |
| 8.7 ms | Aurora | 21.8 ms | 15.5 ms | 61.7 ms |

Question: According to the table, what is the combined value of Inference latency and Postprocessing latency for Helix?",101.5 ms,"[{""row_index"": 1, ""column_index"": 4, ""row_identifier_column"": ""Model"", ""row_identifier_value"": ""Helix"", ""column"": ""Inference latency"", ""raw_value"": 78.6, ""display_value"": ""78.6 ms""}, {""row_index"": 1, ""column_index"": 3, ""row_identifier_column"": ""Model"", ""row_identifier_value"": ""Helix"", ""column"": ""Postprocessing latency"", ""raw_value"": 22.9, ""display_value"": ""22.9 ms""}]",add,2,"{""headers"": [""Tokenization latency"", ""Model"", ""Network latency"", ""Postprocessing latency"", ""Inference latency""], ""rows"": [[""13.1 ms"", ""Pulse"", ""55.9 ms"", ""13.9 ms"", ""127.6 ms""], [""13.9 ms"", ""Helix"", ""51.4 ms"", ""22.9 ms"", ""78.6 ms""], [""23.3 ms"", ""Zenith"", ""15.2 ms"", ""13.4 ms"", ""67.0 ms""], [""20.8 ms"", ""Echo"", ""41.4 ms"", ""24.1 ms"", ""91.4 ms""], [""17.4 ms"", ""Atlas"", ""27.5 ms"", ""4.3 ms"", ""72.9 ms""], [""18.1 ms"", ""Vertex"", ""55.6 ms"", ""17.2 ms"", ""16.9 ms""], [""8.7 ms"", ""Aurora"", ""21.8 ms"", ""15.5 ms"", ""61.7 ms""]]}"
A-L2-0075,2,cross_row_sum,rainfall_measurements,Add the Evening rainfall values for Lakeside and Pinehurst. What is the total?,"| Station | South gauge | Storm rainfall | Evening rainfall | North gauge |
| --- | --- | --- | --- | --- |
| Westhaven | 44.0 mm | 62.4 mm | 1.3 mm | 11.4 mm |
| Cedar | 4.2 mm | 25.6 mm | 1.9 mm | 50.3 mm |
| Lakeside | 58.5 mm | 37.3 mm | 19.5 mm | 2.0 mm |
| Pinehurst | 56.5 mm | 73.8 mm | 20.2 mm | 9.3 mm |","Answer the question using the table. Perform the required calculation and return only the final value with its unit.

Table:
| Station | South gauge | Storm rainfall | Evening rainfall | North gauge |
| --- | --- | --- | --- | --- |
| Westhaven | 44.0 mm | 62.4 mm | 1.3 mm | 11.4 mm |
| Cedar | 4.2 mm | 25.6 mm | 1.9 mm | 50.3 mm |
| Lakeside | 58.5 mm | 37.3 mm | 19.5 mm | 2.0 mm |
| Pinehurst | 56.5 mm | 73.8 mm | 20.2 mm | 9.3 mm |

Question: Add the Evening rainfall values for Lakeside and Pinehurst. What is the total?",39.7 mm,"[{""row_index"": 2, ""column_index"": 3, ""row_identifier_column"": ""Station"", ""row_identifier_value"": ""Lakeside"", ""column"": ""Evening rainfall"", ""raw_value"": 19.5, ""display_value"": ""19.5 mm""}, {""row_index"": 3, ""column_index"": 3, ""row_identifier_column"": ""Station"", ""row_identifier_value"": ""Pinehurst"", ""column"": ""Evening rainfall"", ""raw_value"": 20.2, ""display_value"": ""20.2 mm""}]",add,2,"{""headers"": [""Station"", ""South gauge"", ""Storm rainfall"", ""Evening rainfall"", ""North gauge""], ""rows"": [[""Westhaven"", ""44.0 mm"", ""62.4 mm"", ""1.3 mm"", ""11.4 mm""], [""Cedar"", ""4.2 mm"", ""25.6 mm"", ""1.9 mm"", ""50.3 mm""], [""Lakeside"", ""58.5 mm"", ""37.3 mm"", ""19.5 mm"", ""2.0 mm""], [""Pinehurst"", ""56.5 mm"", ""73.8 mm"", ""20.2 mm"", ""9.3 mm""]]}"
A-L2-0076,2,same_row_difference,lab_mass_measurements,Find the absolute difference between Sample-G's Material mass and Container mass.,"| Wet mass | Initial mass | Material mass | Dry mass | Container mass | Sample |
| --- | --- | --- | --- | --- | --- |
| 473.9 g | 85.6 g | 149.8 g | 58.6 g | 90.1 g | Sample-I |
| 35.9 g | 43.6 g | 60.3 g | 279.4 g | 78.4 g | Sample-F |
| 139.0 g | 127.9 g | 328.7 g | 79.1 g | 33.7 g | Sample-C |
| 224.9 g | 304.2 g | 385.8 g | 237.0 g | 89.6 g | Sample-G |
| 132.1 g | 220.0 g | 284.3 g | 222.7 g | 98.8 g | Sample-D |
| 459.9 g | 255.2 g | 53.7 g | 223.6 g | 58.0 g | Sample-E |","Answer the question using the table. Perform the required calculation and return only the final value with its unit.

Table:
| Wet mass | Initial mass | Material mass | Dry mass | Container mass | Sample |
| --- | --- | --- | --- | --- | --- |
| 473.9 g | 85.6 g | 149.8 g | 58.6 g | 90.1 g | Sample-I |
| 35.9 g | 43.6 g | 60.3 g | 279.4 g | 78.4 g | Sample-F |
| 139.0 g | 127.9 g | 328.7 g | 79.1 g | 33.7 g | Sample-C |
| 224.9 g | 304.2 g | 385.8 g | 237.0 g | 89.6 g | Sample-G |
| 132.1 g | 220.0 g | 284.3 g | 222.7 g | 98.8 g | Sample-D |
| 459.9 g | 255.2 g | 53.7 g | 223.6 g | 58.0 g | Sample-E |

Question: Find the absolute difference between Sample-G's Material mass and Container mass.",296.2 g,"[{""row_index"": 3, ""column_index"": 2, ""row_identifier_column"": ""Sample"", ""row_identifier_value"": ""Sample-G"", ""column"": ""Material mass"", ""raw_value"": 385.8, ""display_value"": ""385.8 g""}, {""row_index"": 3, ""column_index"": 4, ""row_identifier_column"": ""Sample"", ""row_identifier_value"": ""Sample-G"", ""column"": ""Container mass"", ""raw_value"": 89.6, ""display_value"": ""89.6 g""}]",absolute_difference,2,"{""headers"": [""Wet mass"", ""Initial mass"", ""Material mass"", ""Dry mass"", ""Container mass"", ""Sample""], ""rows"": [[""473.9 g"", ""85.6 g"", ""149.8 g"", ""58.6 g"", ""90.1 g"", ""Sample-I""], [""35.9 g"", ""43.6 g"", ""60.3 g"", ""279.4 g"", ""78.4 g"", ""Sample-F""], [""139.0 g"", ""127.9 g"", ""328.7 g"", ""79.1 g"", ""33.7 g"", ""Sample-C""], [""224.9 g"", ""304.2 g"", ""385.8 g"", ""237.0 g"", ""89.6 g"", ""Sample-G""], [""132.1 g"", ""220.0 g"", ""284.3 g"", ""222.7 g"", ""98.8 g"", ""Sample-D""], [""459.9 g"", ""255.2 g"", ""53.7 g"", ""223.6 g"", ""58.0 g"", ""Sample-E""]]}"
A-L2-0077,2,same_row_difference,lab_mass_measurements,Find the absolute difference between Sample-F's Wet mass and Dry mass.,"| Container mass | Sample | Material mass | Initial mass | Wet mass | Dry mass |
| --- | --- | --- | --- | --- | --- |
| 19.6 g | Sample-F | 17.0 g | 239.5 g | 33.9 g | 275.6 g |
| 79.7 g | Sample-J | 251.2 g | 254.4 g | 300.6 g | 23.1 g |
| 15.9 g | Sample-C | 231.7 g | 434.2 g | 476.5 g | 267.0 g |
| 49.4 g | Sample-H | 220.6 g | 430.2 g | 200.4 g | 21.0 g |
| 103.5 g | Sample-L | 78.6 g | 74.6 g | 137.4 g | 47.0 g |
| 9.5 g | Sample-K | 320.1 g | 207.3 g | 396.1 g | 98.4 g |","Answer the question using the table. Perform the required calculation and return only the final value with its unit.

Table:
| Container mass | Sample | Material mass | Initial mass | Wet mass | Dry mass |
| --- | --- | --- | --- | --- | --- |
| 19.6 g | Sample-F | 17.0 g | 239.5 g | 33.9 g | 275.6 g |
| 79.7 g | Sample-J | 251.2 g | 254.4 g | 300.6 g | 23.1 g |
| 15.9 g | Sample-C | 231.7 g | 434.2 g | 476.5 g | 267.0 g |
| 49.4 g | Sample-H | 220.6 g | 430.2 g | 200.4 g | 21.0 g |
| 103.5 g | Sample-L | 78.6 g | 74.6 g | 137.4 g | 47.0 g |
| 9.5 g | Sample-K | 320.1 g | 207.3 g | 396.1 g | 98.4 g |

Question: Find the absolute difference between Sample-F's Wet mass and Dry mass.",241.7 g,"[{""row_index"": 0, ""column_index"": 4, ""row_identifier_column"": ""Sample"", ""row_identifier_value"": ""Sample-F"", ""column"": ""Wet mass"", ""raw_value"": 33.9, ""display_value"": ""33.9 g""}, {""row_index"": 0, ""column_index"": 5, ""row_identifier_column"": ""Sample"", ""row_identifier_value"": ""Sample-F"", ""column"": ""Dry mass"", ""raw_value"": 275.6, ""display_value"": ""275.6 g""}]",absolute_difference,2,"{""headers"": [""Container mass"", ""Sample"", ""Material mass"", ""Initial mass"", ""Wet mass"", ""Dry mass""], ""rows"": [[""19.6 g"", ""Sample-F"", ""17.0 g"", ""239.5 g"", ""33.9 g"", ""275.6 g""], [""79.7 g"", ""Sample-J"", ""251.2 g"", ""254.4 g"", ""300.6 g"", ""23.1 g""], [""15.9 g"", ""Sample-C"", ""231.7 g"", ""434.2 g"", ""476.5 g"", ""267.0 g""], [""49.4 g"", ""Sample-H"", ""220.6 g"", ""430.2 g"", ""200.4 g"", ""21.0 g""], [""103.5 g"", ""Sample-L"", ""78.6 g"", ""74.6 g"", ""137.4 g"", ""47.0 g""], [""9.5 g"", ""Sample-K"", ""320.1 g"", ""207.3 g"", ""396.1 g"", ""98.4 g""]]}"
A-L2-0078,2,cross_row_sum,lab_mass_measurements,What is the combined Container mass of Sample-G and Sample-F?,"| Initial mass | Final mass | Sample | Dry mass | Container mass | Wet mass |
| --- | --- | --- | --- | --- | --- |
| 209.6 g | 140.4 g | Sample-E | 179.6 g | 66.2 g | 233.7 g |
| 360.9 g | 136.2 g | Sample-F | 223.0 g | 85.0 g | 372.4 g |
| 258.0 g | 355.0 g | Sample-I | 51.6 g | 11.7 g | 189.3 g |
| 334.8 g | 223.0 g | Sample-G | 197.4 g | 11.3 g | 442.3 g |","Answer the question using the table. Perform the required calculation and return only the final value with its unit.

Table:
| Initial mass | Final mass | Sample | Dry mass | Container mass | Wet mass |
| --- | --- | --- | --- | --- | --- |
| 209.6 g | 140.4 g | Sample-E | 179.6 g | 66.2 g | 233.7 g |
| 360.9 g | 136.2 g | Sample-F | 223.0 g | 85.0 g | 372.4 g |
| 258.0 g | 355.0 g | Sample-I | 51.6 g | 11.7 g | 189.3 g |
| 334.8 g | 223.0 g | Sample-G | 197.4 g | 11.3 g | 442.3 g |

Question: What is the combined Container mass of Sample-G and Sample-F?",96.3 g,"[{""row_index"": 3, ""column_index"": 4, ""row_identifier_column"": ""Sample"", ""row_identifier_value"": ""Sample-G"", ""column"": ""Container mass"", ""raw_value"": 11.3, ""display_value"": ""11.3 g""}, {""row_index"": 1, ""column_index"": 4, ""row_identifier_column"": ""Sample"", ""row_identifier_value"": ""Sample-F"", ""column"": ""Container mass"", ""raw_value"": 85.0, ""display_value"": ""85.0 g""}]",add,2,"{""headers"": [""Initial mass"", ""Final mass"", ""Sample"", ""Dry mass"", ""Container mass"", ""Wet mass""], ""rows"": [[""209.6 g"", ""140.4 g"", ""Sample-E"", ""179.6 g"", ""66.2 g"", ""233.7 g""], [""360.9 g"", ""136.2 g"", ""Sample-F"", ""223.0 g"", ""85.0 g"", ""372.4 g""], [""258.0 g"", ""355.0 g"", ""Sample-I"", ""51.6 g"", ""11.7 g"", ""189.3 g""], [""334.8 g"", ""223.0 g"", ""Sample-G"", ""197.4 g"", ""11.3 g"", ""442.3 g""]]}"
A-L2-0079,2,same_row_sum,lab_mass_measurements,"For Sample-I, what is Container mass plus Material mass?","| Initial mass | Material mass | Container mass | Sample |
| --- | --- | --- | --- |
| 232.7 g | 173.6 g | 59.3 g | Sample-L |
| 397.3 g | 329.9 g | 112.4 g | Sample-D |
| 411.7 g | 184.2 g | 26.2 g | Sample-E |
| 156.4 g | 192.0 g | 109.4 g | Sample-I |
| 436.3 g | 78.4 g | 47.4 g | Sample-H |
| 327.6 g | 255.1 g | 98.1 g | Sample-A |","Answer the question using the table. Perform the required calculation and return only the final value with its unit.

Table:
| Initial mass | Material mass | Container mass | Sample |
| --- | --- | --- | --- |
| 232.7 g | 173.6 g | 59.3 g | Sample-L |
| 397.3 g | 329.9 g | 112.4 g | Sample-D |
| 411.7 g | 184.2 g | 26.2 g | Sample-E |
| 156.4 g | 192.0 g | 109.4 g | Sample-I |
| 436.3 g | 78.4 g | 47.4 g | Sample-H |
| 327.6 g | 255.1 g | 98.1 g | Sample-A |

Question: For Sample-I, what is Container mass plus Material mass?",301.4 g,"[{""row_index"": 3, ""column_index"": 2, ""row_identifier_column"": ""Sample"", ""row_identifier_value"": ""Sample-I"", ""column"": ""Container mass"", ""raw_value"": 109.4, ""display_value"": ""109.4 g""}, {""row_index"": 3, ""column_index"": 1, ""row_identifier_column"": ""Sample"", ""row_identifier_value"": ""Sample-I"", ""column"": ""Material mass"", ""raw_value"": 192.0, ""display_value"": ""192.0 g""}]",add,2,"{""headers"": [""Initial mass"", ""Material mass"", ""Container mass"", ""Sample""], ""rows"": [[""232.7 g"", ""173.6 g"", ""59.3 g"", ""Sample-L""], [""397.3 g"", ""329.9 g"", ""112.4 g"", ""Sample-D""], [""411.7 g"", ""184.2 g"", ""26.2 g"", ""Sample-E""], [""156.4 g"", ""192.0 g"", ""109.4 g"", ""Sample-I""], [""436.3 g"", ""78.4 g"", ""47.4 g"", ""Sample-H""], [""327.6 g"", ""255.1 g"", ""98.1 g"", ""Sample-A""]]}"
A-L2-0080,2,same_row_difference,battery_energy,Find the absolute difference between Cell-F2's Discharge energy and Auxiliary energy.,"| Auxiliary energy | Cell | Morning energy | Evening energy | Discharge energy | Charge energy |
| --- | --- | --- | --- | --- | --- |
| 1.50 kWh | Cell-D2 | 6.57 kWh | 2.65 kWh | 5.10 kWh | 0.73 kWh |
| 2.41 kWh | Cell-B2 | 3.78 kWh | 4.92 kWh | 10.59 kWh | 3.79 kWh |
| 3.43 kWh | Cell-B1 | 6.01 kWh | 6.33 kWh | 4.16 kWh | 11.19 kWh |
| 3.50 kWh | Cell-F2 | 0.57 kWh | 1.19 kWh | 1.98 kWh | 4.20 kWh |","Answer the question using the table. Perform the required calculation and return only the final value with its unit.

Table:
| Auxiliary energy | Cell | Morning energy | Evening energy | Discharge energy | Charge energy |
| --- | --- | --- | --- | --- | --- |
| 1.50 kWh | Cell-D2 | 6.57 kWh | 2.65 kWh | 5.10 kWh | 0.73 kWh |
| 2.41 kWh | Cell-B2 | 3.78 kWh | 4.92 kWh | 10.59 kWh | 3.79 kWh |
| 3.43 kWh | Cell-B1 | 6.01 kWh | 6.33 kWh | 4.16 kWh | 11.19 kWh |
| 3.50 kWh | Cell-F2 | 0.57 kWh | 1.19 kWh | 1.98 kWh | 4.20 kWh |

Question: Find the absolute difference between Cell-F2's Discharge energy and Auxiliary energy.",1.52 kWh,"[{""row_index"": 3, ""column_index"": 4, ""row_identifier_column"": ""Cell"", ""row_identifier_value"": ""Cell-F2"", ""column"": ""Discharge energy"", ""raw_value"": 1.98, ""display_value"": ""1.98 kWh""}, {""row_index"": 3, ""column_index"": 0, ""row_identifier_column"": ""Cell"", ""row_identifier_value"": ""Cell-F2"", ""column"": ""Auxiliary energy"", ""raw_value"": 3.5, ""display_value"": ""3.50 kWh""}]",absolute_difference,2,"{""headers"": [""Auxiliary energy"", ""Cell"", ""Morning energy"", ""Evening energy"", ""Discharge energy"", ""Charge energy""], ""rows"": [[""1.50 kWh"", ""Cell-D2"", ""6.57 kWh"", ""2.65 kWh"", ""5.10 kWh"", ""0.73 kWh""], [""2.41 kWh"", ""Cell-B2"", ""3.78 kWh"", ""4.92 kWh"", ""10.59 kWh"", ""3.79 kWh""], [""3.43 kWh"", ""Cell-B1"", ""6.01 kWh"", ""6.33 kWh"", ""4.16 kWh"", ""11.19 kWh""], [""3.50 kWh"", ""Cell-F2"", ""0.57 kWh"", ""1.19 kWh"", ""1.98 kWh"", ""4.20 kWh""]]}"
A-L2-0081,2,cross_row_sum,rainfall_measurements,Add the South gauge values for Hillcrest and Riverton. What is the total?,"| Storm rainfall | Morning rainfall | North gauge | South gauge | Afternoon rainfall | Station |
| --- | --- | --- | --- | --- | --- |
| 16.4 mm | 22.6 mm | 1.5 mm | 19.6 mm | 48.8 mm | Pinehurst |
| 95.2 mm | 26.8 mm | 57.8 mm | 61.0 mm | 33.0 mm | Brookfield |
| 98.3 mm | 12.3 mm | 56.9 mm | 2.8 mm | 48.2 mm | Riverton |
| 19.3 mm | 22.3 mm | 31.8 mm | 65.8 mm | 14.1 mm | Fairview |
| 86.9 mm | 19.9 mm | 12.3 mm | 3.3 mm | 31.2 mm | Clearwater |
| 88.6 mm | 50.6 mm | 27.7 mm | 36.9 mm | 36.3 mm | Lakeside |
| 85.1 mm | 35.0 mm | 64.2 mm | 8.6 mm | 10.9 mm | Westhaven |
| 18.6 mm | 6.6 mm | 13.1 mm | 2.5 mm | 42.2 mm | Orion |
| 51.3 mm | 20.9 mm | 4.8 mm | 50.8 mm | 41.5 mm | Hillcrest |","Answer the question using the table. Perform the required calculation and return only the final value with its unit.

Table:
| Storm rainfall | Morning rainfall | North gauge | South gauge | Afternoon rainfall | Station |
| --- | --- | --- | --- | --- | --- |
| 16.4 mm | 22.6 mm | 1.5 mm | 19.6 mm | 48.8 mm | Pinehurst |
| 95.2 mm | 26.8 mm | 57.8 mm | 61.0 mm | 33.0 mm | Brookfield |
| 98.3 mm | 12.3 mm | 56.9 mm | 2.8 mm | 48.2 mm | Riverton |
| 19.3 mm | 22.3 mm | 31.8 mm | 65.8 mm | 14.1 mm | Fairview |
| 86.9 mm | 19.9 mm | 12.3 mm | 3.3 mm | 31.2 mm | Clearwater |
| 88.6 mm | 50.6 mm | 27.7 mm | 36.9 mm | 36.3 mm | Lakeside |
| 85.1 mm | 35.0 mm | 64.2 mm | 8.6 mm | 10.9 mm | Westhaven |
| 18.6 mm | 6.6 mm | 13.1 mm | 2.5 mm | 42.2 mm | Orion |
| 51.3 mm | 20.9 mm | 4.8 mm | 50.8 mm | 41.5 mm | Hillcrest |

Question: Add the South gauge values for Hillcrest and Riverton. What is the total?",53.6 mm,"[{""row_index"": 8, ""column_index"": 3, ""row_identifier_column"": ""Station"", ""row_identifier_value"": ""Hillcrest"", ""column"": ""South gauge"", ""raw_value"": 50.8, ""display_value"": ""50.8 mm""}, {""row_index"": 2, ""column_index"": 3, ""row_identifier_column"": ""Station"", ""row_identifier_value"": ""Riverton"", ""column"": ""South gauge"", ""raw_value"": 2.8, ""display_value"": ""2.8 mm""}]",add,2,"{""headers"": [""Storm rainfall"", ""Morning rainfall"", ""North gauge"", ""South gauge"", ""Afternoon rainfall"", ""Station""], ""rows"": [[""16.4 mm"", ""22.6 mm"", ""1.5 mm"", ""19.6 mm"", ""48.8 mm"", ""Pinehurst""], [""95.2 mm"", ""26.8 mm"", ""57.8 mm"", ""61.0 mm"", ""33.0 mm"", ""Brookfield""], [""98.3 mm"", ""12.3 mm"", ""56.9 mm"", ""2.8 mm"", ""48.2 mm"", ""Riverton""], [""19.3 mm"", ""22.3 mm"", ""31.8 mm"", ""65.8 mm"", ""14.1 mm"", ""Fairview""], [""86.9 mm"", ""19.9 mm"", ""12.3 mm"", ""3.3 mm"", ""31.2 mm"", ""Clearwater""], [""88.6 mm"", ""50.6 mm"", ""27.7 mm"", ""36.9 mm"", ""36.3 mm"", ""Lakeside""], [""85.1 mm"", ""35.0 mm"", ""64.2 mm"", ""8.6 mm"", ""10.9 mm"", ""Westhaven""], [""18.6 mm"", ""6.6 mm"", ""13.1 mm"", ""2.5 mm"", ""42.2 mm"", ""Orion""], [""51.3 mm"", ""20.9 mm"", ""4.8 mm"", ""50.8 mm"", ""41.5 mm"", ""Hillcrest""]]}"
A-L2-0082,2,same_row_sum,basketball_game,"For Tigers, what is First-half points plus Second-half points?","| Bench points | First-half points | Second-half points | Team | Paint points |
| --- | --- | --- | --- | --- |
| 39 points | 32 points | 40 points | Tigers | 14 points |
| 42 points | 46 points | 53 points | Dragons | 31 points |
| 25 points | 42 points | 68 points | Wolves | 47 points |
| 45 points | 21 points | 41 points | Panthers | 44 points |
| 5 points | 41 points | 51 points | Comets | 18 points |","Answer the question using the table. Perform the required calculation and return only the final value with its unit.

Table:
| Bench points | First-half points | Second-half points | Team | Paint points |
| --- | --- | --- | --- | --- |
| 39 points | 32 points | 40 points | Tigers | 14 points |
| 42 points | 46 points | 53 points | Dragons | 31 points |
| 25 points | 42 points | 68 points | Wolves | 47 points |
| 45 points | 21 points | 41 points | Panthers | 44 points |
| 5 points | 41 points | 51 points | Comets | 18 points |

Question: For Tigers, what is First-half points plus Second-half points?",72 points,"[{""row_index"": 0, ""column_index"": 1, ""row_identifier_column"": ""Team"", ""row_identifier_value"": ""Tigers"", ""column"": ""First-half points"", ""raw_value"": 32.0, ""display_value"": ""32 points""}, {""row_index"": 0, ""column_index"": 2, ""row_identifier_column"": ""Team"", ""row_identifier_value"": ""Tigers"", ""column"": ""Second-half points"", ""raw_value"": 40.0, ""display_value"": ""40 points""}]",add,2,"{""headers"": [""Bench points"", ""First-half points"", ""Second-half points"", ""Team"", ""Paint points""], ""rows"": [[""39 points"", ""32 points"", ""40 points"", ""Tigers"", ""14 points""], [""42 points"", ""46 points"", ""53 points"", ""Dragons"", ""31 points""], [""25 points"", ""42 points"", ""68 points"", ""Wolves"", ""47 points""], [""45 points"", ""21 points"", ""41 points"", ""Panthers"", ""44 points""], [""5 points"", ""41 points"", ""51 points"", ""Comets"", ""18 points""]]}"
A-L2-0083,2,same_row_difference,quarterly_sales,"For Lakeside, what is the absolute difference between Q1 sales and Q2 sales?","| Q2 sales | Q3 sales | Region | Q1 sales |
| --- | --- | --- | --- |
| 70.8 kUSD | 103.6 kUSD | Clearwater | 324.2 kUSD |
| 258.1 kUSD | 302.3 kUSD | Orion | 92.7 kUSD |
| 491.3 kUSD | 275.7 kUSD | Oakridge | 111.8 kUSD |
| 262.7 kUSD | 308.9 kUSD | Lakeside | 291.8 kUSD |
| 46.7 kUSD | 334.3 kUSD | Hillcrest | 302.6 kUSD |","Answer the question using the table. Perform the required calculation and return only the final value with its unit.

Table:
| Q2 sales | Q3 sales | Region | Q1 sales |
| --- | --- | --- | --- |
| 70.8 kUSD | 103.6 kUSD | Clearwater | 324.2 kUSD |
| 258.1 kUSD | 302.3 kUSD | Orion | 92.7 kUSD |
| 491.3 kUSD | 275.7 kUSD | Oakridge | 111.8 kUSD |
| 262.7 kUSD | 308.9 kUSD | Lakeside | 291.8 kUSD |
| 46.7 kUSD | 334.3 kUSD | Hillcrest | 302.6 kUSD |

Question: For Lakeside, what is the absolute difference between Q1 sales and Q2 sales?",29.1 kUSD,"[{""row_index"": 3, ""column_index"": 3, ""row_identifier_column"": ""Region"", ""row_identifier_value"": ""Lakeside"", ""column"": ""Q1 sales"", ""raw_value"": 291.8, ""display_value"": ""291.8 kUSD""}, {""row_index"": 3, ""column_index"": 0, ""row_identifier_column"": ""Region"", ""row_identifier_value"": ""Lakeside"", ""column"": ""Q2 sales"", ""raw_value"": 262.7, ""display_value"": ""262.7 kUSD""}]",absolute_difference,2,"{""headers"": [""Q2 sales"", ""Q3 sales"", ""Region"", ""Q1 sales""], ""rows"": [[""70.8 kUSD"", ""103.6 kUSD"", ""Clearwater"", ""324.2 kUSD""], [""258.1 kUSD"", ""302.3 kUSD"", ""Orion"", ""92.7 kUSD""], [""491.3 kUSD"", ""275.7 kUSD"", ""Oakridge"", ""111.8 kUSD""], [""262.7 kUSD"", ""308.9 kUSD"", ""Lakeside"", ""291.8 kUSD""], [""46.7 kUSD"", ""334.3 kUSD"", ""Hillcrest"", ""302.6 kUSD""]]}"
A-L2-0084,2,same_row_difference,lab_mass_measurements,Find the absolute difference between Sample-C's Initial mass and Final mass.,"| Container mass | Sample | Final mass | Initial mass | Dry mass |
| --- | --- | --- | --- | --- |
| 85.1 g | Sample-E | 305.7 g | 23.0 g | 203.3 g |
| 72.9 g | Sample-G | 391.0 g | 258.5 g | 31.2 g |
| 6.2 g | Sample-A | 31.9 g | 42.4 g | 26.6 g |
| 22.9 g | Sample-C | 121.8 g | 12.8 g | 193.5 g |","Answer the question using the table. Perform the required calculation and return only the final value with its unit.

Table:
| Container mass | Sample | Final mass | Initial mass | Dry mass |
| --- | --- | --- | --- | --- |
| 85.1 g | Sample-E | 305.7 g | 23.0 g | 203.3 g |
| 72.9 g | Sample-G | 391.0 g | 258.5 g | 31.2 g |
| 6.2 g | Sample-A | 31.9 g | 42.4 g | 26.6 g |
| 22.9 g | Sample-C | 121.8 g | 12.8 g | 193.5 g |

Question: Find the absolute difference between Sample-C's Initial mass and Final mass.",109.0 g,"[{""row_index"": 3, ""column_index"": 3, ""row_identifier_column"": ""Sample"", ""row_identifier_value"": ""Sample-C"", ""column"": ""Initial mass"", ""raw_value"": 12.8, ""display_value"": ""12.8 g""}, {""row_index"": 3, ""column_index"": 2, ""row_identifier_column"": ""Sample"", ""row_identifier_value"": ""Sample-C"", ""column"": ""Final mass"", ""raw_value"": 121.8, ""display_value"": ""121.8 g""}]",absolute_difference,2,"{""headers"": [""Container mass"", ""Sample"", ""Final mass"", ""Initial mass"", ""Dry mass""], ""rows"": [[""85.1 g"", ""Sample-E"", ""305.7 g"", ""23.0 g"", ""203.3 g""], [""72.9 g"", ""Sample-G"", ""391.0 g"", ""258.5 g"", ""31.2 g""], [""6.2 g"", ""Sample-A"", ""31.9 g"", ""42.4 g"", ""26.6 g""], [""22.9 g"", ""Sample-C"", ""121.8 g"", ""12.8 g"", ""193.5 g""]]}"
A-L2-0085,2,same_row_difference,battery_energy,How far apart are the Morning energy and Evening energy values for Cell-B1? Return the absolute difference.,"| Evening energy | Morning energy | Cell | Discharge energy | Charge energy | Auxiliary energy | Afternoon energy |
| --- | --- | --- | --- | --- | --- | --- |
| 6.57 kWh | 7.94 kWh | Cell-A1 | 11.34 kWh | 9.85 kWh | 1.40 kWh | 7.41 kWh |
| 1.79 kWh | 0.40 kWh | Cell-A2 | 1.19 kWh | 3.17 kWh | 2.95 kWh | 2.66 kWh |
| 3.87 kWh | 5.24 kWh | Cell-C1 | 7.70 kWh | 7.15 kWh | 0.23 kWh | 3.95 kWh |
| 2.49 kWh | 7.02 kWh | Cell-D2 | 10.42 kWh | 7.45 kWh | 1.35 kWh | 7.73 kWh |
| 5.38 kWh | 6.71 kWh | Cell-B1 | 9.02 kWh | 2.21 kWh | 1.76 kWh | 3.32 kWh |
| 7.90 kWh | 6.45 kWh | Cell-F2 | 1.51 kWh | 6.22 kWh | 1.04 kWh | 6.21 kWh |
| 3.35 kWh | 4.59 kWh | Cell-B2 | 3.76 kWh | 2.99 kWh | 1.25 kWh | 6.53 kWh |","Answer the question using the table. Perform the required calculation and return only the final value with its unit.

Table:
| Evening energy | Morning energy | Cell | Discharge energy | Charge energy | Auxiliary energy | Afternoon energy |
| --- | --- | --- | --- | --- | --- | --- |
| 6.57 kWh | 7.94 kWh | Cell-A1 | 11.34 kWh | 9.85 kWh | 1.40 kWh | 7.41 kWh |
| 1.79 kWh | 0.40 kWh | Cell-A2 | 1.19 kWh | 3.17 kWh | 2.95 kWh | 2.66 kWh |
| 3.87 kWh | 5.24 kWh | Cell-C1 | 7.70 kWh | 7.15 kWh | 0.23 kWh | 3.95 kWh |
| 2.49 kWh | 7.02 kWh | Cell-D2 | 10.42 kWh | 7.45 kWh | 1.35 kWh | 7.73 kWh |
| 5.38 kWh | 6.71 kWh | Cell-B1 | 9.02 kWh | 2.21 kWh | 1.76 kWh | 3.32 kWh |
| 7.90 kWh | 6.45 kWh | Cell-F2 | 1.51 kWh | 6.22 kWh | 1.04 kWh | 6.21 kWh |
| 3.35 kWh | 4.59 kWh | Cell-B2 | 3.76 kWh | 2.99 kWh | 1.25 kWh | 6.53 kWh |

Question: How far apart are the Morning energy and Evening energy values for Cell-B1? Return the absolute difference.",1.33 kWh,"[{""row_index"": 4, ""column_index"": 1, ""row_identifier_column"": ""Cell"", ""row_identifier_value"": ""Cell-B1"", ""column"": ""Morning energy"", ""raw_value"": 6.71, ""display_value"": ""6.71 kWh""}, {""row_index"": 4, ""column_index"": 0, ""row_identifier_column"": ""Cell"", ""row_identifier_value"": ""Cell-B1"", ""column"": ""Evening energy"", ""raw_value"": 5.38, ""display_value"": ""5.38 kWh""}]",absolute_difference,2,"{""headers"": [""Evening energy"", ""Morning energy"", ""Cell"", ""Discharge energy"", ""Charge energy"", ""Auxiliary energy"", ""Afternoon energy""], ""rows"": [[""6.57 kWh"", ""7.94 kWh"", ""Cell-A1"", ""11.34 kWh"", ""9.85 kWh"", ""1.40 kWh"", ""7.41 kWh""], [""1.79 kWh"", ""0.40 kWh"", ""Cell-A2"", ""1.19 kWh"", ""3.17 kWh"", ""2.95 kWh"", ""2.66 kWh""], [""3.87 kWh"", ""5.24 kWh"", ""Cell-C1"", ""7.70 kWh"", ""7.15 kWh"", ""0.23 kWh"", ""3.95 kWh""], [""2.49 kWh"", ""7.02 kWh"", ""Cell-D2"", ""10.42 kWh"", ""7.45 kWh"", ""1.35 kWh"", ""7.73 kWh""], [""5.38 kWh"", ""6.71 kWh"", ""Cell-B1"", ""9.02 kWh"", ""2.21 kWh"", ""1.76 kWh"", ""3.32 kWh""], [""7.90 kWh"", ""6.45 kWh"", ""Cell-F2"", ""1.51 kWh"", ""6.22 kWh"", ""1.04 kWh"", ""6.21 kWh""], [""3.35 kWh"", ""4.59 kWh"", ""Cell-B2"", ""3.76 kWh"", ""2.99 kWh"", ""1.25 kWh"", ""6.53 kWh""]]}"
A-L2-0086,2,cross_row_difference,race_sector_times,What is the absolute difference in Penalty time between Theo and Oliver?,"| Stop time | Sector 3 time | Penalty time | Sector 1 time | Pit-lane time | Sector 2 time | Driver |
| --- | --- | --- | --- | --- | --- | --- |
| 11.81 s | 21.09 s | 1.02 s | 29.61 s | 19.77 s | 33.85 s | Jisoo |
| 5.98 s | 24.09 s | 6.62 s | 39.52 s | 14.01 s | 18.19 s | Oliver |
| 1.90 s | 41.91 s | 0.62 s | 18.60 s | 20.29 s | 31.22 s | Ryan |
| 14.71 s | 18.91 s | 7.46 s | 24.72 s | 16.38 s | 33.86 s | Sam |
| 12.49 s | 25.54 s | 4.12 s | 37.22 s | 23.40 s | 41.05 s | Theo |","Answer the question using the table. Perform the required calculation and return only the final value with its unit.

Table:
| Stop time | Sector 3 time | Penalty time | Sector 1 time | Pit-lane time | Sector 2 time | Driver |
| --- | --- | --- | --- | --- | --- | --- |
| 11.81 s | 21.09 s | 1.02 s | 29.61 s | 19.77 s | 33.85 s | Jisoo |
| 5.98 s | 24.09 s | 6.62 s | 39.52 s | 14.01 s | 18.19 s | Oliver |
| 1.90 s | 41.91 s | 0.62 s | 18.60 s | 20.29 s | 31.22 s | Ryan |
| 14.71 s | 18.91 s | 7.46 s | 24.72 s | 16.38 s | 33.86 s | Sam |
| 12.49 s | 25.54 s | 4.12 s | 37.22 s | 23.40 s | 41.05 s | Theo |

Question: What is the absolute difference in Penalty time between Theo and Oliver?",2.50 s,"[{""row_index"": 4, ""column_index"": 2, ""row_identifier_column"": ""Driver"", ""row_identifier_value"": ""Theo"", ""column"": ""Penalty time"", ""raw_value"": 4.12, ""display_value"": ""4.12 s""}, {""row_index"": 1, ""column_index"": 2, ""row_identifier_column"": ""Driver"", ""row_identifier_value"": ""Oliver"", ""column"": ""Penalty time"", ""raw_value"": 6.62, ""display_value"": ""6.62 s""}]",absolute_difference,2,"{""headers"": [""Stop time"", ""Sector 3 time"", ""Penalty time"", ""Sector 1 time"", ""Pit-lane time"", ""Sector 2 time"", ""Driver""], ""rows"": [[""11.81 s"", ""21.09 s"", ""1.02 s"", ""29.61 s"", ""19.77 s"", ""33.85 s"", ""Jisoo""], [""5.98 s"", ""24.09 s"", ""6.62 s"", ""39.52 s"", ""14.01 s"", ""18.19 s"", ""Oliver""], [""1.90 s"", ""41.91 s"", ""0.62 s"", ""18.60 s"", ""20.29 s"", ""31.22 s"", ""Ryan""], [""14.71 s"", ""18.91 s"", ""7.46 s"", ""24.72 s"", ""16.38 s"", ""33.86 s"", ""Sam""], [""12.49 s"", ""25.54 s"", ""4.12 s"", ""37.22 s"", ""23.40 s"", ""41.05 s"", ""Theo""]]}"
A-L2-0087,2,same_row_sum,battery_energy,Add Cell-B1's Afternoon energy and Evening energy. What is the total?,"| Afternoon energy | Cell | Charge energy | Evening energy |
| --- | --- | --- | --- |
| 3.09 kWh | Cell-B1 | 5.87 kWh | 4.73 kWh |
| 0.69 kWh | Cell-B2 | 8.33 kWh | 1.61 kWh |
| 0.93 kWh | Cell-F1 | 8.25 kWh | 3.14 kWh |
| 7.01 kWh | Cell-E2 | 8.92 kWh | 5.91 kWh |
| 1.21 kWh | Cell-D1 | 8.08 kWh | 0.28 kWh |","Answer the question using the table. Perform the required calculation and return only the final value with its unit.

Table:
| Afternoon energy | Cell | Charge energy | Evening energy |
| --- | --- | --- | --- |
| 3.09 kWh | Cell-B1 | 5.87 kWh | 4.73 kWh |
| 0.69 kWh | Cell-B2 | 8.33 kWh | 1.61 kWh |
| 0.93 kWh | Cell-F1 | 8.25 kWh | 3.14 kWh |
| 7.01 kWh | Cell-E2 | 8.92 kWh | 5.91 kWh |
| 1.21 kWh | Cell-D1 | 8.08 kWh | 0.28 kWh |

Question: Add Cell-B1's Afternoon energy and Evening energy. What is the total?",7.82 kWh,"[{""row_index"": 0, ""column_index"": 0, ""row_identifier_column"": ""Cell"", ""row_identifier_value"": ""Cell-B1"", ""column"": ""Afternoon energy"", ""raw_value"": 3.09, ""display_value"": ""3.09 kWh""}, {""row_index"": 0, ""column_index"": 3, ""row_identifier_column"": ""Cell"", ""row_identifier_value"": ""Cell-B1"", ""column"": ""Evening energy"", ""raw_value"": 4.73, ""display_value"": ""4.73 kWh""}]",add,2,"{""headers"": [""Afternoon energy"", ""Cell"", ""Charge energy"", ""Evening energy""], ""rows"": [[""3.09 kWh"", ""Cell-B1"", ""5.87 kWh"", ""4.73 kWh""], [""0.69 kWh"", ""Cell-B2"", ""8.33 kWh"", ""1.61 kWh""], [""0.93 kWh"", ""Cell-F1"", ""8.25 kWh"", ""3.14 kWh""], [""7.01 kWh"", ""Cell-E2"", ""8.92 kWh"", ""5.91 kWh""], [""1.21 kWh"", ""Cell-D1"", ""8.08 kWh"", ""0.28 kWh""]]}"
A-L2-0088,2,cross_row_sum,rainfall_measurements,"According to the table, what do Hillcrest and Brookfield have in total for Storm rainfall?","| North gauge | Afternoon rainfall | South gauge | Morning rainfall | Storm rainfall | Station |
| --- | --- | --- | --- | --- | --- |
| 67.9 mm | 39.7 mm | 4.6 mm | 42.5 mm | 75.1 mm | Brookfield |
| 40.1 mm | 47.2 mm | 21.9 mm | 16.6 mm | 19.7 mm | Hillcrest |
| 32.2 mm | 53.8 mm | 7.9 mm | 46.1 mm | 23.3 mm | Clearwater |
| 65.6 mm | 13.2 mm | 34.9 mm | 19.4 mm | 85.9 mm | Lakeside |","Answer the question using the table. Perform the required calculation and return only the final value with its unit.

Table:
| North gauge | Afternoon rainfall | South gauge | Morning rainfall | Storm rainfall | Station |
| --- | --- | --- | --- | --- | --- |
| 67.9 mm | 39.7 mm | 4.6 mm | 42.5 mm | 75.1 mm | Brookfield |
| 40.1 mm | 47.2 mm | 21.9 mm | 16.6 mm | 19.7 mm | Hillcrest |
| 32.2 mm | 53.8 mm | 7.9 mm | 46.1 mm | 23.3 mm | Clearwater |
| 65.6 mm | 13.2 mm | 34.9 mm | 19.4 mm | 85.9 mm | Lakeside |

Question: According to the table, what do Hillcrest and Brookfield have in total for Storm rainfall?",94.8 mm,"[{""row_index"": 1, ""column_index"": 4, ""row_identifier_column"": ""Station"", ""row_identifier_value"": ""Hillcrest"", ""column"": ""Storm rainfall"", ""raw_value"": 19.7, ""display_value"": ""19.7 mm""}, {""row_index"": 0, ""column_index"": 4, ""row_identifier_column"": ""Station"", ""row_identifier_value"": ""Brookfield"", ""column"": ""Storm rainfall"", ""raw_value"": 75.1, ""display_value"": ""75.1 mm""}]",add,2,"{""headers"": [""North gauge"", ""Afternoon rainfall"", ""South gauge"", ""Morning rainfall"", ""Storm rainfall"", ""Station""], ""rows"": [[""67.9 mm"", ""39.7 mm"", ""4.6 mm"", ""42.5 mm"", ""75.1 mm"", ""Brookfield""], [""40.1 mm"", ""47.2 mm"", ""21.9 mm"", ""16.6 mm"", ""19.7 mm"", ""Hillcrest""], [""32.2 mm"", ""53.8 mm"", ""7.9 mm"", ""46.1 mm"", ""23.3 mm"", ""Clearwater""], [""65.6 mm"", ""13.2 mm"", ""34.9 mm"", ""19.4 mm"", ""85.9 mm"", ""Lakeside""]]}"
A-L2-0089,2,cross_row_difference,lab_mass_measurements,What is the absolute difference in Material mass between Sample-C and Sample-B?,"| Material mass | Sample | Final mass | Initial mass | Wet mass | Container mass |
| --- | --- | --- | --- | --- | --- |
| 347.2 g | Sample-F | 317.8 g | 342.0 g | 12.5 g | 93.7 g |
| 42.7 g | Sample-C | 117.9 g | 368.8 g | 370.4 g | 79.4 g |
| 351.0 g | Sample-K | 124.0 g | 64.2 g | 319.6 g | 80.3 g |
| 163.4 g | Sample-H | 293.7 g | 303.6 g | 23.1 g | 27.9 g |
| 31.2 g | Sample-B | 377.7 g | 246.6 g | 412.7 g | 101.4 g |","Answer the question using the table. Perform the required calculation and return only the final value with its unit.

Table:
| Material mass | Sample | Final mass | Initial mass | Wet mass | Container mass |
| --- | --- | --- | --- | --- | --- |
| 347.2 g | Sample-F | 317.8 g | 342.0 g | 12.5 g | 93.7 g |
| 42.7 g | Sample-C | 117.9 g | 368.8 g | 370.4 g | 79.4 g |
| 351.0 g | Sample-K | 124.0 g | 64.2 g | 319.6 g | 80.3 g |
| 163.4 g | Sample-H | 293.7 g | 303.6 g | 23.1 g | 27.9 g |
| 31.2 g | Sample-B | 377.7 g | 246.6 g | 412.7 g | 101.4 g |

Question: What is the absolute difference in Material mass between Sample-C and Sample-B?",11.5 g,"[{""row_index"": 1, ""column_index"": 0, ""row_identifier_column"": ""Sample"", ""row_identifier_value"": ""Sample-C"", ""column"": ""Material mass"", ""raw_value"": 42.7, ""display_value"": ""42.7 g""}, {""row_index"": 4, ""column_index"": 0, ""row_identifier_column"": ""Sample"", ""row_identifier_value"": ""Sample-B"", ""column"": ""Material mass"", ""raw_value"": 31.2, ""display_value"": ""31.2 g""}]",absolute_difference,2,"{""headers"": [""Material mass"", ""Sample"", ""Final mass"", ""Initial mass"", ""Wet mass"", ""Container mass""], ""rows"": [[""347.2 g"", ""Sample-F"", ""317.8 g"", ""342.0 g"", ""12.5 g"", ""93.7 g""], [""42.7 g"", ""Sample-C"", ""117.9 g"", ""368.8 g"", ""370.4 g"", ""79.4 g""], [""351.0 g"", ""Sample-K"", ""124.0 g"", ""64.2 g"", ""319.6 g"", ""80.3 g""], [""163.4 g"", ""Sample-H"", ""293.7 g"", ""303.6 g"", ""23.1 g"", ""27.9 g""], [""31.2 g"", ""Sample-B"", ""377.7 g"", ""246.6 g"", ""412.7 g"", ""101.4 g""]]}"
A-L2-0090,2,cross_row_sum,ml_latency,Add the Postprocessing latency values for Quartz and Nova. What is the total?,"| Model | Queue latency | Inference latency | Network latency | Postprocessing latency |
| --- | --- | --- | --- | --- |
| Helix | 32.9 ms | 18.6 ms | 2.3 ms | 16.9 ms |
| Pulse | 4.2 ms | 19.5 ms | 87.2 ms | 12.1 ms |
| Nova | 44.2 ms | 164.3 ms | 44.3 ms | 19.0 ms |
| Vertex | 35.9 ms | 160.9 ms | 10.8 ms | 10.1 ms |
| Nimbus | 37.2 ms | 117.0 ms | 65.2 ms | 2.4 ms |
| Aurora | 69.7 ms | 144.4 ms | 21.1 ms | 23.5 ms |
| Delta | 79.1 ms | 142.0 ms | 87.3 ms | 27.9 ms |
| Zenith | 37.6 ms | 101.5 ms | 59.0 ms | 26.2 ms |
| Quartz | 68.8 ms | 76.6 ms | 53.7 ms | 18.6 ms |","Answer the question using the table. Perform the required calculation and return only the final value with its unit.

Table:
| Model | Queue latency | Inference latency | Network latency | Postprocessing latency |
| --- | --- | --- | --- | --- |
| Helix | 32.9 ms | 18.6 ms | 2.3 ms | 16.9 ms |
| Pulse | 4.2 ms | 19.5 ms | 87.2 ms | 12.1 ms |
| Nova | 44.2 ms | 164.3 ms | 44.3 ms | 19.0 ms |
| Vertex | 35.9 ms | 160.9 ms | 10.8 ms | 10.1 ms |
| Nimbus | 37.2 ms | 117.0 ms | 65.2 ms | 2.4 ms |
| Aurora | 69.7 ms | 144.4 ms | 21.1 ms | 23.5 ms |
| Delta | 79.1 ms | 142.0 ms | 87.3 ms | 27.9 ms |
| Zenith | 37.6 ms | 101.5 ms | 59.0 ms | 26.2 ms |
| Quartz | 68.8 ms | 76.6 ms | 53.7 ms | 18.6 ms |

Question: Add the Postprocessing latency values for Quartz and Nova. What is the total?",37.6 ms,"[{""row_index"": 8, ""column_index"": 4, ""row_identifier_column"": ""Model"", ""row_identifier_value"": ""Quartz"", ""column"": ""Postprocessing latency"", ""raw_value"": 18.6, ""display_value"": ""18.6 ms""}, {""row_index"": 2, ""column_index"": 4, ""row_identifier_column"": ""Model"", ""row_identifier_value"": ""Nova"", ""column"": ""Postprocessing latency"", ""raw_value"": 19.0, ""display_value"": ""19.0 ms""}]",add,2,"{""headers"": [""Model"", ""Queue latency"", ""Inference latency"", ""Network latency"", ""Postprocessing latency""], ""rows"": [[""Helix"", ""32.9 ms"", ""18.6 ms"", ""2.3 ms"", ""16.9 ms""], [""Pulse"", ""4.2 ms"", ""19.5 ms"", ""87.2 ms"", ""12.1 ms""], [""Nova"", ""44.2 ms"", ""164.3 ms"", ""44.3 ms"", ""19.0 ms""], [""Vertex"", ""35.9 ms"", ""160.9 ms"", ""10.8 ms"", ""10.1 ms""], [""Nimbus"", ""37.2 ms"", ""117.0 ms"", ""65.2 ms"", ""2.4 ms""], [""Aurora"", ""69.7 ms"", ""144.4 ms"", ""21.1 ms"", ""23.5 ms""], [""Delta"", ""79.1 ms"", ""142.0 ms"", ""87.3 ms"", ""27.9 ms""], [""Zenith"", ""37.6 ms"", ""101.5 ms"", ""59.0 ms"", ""26.2 ms""], [""Quartz"", ""68.8 ms"", ""76.6 ms"", ""53.7 ms"", ""18.6 ms""]]}"
A-L2-0091,2,same_row_difference,battery_energy,How far apart are the Discharge energy and Auxiliary energy values for Cell-C1? Return the absolute difference.,"| Discharge energy | Afternoon energy | Auxiliary energy | Evening energy | Cell | Charge energy | Morning energy |
| --- | --- | --- | --- | --- | --- | --- |
| 11.51 kWh | 3.42 kWh | 4.67 kWh | 4.50 kWh | Cell-E2 | 2.07 kWh | 0.40 kWh |
| 0.95 kWh | 3.93 kWh | 3.54 kWh | 4.93 kWh | Cell-A1 | 3.48 kWh | 1.10 kWh |
| 8.61 kWh | 2.09 kWh | 2.74 kWh | 3.81 kWh | Cell-E1 | 4.49 kWh | 3.78 kWh |
| 1.47 kWh | 3.76 kWh | 4.53 kWh | 7.77 kWh | Cell-B1 | 8.23 kWh | 4.46 kWh |
| 11.69 kWh | 0.44 kWh | 1.47 kWh | 7.31 kWh | Cell-D1 | 4.79 kWh | 6.29 kWh |
| 4.80 kWh | 6.96 kWh | 3.46 kWh | 0.54 kWh | Cell-C1 | 1.35 kWh | 6.22 kWh |","Answer the question using the table. Perform the required calculation and return only the final value with its unit.

Table:
| Discharge energy | Afternoon energy | Auxiliary energy | Evening energy | Cell | Charge energy | Morning energy |
| --- | --- | --- | --- | --- | --- | --- |
| 11.51 kWh | 3.42 kWh | 4.67 kWh | 4.50 kWh | Cell-E2 | 2.07 kWh | 0.40 kWh |
| 0.95 kWh | 3.93 kWh | 3.54 kWh | 4.93 kWh | Cell-A1 | 3.48 kWh | 1.10 kWh |
| 8.61 kWh | 2.09 kWh | 2.74 kWh | 3.81 kWh | Cell-E1 | 4.49 kWh | 3.78 kWh |
| 1.47 kWh | 3.76 kWh | 4.53 kWh | 7.77 kWh | Cell-B1 | 8.23 kWh | 4.46 kWh |
| 11.69 kWh | 0.44 kWh | 1.47 kWh | 7.31 kWh | Cell-D1 | 4.79 kWh | 6.29 kWh |
| 4.80 kWh | 6.96 kWh | 3.46 kWh | 0.54 kWh | Cell-C1 | 1.35 kWh | 6.22 kWh |

Question: How far apart are the Discharge energy and Auxiliary energy values for Cell-C1? Return the absolute difference.",1.34 kWh,"[{""row_index"": 5, ""column_index"": 0, ""row_identifier_column"": ""Cell"", ""row_identifier_value"": ""Cell-C1"", ""column"": ""Discharge energy"", ""raw_value"": 4.8, ""display_value"": ""4.80 kWh""}, {""row_index"": 5, ""column_index"": 2, ""row_identifier_column"": ""Cell"", ""row_identifier_value"": ""Cell-C1"", ""column"": ""Auxiliary energy"", ""raw_value"": 3.46, ""display_value"": ""3.46 kWh""}]",absolute_difference,2,"{""headers"": [""Discharge energy"", ""Afternoon energy"", ""Auxiliary energy"", ""Evening energy"", ""Cell"", ""Charge energy"", ""Morning energy""], ""rows"": [[""11.51 kWh"", ""3.42 kWh"", ""4.67 kWh"", ""4.50 kWh"", ""Cell-E2"", ""2.07 kWh"", ""0.40 kWh""], [""0.95 kWh"", ""3.93 kWh"", ""3.54 kWh"", ""4.93 kWh"", ""Cell-A1"", ""3.48 kWh"", ""1.10 kWh""], [""8.61 kWh"", ""2.09 kWh"", ""2.74 kWh"", ""3.81 kWh"", ""Cell-E1"", ""4.49 kWh"", ""3.78 kWh""], [""1.47 kWh"", ""3.76 kWh"", ""4.53 kWh"", ""7.77 kWh"", ""Cell-B1"", ""8.23 kWh"", ""4.46 kWh""], [""11.69 kWh"", ""0.44 kWh"", ""1.47 kWh"", ""7.31 kWh"", ""Cell-D1"", ""4.79 kWh"", ""6.29 kWh""], [""4.80 kWh"", ""6.96 kWh"", ""3.46 kWh"", ""0.54 kWh"", ""Cell-C1"", ""1.35 kWh"", ""6.22 kWh""]]}"
A-L2-0092,2,same_row_difference,race_sector_times,Find the absolute difference between David's Sector 1 time and Sector 2 time.,"| Sector 2 time | Sector 3 time | Sector 1 time | Driver | Penalty time | Pit-lane time |
| --- | --- | --- | --- | --- | --- |
| 21.71 s | 33.43 s | 43.87 s | Nora | 1.11 s | 34.26 s |
| 34.53 s | 40.00 s | 29.16 s | Ethan | 1.30 s | 28.84 s |
| 28.67 s | 38.32 s | 24.34 s | David | 3.92 s | 24.52 s |
| 28.91 s | 34.64 s | 38.26 s | Ryan | 8.14 s | 31.23 s |
| 24.36 s | 25.84 s | 37.36 s | Theo | 0.07 s | 32.83 s |
| 21.95 s | 29.58 s | 26.70 s | Jisoo | 6.18 s | 23.06 s |
| 32.24 s | 35.03 s | 19.77 s | Daniel | 1.51 s | 24.96 s |","Answer the question using the table. Perform the required calculation and return only the final value with its unit.

Table:
| Sector 2 time | Sector 3 time | Sector 1 time | Driver | Penalty time | Pit-lane time |
| --- | --- | --- | --- | --- | --- |
| 21.71 s | 33.43 s | 43.87 s | Nora | 1.11 s | 34.26 s |
| 34.53 s | 40.00 s | 29.16 s | Ethan | 1.30 s | 28.84 s |
| 28.67 s | 38.32 s | 24.34 s | David | 3.92 s | 24.52 s |
| 28.91 s | 34.64 s | 38.26 s | Ryan | 8.14 s | 31.23 s |
| 24.36 s | 25.84 s | 37.36 s | Theo | 0.07 s | 32.83 s |
| 21.95 s | 29.58 s | 26.70 s | Jisoo | 6.18 s | 23.06 s |
| 32.24 s | 35.03 s | 19.77 s | Daniel | 1.51 s | 24.96 s |

Question: Find the absolute difference between David's Sector 1 time and Sector 2 time.",4.33 s,"[{""row_index"": 2, ""column_index"": 2, ""row_identifier_column"": ""Driver"", ""row_identifier_value"": ""David"", ""column"": ""Sector 1 time"", ""raw_value"": 24.34, ""display_value"": ""24.34 s""}, {""row_index"": 2, ""column_index"": 0, ""row_identifier_column"": ""Driver"", ""row_identifier_value"": ""David"", ""column"": ""Sector 2 time"", ""raw_value"": 28.67, ""display_value"": ""28.67 s""}]",absolute_difference,2,"{""headers"": [""Sector 2 time"", ""Sector 3 time"", ""Sector 1 time"", ""Driver"", ""Penalty time"", ""Pit-lane time""], ""rows"": [[""21.71 s"", ""33.43 s"", ""43.87 s"", ""Nora"", ""1.11 s"", ""34.26 s""], [""34.53 s"", ""40.00 s"", ""29.16 s"", ""Ethan"", ""1.30 s"", ""28.84 s""], [""28.67 s"", ""38.32 s"", ""24.34 s"", ""David"", ""3.92 s"", ""24.52 s""], [""28.91 s"", ""34.64 s"", ""38.26 s"", ""Ryan"", ""8.14 s"", ""31.23 s""], [""24.36 s"", ""25.84 s"", ""37.36 s"", ""Theo"", ""0.07 s"", ""32.83 s""], [""21.95 s"", ""29.58 s"", ""26.70 s"", ""Jisoo"", ""6.18 s"", ""23.06 s""], [""32.24 s"", ""35.03 s"", ""19.77 s"", ""Daniel"", ""1.51 s"", ""24.96 s""]]}"
A-L2-0093,2,cross_row_sum,race_sector_times,What is the combined Penalty time of Theo and Daniel?,"| Penalty time | Sector 3 time | Pit-lane time | Driver |
| --- | --- | --- | --- |
| 5.56 s | 31.76 s | 33.68 s | Leo |
| 8.72 s | 34.46 s | 34.47 s | Nora |
| 5.35 s | 27.01 s | 30.67 s | Theo |
| 2.55 s | 24.25 s | 19.34 s | Yuna |
| 6.43 s | 19.91 s | 15.22 s | Mina |
| 8.07 s | 23.37 s | 33.17 s | Ryan |
| 9.56 s | 39.60 s | 26.91 s | Daniel |","Answer the question using the table. Perform the required calculation and return only the final value with its unit.

Table:
| Penalty time | Sector 3 time | Pit-lane time | Driver |
| --- | --- | --- | --- |
| 5.56 s | 31.76 s | 33.68 s | Leo |
| 8.72 s | 34.46 s | 34.47 s | Nora |
| 5.35 s | 27.01 s | 30.67 s | Theo |
| 2.55 s | 24.25 s | 19.34 s | Yuna |
| 6.43 s | 19.91 s | 15.22 s | Mina |
| 8.07 s | 23.37 s | 33.17 s | Ryan |
| 9.56 s | 39.60 s | 26.91 s | Daniel |

Question: What is the combined Penalty time of Theo and Daniel?",14.91 s,"[{""row_index"": 2, ""column_index"": 0, ""row_identifier_column"": ""Driver"", ""row_identifier_value"": ""Theo"", ""column"": ""Penalty time"", ""raw_value"": 5.35, ""display_value"": ""5.35 s""}, {""row_index"": 6, ""column_index"": 0, ""row_identifier_column"": ""Driver"", ""row_identifier_value"": ""Daniel"", ""column"": ""Penalty time"", ""raw_value"": 9.56, ""display_value"": ""9.56 s""}]",add,2,"{""headers"": [""Penalty time"", ""Sector 3 time"", ""Pit-lane time"", ""Driver""], ""rows"": [[""5.56 s"", ""31.76 s"", ""33.68 s"", ""Leo""], [""8.72 s"", ""34.46 s"", ""34.47 s"", ""Nora""], [""5.35 s"", ""27.01 s"", ""30.67 s"", ""Theo""], [""2.55 s"", ""24.25 s"", ""19.34 s"", ""Yuna""], [""6.43 s"", ""19.91 s"", ""15.22 s"", ""Mina""], [""8.07 s"", ""23.37 s"", ""33.17 s"", ""Ryan""], [""9.56 s"", ""39.60 s"", ""26.91 s"", ""Daniel""]]}"
A-L2-0094,2,cross_row_difference,race_sector_times,Find the absolute difference between the Sector 3 time values of Lucas and Chris.,"| Sector 3 time | Sector 2 time | Stop time | Driver | Sector 1 time | Pit-lane time |
| --- | --- | --- | --- | --- | --- |
| 29.70 s | 20.85 s | 10.37 s | Emma | 42.48 s | 30.71 s |
| 27.97 s | 42.80 s | 5.61 s | Noah | 33.43 s | 29.73 s |
| 27.04 s | 35.37 s | 7.00 s | Sam | 44.73 s | 20.18 s |
| 39.97 s | 39.99 s | 7.40 s | David | 43.16 s | 21.32 s |
| 29.87 s | 34.60 s | 10.10 s | Nora | 31.81 s | 16.96 s |
| 43.00 s | 37.56 s | 5.98 s | Lucas | 39.27 s | 14.87 s |
| 32.83 s | 19.36 s | 7.38 s | Chris | 22.10 s | 16.10 s |","Answer the question using the table. Perform the required calculation and return only the final value with its unit.

Table:
| Sector 3 time | Sector 2 time | Stop time | Driver | Sector 1 time | Pit-lane time |
| --- | --- | --- | --- | --- | --- |
| 29.70 s | 20.85 s | 10.37 s | Emma | 42.48 s | 30.71 s |
| 27.97 s | 42.80 s | 5.61 s | Noah | 33.43 s | 29.73 s |
| 27.04 s | 35.37 s | 7.00 s | Sam | 44.73 s | 20.18 s |
| 39.97 s | 39.99 s | 7.40 s | David | 43.16 s | 21.32 s |
| 29.87 s | 34.60 s | 10.10 s | Nora | 31.81 s | 16.96 s |
| 43.00 s | 37.56 s | 5.98 s | Lucas | 39.27 s | 14.87 s |
| 32.83 s | 19.36 s | 7.38 s | Chris | 22.10 s | 16.10 s |

Question: Find the absolute difference between the Sector 3 time values of Lucas and Chris.",10.17 s,"[{""row_index"": 5, ""column_index"": 0, ""row_identifier_column"": ""Driver"", ""row_identifier_value"": ""Lucas"", ""column"": ""Sector 3 time"", ""raw_value"": 43.0, ""display_value"": ""43.00 s""}, {""row_index"": 6, ""column_index"": 0, ""row_identifier_column"": ""Driver"", ""row_identifier_value"": ""Chris"", ""column"": ""Sector 3 time"", ""raw_value"": 32.83, ""display_value"": ""32.83 s""}]",absolute_difference,2,"{""headers"": [""Sector 3 time"", ""Sector 2 time"", ""Stop time"", ""Driver"", ""Sector 1 time"", ""Pit-lane time""], ""rows"": [[""29.70 s"", ""20.85 s"", ""10.37 s"", ""Emma"", ""42.48 s"", ""30.71 s""], [""27.97 s"", ""42.80 s"", ""5.61 s"", ""Noah"", ""33.43 s"", ""29.73 s""], [""27.04 s"", ""35.37 s"", ""7.00 s"", ""Sam"", ""44.73 s"", ""20.18 s""], [""39.97 s"", ""39.99 s"", ""7.40 s"", ""David"", ""43.16 s"", ""21.32 s""], [""29.87 s"", ""34.60 s"", ""10.10 s"", ""Nora"", ""31.81 s"", ""16.96 s""], [""43.00 s"", ""37.56 s"", ""5.98 s"", ""Lucas"", ""39.27 s"", ""14.87 s""], [""32.83 s"", ""19.36 s"", ""7.38 s"", ""Chris"", ""22.10 s"", ""16.10 s""]]}"
A-L2-0095,2,cross_row_difference,ml_latency,How far apart are Nimbus and Aurora in Queue latency? Return the absolute difference.,"| Model | Inference latency | Tokenization latency | Postprocessing latency | Queue latency |
| --- | --- | --- | --- | --- |
| Vertex | 176.3 ms | 11.7 ms | 19.7 ms | 73.4 ms |
| Sigma | 81.9 ms | 11.7 ms | 12.6 ms | 46.8 ms |
| Quartz | 130.8 ms | 24.9 ms | 20.8 ms | 60.7 ms |
| Aurora | 90.4 ms | 15.7 ms | 17.0 ms | 65.9 ms |
| Atlas | 113.7 ms | 12.6 ms | 4.2 ms | 37.0 ms |
| Nimbus | 33.9 ms | 8.9 ms | 6.9 ms | 11.0 ms |","Answer the question using the table. Perform the required calculation and return only the final value with its unit.

Table:
| Model | Inference latency | Tokenization latency | Postprocessing latency | Queue latency |
| --- | --- | --- | --- | --- |
| Vertex | 176.3 ms | 11.7 ms | 19.7 ms | 73.4 ms |
| Sigma | 81.9 ms | 11.7 ms | 12.6 ms | 46.8 ms |
| Quartz | 130.8 ms | 24.9 ms | 20.8 ms | 60.7 ms |
| Aurora | 90.4 ms | 15.7 ms | 17.0 ms | 65.9 ms |
| Atlas | 113.7 ms | 12.6 ms | 4.2 ms | 37.0 ms |
| Nimbus | 33.9 ms | 8.9 ms | 6.9 ms | 11.0 ms |

Question: How far apart are Nimbus and Aurora in Queue latency? Return the absolute difference.",54.9 ms,"[{""row_index"": 5, ""column_index"": 4, ""row_identifier_column"": ""Model"", ""row_identifier_value"": ""Nimbus"", ""column"": ""Queue latency"", ""raw_value"": 11.0, ""display_value"": ""11.0 ms""}, {""row_index"": 3, ""column_index"": 4, ""row_identifier_column"": ""Model"", ""row_identifier_value"": ""Aurora"", ""column"": ""Queue latency"", ""raw_value"": 65.9, ""display_value"": ""65.9 ms""}]",absolute_difference,2,"{""headers"": [""Model"", ""Inference latency"", ""Tokenization latency"", ""Postprocessing latency"", ""Queue latency""], ""rows"": [[""Vertex"", ""176.3 ms"", ""11.7 ms"", ""19.7 ms"", ""73.4 ms""], [""Sigma"", ""81.9 ms"", ""11.7 ms"", ""12.6 ms"", ""46.8 ms""], [""Quartz"", ""130.8 ms"", ""24.9 ms"", ""20.8 ms"", ""60.7 ms""], [""Aurora"", ""90.4 ms"", ""15.7 ms"", ""17.0 ms"", ""65.9 ms""], [""Atlas"", ""113.7 ms"", ""12.6 ms"", ""4.2 ms"", ""37.0 ms""], [""Nimbus"", ""33.9 ms"", ""8.9 ms"", ""6.9 ms"", ""11.0 ms""]]}"
A-L2-0096,2,same_row_sum,hiking_route,"For Iris, what is Uphill distance plus Downhill distance?","| Downhill distance | Hiker | Uphill distance | Morning distance |
| --- | --- | --- | --- |
| 6.3 km | Lucas | 0.9 km | 2.8 km |
| 4.0 km | Emma | 4.0 km | 12.0 km |
| 6.5 km | Iris | 8.8 km | 3.9 km |
| 3.7 km | Julia | 6.0 km | 10.6 km |","Answer the question using the table. Perform the required calculation and return only the final value with its unit.

Table:
| Downhill distance | Hiker | Uphill distance | Morning distance |
| --- | --- | --- | --- |
| 6.3 km | Lucas | 0.9 km | 2.8 km |
| 4.0 km | Emma | 4.0 km | 12.0 km |
| 6.5 km | Iris | 8.8 km | 3.9 km |
| 3.7 km | Julia | 6.0 km | 10.6 km |

Question: For Iris, what is Uphill distance plus Downhill distance?",15.3 km,"[{""row_index"": 2, ""column_index"": 2, ""row_identifier_column"": ""Hiker"", ""row_identifier_value"": ""Iris"", ""column"": ""Uphill distance"", ""raw_value"": 8.8, ""display_value"": ""8.8 km""}, {""row_index"": 2, ""column_index"": 0, ""row_identifier_column"": ""Hiker"", ""row_identifier_value"": ""Iris"", ""column"": ""Downhill distance"", ""raw_value"": 6.5, ""display_value"": ""6.5 km""}]",add,2,"{""headers"": [""Downhill distance"", ""Hiker"", ""Uphill distance"", ""Morning distance""], ""rows"": [[""6.3 km"", ""Lucas"", ""0.9 km"", ""2.8 km""], [""4.0 km"", ""Emma"", ""4.0 km"", ""12.0 km""], [""6.5 km"", ""Iris"", ""8.8 km"", ""3.9 km""], [""3.7 km"", ""Julia"", ""6.0 km"", ""10.6 km""]]}"
A-L2-0097,2,same_row_difference,basketball_game,Find the absolute difference between Wolves's Paint points and Bench points.,"| Team | Second-half points | First-half points | Paint points | Bench points | Fast-break points | Free-throw points |
| --- | --- | --- | --- | --- | --- | --- |
| Hawks | 36 points | 42 points | 53 points | 30 points | 28 points | 32 points |
| Dragons | 65 points | 29 points | 34 points | 22 points | 11 points | 16 points |
| Wolves | 28 points | 58 points | 21 points | 13 points | 5 points | 21 points |
| Tigers | 65 points | 41 points | 13 points | 6 points | 23 points | 33 points |
| Falcons | 35 points | 43 points | 52 points | 39 points | 23 points | 16 points |
| Comets | 67 points | 22 points | 15 points | 32 points | 23 points | 33 points |","Answer the question using the table. Perform the required calculation and return only the final value with its unit.

Table:
| Team | Second-half points | First-half points | Paint points | Bench points | Fast-break points | Free-throw points |
| --- | --- | --- | --- | --- | --- | --- |
| Hawks | 36 points | 42 points | 53 points | 30 points | 28 points | 32 points |
| Dragons | 65 points | 29 points | 34 points | 22 points | 11 points | 16 points |
| Wolves | 28 points | 58 points | 21 points | 13 points | 5 points | 21 points |
| Tigers | 65 points | 41 points | 13 points | 6 points | 23 points | 33 points |
| Falcons | 35 points | 43 points | 52 points | 39 points | 23 points | 16 points |
| Comets | 67 points | 22 points | 15 points | 32 points | 23 points | 33 points |

Question: Find the absolute difference between Wolves's Paint points and Bench points.",8 points,"[{""row_index"": 2, ""column_index"": 3, ""row_identifier_column"": ""Team"", ""row_identifier_value"": ""Wolves"", ""column"": ""Paint points"", ""raw_value"": 21.0, ""display_value"": ""21 points""}, {""row_index"": 2, ""column_index"": 4, ""row_identifier_column"": ""Team"", ""row_identifier_value"": ""Wolves"", ""column"": ""Bench points"", ""raw_value"": 13.0, ""display_value"": ""13 points""}]",absolute_difference,2,"{""headers"": [""Team"", ""Second-half points"", ""First-half points"", ""Paint points"", ""Bench points"", ""Fast-break points"", ""Free-throw points""], ""rows"": [[""Hawks"", ""36 points"", ""42 points"", ""53 points"", ""30 points"", ""28 points"", ""32 points""], [""Dragons"", ""65 points"", ""29 points"", ""34 points"", ""22 points"", ""11 points"", ""16 points""], [""Wolves"", ""28 points"", ""58 points"", ""21 points"", ""13 points"", ""5 points"", ""21 points""], [""Tigers"", ""65 points"", ""41 points"", ""13 points"", ""6 points"", ""23 points"", ""33 points""], [""Falcons"", ""35 points"", ""43 points"", ""52 points"", ""39 points"", ""23 points"", ""16 points""], [""Comets"", ""67 points"", ""22 points"", ""15 points"", ""32 points"", ""23 points"", ""33 points""]]}"
A-L2-0098,2,same_row_difference,lab_mass_measurements,Find the absolute difference between Sample-B's Material mass and Container mass.,"| Material mass | Container mass | Final mass | Sample |
| --- | --- | --- | --- |
| 256.3 g | 105.4 g | 377.1 g | Sample-B |
| 356.2 g | 44.9 g | 243.4 g | Sample-I |
| 144.2 g | 45.6 g | 307.6 g | Sample-C |
| 239.3 g | 28.1 g | 438.2 g | Sample-F |
| 366.2 g | 35.6 g | 149.5 g | Sample-G |
| 103.5 g | 119.0 g | 213.9 g | Sample-K |","Answer the question using the table. Perform the required calculation and return only the final value with its unit.

Table:
| Material mass | Container mass | Final mass | Sample |
| --- | --- | --- | --- |
| 256.3 g | 105.4 g | 377.1 g | Sample-B |
| 356.2 g | 44.9 g | 243.4 g | Sample-I |
| 144.2 g | 45.6 g | 307.6 g | Sample-C |
| 239.3 g | 28.1 g | 438.2 g | Sample-F |
| 366.2 g | 35.6 g | 149.5 g | Sample-G |
| 103.5 g | 119.0 g | 213.9 g | Sample-K |

Question: Find the absolute difference between Sample-B's Material mass and Container mass.",150.9 g,"[{""row_index"": 0, ""column_index"": 0, ""row_identifier_column"": ""Sample"", ""row_identifier_value"": ""Sample-B"", ""column"": ""Material mass"", ""raw_value"": 256.3, ""display_value"": ""256.3 g""}, {""row_index"": 0, ""column_index"": 1, ""row_identifier_column"": ""Sample"", ""row_identifier_value"": ""Sample-B"", ""column"": ""Container mass"", ""raw_value"": 105.4, ""display_value"": ""105.4 g""}]",absolute_difference,2,"{""headers"": [""Material mass"", ""Container mass"", ""Final mass"", ""Sample""], ""rows"": [[""256.3 g"", ""105.4 g"", ""377.1 g"", ""Sample-B""], [""356.2 g"", ""44.9 g"", ""243.4 g"", ""Sample-I""], [""144.2 g"", ""45.6 g"", ""307.6 g"", ""Sample-C""], [""239.3 g"", ""28.1 g"", ""438.2 g"", ""Sample-F""], [""366.2 g"", ""35.6 g"", ""149.5 g"", ""Sample-G""], [""103.5 g"", ""119.0 g"", ""213.9 g"", ""Sample-K""]]}"
A-L2-0099,2,same_row_difference,hiking_route,How far apart are the Morning distance and Afternoon distance values for David? Return the absolute difference.,"| Afternoon distance | Morning distance | Ridge distance | Hiker |
| --- | --- | --- | --- |
| 8.6 km | 5.0 km | 13.4 km | Maya |
| 17.0 km | 16.5 km | 2.2 km | Iris |
| 7.6 km | 8.4 km | 8.5 km | Julia |
| 3.6 km | 14.4 km | 5.5 km | Ryan |
| 13.5 km | 12.3 km | 12.0 km | Nora |
| 16.2 km | 12.9 km | 2.7 km | David |
| 6.1 km | 17.2 km | 11.0 km | Chris |","Answer the question using the table. Perform the required calculation and return only the final value with its unit.

Table:
| Afternoon distance | Morning distance | Ridge distance | Hiker |
| --- | --- | --- | --- |
| 8.6 km | 5.0 km | 13.4 km | Maya |
| 17.0 km | 16.5 km | 2.2 km | Iris |
| 7.6 km | 8.4 km | 8.5 km | Julia |
| 3.6 km | 14.4 km | 5.5 km | Ryan |
| 13.5 km | 12.3 km | 12.0 km | Nora |
| 16.2 km | 12.9 km | 2.7 km | David |
| 6.1 km | 17.2 km | 11.0 km | Chris |

Question: How far apart are the Morning distance and Afternoon distance values for David? Return the absolute difference.",3.3 km,"[{""row_index"": 5, ""column_index"": 1, ""row_identifier_column"": ""Hiker"", ""row_identifier_value"": ""David"", ""column"": ""Morning distance"", ""raw_value"": 12.9, ""display_value"": ""12.9 km""}, {""row_index"": 5, ""column_index"": 0, ""row_identifier_column"": ""Hiker"", ""row_identifier_value"": ""David"", ""column"": ""Afternoon distance"", ""raw_value"": 16.2, ""display_value"": ""16.2 km""}]",absolute_difference,2,"{""headers"": [""Afternoon distance"", ""Morning distance"", ""Ridge distance"", ""Hiker""], ""rows"": [[""8.6 km"", ""5.0 km"", ""13.4 km"", ""Maya""], [""17.0 km"", ""16.5 km"", ""2.2 km"", ""Iris""], [""7.6 km"", ""8.4 km"", ""8.5 km"", ""Julia""], [""3.6 km"", ""14.4 km"", ""5.5 km"", ""Ryan""], [""13.5 km"", ""12.3 km"", ""12.0 km"", ""Nora""], [""16.2 km"", ""12.9 km"", ""2.7 km"", ""David""], [""6.1 km"", ""17.2 km"", ""11.0 km"", ""Chris""]]}"
A-L2-0100,2,cross_row_difference,race_sector_times,How far apart are Julia and David in Pit-lane time? Return the absolute difference.,"| Driver | Stop time | Penalty time | Sector 1 time | Pit-lane time |
| --- | --- | --- | --- | --- |
| Iris | 6.28 s | 3.19 s | 37.66 s | 34.52 s |
| Maya | 7.09 s | 2.95 s | 37.63 s | 21.47 s |
| Noah | 5.07 s | 6.25 s | 25.83 s | 25.53 s |
| Sam | 5.40 s | 1.47 s | 37.80 s | 21.26 s |
| Oliver | 5.25 s | 4.15 s | 42.93 s | 21.50 s |
| Julia | 6.32 s | 6.48 s | 40.97 s | 31.70 s |
| Sofia | 10.27 s | 2.81 s | 36.01 s | 24.03 s |
| David | 3.34 s | 9.79 s | 39.71 s | 29.90 s |
| Jisoo | 14.33 s | 6.86 s | 42.51 s | 26.80 s |","Answer the question using the table. Perform the required calculation and return only the final value with its unit.

Table:
| Driver | Stop time | Penalty time | Sector 1 time | Pit-lane time |
| --- | --- | --- | --- | --- |
| Iris | 6.28 s | 3.19 s | 37.66 s | 34.52 s |
| Maya | 7.09 s | 2.95 s | 37.63 s | 21.47 s |
| Noah | 5.07 s | 6.25 s | 25.83 s | 25.53 s |
| Sam | 5.40 s | 1.47 s | 37.80 s | 21.26 s |
| Oliver | 5.25 s | 4.15 s | 42.93 s | 21.50 s |
| Julia | 6.32 s | 6.48 s | 40.97 s | 31.70 s |
| Sofia | 10.27 s | 2.81 s | 36.01 s | 24.03 s |
| David | 3.34 s | 9.79 s | 39.71 s | 29.90 s |
| Jisoo | 14.33 s | 6.86 s | 42.51 s | 26.80 s |

Question: How far apart are Julia and David in Pit-lane time? Return the absolute difference.",1.80 s,"[{""row_index"": 5, ""column_index"": 4, ""row_identifier_column"": ""Driver"", ""row_identifier_value"": ""Julia"", ""column"": ""Pit-lane time"", ""raw_value"": 31.7, ""display_value"": ""31.70 s""}, {""row_index"": 7, ""column_index"": 4, ""row_identifier_column"": ""Driver"", ""row_identifier_value"": ""David"", ""column"": ""Pit-lane time"", ""raw_value"": 29.9, ""display_value"": ""29.90 s""}]",absolute_difference,2,"{""headers"": [""Driver"", ""Stop time"", ""Penalty time"", ""Sector 1 time"", ""Pit-lane time""], ""rows"": [[""Iris"", ""6.28 s"", ""3.19 s"", ""37.66 s"", ""34.52 s""], [""Maya"", ""7.09 s"", ""2.95 s"", ""37.63 s"", ""21.47 s""], [""Noah"", ""5.07 s"", ""6.25 s"", ""25.83 s"", ""25.53 s""], [""Sam"", ""5.40 s"", ""1.47 s"", ""37.80 s"", ""21.26 s""], [""Oliver"", ""5.25 s"", ""4.15 s"", ""42.93 s"", ""21.50 s""], [""Julia"", ""6.32 s"", ""6.48 s"", ""40.97 s"", ""31.70 s""], [""Sofia"", ""10.27 s"", ""2.81 s"", ""36.01 s"", ""24.03 s""], [""David"", ""3.34 s"", ""9.79 s"", ""39.71 s"", ""29.90 s""], [""Jisoo"", ""14.33 s"", ""6.86 s"", ""42.51 s"", ""26.80 s""]]}"
A-L2-0101,2,same_row_sum,basketball_game,"For Dragons, what is First-half points plus Second-half points?","| Second-half points | Team | Fast-break points | Bench points | First-half points | Free-throw points |
| --- | --- | --- | --- | --- | --- |
| 61 points | Dragons | 21 points | 31 points | 61 points | 8 points |
| 62 points | Ravens | 6 points | 31 points | 28 points | 8 points |
| 53 points | Cyclones | 15 points | 6 points | 20 points | 21 points |
| 22 points | Panthers | 8 points | 29 points | 21 points | 9 points |
| 51 points | Falcons | 7 points | 9 points | 67 points | 19 points |
| 38 points | Sharks | 25 points | 10 points | 50 points | 34 points |
| 51 points | Bulls | 28 points | 31 points | 42 points | 25 points |
| 59 points | Comets | 16 points | 37 points | 40 points | 7 points |","Answer the question using the table. Perform the required calculation and return only the final value with its unit.

Table:
| Second-half points | Team | Fast-break points | Bench points | First-half points | Free-throw points |
| --- | --- | --- | --- | --- | --- |
| 61 points | Dragons | 21 points | 31 points | 61 points | 8 points |
| 62 points | Ravens | 6 points | 31 points | 28 points | 8 points |
| 53 points | Cyclones | 15 points | 6 points | 20 points | 21 points |
| 22 points | Panthers | 8 points | 29 points | 21 points | 9 points |
| 51 points | Falcons | 7 points | 9 points | 67 points | 19 points |
| 38 points | Sharks | 25 points | 10 points | 50 points | 34 points |
| 51 points | Bulls | 28 points | 31 points | 42 points | 25 points |
| 59 points | Comets | 16 points | 37 points | 40 points | 7 points |

Question: For Dragons, what is First-half points plus Second-half points?",122 points,"[{""row_index"": 0, ""column_index"": 4, ""row_identifier_column"": ""Team"", ""row_identifier_value"": ""Dragons"", ""column"": ""First-half points"", ""raw_value"": 61.0, ""display_value"": ""61 points""}, {""row_index"": 0, ""column_index"": 0, ""row_identifier_column"": ""Team"", ""row_identifier_value"": ""Dragons"", ""column"": ""Second-half points"", ""raw_value"": 61.0, ""display_value"": ""61 points""}]",add,2,"{""headers"": [""Second-half points"", ""Team"", ""Fast-break points"", ""Bench points"", ""First-half points"", ""Free-throw points""], ""rows"": [[""61 points"", ""Dragons"", ""21 points"", ""31 points"", ""61 points"", ""8 points""], [""62 points"", ""Ravens"", ""6 points"", ""31 points"", ""28 points"", ""8 points""], [""53 points"", ""Cyclones"", ""15 points"", ""6 points"", ""20 points"", ""21 points""], [""22 points"", ""Panthers"", ""8 points"", ""29 points"", ""21 points"", ""9 points""], [""51 points"", ""Falcons"", ""7 points"", ""9 points"", ""67 points"", ""19 points""], [""38 points"", ""Sharks"", ""25 points"", ""10 points"", ""50 points"", ""34 points""], [""51 points"", ""Bulls"", ""28 points"", ""31 points"", ""42 points"", ""25 points""], [""59 points"", ""Comets"", ""16 points"", ""37 points"", ""40 points"", ""7 points""]]}"
A-L2-0102,2,same_row_sum,lab_mass_measurements,"For Sample-D, what is Dry mass plus Container mass?","| Sample | Initial mass | Wet mass | Dry mass | Container mass |
| --- | --- | --- | --- | --- |
| Sample-G | 245.0 g | 490.7 g | 213.3 g | 56.7 g |
| Sample-A | 325.0 g | 267.9 g | 33.7 g | 105.2 g |
| Sample-F | 191.0 g | 409.7 g | 77.1 g | 5.5 g |
| Sample-H | 356.1 g | 156.2 g | 140.1 g | 11.4 g |
| Sample-K | 371.3 g | 415.3 g | 157.8 g | 74.2 g |
| Sample-I | 349.6 g | 80.9 g | 21.2 g | 63.0 g |
| Sample-D | 150.5 g | 491.9 g | 143.4 g | 82.7 g |
| Sample-E | 222.5 g | 63.4 g | 170.6 g | 112.2 g |
| Sample-L | 173.2 g | 355.7 g | 227.4 g | 48.3 g |","Answer the question using the table. Perform the required calculation and return only the final value with its unit.

Table:
| Sample | Initial mass | Wet mass | Dry mass | Container mass |
| --- | --- | --- | --- | --- |
| Sample-G | 245.0 g | 490.7 g | 213.3 g | 56.7 g |
| Sample-A | 325.0 g | 267.9 g | 33.7 g | 105.2 g |
| Sample-F | 191.0 g | 409.7 g | 77.1 g | 5.5 g |
| Sample-H | 356.1 g | 156.2 g | 140.1 g | 11.4 g |
| Sample-K | 371.3 g | 415.3 g | 157.8 g | 74.2 g |
| Sample-I | 349.6 g | 80.9 g | 21.2 g | 63.0 g |
| Sample-D | 150.5 g | 491.9 g | 143.4 g | 82.7 g |
| Sample-E | 222.5 g | 63.4 g | 170.6 g | 112.2 g |
| Sample-L | 173.2 g | 355.7 g | 227.4 g | 48.3 g |

Question: For Sample-D, what is Dry mass plus Container mass?",226.1 g,"[{""row_index"": 6, ""column_index"": 3, ""row_identifier_column"": ""Sample"", ""row_identifier_value"": ""Sample-D"", ""column"": ""Dry mass"", ""raw_value"": 143.4, ""display_value"": ""143.4 g""}, {""row_index"": 6, ""column_index"": 4, ""row_identifier_column"": ""Sample"", ""row_identifier_value"": ""Sample-D"", ""column"": ""Container mass"", ""raw_value"": 82.7, ""display_value"": ""82.7 g""}]",add,2,"{""headers"": [""Sample"", ""Initial mass"", ""Wet mass"", ""Dry mass"", ""Container mass""], ""rows"": [[""Sample-G"", ""245.0 g"", ""490.7 g"", ""213.3 g"", ""56.7 g""], [""Sample-A"", ""325.0 g"", ""267.9 g"", ""33.7 g"", ""105.2 g""], [""Sample-F"", ""191.0 g"", ""409.7 g"", ""77.1 g"", ""5.5 g""], [""Sample-H"", ""356.1 g"", ""156.2 g"", ""140.1 g"", ""11.4 g""], [""Sample-K"", ""371.3 g"", ""415.3 g"", ""157.8 g"", ""74.2 g""], [""Sample-I"", ""349.6 g"", ""80.9 g"", ""21.2 g"", ""63.0 g""], [""Sample-D"", ""150.5 g"", ""491.9 g"", ""143.4 g"", ""82.7 g""], [""Sample-E"", ""222.5 g"", ""63.4 g"", ""170.6 g"", ""112.2 g""], [""Sample-L"", ""173.2 g"", ""355.7 g"", ""227.4 g"", ""48.3 g""]]}"
A-L2-0103,2,same_row_sum,quarterly_sales,Add Fairview's Q1 sales and Q2 sales. What is the total?,"| Region | Q1 sales | Retail sales | Online sales | Q2 sales |
| --- | --- | --- | --- | --- |
| Clearwater | 183.5 kUSD | 247.5 kUSD | 243.8 kUSD | 359.2 kUSD |
| Fairview | 446.2 kUSD | 204.5 kUSD | 105.2 kUSD | 107.6 kUSD |
| Hillcrest | 303.0 kUSD | 68.5 kUSD | 170.1 kUSD | 318.7 kUSD |
| Pinehurst | 22.9 kUSD | 266.4 kUSD | 293.1 kUSD | 479.8 kUSD |
| Riverton | 29.0 kUSD | 92.8 kUSD | 113.7 kUSD | 316.1 kUSD |
| Lakeside | 108.4 kUSD | 339.8 kUSD | 45.0 kUSD | 474.9 kUSD |","Answer the question using the table. Perform the required calculation and return only the final value with its unit.

Table:
| Region | Q1 sales | Retail sales | Online sales | Q2 sales |
| --- | --- | --- | --- | --- |
| Clearwater | 183.5 kUSD | 247.5 kUSD | 243.8 kUSD | 359.2 kUSD |
| Fairview | 446.2 kUSD | 204.5 kUSD | 105.2 kUSD | 107.6 kUSD |
| Hillcrest | 303.0 kUSD | 68.5 kUSD | 170.1 kUSD | 318.7 kUSD |
| Pinehurst | 22.9 kUSD | 266.4 kUSD | 293.1 kUSD | 479.8 kUSD |
| Riverton | 29.0 kUSD | 92.8 kUSD | 113.7 kUSD | 316.1 kUSD |
| Lakeside | 108.4 kUSD | 339.8 kUSD | 45.0 kUSD | 474.9 kUSD |

Question: Add Fairview's Q1 sales and Q2 sales. What is the total?",553.8 kUSD,"[{""row_index"": 1, ""column_index"": 1, ""row_identifier_column"": ""Region"", ""row_identifier_value"": ""Fairview"", ""column"": ""Q1 sales"", ""raw_value"": 446.2, ""display_value"": ""446.2 kUSD""}, {""row_index"": 1, ""column_index"": 4, ""row_identifier_column"": ""Region"", ""row_identifier_value"": ""Fairview"", ""column"": ""Q2 sales"", ""raw_value"": 107.6, ""display_value"": ""107.6 kUSD""}]",add,2,"{""headers"": [""Region"", ""Q1 sales"", ""Retail sales"", ""Online sales"", ""Q2 sales""], ""rows"": [[""Clearwater"", ""183.5 kUSD"", ""247.5 kUSD"", ""243.8 kUSD"", ""359.2 kUSD""], [""Fairview"", ""446.2 kUSD"", ""204.5 kUSD"", ""105.2 kUSD"", ""107.6 kUSD""], [""Hillcrest"", ""303.0 kUSD"", ""68.5 kUSD"", ""170.1 kUSD"", ""318.7 kUSD""], [""Pinehurst"", ""22.9 kUSD"", ""266.4 kUSD"", ""293.1 kUSD"", ""479.8 kUSD""], [""Riverton"", ""29.0 kUSD"", ""92.8 kUSD"", ""113.7 kUSD"", ""316.1 kUSD""], [""Lakeside"", ""108.4 kUSD"", ""339.8 kUSD"", ""45.0 kUSD"", ""474.9 kUSD""]]}"
A-L2-0104,2,cross_row_sum,race_sector_times,Add the Penalty time values for Oliver and Ethan. What is the total?,"| Sector 3 time | Sector 2 time | Driver | Sector 1 time | Pit-lane time | Penalty time |
| --- | --- | --- | --- | --- | --- |
| 37.61 s | 40.53 s | Yuna | 39.00 s | 16.26 s | 0.34 s |
| 23.63 s | 35.10 s | Sam | 35.50 s | 23.28 s | 1.91 s |
| 38.24 s | 18.67 s | Oliver | 34.09 s | 15.68 s | 4.10 s |
| 37.19 s | 41.09 s | Ryan | 34.37 s | 33.50 s | 3.43 s |
| 30.10 s | 27.57 s | Lena | 35.44 s | 17.15 s | 4.41 s |
| 25.60 s | 34.71 s | Daniel | 29.93 s | 22.44 s | 4.94 s |
| 22.72 s | 32.83 s | Theo | 31.41 s | 30.83 s | 4.64 s |
| 38.58 s | 28.31 s | Ethan | 29.54 s | 25.89 s | 5.52 s |
| 29.16 s | 31.45 s | Nora | 28.93 s | 14.70 s | 2.43 s |","Answer the question using the table. Perform the required calculation and return only the final value with its unit.

Table:
| Sector 3 time | Sector 2 time | Driver | Sector 1 time | Pit-lane time | Penalty time |
| --- | --- | --- | --- | --- | --- |
| 37.61 s | 40.53 s | Yuna | 39.00 s | 16.26 s | 0.34 s |
| 23.63 s | 35.10 s | Sam | 35.50 s | 23.28 s | 1.91 s |
| 38.24 s | 18.67 s | Oliver | 34.09 s | 15.68 s | 4.10 s |
| 37.19 s | 41.09 s | Ryan | 34.37 s | 33.50 s | 3.43 s |
| 30.10 s | 27.57 s | Lena | 35.44 s | 17.15 s | 4.41 s |
| 25.60 s | 34.71 s | Daniel | 29.93 s | 22.44 s | 4.94 s |
| 22.72 s | 32.83 s | Theo | 31.41 s | 30.83 s | 4.64 s |
| 38.58 s | 28.31 s | Ethan | 29.54 s | 25.89 s | 5.52 s |
| 29.16 s | 31.45 s | Nora | 28.93 s | 14.70 s | 2.43 s |

Question: Add the Penalty time values for Oliver and Ethan. What is the total?",9.62 s,"[{""row_index"": 2, ""column_index"": 5, ""row_identifier_column"": ""Driver"", ""row_identifier_value"": ""Oliver"", ""column"": ""Penalty time"", ""raw_value"": 4.1, ""display_value"": ""4.10 s""}, {""row_index"": 7, ""column_index"": 5, ""row_identifier_column"": ""Driver"", ""row_identifier_value"": ""Ethan"", ""column"": ""Penalty time"", ""raw_value"": 5.52, ""display_value"": ""5.52 s""}]",add,2,"{""headers"": [""Sector 3 time"", ""Sector 2 time"", ""Driver"", ""Sector 1 time"", ""Pit-lane time"", ""Penalty time""], ""rows"": [[""37.61 s"", ""40.53 s"", ""Yuna"", ""39.00 s"", ""16.26 s"", ""0.34 s""], [""23.63 s"", ""35.10 s"", ""Sam"", ""35.50 s"", ""23.28 s"", ""1.91 s""], [""38.24 s"", ""18.67 s"", ""Oliver"", ""34.09 s"", ""15.68 s"", ""4.10 s""], [""37.19 s"", ""41.09 s"", ""Ryan"", ""34.37 s"", ""33.50 s"", ""3.43 s""], [""30.10 s"", ""27.57 s"", ""Lena"", ""35.44 s"", ""17.15 s"", ""4.41 s""], [""25.60 s"", ""34.71 s"", ""Daniel"", ""29.93 s"", ""22.44 s"", ""4.94 s""], [""22.72 s"", ""32.83 s"", ""Theo"", ""31.41 s"", ""30.83 s"", ""4.64 s""], [""38.58 s"", ""28.31 s"", ""Ethan"", ""29.54 s"", ""25.89 s"", ""5.52 s""], [""29.16 s"", ""31.45 s"", ""Nora"", ""28.93 s"", ""14.70 s"", ""2.43 s""]]}"
A-L2-0105,2,cross_row_sum,quarterly_sales,"According to the table, what do Maple and Riverton have in total for Q2 sales?","| Q4 sales | Q1 sales | Region | Online sales | Q3 sales | Retail sales | Q2 sales |
| --- | --- | --- | --- | --- | --- | --- |
| 380.7 kUSD | 382.3 kUSD | Oakridge | 265.8 kUSD | 335.8 kUSD | 184.2 kUSD | 265.1 kUSD |
| 157.7 kUSD | 305.2 kUSD | Riverton | 182.7 kUSD | 275.5 kUSD | 218.4 kUSD | 124.2 kUSD |
| 120.0 kUSD | 234.0 kUSD | Brookfield | 290.0 kUSD | 84.7 kUSD | 58.3 kUSD | 291.3 kUSD |
| 102.7 kUSD | 264.2 kUSD | Maple | 302.3 kUSD | 246.3 kUSD | 322.3 kUSD | 451.1 kUSD |","Answer the question using the table. Perform the required calculation and return only the final value with its unit.

Table:
| Q4 sales | Q1 sales | Region | Online sales | Q3 sales | Retail sales | Q2 sales |
| --- | --- | --- | --- | --- | --- | --- |
| 380.7 kUSD | 382.3 kUSD | Oakridge | 265.8 kUSD | 335.8 kUSD | 184.2 kUSD | 265.1 kUSD |
| 157.7 kUSD | 305.2 kUSD | Riverton | 182.7 kUSD | 275.5 kUSD | 218.4 kUSD | 124.2 kUSD |
| 120.0 kUSD | 234.0 kUSD | Brookfield | 290.0 kUSD | 84.7 kUSD | 58.3 kUSD | 291.3 kUSD |
| 102.7 kUSD | 264.2 kUSD | Maple | 302.3 kUSD | 246.3 kUSD | 322.3 kUSD | 451.1 kUSD |

Question: According to the table, what do Maple and Riverton have in total for Q2 sales?",575.3 kUSD,"[{""row_index"": 3, ""column_index"": 6, ""row_identifier_column"": ""Region"", ""row_identifier_value"": ""Maple"", ""column"": ""Q2 sales"", ""raw_value"": 451.1, ""display_value"": ""451.1 kUSD""}, {""row_index"": 1, ""column_index"": 6, ""row_identifier_column"": ""Region"", ""row_identifier_value"": ""Riverton"", ""column"": ""Q2 sales"", ""raw_value"": 124.2, ""display_value"": ""124.2 kUSD""}]",add,2,"{""headers"": [""Q4 sales"", ""Q1 sales"", ""Region"", ""Online sales"", ""Q3 sales"", ""Retail sales"", ""Q2 sales""], ""rows"": [[""380.7 kUSD"", ""382.3 kUSD"", ""Oakridge"", ""265.8 kUSD"", ""335.8 kUSD"", ""184.2 kUSD"", ""265.1 kUSD""], [""157.7 kUSD"", ""305.2 kUSD"", ""Riverton"", ""182.7 kUSD"", ""275.5 kUSD"", ""218.4 kUSD"", ""124.2 kUSD""], [""120.0 kUSD"", ""234.0 kUSD"", ""Brookfield"", ""290.0 kUSD"", ""84.7 kUSD"", ""58.3 kUSD"", ""291.3 kUSD""], [""102.7 kUSD"", ""264.2 kUSD"", ""Maple"", ""302.3 kUSD"", ""246.3 kUSD"", ""322.3 kUSD"", ""451.1 kUSD""]]}"
A-L2-0106,2,same_row_difference,lab_mass_measurements,"For Sample-L, what is the absolute difference between Wet mass and Dry mass?","| Sample | Dry mass | Wet mass | Material mass |
| --- | --- | --- | --- |
| Sample-F | 8.7 g | 409.9 g | 43.6 g |
| Sample-D | 44.5 g | 223.5 g | 238.5 g |
| Sample-J | 140.7 g | 307.2 g | 340.4 g |
| Sample-K | 59.1 g | 143.3 g | 115.7 g |
| Sample-C | 285.1 g | 442.6 g | 219.0 g |
| Sample-G | 268.9 g | 458.7 g | 126.0 g |
| Sample-L | 276.3 g | 194.2 g | 227.5 g |","Answer the question using the table. Perform the required calculation and return only the final value with its unit.

Table:
| Sample | Dry mass | Wet mass | Material mass |
| --- | --- | --- | --- |
| Sample-F | 8.7 g | 409.9 g | 43.6 g |
| Sample-D | 44.5 g | 223.5 g | 238.5 g |
| Sample-J | 140.7 g | 307.2 g | 340.4 g |
| Sample-K | 59.1 g | 143.3 g | 115.7 g |
| Sample-C | 285.1 g | 442.6 g | 219.0 g |
| Sample-G | 268.9 g | 458.7 g | 126.0 g |
| Sample-L | 276.3 g | 194.2 g | 227.5 g |

Question: For Sample-L, what is the absolute difference between Wet mass and Dry mass?",82.1 g,"[{""row_index"": 6, ""column_index"": 2, ""row_identifier_column"": ""Sample"", ""row_identifier_value"": ""Sample-L"", ""column"": ""Wet mass"", ""raw_value"": 194.2, ""display_value"": ""194.2 g""}, {""row_index"": 6, ""column_index"": 1, ""row_identifier_column"": ""Sample"", ""row_identifier_value"": ""Sample-L"", ""column"": ""Dry mass"", ""raw_value"": 276.3, ""display_value"": ""276.3 g""}]",absolute_difference,2,"{""headers"": [""Sample"", ""Dry mass"", ""Wet mass"", ""Material mass""], ""rows"": [[""Sample-F"", ""8.7 g"", ""409.9 g"", ""43.6 g""], [""Sample-D"", ""44.5 g"", ""223.5 g"", ""238.5 g""], [""Sample-J"", ""140.7 g"", ""307.2 g"", ""340.4 g""], [""Sample-K"", ""59.1 g"", ""143.3 g"", ""115.7 g""], [""Sample-C"", ""285.1 g"", ""442.6 g"", ""219.0 g""], [""Sample-G"", ""268.9 g"", ""458.7 g"", ""126.0 g""], [""Sample-L"", ""276.3 g"", ""194.2 g"", ""227.5 g""]]}"
A-L2-0107,2,cross_row_sum,rainfall_measurements,"According to the table, what do Clearwater and Fairview have in total for Afternoon rainfall?","| South gauge | Morning rainfall | Afternoon rainfall | Storm rainfall | North gauge | Station | Evening rainfall |
| --- | --- | --- | --- | --- | --- | --- |
| 32.9 mm | 4.6 mm | 52.0 mm | 71.5 mm | 32.6 mm | Clearwater | 52.9 mm |
| 28.9 mm | 17.8 mm | 22.4 mm | 54.2 mm | 33.6 mm | Riverton | 4.3 mm |
| 41.1 mm | 49.5 mm | 36.0 mm | 46.4 mm | 17.4 mm | Fairview | 34.0 mm |
| 68.4 mm | 35.3 mm | 9.6 mm | 24.7 mm | 69.9 mm | Westhaven | 35.2 mm |","Answer the question using the table. Perform the required calculation and return only the final value with its unit.

Table:
| South gauge | Morning rainfall | Afternoon rainfall | Storm rainfall | North gauge | Station | Evening rainfall |
| --- | --- | --- | --- | --- | --- | --- |
| 32.9 mm | 4.6 mm | 52.0 mm | 71.5 mm | 32.6 mm | Clearwater | 52.9 mm |
| 28.9 mm | 17.8 mm | 22.4 mm | 54.2 mm | 33.6 mm | Riverton | 4.3 mm |
| 41.1 mm | 49.5 mm | 36.0 mm | 46.4 mm | 17.4 mm | Fairview | 34.0 mm |
| 68.4 mm | 35.3 mm | 9.6 mm | 24.7 mm | 69.9 mm | Westhaven | 35.2 mm |

Question: According to the table, what do Clearwater and Fairview have in total for Afternoon rainfall?",88.0 mm,"[{""row_index"": 0, ""column_index"": 2, ""row_identifier_column"": ""Station"", ""row_identifier_value"": ""Clearwater"", ""column"": ""Afternoon rainfall"", ""raw_value"": 52.0, ""display_value"": ""52.0 mm""}, {""row_index"": 2, ""column_index"": 2, ""row_identifier_column"": ""Station"", ""row_identifier_value"": ""Fairview"", ""column"": ""Afternoon rainfall"", ""raw_value"": 36.0, ""display_value"": ""36.0 mm""}]",add,2,"{""headers"": [""South gauge"", ""Morning rainfall"", ""Afternoon rainfall"", ""Storm rainfall"", ""North gauge"", ""Station"", ""Evening rainfall""], ""rows"": [[""32.9 mm"", ""4.6 mm"", ""52.0 mm"", ""71.5 mm"", ""32.6 mm"", ""Clearwater"", ""52.9 mm""], [""28.9 mm"", ""17.8 mm"", ""22.4 mm"", ""54.2 mm"", ""33.6 mm"", ""Riverton"", ""4.3 mm""], [""41.1 mm"", ""49.5 mm"", ""36.0 mm"", ""46.4 mm"", ""17.4 mm"", ""Fairview"", ""34.0 mm""], [""68.4 mm"", ""35.3 mm"", ""9.6 mm"", ""24.7 mm"", ""69.9 mm"", ""Westhaven"", ""35.2 mm""]]}"
A-L2-0108,2,cross_row_difference,lab_mass_measurements,How far apart are Sample-H and Sample-E in Final mass? Return the absolute difference.,"| Dry mass | Initial mass | Final mass | Container mass | Sample | Material mass |
| --- | --- | --- | --- | --- | --- |
| 198.0 g | 337.6 g | 341.9 g | 110.4 g | Sample-E | 315.0 g |
| 25.7 g | 366.7 g | 374.5 g | 100.4 g | Sample-L | 385.0 g |
| 110.7 g | 78.0 g | 240.3 g | 96.2 g | Sample-B | 97.2 g |
| 88.8 g | 174.3 g | 363.2 g | 20.4 g | Sample-A | 38.8 g |
| 287.4 g | 325.0 g | 68.2 g | 100.3 g | Sample-H | 30.8 g |
| 255.3 g | 272.1 g | 257.6 g | 102.6 g | Sample-F | 90.8 g |","Answer the question using the table. Perform the required calculation and return only the final value with its unit.

Table:
| Dry mass | Initial mass | Final mass | Container mass | Sample | Material mass |
| --- | --- | --- | --- | --- | --- |
| 198.0 g | 337.6 g | 341.9 g | 110.4 g | Sample-E | 315.0 g |
| 25.7 g | 366.7 g | 374.5 g | 100.4 g | Sample-L | 385.0 g |
| 110.7 g | 78.0 g | 240.3 g | 96.2 g | Sample-B | 97.2 g |
| 88.8 g | 174.3 g | 363.2 g | 20.4 g | Sample-A | 38.8 g |
| 287.4 g | 325.0 g | 68.2 g | 100.3 g | Sample-H | 30.8 g |
| 255.3 g | 272.1 g | 257.6 g | 102.6 g | Sample-F | 90.8 g |

Question: How far apart are Sample-H and Sample-E in Final mass? Return the absolute difference.",273.7 g,"[{""row_index"": 4, ""column_index"": 2, ""row_identifier_column"": ""Sample"", ""row_identifier_value"": ""Sample-H"", ""column"": ""Final mass"", ""raw_value"": 68.2, ""display_value"": ""68.2 g""}, {""row_index"": 0, ""column_index"": 2, ""row_identifier_column"": ""Sample"", ""row_identifier_value"": ""Sample-E"", ""column"": ""Final mass"", ""raw_value"": 341.9, ""display_value"": ""341.9 g""}]",absolute_difference,2,"{""headers"": [""Dry mass"", ""Initial mass"", ""Final mass"", ""Container mass"", ""Sample"", ""Material mass""], ""rows"": [[""198.0 g"", ""337.6 g"", ""341.9 g"", ""110.4 g"", ""Sample-E"", ""315.0 g""], [""25.7 g"", ""366.7 g"", ""374.5 g"", ""100.4 g"", ""Sample-L"", ""385.0 g""], [""110.7 g"", ""78.0 g"", ""240.3 g"", ""96.2 g"", ""Sample-B"", ""97.2 g""], [""88.8 g"", ""174.3 g"", ""363.2 g"", ""20.4 g"", ""Sample-A"", ""38.8 g""], [""287.4 g"", ""325.0 g"", ""68.2 g"", ""100.3 g"", ""Sample-H"", ""30.8 g""], [""255.3 g"", ""272.1 g"", ""257.6 g"", ""102.6 g"", ""Sample-F"", ""90.8 g""]]}"
A-L2-0109,2,same_row_sum,ml_latency,"According to the table, what is the combined value of Preprocessing latency and Inference latency for Vertex?","| Queue latency | Inference latency | Preprocessing latency | Model |
| --- | --- | --- | --- |
| 25.6 ms | 80.3 ms | 29.8 ms | Delta |
| 36.8 ms | 123.7 ms | 5.8 ms | Echo |
| 50.7 ms | 98.5 ms | 15.7 ms | Zenith |
| 78.2 ms | 63.0 ms | 2.4 ms | Sigma |
| 40.2 ms | 47.1 ms | 2.7 ms | Vertex |
| 37.4 ms | 101.6 ms | 32.4 ms | Quartz |
| 36.6 ms | 175.8 ms | 34.6 ms | Nova |","Answer the question using the table. Perform the required calculation and return only the final value with its unit.

Table:
| Queue latency | Inference latency | Preprocessing latency | Model |
| --- | --- | --- | --- |
| 25.6 ms | 80.3 ms | 29.8 ms | Delta |
| 36.8 ms | 123.7 ms | 5.8 ms | Echo |
| 50.7 ms | 98.5 ms | 15.7 ms | Zenith |
| 78.2 ms | 63.0 ms | 2.4 ms | Sigma |
| 40.2 ms | 47.1 ms | 2.7 ms | Vertex |
| 37.4 ms | 101.6 ms | 32.4 ms | Quartz |
| 36.6 ms | 175.8 ms | 34.6 ms | Nova |

Question: According to the table, what is the combined value of Preprocessing latency and Inference latency for Vertex?",49.8 ms,"[{""row_index"": 4, ""column_index"": 2, ""row_identifier_column"": ""Model"", ""row_identifier_value"": ""Vertex"", ""column"": ""Preprocessing latency"", ""raw_value"": 2.7, ""display_value"": ""2.7 ms""}, {""row_index"": 4, ""column_index"": 1, ""row_identifier_column"": ""Model"", ""row_identifier_value"": ""Vertex"", ""column"": ""Inference latency"", ""raw_value"": 47.1, ""display_value"": ""47.1 ms""}]",add,2,"{""headers"": [""Queue latency"", ""Inference latency"", ""Preprocessing latency"", ""Model""], ""rows"": [[""25.6 ms"", ""80.3 ms"", ""29.8 ms"", ""Delta""], [""36.8 ms"", ""123.7 ms"", ""5.8 ms"", ""Echo""], [""50.7 ms"", ""98.5 ms"", ""15.7 ms"", ""Zenith""], [""78.2 ms"", ""63.0 ms"", ""2.4 ms"", ""Sigma""], [""40.2 ms"", ""47.1 ms"", ""2.7 ms"", ""Vertex""], [""37.4 ms"", ""101.6 ms"", ""32.4 ms"", ""Quartz""], [""36.6 ms"", ""175.8 ms"", ""34.6 ms"", ""Nova""]]}"
A-L2-0110,2,same_row_difference,quarterly_sales,"For Orion, what is the absolute difference between Q3 sales and Q4 sales?","| Region | Q4 sales | Q2 sales | Online sales | Q3 sales |
| --- | --- | --- | --- | --- |
| Pinehurst | 340.0 kUSD | 82.8 kUSD | 247.5 kUSD | 163.2 kUSD |
| Westhaven | 76.2 kUSD | 499.6 kUSD | 285.7 kUSD | 216.5 kUSD |
| Hillcrest | 353.3 kUSD | 248.4 kUSD | 212.3 kUSD | 249.8 kUSD |
| Clearwater | 34.0 kUSD | 459.1 kUSD | 70.7 kUSD | 355.6 kUSD |
| Lakeside | 320.3 kUSD | 380.4 kUSD | 38.4 kUSD | 103.9 kUSD |
| Cedar | 304.4 kUSD | 73.9 kUSD | 218.5 kUSD | 345.8 kUSD |
| Orion | 237.0 kUSD | 226.7 kUSD | 123.1 kUSD | 486.6 kUSD |
| Fairview | 92.2 kUSD | 131.5 kUSD | 152.6 kUSD | 499.7 kUSD |","Answer the question using the table. Perform the required calculation and return only the final value with its unit.

Table:
| Region | Q4 sales | Q2 sales | Online sales | Q3 sales |
| --- | --- | --- | --- | --- |
| Pinehurst | 340.0 kUSD | 82.8 kUSD | 247.5 kUSD | 163.2 kUSD |
| Westhaven | 76.2 kUSD | 499.6 kUSD | 285.7 kUSD | 216.5 kUSD |
| Hillcrest | 353.3 kUSD | 248.4 kUSD | 212.3 kUSD | 249.8 kUSD |
| Clearwater | 34.0 kUSD | 459.1 kUSD | 70.7 kUSD | 355.6 kUSD |
| Lakeside | 320.3 kUSD | 380.4 kUSD | 38.4 kUSD | 103.9 kUSD |
| Cedar | 304.4 kUSD | 73.9 kUSD | 218.5 kUSD | 345.8 kUSD |
| Orion | 237.0 kUSD | 226.7 kUSD | 123.1 kUSD | 486.6 kUSD |
| Fairview | 92.2 kUSD | 131.5 kUSD | 152.6 kUSD | 499.7 kUSD |

Question: For Orion, what is the absolute difference between Q3 sales and Q4 sales?",249.6 kUSD,"[{""row_index"": 6, ""column_index"": 4, ""row_identifier_column"": ""Region"", ""row_identifier_value"": ""Orion"", ""column"": ""Q3 sales"", ""raw_value"": 486.6, ""display_value"": ""486.6 kUSD""}, {""row_index"": 6, ""column_index"": 1, ""row_identifier_column"": ""Region"", ""row_identifier_value"": ""Orion"", ""column"": ""Q4 sales"", ""raw_value"": 237.0, ""display_value"": ""237.0 kUSD""}]",absolute_difference,2,"{""headers"": [""Region"", ""Q4 sales"", ""Q2 sales"", ""Online sales"", ""Q3 sales""], ""rows"": [[""Pinehurst"", ""340.0 kUSD"", ""82.8 kUSD"", ""247.5 kUSD"", ""163.2 kUSD""], [""Westhaven"", ""76.2 kUSD"", ""499.6 kUSD"", ""285.7 kUSD"", ""216.5 kUSD""], [""Hillcrest"", ""353.3 kUSD"", ""248.4 kUSD"", ""212.3 kUSD"", ""249.8 kUSD""], [""Clearwater"", ""34.0 kUSD"", ""459.1 kUSD"", ""70.7 kUSD"", ""355.6 kUSD""], [""Lakeside"", ""320.3 kUSD"", ""380.4 kUSD"", ""38.4 kUSD"", ""103.9 kUSD""], [""Cedar"", ""304.4 kUSD"", ""73.9 kUSD"", ""218.5 kUSD"", ""345.8 kUSD""], [""Orion"", ""237.0 kUSD"", ""226.7 kUSD"", ""123.1 kUSD"", ""486.6 kUSD""], [""Fairview"", ""92.2 kUSD"", ""131.5 kUSD"", ""152.6 kUSD"", ""499.7 kUSD""]]}"
A-L2-0111,2,same_row_sum,lab_mass_measurements,"According to the table, what is the combined value of Dry mass and Container mass for Sample-J?","| Final mass | Initial mass | Wet mass | Dry mass | Container mass | Sample |
| --- | --- | --- | --- | --- | --- |
| 257.0 g | 246.4 g | 119.2 g | 294.4 g | 59.6 g | Sample-F |
| 437.0 g | 74.1 g | 243.9 g | 183.9 g | 44.7 g | Sample-G |
| 268.3 g | 318.4 g | 331.1 g | 78.9 g | 95.8 g | Sample-I |
| 433.7 g | 196.9 g | 470.4 g | 282.1 g | 7.0 g | Sample-D |
| 247.8 g | 441.5 g | 40.0 g | 182.3 g | 88.2 g | Sample-B |
| 177.2 g | 77.9 g | 234.1 g | 193.2 g | 112.7 g | Sample-J |
| 156.1 g | 255.7 g | 335.2 g | 299.6 g | 114.2 g | Sample-K |
| 92.7 g | 189.4 g | 360.6 g | 191.3 g | 101.5 g | Sample-A |","Answer the question using the table. Perform the required calculation and return only the final value with its unit.

Table:
| Final mass | Initial mass | Wet mass | Dry mass | Container mass | Sample |
| --- | --- | --- | --- | --- | --- |
| 257.0 g | 246.4 g | 119.2 g | 294.4 g | 59.6 g | Sample-F |
| 437.0 g | 74.1 g | 243.9 g | 183.9 g | 44.7 g | Sample-G |
| 268.3 g | 318.4 g | 331.1 g | 78.9 g | 95.8 g | Sample-I |
| 433.7 g | 196.9 g | 470.4 g | 282.1 g | 7.0 g | Sample-D |
| 247.8 g | 441.5 g | 40.0 g | 182.3 g | 88.2 g | Sample-B |
| 177.2 g | 77.9 g | 234.1 g | 193.2 g | 112.7 g | Sample-J |
| 156.1 g | 255.7 g | 335.2 g | 299.6 g | 114.2 g | Sample-K |
| 92.7 g | 189.4 g | 360.6 g | 191.3 g | 101.5 g | Sample-A |

Question: According to the table, what is the combined value of Dry mass and Container mass for Sample-J?",305.9 g,"[{""row_index"": 5, ""column_index"": 3, ""row_identifier_column"": ""Sample"", ""row_identifier_value"": ""Sample-J"", ""column"": ""Dry mass"", ""raw_value"": 193.2, ""display_value"": ""193.2 g""}, {""row_index"": 5, ""column_index"": 4, ""row_identifier_column"": ""Sample"", ""row_identifier_value"": ""Sample-J"", ""column"": ""Container mass"", ""raw_value"": 112.7, ""display_value"": ""112.7 g""}]",add,2,"{""headers"": [""Final mass"", ""Initial mass"", ""Wet mass"", ""Dry mass"", ""Container mass"", ""Sample""], ""rows"": [[""257.0 g"", ""246.4 g"", ""119.2 g"", ""294.4 g"", ""59.6 g"", ""Sample-F""], [""437.0 g"", ""74.1 g"", ""243.9 g"", ""183.9 g"", ""44.7 g"", ""Sample-G""], [""268.3 g"", ""318.4 g"", ""331.1 g"", ""78.9 g"", ""95.8 g"", ""Sample-I""], [""433.7 g"", ""196.9 g"", ""470.4 g"", ""282.1 g"", ""7.0 g"", ""Sample-D""], [""247.8 g"", ""441.5 g"", ""40.0 g"", ""182.3 g"", ""88.2 g"", ""Sample-B""], [""177.2 g"", ""77.9 g"", ""234.1 g"", ""193.2 g"", ""112.7 g"", ""Sample-J""], [""156.1 g"", ""255.7 g"", ""335.2 g"", ""299.6 g"", ""114.2 g"", ""Sample-K""], [""92.7 g"", ""189.4 g"", ""360.6 g"", ""191.3 g"", ""101.5 g"", ""Sample-A""]]}"
A-L2-0112,2,same_row_difference,quarterly_sales,Find the absolute difference between Orion's Q1 sales and Q2 sales.,"| Q4 sales | Q1 sales | Online sales | Q2 sales | Region |
| --- | --- | --- | --- | --- |
| 408.4 kUSD | 436.0 kUSD | 244.4 kUSD | 50.6 kUSD | Lakeside |
| 431.5 kUSD | 53.8 kUSD | 163.9 kUSD | 337.0 kUSD | Oakridge |
| 447.6 kUSD | 263.3 kUSD | 166.8 kUSD | 221.0 kUSD | Hillcrest |
| 403.6 kUSD | 321.5 kUSD | 226.3 kUSD | 234.2 kUSD | Clearwater |
| 456.9 kUSD | 442.4 kUSD | 45.7 kUSD | 439.2 kUSD | Orion |
| 156.5 kUSD | 209.1 kUSD | 24.6 kUSD | 485.3 kUSD | Pinehurst |","Answer the question using the table. Perform the required calculation and return only the final value with its unit.

Table:
| Q4 sales | Q1 sales | Online sales | Q2 sales | Region |
| --- | --- | --- | --- | --- |
| 408.4 kUSD | 436.0 kUSD | 244.4 kUSD | 50.6 kUSD | Lakeside |
| 431.5 kUSD | 53.8 kUSD | 163.9 kUSD | 337.0 kUSD | Oakridge |
| 447.6 kUSD | 263.3 kUSD | 166.8 kUSD | 221.0 kUSD | Hillcrest |
| 403.6 kUSD | 321.5 kUSD | 226.3 kUSD | 234.2 kUSD | Clearwater |
| 456.9 kUSD | 442.4 kUSD | 45.7 kUSD | 439.2 kUSD | Orion |
| 156.5 kUSD | 209.1 kUSD | 24.6 kUSD | 485.3 kUSD | Pinehurst |

Question: Find the absolute difference between Orion's Q1 sales and Q2 sales.",3.2 kUSD,"[{""row_index"": 4, ""column_index"": 1, ""row_identifier_column"": ""Region"", ""row_identifier_value"": ""Orion"", ""column"": ""Q1 sales"", ""raw_value"": 442.4, ""display_value"": ""442.4 kUSD""}, {""row_index"": 4, ""column_index"": 3, ""row_identifier_column"": ""Region"", ""row_identifier_value"": ""Orion"", ""column"": ""Q2 sales"", ""raw_value"": 439.2, ""display_value"": ""439.2 kUSD""}]",absolute_difference,2,"{""headers"": [""Q4 sales"", ""Q1 sales"", ""Online sales"", ""Q2 sales"", ""Region""], ""rows"": [[""408.4 kUSD"", ""436.0 kUSD"", ""244.4 kUSD"", ""50.6 kUSD"", ""Lakeside""], [""431.5 kUSD"", ""53.8 kUSD"", ""163.9 kUSD"", ""337.0 kUSD"", ""Oakridge""], [""447.6 kUSD"", ""263.3 kUSD"", ""166.8 kUSD"", ""221.0 kUSD"", ""Hillcrest""], [""403.6 kUSD"", ""321.5 kUSD"", ""226.3 kUSD"", ""234.2 kUSD"", ""Clearwater""], [""456.9 kUSD"", ""442.4 kUSD"", ""45.7 kUSD"", ""439.2 kUSD"", ""Orion""], [""156.5 kUSD"", ""209.1 kUSD"", ""24.6 kUSD"", ""485.3 kUSD"", ""Pinehurst""]]}"
A-L2-0113,2,cross_row_sum,rainfall_measurements,What is the combined Afternoon rainfall of Fairview and Maple?,"| Station | North gauge | Evening rainfall | Morning rainfall | South gauge | Storm rainfall | Afternoon rainfall |
| --- | --- | --- | --- | --- | --- | --- |
| Riverton | 33.3 mm | 33.4 mm | 49.7 mm | 3.1 mm | 64.5 mm | 48.5 mm |
| Orion | 3.6 mm | 27.6 mm | 26.4 mm | 50.0 mm | 54.7 mm | 22.4 mm |
| Pinehurst | 43.7 mm | 53.3 mm | 12.0 mm | 9.2 mm | 0.9 mm | 28.8 mm |
| Clearwater | 66.8 mm | 32.8 mm | 49.1 mm | 46.0 mm | 3.8 mm | 40.4 mm |
| Fairview | 22.7 mm | 47.2 mm | 19.4 mm | 38.7 mm | 84.2 mm | 51.4 mm |
| Lakeside | 19.7 mm | 50.5 mm | 16.3 mm | 35.6 mm | 34.1 mm | 51.5 mm |
| Oakridge | 65.0 mm | 9.0 mm | 14.3 mm | 2.4 mm | 93.5 mm | 41.4 mm |
| Maple | 2.4 mm | 54.6 mm | 39.5 mm | 52.1 mm | 92.6 mm | 0.8 mm |","Answer the question using the table. Perform the required calculation and return only the final value with its unit.

Table:
| Station | North gauge | Evening rainfall | Morning rainfall | South gauge | Storm rainfall | Afternoon rainfall |
| --- | --- | --- | --- | --- | --- | --- |
| Riverton | 33.3 mm | 33.4 mm | 49.7 mm | 3.1 mm | 64.5 mm | 48.5 mm |
| Orion | 3.6 mm | 27.6 mm | 26.4 mm | 50.0 mm | 54.7 mm | 22.4 mm |
| Pinehurst | 43.7 mm | 53.3 mm | 12.0 mm | 9.2 mm | 0.9 mm | 28.8 mm |
| Clearwater | 66.8 mm | 32.8 mm | 49.1 mm | 46.0 mm | 3.8 mm | 40.4 mm |
| Fairview | 22.7 mm | 47.2 mm | 19.4 mm | 38.7 mm | 84.2 mm | 51.4 mm |
| Lakeside | 19.7 mm | 50.5 mm | 16.3 mm | 35.6 mm | 34.1 mm | 51.5 mm |
| Oakridge | 65.0 mm | 9.0 mm | 14.3 mm | 2.4 mm | 93.5 mm | 41.4 mm |
| Maple | 2.4 mm | 54.6 mm | 39.5 mm | 52.1 mm | 92.6 mm | 0.8 mm |

Question: What is the combined Afternoon rainfall of Fairview and Maple?",52.2 mm,"[{""row_index"": 4, ""column_index"": 6, ""row_identifier_column"": ""Station"", ""row_identifier_value"": ""Fairview"", ""column"": ""Afternoon rainfall"", ""raw_value"": 51.4, ""display_value"": ""51.4 mm""}, {""row_index"": 7, ""column_index"": 6, ""row_identifier_column"": ""Station"", ""row_identifier_value"": ""Maple"", ""column"": ""Afternoon rainfall"", ""raw_value"": 0.8, ""display_value"": ""0.8 mm""}]",add,2,"{""headers"": [""Station"", ""North gauge"", ""Evening rainfall"", ""Morning rainfall"", ""South gauge"", ""Storm rainfall"", ""Afternoon rainfall""], ""rows"": [[""Riverton"", ""33.3 mm"", ""33.4 mm"", ""49.7 mm"", ""3.1 mm"", ""64.5 mm"", ""48.5 mm""], [""Orion"", ""3.6 mm"", ""27.6 mm"", ""26.4 mm"", ""50.0 mm"", ""54.7 mm"", ""22.4 mm""], [""Pinehurst"", ""43.7 mm"", ""53.3 mm"", ""12.0 mm"", ""9.2 mm"", ""0.9 mm"", ""28.8 mm""], [""Clearwater"", ""66.8 mm"", ""32.8 mm"", ""49.1 mm"", ""46.0 mm"", ""3.8 mm"", ""40.4 mm""], [""Fairview"", ""22.7 mm"", ""47.2 mm"", ""19.4 mm"", ""38.7 mm"", ""84.2 mm"", ""51.4 mm""], [""Lakeside"", ""19.7 mm"", ""50.5 mm"", ""16.3 mm"", ""35.6 mm"", ""34.1 mm"", ""51.5 mm""], [""Oakridge"", ""65.0 mm"", ""9.0 mm"", ""14.3 mm"", ""2.4 mm"", ""93.5 mm"", ""41.4 mm""], [""Maple"", ""2.4 mm"", ""54.6 mm"", ""39.5 mm"", ""52.1 mm"", ""92.6 mm"", ""0.8 mm""]]}"
A-L2-0114,2,cross_row_sum,race_sector_times,Add the Sector 2 time values for Alex and David. What is the total?,"| Driver | Sector 3 time | Sector 2 time | Sector 1 time | Penalty time | Stop time |
| --- | --- | --- | --- | --- | --- |
| David | 44.72 s | 18.47 s | 26.21 s | 6.76 s | 14.90 s |
| Alex | 41.74 s | 39.83 s | 32.76 s | 7.80 s | 9.59 s |
| Ryan | 35.44 s | 38.89 s | 40.84 s | 4.33 s | 3.47 s |
| Noah | 26.64 s | 40.74 s | 36.76 s | 3.54 s | 3.72 s |","Answer the question using the table. Perform the required calculation and return only the final value with its unit.

Table:
| Driver | Sector 3 time | Sector 2 time | Sector 1 time | Penalty time | Stop time |
| --- | --- | --- | --- | --- | --- |
| David | 44.72 s | 18.47 s | 26.21 s | 6.76 s | 14.90 s |
| Alex | 41.74 s | 39.83 s | 32.76 s | 7.80 s | 9.59 s |
| Ryan | 35.44 s | 38.89 s | 40.84 s | 4.33 s | 3.47 s |
| Noah | 26.64 s | 40.74 s | 36.76 s | 3.54 s | 3.72 s |

Question: Add the Sector 2 time values for Alex and David. What is the total?",58.30 s,"[{""row_index"": 1, ""column_index"": 2, ""row_identifier_column"": ""Driver"", ""row_identifier_value"": ""Alex"", ""column"": ""Sector 2 time"", ""raw_value"": 39.83, ""display_value"": ""39.83 s""}, {""row_index"": 0, ""column_index"": 2, ""row_identifier_column"": ""Driver"", ""row_identifier_value"": ""David"", ""column"": ""Sector 2 time"", ""raw_value"": 18.47, ""display_value"": ""18.47 s""}]",add,2,"{""headers"": [""Driver"", ""Sector 3 time"", ""Sector 2 time"", ""Sector 1 time"", ""Penalty time"", ""Stop time""], ""rows"": [[""David"", ""44.72 s"", ""18.47 s"", ""26.21 s"", ""6.76 s"", ""14.90 s""], [""Alex"", ""41.74 s"", ""39.83 s"", ""32.76 s"", ""7.80 s"", ""9.59 s""], [""Ryan"", ""35.44 s"", ""38.89 s"", ""40.84 s"", ""4.33 s"", ""3.47 s""], [""Noah"", ""26.64 s"", ""40.74 s"", ""36.76 s"", ""3.54 s"", ""3.72 s""]]}"
A-L2-0115,2,same_row_sum,ml_latency,"According to the table, what is the combined value of Queue latency and Network latency for Delta?","| Queue latency | Tokenization latency | Model | Preprocessing latency | Network latency |
| --- | --- | --- | --- | --- |
| 54.5 ms | 21.1 ms | Zenith | 17.1 ms | 19.8 ms |
| 11.2 ms | 1.4 ms | Quartz | 3.2 ms | 75.9 ms |
| 76.4 ms | 1.0 ms | Helix | 17.2 ms | 11.8 ms |
| 6.9 ms | 20.2 ms | Nova | 19.8 ms | 61.8 ms |
| 62.1 ms | 4.7 ms | Pulse | 9.9 ms | 61.4 ms |
| 56.5 ms | 8.1 ms | Atlas | 24.9 ms | 12.1 ms |
| 62.4 ms | 3.7 ms | Delta | 18.8 ms | 59.8 ms |
| 28.8 ms | 4.8 ms | Vertex | 20.9 ms | 40.7 ms |","Answer the question using the table. Perform the required calculation and return only the final value with its unit.

Table:
| Queue latency | Tokenization latency | Model | Preprocessing latency | Network latency |
| --- | --- | --- | --- | --- |
| 54.5 ms | 21.1 ms | Zenith | 17.1 ms | 19.8 ms |
| 11.2 ms | 1.4 ms | Quartz | 3.2 ms | 75.9 ms |
| 76.4 ms | 1.0 ms | Helix | 17.2 ms | 11.8 ms |
| 6.9 ms | 20.2 ms | Nova | 19.8 ms | 61.8 ms |
| 62.1 ms | 4.7 ms | Pulse | 9.9 ms | 61.4 ms |
| 56.5 ms | 8.1 ms | Atlas | 24.9 ms | 12.1 ms |
| 62.4 ms | 3.7 ms | Delta | 18.8 ms | 59.8 ms |
| 28.8 ms | 4.8 ms | Vertex | 20.9 ms | 40.7 ms |

Question: According to the table, what is the combined value of Queue latency and Network latency for Delta?",122.2 ms,"[{""row_index"": 6, ""column_index"": 0, ""row_identifier_column"": ""Model"", ""row_identifier_value"": ""Delta"", ""column"": ""Queue latency"", ""raw_value"": 62.4, ""display_value"": ""62.4 ms""}, {""row_index"": 6, ""column_index"": 4, ""row_identifier_column"": ""Model"", ""row_identifier_value"": ""Delta"", ""column"": ""Network latency"", ""raw_value"": 59.8, ""display_value"": ""59.8 ms""}]",add,2,"{""headers"": [""Queue latency"", ""Tokenization latency"", ""Model"", ""Preprocessing latency"", ""Network latency""], ""rows"": [[""54.5 ms"", ""21.1 ms"", ""Zenith"", ""17.1 ms"", ""19.8 ms""], [""11.2 ms"", ""1.4 ms"", ""Quartz"", ""3.2 ms"", ""75.9 ms""], [""76.4 ms"", ""1.0 ms"", ""Helix"", ""17.2 ms"", ""11.8 ms""], [""6.9 ms"", ""20.2 ms"", ""Nova"", ""19.8 ms"", ""61.8 ms""], [""62.1 ms"", ""4.7 ms"", ""Pulse"", ""9.9 ms"", ""61.4 ms""], [""56.5 ms"", ""8.1 ms"", ""Atlas"", ""24.9 ms"", ""12.1 ms""], [""62.4 ms"", ""3.7 ms"", ""Delta"", ""18.8 ms"", ""59.8 ms""], [""28.8 ms"", ""4.8 ms"", ""Vertex"", ""20.9 ms"", ""40.7 ms""]]}"
A-L2-0116,2,cross_row_difference,rainfall_measurements,Find the absolute difference between the South gauge values of Lakeside and Maple.,"| Afternoon rainfall | Station | North gauge | Evening rainfall | Storm rainfall | South gauge |
| --- | --- | --- | --- | --- | --- |
| 51.6 mm | Maple | 46.6 mm | 52.8 mm | 84.8 mm | 3.3 mm |
| 52.9 mm | Oakridge | 67.6 mm | 9.7 mm | 54.0 mm | 18.6 mm |
| 19.8 mm | Lakeside | 22.6 mm | 44.1 mm | 51.5 mm | 17.3 mm |
| 2.5 mm | Brookfield | 50.4 mm | 7.4 mm | 39.4 mm | 42.0 mm |
| 48.0 mm | Hillcrest | 55.7 mm | 39.5 mm | 74.8 mm | 46.4 mm |
| 6.7 mm | Cedar | 41.3 mm | 31.8 mm | 19.1 mm | 8.4 mm |
| 25.2 mm | Riverton | 43.0 mm | 3.1 mm | 81.0 mm | 29.9 mm |
| 39.7 mm | Clearwater | 52.8 mm | 8.6 mm | 56.6 mm | 57.5 mm |
| 51.9 mm | Fairview | 17.8 mm | 8.2 mm | 50.4 mm | 68.4 mm |","Answer the question using the table. Perform the required calculation and return only the final value with its unit.

Table:
| Afternoon rainfall | Station | North gauge | Evening rainfall | Storm rainfall | South gauge |
| --- | --- | --- | --- | --- | --- |
| 51.6 mm | Maple | 46.6 mm | 52.8 mm | 84.8 mm | 3.3 mm |
| 52.9 mm | Oakridge | 67.6 mm | 9.7 mm | 54.0 mm | 18.6 mm |
| 19.8 mm | Lakeside | 22.6 mm | 44.1 mm | 51.5 mm | 17.3 mm |
| 2.5 mm | Brookfield | 50.4 mm | 7.4 mm | 39.4 mm | 42.0 mm |
| 48.0 mm | Hillcrest | 55.7 mm | 39.5 mm | 74.8 mm | 46.4 mm |
| 6.7 mm | Cedar | 41.3 mm | 31.8 mm | 19.1 mm | 8.4 mm |
| 25.2 mm | Riverton | 43.0 mm | 3.1 mm | 81.0 mm | 29.9 mm |
| 39.7 mm | Clearwater | 52.8 mm | 8.6 mm | 56.6 mm | 57.5 mm |
| 51.9 mm | Fairview | 17.8 mm | 8.2 mm | 50.4 mm | 68.4 mm |

Question: Find the absolute difference between the South gauge values of Lakeside and Maple.",14.0 mm,"[{""row_index"": 2, ""column_index"": 5, ""row_identifier_column"": ""Station"", ""row_identifier_value"": ""Lakeside"", ""column"": ""South gauge"", ""raw_value"": 17.3, ""display_value"": ""17.3 mm""}, {""row_index"": 0, ""column_index"": 5, ""row_identifier_column"": ""Station"", ""row_identifier_value"": ""Maple"", ""column"": ""South gauge"", ""raw_value"": 3.3, ""display_value"": ""3.3 mm""}]",absolute_difference,2,"{""headers"": [""Afternoon rainfall"", ""Station"", ""North gauge"", ""Evening rainfall"", ""Storm rainfall"", ""South gauge""], ""rows"": [[""51.6 mm"", ""Maple"", ""46.6 mm"", ""52.8 mm"", ""84.8 mm"", ""3.3 mm""], [""52.9 mm"", ""Oakridge"", ""67.6 mm"", ""9.7 mm"", ""54.0 mm"", ""18.6 mm""], [""19.8 mm"", ""Lakeside"", ""22.6 mm"", ""44.1 mm"", ""51.5 mm"", ""17.3 mm""], [""2.5 mm"", ""Brookfield"", ""50.4 mm"", ""7.4 mm"", ""39.4 mm"", ""42.0 mm""], [""48.0 mm"", ""Hillcrest"", ""55.7 mm"", ""39.5 mm"", ""74.8 mm"", ""46.4 mm""], [""6.7 mm"", ""Cedar"", ""41.3 mm"", ""31.8 mm"", ""19.1 mm"", ""8.4 mm""], [""25.2 mm"", ""Riverton"", ""43.0 mm"", ""3.1 mm"", ""81.0 mm"", ""29.9 mm""], [""39.7 mm"", ""Clearwater"", ""52.8 mm"", ""8.6 mm"", ""56.6 mm"", ""57.5 mm""], [""51.9 mm"", ""Fairview"", ""17.8 mm"", ""8.2 mm"", ""50.4 mm"", ""68.4 mm""]]}"
A-L2-0117,2,cross_row_sum,rainfall_measurements,"According to the table, what do Brookfield and Maple have in total for Afternoon rainfall?","| Morning rainfall | Afternoon rainfall | Station | Evening rainfall | South gauge |
| --- | --- | --- | --- | --- |
| 38.2 mm | 40.1 mm | Maple | 18.5 mm | 23.8 mm |
| 46.0 mm | 47.9 mm | Brookfield | 20.9 mm | 10.1 mm |
| 47.5 mm | 24.3 mm | Clearwater | 48.5 mm | 47.2 mm |
| 14.3 mm | 12.8 mm | Westhaven | 7.7 mm | 36.9 mm |
| 51.9 mm | 5.4 mm | Oakridge | 41.6 mm | 33.4 mm |","Answer the question using the table. Perform the required calculation and return only the final value with its unit.

Table:
| Morning rainfall | Afternoon rainfall | Station | Evening rainfall | South gauge |
| --- | --- | --- | --- | --- |
| 38.2 mm | 40.1 mm | Maple | 18.5 mm | 23.8 mm |
| 46.0 mm | 47.9 mm | Brookfield | 20.9 mm | 10.1 mm |
| 47.5 mm | 24.3 mm | Clearwater | 48.5 mm | 47.2 mm |
| 14.3 mm | 12.8 mm | Westhaven | 7.7 mm | 36.9 mm |
| 51.9 mm | 5.4 mm | Oakridge | 41.6 mm | 33.4 mm |

Question: According to the table, what do Brookfield and Maple have in total for Afternoon rainfall?",88.0 mm,"[{""row_index"": 1, ""column_index"": 1, ""row_identifier_column"": ""Station"", ""row_identifier_value"": ""Brookfield"", ""column"": ""Afternoon rainfall"", ""raw_value"": 47.9, ""display_value"": ""47.9 mm""}, {""row_index"": 0, ""column_index"": 1, ""row_identifier_column"": ""Station"", ""row_identifier_value"": ""Maple"", ""column"": ""Afternoon rainfall"", ""raw_value"": 40.1, ""display_value"": ""40.1 mm""}]",add,2,"{""headers"": [""Morning rainfall"", ""Afternoon rainfall"", ""Station"", ""Evening rainfall"", ""South gauge""], ""rows"": [[""38.2 mm"", ""40.1 mm"", ""Maple"", ""18.5 mm"", ""23.8 mm""], [""46.0 mm"", ""47.9 mm"", ""Brookfield"", ""20.9 mm"", ""10.1 mm""], [""47.5 mm"", ""24.3 mm"", ""Clearwater"", ""48.5 mm"", ""47.2 mm""], [""14.3 mm"", ""12.8 mm"", ""Westhaven"", ""7.7 mm"", ""36.9 mm""], [""51.9 mm"", ""5.4 mm"", ""Oakridge"", ""41.6 mm"", ""33.4 mm""]]}"
A-L2-0118,2,same_row_sum,basketball_game,Add Comets's First-half points and Second-half points. What is the total?,"| Bench points | Second-half points | Fast-break points | Free-throw points | Team | First-half points |
| --- | --- | --- | --- | --- | --- |
| 24 points | 66 points | 18 points | 34 points | Wolves | 27 points |
| 17 points | 62 points | 18 points | 29 points | Hawks | 39 points |
| 39 points | 22 points | 25 points | 26 points | Comets | 62 points |
| 33 points | 34 points | 25 points | 6 points | Dragons | 39 points |
| 20 points | 23 points | 30 points | 27 points | Falcons | 28 points |
| 8 points | 42 points | 29 points | 28 points | Knights | 22 points |","Answer the question using the table. Perform the required calculation and return only the final value with its unit.

Table:
| Bench points | Second-half points | Fast-break points | Free-throw points | Team | First-half points |
| --- | --- | --- | --- | --- | --- |
| 24 points | 66 points | 18 points | 34 points | Wolves | 27 points |
| 17 points | 62 points | 18 points | 29 points | Hawks | 39 points |
| 39 points | 22 points | 25 points | 26 points | Comets | 62 points |
| 33 points | 34 points | 25 points | 6 points | Dragons | 39 points |
| 20 points | 23 points | 30 points | 27 points | Falcons | 28 points |
| 8 points | 42 points | 29 points | 28 points | Knights | 22 points |

Question: Add Comets's First-half points and Second-half points. What is the total?",84 points,"[{""row_index"": 2, ""column_index"": 5, ""row_identifier_column"": ""Team"", ""row_identifier_value"": ""Comets"", ""column"": ""First-half points"", ""raw_value"": 62.0, ""display_value"": ""62 points""}, {""row_index"": 2, ""column_index"": 1, ""row_identifier_column"": ""Team"", ""row_identifier_value"": ""Comets"", ""column"": ""Second-half points"", ""raw_value"": 22.0, ""display_value"": ""22 points""}]",add,2,"{""headers"": [""Bench points"", ""Second-half points"", ""Fast-break points"", ""Free-throw points"", ""Team"", ""First-half points""], ""rows"": [[""24 points"", ""66 points"", ""18 points"", ""34 points"", ""Wolves"", ""27 points""], [""17 points"", ""62 points"", ""18 points"", ""29 points"", ""Hawks"", ""39 points""], [""39 points"", ""22 points"", ""25 points"", ""26 points"", ""Comets"", ""62 points""], [""33 points"", ""34 points"", ""25 points"", ""6 points"", ""Dragons"", ""39 points""], [""20 points"", ""23 points"", ""30 points"", ""27 points"", ""Falcons"", ""28 points""], [""8 points"", ""42 points"", ""29 points"", ""28 points"", ""Knights"", ""22 points""]]}"
A-L2-0119,2,same_row_sum,ml_latency,"According to the table, what is the combined value of Inference latency and Postprocessing latency for Quartz?","| Queue latency | Model | Postprocessing latency | Inference latency |
| --- | --- | --- | --- |
| 63.6 ms | Sigma | 11.4 ms | 138.8 ms |
| 68.3 ms | Quartz | 13.6 ms | 93.6 ms |
| 70.6 ms | Nimbus | 28.3 ms | 124.9 ms |
| 37.2 ms | Aurora | 11.2 ms | 13.6 ms |
| 51.4 ms | Echo | 26.9 ms | 114.1 ms |","Answer the question using the table. Perform the required calculation and return only the final value with its unit.

Table:
| Queue latency | Model | Postprocessing latency | Inference latency |
| --- | --- | --- | --- |
| 63.6 ms | Sigma | 11.4 ms | 138.8 ms |
| 68.3 ms | Quartz | 13.6 ms | 93.6 ms |
| 70.6 ms | Nimbus | 28.3 ms | 124.9 ms |
| 37.2 ms | Aurora | 11.2 ms | 13.6 ms |
| 51.4 ms | Echo | 26.9 ms | 114.1 ms |

Question: According to the table, what is the combined value of Inference latency and Postprocessing latency for Quartz?",107.2 ms,"[{""row_index"": 1, ""column_index"": 3, ""row_identifier_column"": ""Model"", ""row_identifier_value"": ""Quartz"", ""column"": ""Inference latency"", ""raw_value"": 93.6, ""display_value"": ""93.6 ms""}, {""row_index"": 1, ""column_index"": 2, ""row_identifier_column"": ""Model"", ""row_identifier_value"": ""Quartz"", ""column"": ""Postprocessing latency"", ""raw_value"": 13.6, ""display_value"": ""13.6 ms""}]",add,2,"{""headers"": [""Queue latency"", ""Model"", ""Postprocessing latency"", ""Inference latency""], ""rows"": [[""63.6 ms"", ""Sigma"", ""11.4 ms"", ""138.8 ms""], [""68.3 ms"", ""Quartz"", ""13.6 ms"", ""93.6 ms""], [""70.6 ms"", ""Nimbus"", ""28.3 ms"", ""124.9 ms""], [""37.2 ms"", ""Aurora"", ""11.2 ms"", ""13.6 ms""], [""51.4 ms"", ""Echo"", ""26.9 ms"", ""114.1 ms""]]}"
A-L2-0120,2,cross_row_difference,ml_latency,Find the absolute difference between the Tokenization latency values of Zenith and Echo.,"| Preprocessing latency | Queue latency | Network latency | Model | Tokenization latency | Inference latency | Postprocessing latency |
| --- | --- | --- | --- | --- | --- | --- |
| 26.3 ms | 16.3 ms | 72.3 ms | Aurora | 15.3 ms | 24.4 ms | 14.6 ms |
| 1.6 ms | 46.7 ms | 81.1 ms | Echo | 24.7 ms | 75.4 ms | 8.9 ms |
| 14.0 ms | 11.8 ms | 14.2 ms | Zenith | 15.1 ms | 35.5 ms | 22.1 ms |
| 16.0 ms | 75.6 ms | 80.9 ms | Atlas | 22.2 ms | 160.3 ms | 11.3 ms |
| 13.5 ms | 38.9 ms | 16.5 ms | Vertex | 10.5 ms | 160.6 ms | 15.2 ms |
| 3.8 ms | 42.9 ms | 78.7 ms | Sigma | 3.1 ms | 96.9 ms | 27.6 ms |","Answer the question using the table. Perform the required calculation and return only the final value with its unit.

Table:
| Preprocessing latency | Queue latency | Network latency | Model | Tokenization latency | Inference latency | Postprocessing latency |
| --- | --- | --- | --- | --- | --- | --- |
| 26.3 ms | 16.3 ms | 72.3 ms | Aurora | 15.3 ms | 24.4 ms | 14.6 ms |
| 1.6 ms | 46.7 ms | 81.1 ms | Echo | 24.7 ms | 75.4 ms | 8.9 ms |
| 14.0 ms | 11.8 ms | 14.2 ms | Zenith | 15.1 ms | 35.5 ms | 22.1 ms |
| 16.0 ms | 75.6 ms | 80.9 ms | Atlas | 22.2 ms | 160.3 ms | 11.3 ms |
| 13.5 ms | 38.9 ms | 16.5 ms | Vertex | 10.5 ms | 160.6 ms | 15.2 ms |
| 3.8 ms | 42.9 ms | 78.7 ms | Sigma | 3.1 ms | 96.9 ms | 27.6 ms |

Question: Find the absolute difference between the Tokenization latency values of Zenith and Echo.",9.6 ms,"[{""row_index"": 2, ""column_index"": 4, ""row_identifier_column"": ""Model"", ""row_identifier_value"": ""Zenith"", ""column"": ""Tokenization latency"", ""raw_value"": 15.1, ""display_value"": ""15.1 ms""}, {""row_index"": 1, ""column_index"": 4, ""row_identifier_column"": ""Model"", ""row_identifier_value"": ""Echo"", ""column"": ""Tokenization latency"", ""raw_value"": 24.7, ""display_value"": ""24.7 ms""}]",absolute_difference,2,"{""headers"": [""Preprocessing latency"", ""Queue latency"", ""Network latency"", ""Model"", ""Tokenization latency"", ""Inference latency"", ""Postprocessing latency""], ""rows"": [[""26.3 ms"", ""16.3 ms"", ""72.3 ms"", ""Aurora"", ""15.3 ms"", ""24.4 ms"", ""14.6 ms""], [""1.6 ms"", ""46.7 ms"", ""81.1 ms"", ""Echo"", ""24.7 ms"", ""75.4 ms"", ""8.9 ms""], [""14.0 ms"", ""11.8 ms"", ""14.2 ms"", ""Zenith"", ""15.1 ms"", ""35.5 ms"", ""22.1 ms""], [""16.0 ms"", ""75.6 ms"", ""80.9 ms"", ""Atlas"", ""22.2 ms"", ""160.3 ms"", ""11.3 ms""], [""13.5 ms"", ""38.9 ms"", ""16.5 ms"", ""Vertex"", ""10.5 ms"", ""160.6 ms"", ""15.2 ms""], [""3.8 ms"", ""42.9 ms"", ""78.7 ms"", ""Sigma"", ""3.1 ms"", ""96.9 ms"", ""27.6 ms""]]}"
A-L2-0121,2,same_row_sum,ml_latency,"For Quartz, what is Queue latency plus Network latency?","| Queue latency | Postprocessing latency | Network latency | Model | Inference latency |
| --- | --- | --- | --- | --- |
| 31.4 ms | 7.1 ms | 62.8 ms | Zenith | 96.6 ms |
| 19.5 ms | 1.5 ms | 32.1 ms | Sigma | 68.6 ms |
| 31.1 ms | 15.5 ms | 22.1 ms | Pulse | 33.1 ms |
| 45.4 ms | 6.2 ms | 16.9 ms | Vertex | 73.0 ms |
| 40.8 ms | 15.2 ms | 65.5 ms | Helix | 123.3 ms |
| 37.2 ms | 8.2 ms | 69.4 ms | Quartz | 113.5 ms |
| 15.6 ms | 6.3 ms | 22.2 ms | Nova | 95.6 ms |
| 67.7 ms | 7.1 ms | 67.6 ms | Delta | 43.1 ms |","Answer the question using the table. Perform the required calculation and return only the final value with its unit.

Table:
| Queue latency | Postprocessing latency | Network latency | Model | Inference latency |
| --- | --- | --- | --- | --- |
| 31.4 ms | 7.1 ms | 62.8 ms | Zenith | 96.6 ms |
| 19.5 ms | 1.5 ms | 32.1 ms | Sigma | 68.6 ms |
| 31.1 ms | 15.5 ms | 22.1 ms | Pulse | 33.1 ms |
| 45.4 ms | 6.2 ms | 16.9 ms | Vertex | 73.0 ms |
| 40.8 ms | 15.2 ms | 65.5 ms | Helix | 123.3 ms |
| 37.2 ms | 8.2 ms | 69.4 ms | Quartz | 113.5 ms |
| 15.6 ms | 6.3 ms | 22.2 ms | Nova | 95.6 ms |
| 67.7 ms | 7.1 ms | 67.6 ms | Delta | 43.1 ms |

Question: For Quartz, what is Queue latency plus Network latency?",106.6 ms,"[{""row_index"": 5, ""column_index"": 0, ""row_identifier_column"": ""Model"", ""row_identifier_value"": ""Quartz"", ""column"": ""Queue latency"", ""raw_value"": 37.2, ""display_value"": ""37.2 ms""}, {""row_index"": 5, ""column_index"": 2, ""row_identifier_column"": ""Model"", ""row_identifier_value"": ""Quartz"", ""column"": ""Network latency"", ""raw_value"": 69.4, ""display_value"": ""69.4 ms""}]",add,2,"{""headers"": [""Queue latency"", ""Postprocessing latency"", ""Network latency"", ""Model"", ""Inference latency""], ""rows"": [[""31.4 ms"", ""7.1 ms"", ""62.8 ms"", ""Zenith"", ""96.6 ms""], [""19.5 ms"", ""1.5 ms"", ""32.1 ms"", ""Sigma"", ""68.6 ms""], [""31.1 ms"", ""15.5 ms"", ""22.1 ms"", ""Pulse"", ""33.1 ms""], [""45.4 ms"", ""6.2 ms"", ""16.9 ms"", ""Vertex"", ""73.0 ms""], [""40.8 ms"", ""15.2 ms"", ""65.5 ms"", ""Helix"", ""123.3 ms""], [""37.2 ms"", ""8.2 ms"", ""69.4 ms"", ""Quartz"", ""113.5 ms""], [""15.6 ms"", ""6.3 ms"", ""22.2 ms"", ""Nova"", ""95.6 ms""], [""67.7 ms"", ""7.1 ms"", ""67.6 ms"", ""Delta"", ""43.1 ms""]]}"
A-L2-0122,2,cross_row_sum,battery_energy,"According to the table, what do Cell-C1 and Cell-D2 have in total for Discharge energy?","| Charge energy | Cell | Morning energy | Auxiliary energy | Discharge energy |
| --- | --- | --- | --- | --- |
| 6.30 kWh | Cell-F2 | 3.36 kWh | 4.72 kWh | 8.85 kWh |
| 10.34 kWh | Cell-D2 | 5.53 kWh | 0.90 kWh | 3.57 kWh |
| 10.56 kWh | Cell-C1 | 1.27 kWh | 1.05 kWh | 8.78 kWh |
| 8.03 kWh | Cell-A1 | 6.74 kWh | 2.02 kWh | 5.82 kWh |
| 3.22 kWh | Cell-C2 | 3.67 kWh | 4.42 kWh | 10.82 kWh |
| 10.48 kWh | Cell-B1 | 6.78 kWh | 0.49 kWh | 4.79 kWh |","Answer the question using the table. Perform the required calculation and return only the final value with its unit.

Table:
| Charge energy | Cell | Morning energy | Auxiliary energy | Discharge energy |
| --- | --- | --- | --- | --- |
| 6.30 kWh | Cell-F2 | 3.36 kWh | 4.72 kWh | 8.85 kWh |
| 10.34 kWh | Cell-D2 | 5.53 kWh | 0.90 kWh | 3.57 kWh |
| 10.56 kWh | Cell-C1 | 1.27 kWh | 1.05 kWh | 8.78 kWh |
| 8.03 kWh | Cell-A1 | 6.74 kWh | 2.02 kWh | 5.82 kWh |
| 3.22 kWh | Cell-C2 | 3.67 kWh | 4.42 kWh | 10.82 kWh |
| 10.48 kWh | Cell-B1 | 6.78 kWh | 0.49 kWh | 4.79 kWh |

Question: According to the table, what do Cell-C1 and Cell-D2 have in total for Discharge energy?",12.35 kWh,"[{""row_index"": 2, ""column_index"": 4, ""row_identifier_column"": ""Cell"", ""row_identifier_value"": ""Cell-C1"", ""column"": ""Discharge energy"", ""raw_value"": 8.78, ""display_value"": ""8.78 kWh""}, {""row_index"": 1, ""column_index"": 4, ""row_identifier_column"": ""Cell"", ""row_identifier_value"": ""Cell-D2"", ""column"": ""Discharge energy"", ""raw_value"": 3.57, ""display_value"": ""3.57 kWh""}]",add,2,"{""headers"": [""Charge energy"", ""Cell"", ""Morning energy"", ""Auxiliary energy"", ""Discharge energy""], ""rows"": [[""6.30 kWh"", ""Cell-F2"", ""3.36 kWh"", ""4.72 kWh"", ""8.85 kWh""], [""10.34 kWh"", ""Cell-D2"", ""5.53 kWh"", ""0.90 kWh"", ""3.57 kWh""], [""10.56 kWh"", ""Cell-C1"", ""1.27 kWh"", ""1.05 kWh"", ""8.78 kWh""], [""8.03 kWh"", ""Cell-A1"", ""6.74 kWh"", ""2.02 kWh"", ""5.82 kWh""], [""3.22 kWh"", ""Cell-C2"", ""3.67 kWh"", ""4.42 kWh"", ""10.82 kWh""], [""10.48 kWh"", ""Cell-B1"", ""6.78 kWh"", ""0.49 kWh"", ""4.79 kWh""]]}"
A-L2-0123,2,cross_row_sum,quarterly_sales,Add the Q4 sales values for Maple and Westhaven. What is the total?,"| Retail sales | Q4 sales | Q1 sales | Online sales | Q2 sales | Region | Q3 sales |
| --- | --- | --- | --- | --- | --- | --- |
| 207.1 kUSD | 384.8 kUSD | 463.8 kUSD | 271.2 kUSD | 48.5 kUSD | Pinehurst | 127.8 kUSD |
| 184.3 kUSD | 458.4 kUSD | 403.8 kUSD | 43.8 kUSD | 96.4 kUSD | Cedar | 73.5 kUSD |
| 213.8 kUSD | 322.7 kUSD | 356.1 kUSD | 197.5 kUSD | 469.9 kUSD | Westhaven | 26.5 kUSD |
| 198.2 kUSD | 197.0 kUSD | 91.6 kUSD | 222.1 kUSD | 51.9 kUSD | Maple | 34.9 kUSD |
| 255.1 kUSD | 247.1 kUSD | 27.3 kUSD | 202.5 kUSD | 355.0 kUSD | Oakridge | 461.2 kUSD |
| 98.9 kUSD | 271.4 kUSD | 112.7 kUSD | 255.0 kUSD | 338.1 kUSD | Fairview | 22.6 kUSD |
| 239.3 kUSD | 378.8 kUSD | 275.6 kUSD | 274.1 kUSD | 418.3 kUSD | Clearwater | 121.1 kUSD |","Answer the question using the table. Perform the required calculation and return only the final value with its unit.

Table:
| Retail sales | Q4 sales | Q1 sales | Online sales | Q2 sales | Region | Q3 sales |
| --- | --- | --- | --- | --- | --- | --- |
| 207.1 kUSD | 384.8 kUSD | 463.8 kUSD | 271.2 kUSD | 48.5 kUSD | Pinehurst | 127.8 kUSD |
| 184.3 kUSD | 458.4 kUSD | 403.8 kUSD | 43.8 kUSD | 96.4 kUSD | Cedar | 73.5 kUSD |
| 213.8 kUSD | 322.7 kUSD | 356.1 kUSD | 197.5 kUSD | 469.9 kUSD | Westhaven | 26.5 kUSD |
| 198.2 kUSD | 197.0 kUSD | 91.6 kUSD | 222.1 kUSD | 51.9 kUSD | Maple | 34.9 kUSD |
| 255.1 kUSD | 247.1 kUSD | 27.3 kUSD | 202.5 kUSD | 355.0 kUSD | Oakridge | 461.2 kUSD |
| 98.9 kUSD | 271.4 kUSD | 112.7 kUSD | 255.0 kUSD | 338.1 kUSD | Fairview | 22.6 kUSD |
| 239.3 kUSD | 378.8 kUSD | 275.6 kUSD | 274.1 kUSD | 418.3 kUSD | Clearwater | 121.1 kUSD |

Question: Add the Q4 sales values for Maple and Westhaven. What is the total?",519.7 kUSD,"[{""row_index"": 3, ""column_index"": 1, ""row_identifier_column"": ""Region"", ""row_identifier_value"": ""Maple"", ""column"": ""Q4 sales"", ""raw_value"": 197.0, ""display_value"": ""197.0 kUSD""}, {""row_index"": 2, ""column_index"": 1, ""row_identifier_column"": ""Region"", ""row_identifier_value"": ""Westhaven"", ""column"": ""Q4 sales"", ""raw_value"": 322.7, ""display_value"": ""322.7 kUSD""}]",add,2,"{""headers"": [""Retail sales"", ""Q4 sales"", ""Q1 sales"", ""Online sales"", ""Q2 sales"", ""Region"", ""Q3 sales""], ""rows"": [[""207.1 kUSD"", ""384.8 kUSD"", ""463.8 kUSD"", ""271.2 kUSD"", ""48.5 kUSD"", ""Pinehurst"", ""127.8 kUSD""], [""184.3 kUSD"", ""458.4 kUSD"", ""403.8 kUSD"", ""43.8 kUSD"", ""96.4 kUSD"", ""Cedar"", ""73.5 kUSD""], [""213.8 kUSD"", ""322.7 kUSD"", ""356.1 kUSD"", ""197.5 kUSD"", ""469.9 kUSD"", ""Westhaven"", ""26.5 kUSD""], [""198.2 kUSD"", ""197.0 kUSD"", ""91.6 kUSD"", ""222.1 kUSD"", ""51.9 kUSD"", ""Maple"", ""34.9 kUSD""], [""255.1 kUSD"", ""247.1 kUSD"", ""27.3 kUSD"", ""202.5 kUSD"", ""355.0 kUSD"", ""Oakridge"", ""461.2 kUSD""], [""98.9 kUSD"", ""271.4 kUSD"", ""112.7 kUSD"", ""255.0 kUSD"", ""338.1 kUSD"", ""Fairview"", ""22.6 kUSD""], [""239.3 kUSD"", ""378.8 kUSD"", ""275.6 kUSD"", ""274.1 kUSD"", ""418.3 kUSD"", ""Clearwater"", ""121.1 kUSD""]]}"
A-L2-0124,2,cross_row_sum,basketball_game,"According to the table, what do Tigers and Dragons have in total for Second-half points?","| Fast-break points | Second-half points | Paint points | Team | Bench points |
| --- | --- | --- | --- | --- |
| 30 points | 21 points | 42 points | Bulls | 5 points |
| 25 points | 45 points | 37 points | Wolves | 13 points |
| 14 points | 35 points | 13 points | Tigers | 38 points |
| 12 points | 21 points | 28 points | Dragons | 36 points |
| 20 points | 34 points | 45 points | Comets | 43 points |","Answer the question using the table. Perform the required calculation and return only the final value with its unit.

Table:
| Fast-break points | Second-half points | Paint points | Team | Bench points |
| --- | --- | --- | --- | --- |
| 30 points | 21 points | 42 points | Bulls | 5 points |
| 25 points | 45 points | 37 points | Wolves | 13 points |
| 14 points | 35 points | 13 points | Tigers | 38 points |
| 12 points | 21 points | 28 points | Dragons | 36 points |
| 20 points | 34 points | 45 points | Comets | 43 points |

Question: According to the table, what do Tigers and Dragons have in total for Second-half points?",56 points,"[{""row_index"": 2, ""column_index"": 1, ""row_identifier_column"": ""Team"", ""row_identifier_value"": ""Tigers"", ""column"": ""Second-half points"", ""raw_value"": 35.0, ""display_value"": ""35 points""}, {""row_index"": 3, ""column_index"": 1, ""row_identifier_column"": ""Team"", ""row_identifier_value"": ""Dragons"", ""column"": ""Second-half points"", ""raw_value"": 21.0, ""display_value"": ""21 points""}]",add,2,"{""headers"": [""Fast-break points"", ""Second-half points"", ""Paint points"", ""Team"", ""Bench points""], ""rows"": [[""30 points"", ""21 points"", ""42 points"", ""Bulls"", ""5 points""], [""25 points"", ""45 points"", ""37 points"", ""Wolves"", ""13 points""], [""14 points"", ""35 points"", ""13 points"", ""Tigers"", ""38 points""], [""12 points"", ""21 points"", ""28 points"", ""Dragons"", ""36 points""], [""20 points"", ""34 points"", ""45 points"", ""Comets"", ""43 points""]]}"
A-L2-0125,2,cross_row_difference,ml_latency,How far apart are Echo and Vertex in Network latency? Return the absolute difference.,"| Tokenization latency | Network latency | Preprocessing latency | Inference latency | Model | Postprocessing latency |
| --- | --- | --- | --- | --- | --- |
| 23.8 ms | 37.1 ms | 32.4 ms | 86.9 ms | Sigma | 27.8 ms |
| 20.1 ms | 45.2 ms | 4.3 ms | 45.5 ms | Echo | 11.8 ms |
| 14.4 ms | 55.4 ms | 15.4 ms | 148.9 ms | Aurora | 8.4 ms |
| 19.4 ms | 89.2 ms | 13.3 ms | 30.9 ms | Atlas | 2.5 ms |
| 5.3 ms | 23.9 ms | 27.6 ms | 37.0 ms | Vertex | 12.9 ms |
| 24.2 ms | 28.9 ms | 17.9 ms | 69.3 ms | Pulse | 15.1 ms |","Answer the question using the table. Perform the required calculation and return only the final value with its unit.

Table:
| Tokenization latency | Network latency | Preprocessing latency | Inference latency | Model | Postprocessing latency |
| --- | --- | --- | --- | --- | --- |
| 23.8 ms | 37.1 ms | 32.4 ms | 86.9 ms | Sigma | 27.8 ms |
| 20.1 ms | 45.2 ms | 4.3 ms | 45.5 ms | Echo | 11.8 ms |
| 14.4 ms | 55.4 ms | 15.4 ms | 148.9 ms | Aurora | 8.4 ms |
| 19.4 ms | 89.2 ms | 13.3 ms | 30.9 ms | Atlas | 2.5 ms |
| 5.3 ms | 23.9 ms | 27.6 ms | 37.0 ms | Vertex | 12.9 ms |
| 24.2 ms | 28.9 ms | 17.9 ms | 69.3 ms | Pulse | 15.1 ms |

Question: How far apart are Echo and Vertex in Network latency? Return the absolute difference.",21.3 ms,"[{""row_index"": 1, ""column_index"": 1, ""row_identifier_column"": ""Model"", ""row_identifier_value"": ""Echo"", ""column"": ""Network latency"", ""raw_value"": 45.2, ""display_value"": ""45.2 ms""}, {""row_index"": 4, ""column_index"": 1, ""row_identifier_column"": ""Model"", ""row_identifier_value"": ""Vertex"", ""column"": ""Network latency"", ""raw_value"": 23.9, ""display_value"": ""23.9 ms""}]",absolute_difference,2,"{""headers"": [""Tokenization latency"", ""Network latency"", ""Preprocessing latency"", ""Inference latency"", ""Model"", ""Postprocessing latency""], ""rows"": [[""23.8 ms"", ""37.1 ms"", ""32.4 ms"", ""86.9 ms"", ""Sigma"", ""27.8 ms""], [""20.1 ms"", ""45.2 ms"", ""4.3 ms"", ""45.5 ms"", ""Echo"", ""11.8 ms""], [""14.4 ms"", ""55.4 ms"", ""15.4 ms"", ""148.9 ms"", ""Aurora"", ""8.4 ms""], [""19.4 ms"", ""89.2 ms"", ""13.3 ms"", ""30.9 ms"", ""Atlas"", ""2.5 ms""], [""5.3 ms"", ""23.9 ms"", ""27.6 ms"", ""37.0 ms"", ""Vertex"", ""12.9 ms""], [""24.2 ms"", ""28.9 ms"", ""17.9 ms"", ""69.3 ms"", ""Pulse"", ""15.1 ms""]]}"
A-L2-0126,2,cross_row_sum,basketball_game,Add the Paint points values for Panthers and Tigers. What is the total?,"| Fast-break points | Paint points | First-half points | Team |
| --- | --- | --- | --- |
| 4 points | 15 points | 52 points | Falcons |
| 6 points | 40 points | 24 points | Panthers |
| 10 points | 30 points | 53 points | Wolves |
| 21 points | 25 points | 53 points | Hawks |
| 21 points | 23 points | 25 points | Sharks |
| 29 points | 32 points | 23 points | Tigers |
| 23 points | 40 points | 62 points | Cyclones |
| 22 points | 39 points | 48 points | Comets |","Answer the question using the table. Perform the required calculation and return only the final value with its unit.

Table:
| Fast-break points | Paint points | First-half points | Team |
| --- | --- | --- | --- |
| 4 points | 15 points | 52 points | Falcons |
| 6 points | 40 points | 24 points | Panthers |
| 10 points | 30 points | 53 points | Wolves |
| 21 points | 25 points | 53 points | Hawks |
| 21 points | 23 points | 25 points | Sharks |
| 29 points | 32 points | 23 points | Tigers |
| 23 points | 40 points | 62 points | Cyclones |
| 22 points | 39 points | 48 points | Comets |

Question: Add the Paint points values for Panthers and Tigers. What is the total?",72 points,"[{""row_index"": 1, ""column_index"": 1, ""row_identifier_column"": ""Team"", ""row_identifier_value"": ""Panthers"", ""column"": ""Paint points"", ""raw_value"": 40.0, ""display_value"": ""40 points""}, {""row_index"": 5, ""column_index"": 1, ""row_identifier_column"": ""Team"", ""row_identifier_value"": ""Tigers"", ""column"": ""Paint points"", ""raw_value"": 32.0, ""display_value"": ""32 points""}]",add,2,"{""headers"": [""Fast-break points"", ""Paint points"", ""First-half points"", ""Team""], ""rows"": [[""4 points"", ""15 points"", ""52 points"", ""Falcons""], [""6 points"", ""40 points"", ""24 points"", ""Panthers""], [""10 points"", ""30 points"", ""53 points"", ""Wolves""], [""21 points"", ""25 points"", ""53 points"", ""Hawks""], [""21 points"", ""23 points"", ""25 points"", ""Sharks""], [""29 points"", ""32 points"", ""23 points"", ""Tigers""], [""23 points"", ""40 points"", ""62 points"", ""Cyclones""], [""22 points"", ""39 points"", ""48 points"", ""Comets""]]}"
A-L2-0127,2,cross_row_sum,race_sector_times,What is the combined Sector 3 time of Theo and Hana?,"| Sector 1 time | Sector 2 time | Stop time | Sector 3 time | Pit-lane time | Driver | Penalty time |
| --- | --- | --- | --- | --- | --- | --- |
| 43.43 s | 44.14 s | 9.43 s | 37.30 s | 24.69 s | Daniel | 7.68 s |
| 42.49 s | 27.76 s | 7.71 s | 18.60 s | 14.35 s | Chris | 9.94 s |
| 26.48 s | 31.12 s | 3.15 s | 37.80 s | 34.35 s | Yuna | 3.02 s |
| 26.38 s | 32.30 s | 3.54 s | 43.28 s | 13.48 s | Hana | 4.55 s |
| 18.08 s | 31.98 s | 10.55 s | 24.59 s | 21.92 s | Theo | 5.85 s |
| 24.95 s | 19.71 s | 12.78 s | 28.52 s | 29.07 s | Noah | 4.10 s |","Answer the question using the table. Perform the required calculation and return only the final value with its unit.

Table:
| Sector 1 time | Sector 2 time | Stop time | Sector 3 time | Pit-lane time | Driver | Penalty time |
| --- | --- | --- | --- | --- | --- | --- |
| 43.43 s | 44.14 s | 9.43 s | 37.30 s | 24.69 s | Daniel | 7.68 s |
| 42.49 s | 27.76 s | 7.71 s | 18.60 s | 14.35 s | Chris | 9.94 s |
| 26.48 s | 31.12 s | 3.15 s | 37.80 s | 34.35 s | Yuna | 3.02 s |
| 26.38 s | 32.30 s | 3.54 s | 43.28 s | 13.48 s | Hana | 4.55 s |
| 18.08 s | 31.98 s | 10.55 s | 24.59 s | 21.92 s | Theo | 5.85 s |
| 24.95 s | 19.71 s | 12.78 s | 28.52 s | 29.07 s | Noah | 4.10 s |

Question: What is the combined Sector 3 time of Theo and Hana?",67.87 s,"[{""row_index"": 4, ""column_index"": 3, ""row_identifier_column"": ""Driver"", ""row_identifier_value"": ""Theo"", ""column"": ""Sector 3 time"", ""raw_value"": 24.59, ""display_value"": ""24.59 s""}, {""row_index"": 3, ""column_index"": 3, ""row_identifier_column"": ""Driver"", ""row_identifier_value"": ""Hana"", ""column"": ""Sector 3 time"", ""raw_value"": 43.28, ""display_value"": ""43.28 s""}]",add,2,"{""headers"": [""Sector 1 time"", ""Sector 2 time"", ""Stop time"", ""Sector 3 time"", ""Pit-lane time"", ""Driver"", ""Penalty time""], ""rows"": [[""43.43 s"", ""44.14 s"", ""9.43 s"", ""37.30 s"", ""24.69 s"", ""Daniel"", ""7.68 s""], [""42.49 s"", ""27.76 s"", ""7.71 s"", ""18.60 s"", ""14.35 s"", ""Chris"", ""9.94 s""], [""26.48 s"", ""31.12 s"", ""3.15 s"", ""37.80 s"", ""34.35 s"", ""Yuna"", ""3.02 s""], [""26.38 s"", ""32.30 s"", ""3.54 s"", ""43.28 s"", ""13.48 s"", ""Hana"", ""4.55 s""], [""18.08 s"", ""31.98 s"", ""10.55 s"", ""24.59 s"", ""21.92 s"", ""Theo"", ""5.85 s""], [""24.95 s"", ""19.71 s"", ""12.78 s"", ""28.52 s"", ""29.07 s"", ""Noah"", ""4.10 s""]]}"
A-L2-0128,2,cross_row_sum,lab_mass_measurements,Add the Container mass values for Sample-L and Sample-E. What is the total?,"| Dry mass | Material mass | Initial mass | Sample | Container mass |
| --- | --- | --- | --- | --- |
| 273.1 g | 320.0 g | 89.0 g | Sample-E | 36.6 g |
| 190.0 g | 153.1 g | 168.7 g | Sample-F | 17.3 g |
| 206.0 g | 398.4 g | 435.3 g | Sample-D | 84.3 g |
| 161.1 g | 282.4 g | 70.2 g | Sample-L | 11.2 g |","Answer the question using the table. Perform the required calculation and return only the final value with its unit.

Table:
| Dry mass | Material mass | Initial mass | Sample | Container mass |
| --- | --- | --- | --- | --- |
| 273.1 g | 320.0 g | 89.0 g | Sample-E | 36.6 g |
| 190.0 g | 153.1 g | 168.7 g | Sample-F | 17.3 g |
| 206.0 g | 398.4 g | 435.3 g | Sample-D | 84.3 g |
| 161.1 g | 282.4 g | 70.2 g | Sample-L | 11.2 g |

Question: Add the Container mass values for Sample-L and Sample-E. What is the total?",47.8 g,"[{""row_index"": 3, ""column_index"": 4, ""row_identifier_column"": ""Sample"", ""row_identifier_value"": ""Sample-L"", ""column"": ""Container mass"", ""raw_value"": 11.2, ""display_value"": ""11.2 g""}, {""row_index"": 0, ""column_index"": 4, ""row_identifier_column"": ""Sample"", ""row_identifier_value"": ""Sample-E"", ""column"": ""Container mass"", ""raw_value"": 36.6, ""display_value"": ""36.6 g""}]",add,2,"{""headers"": [""Dry mass"", ""Material mass"", ""Initial mass"", ""Sample"", ""Container mass""], ""rows"": [[""273.1 g"", ""320.0 g"", ""89.0 g"", ""Sample-E"", ""36.6 g""], [""190.0 g"", ""153.1 g"", ""168.7 g"", ""Sample-F"", ""17.3 g""], [""206.0 g"", ""398.4 g"", ""435.3 g"", ""Sample-D"", ""84.3 g""], [""161.1 g"", ""282.4 g"", ""70.2 g"", ""Sample-L"", ""11.2 g""]]}"
A-L2-0129,2,same_row_sum,lab_mass_measurements,"According to the table, what is the combined value of Container mass and Material mass for Sample-D?","| Material mass | Container mass | Sample | Dry mass |
| --- | --- | --- | --- |
| 11.5 g | 107.5 g | Sample-H | 19.4 g |
| 300.4 g | 32.1 g | Sample-D | 31.7 g |
| 375.8 g | 115.8 g | Sample-F | 36.9 g |
| 236.0 g | 101.2 g | Sample-E | 79.1 g |","Answer the question using the table. Perform the required calculation and return only the final value with its unit.

Table:
| Material mass | Container mass | Sample | Dry mass |
| --- | --- | --- | --- |
| 11.5 g | 107.5 g | Sample-H | 19.4 g |
| 300.4 g | 32.1 g | Sample-D | 31.7 g |
| 375.8 g | 115.8 g | Sample-F | 36.9 g |
| 236.0 g | 101.2 g | Sample-E | 79.1 g |

Question: According to the table, what is the combined value of Container mass and Material mass for Sample-D?",332.5 g,"[{""row_index"": 1, ""column_index"": 1, ""row_identifier_column"": ""Sample"", ""row_identifier_value"": ""Sample-D"", ""column"": ""Container mass"", ""raw_value"": 32.1, ""display_value"": ""32.1 g""}, {""row_index"": 1, ""column_index"": 0, ""row_identifier_column"": ""Sample"", ""row_identifier_value"": ""Sample-D"", ""column"": ""Material mass"", ""raw_value"": 300.4, ""display_value"": ""300.4 g""}]",add,2,"{""headers"": [""Material mass"", ""Container mass"", ""Sample"", ""Dry mass""], ""rows"": [[""11.5 g"", ""107.5 g"", ""Sample-H"", ""19.4 g""], [""300.4 g"", ""32.1 g"", ""Sample-D"", ""31.7 g""], [""375.8 g"", ""115.8 g"", ""Sample-F"", ""36.9 g""], [""236.0 g"", ""101.2 g"", ""Sample-E"", ""79.1 g""]]}"
A-L2-0130,2,cross_row_sum,race_sector_times,"According to the table, what do Alex and Emma have in total for Stop time?","| Sector 1 time | Sector 3 time | Driver | Stop time | Penalty time |
| --- | --- | --- | --- | --- |
| 36.10 s | 23.28 s | David | 7.63 s | 8.85 s |
| 32.10 s | 43.25 s | Sam | 11.58 s | 2.90 s |
| 20.14 s | 18.83 s | Lucas | 7.43 s | 5.23 s |
| 43.25 s | 27.92 s | Maya | 11.17 s | 7.68 s |
| 26.28 s | 25.18 s | Emma | 9.12 s | 2.24 s |
| 20.19 s | 35.64 s | Hana | 14.98 s | 2.37 s |
| 18.11 s | 37.26 s | Lena | 2.24 s | 3.32 s |
| 37.95 s | 29.04 s | Alex | 8.13 s | 3.74 s |
| 19.74 s | 39.07 s | Jisoo | 2.21 s | 7.64 s |","Answer the question using the table. Perform the required calculation and return only the final value with its unit.

Table:
| Sector 1 time | Sector 3 time | Driver | Stop time | Penalty time |
| --- | --- | --- | --- | --- |
| 36.10 s | 23.28 s | David | 7.63 s | 8.85 s |
| 32.10 s | 43.25 s | Sam | 11.58 s | 2.90 s |
| 20.14 s | 18.83 s | Lucas | 7.43 s | 5.23 s |
| 43.25 s | 27.92 s | Maya | 11.17 s | 7.68 s |
| 26.28 s | 25.18 s | Emma | 9.12 s | 2.24 s |
| 20.19 s | 35.64 s | Hana | 14.98 s | 2.37 s |
| 18.11 s | 37.26 s | Lena | 2.24 s | 3.32 s |
| 37.95 s | 29.04 s | Alex | 8.13 s | 3.74 s |
| 19.74 s | 39.07 s | Jisoo | 2.21 s | 7.64 s |

Question: According to the table, what do Alex and Emma have in total for Stop time?",17.25 s,"[{""row_index"": 7, ""column_index"": 3, ""row_identifier_column"": ""Driver"", ""row_identifier_value"": ""Alex"", ""column"": ""Stop time"", ""raw_value"": 8.13, ""display_value"": ""8.13 s""}, {""row_index"": 4, ""column_index"": 3, ""row_identifier_column"": ""Driver"", ""row_identifier_value"": ""Emma"", ""column"": ""Stop time"", ""raw_value"": 9.12, ""display_value"": ""9.12 s""}]",add,2,"{""headers"": [""Sector 1 time"", ""Sector 3 time"", ""Driver"", ""Stop time"", ""Penalty time""], ""rows"": [[""36.10 s"", ""23.28 s"", ""David"", ""7.63 s"", ""8.85 s""], [""32.10 s"", ""43.25 s"", ""Sam"", ""11.58 s"", ""2.90 s""], [""20.14 s"", ""18.83 s"", ""Lucas"", ""7.43 s"", ""5.23 s""], [""43.25 s"", ""27.92 s"", ""Maya"", ""11.17 s"", ""7.68 s""], [""26.28 s"", ""25.18 s"", ""Emma"", ""9.12 s"", ""2.24 s""], [""20.19 s"", ""35.64 s"", ""Hana"", ""14.98 s"", ""2.37 s""], [""18.11 s"", ""37.26 s"", ""Lena"", ""2.24 s"", ""3.32 s""], [""37.95 s"", ""29.04 s"", ""Alex"", ""8.13 s"", ""3.74 s""], [""19.74 s"", ""39.07 s"", ""Jisoo"", ""2.21 s"", ""7.64 s""]]}"
A-L2-0131,2,cross_row_difference,lab_mass_measurements,What is the absolute difference in Final mass between Sample-C and Sample-H?,"| Final mass | Sample | Dry mass | Wet mass |
| --- | --- | --- | --- |
| 115.5 g | Sample-A | 159.7 g | 18.3 g |
| 286.0 g | Sample-C | 166.8 g | 54.3 g |
| 108.9 g | Sample-B | 242.6 g | 426.5 g |
| 305.2 g | Sample-J | 115.1 g | 46.2 g |
| 335.4 g | Sample-H | 80.7 g | 151.5 g |
| 422.6 g | Sample-G | 28.7 g | 445.1 g |
| 288.0 g | Sample-F | 211.1 g | 286.4 g |
| 250.6 g | Sample-L | 36.9 g | 332.3 g |","Answer the question using the table. Perform the required calculation and return only the final value with its unit.

Table:
| Final mass | Sample | Dry mass | Wet mass |
| --- | --- | --- | --- |
| 115.5 g | Sample-A | 159.7 g | 18.3 g |
| 286.0 g | Sample-C | 166.8 g | 54.3 g |
| 108.9 g | Sample-B | 242.6 g | 426.5 g |
| 305.2 g | Sample-J | 115.1 g | 46.2 g |
| 335.4 g | Sample-H | 80.7 g | 151.5 g |
| 422.6 g | Sample-G | 28.7 g | 445.1 g |
| 288.0 g | Sample-F | 211.1 g | 286.4 g |
| 250.6 g | Sample-L | 36.9 g | 332.3 g |

Question: What is the absolute difference in Final mass between Sample-C and Sample-H?",49.4 g,"[{""row_index"": 1, ""column_index"": 0, ""row_identifier_column"": ""Sample"", ""row_identifier_value"": ""Sample-C"", ""column"": ""Final mass"", ""raw_value"": 286.0, ""display_value"": ""286.0 g""}, {""row_index"": 4, ""column_index"": 0, ""row_identifier_column"": ""Sample"", ""row_identifier_value"": ""Sample-H"", ""column"": ""Final mass"", ""raw_value"": 335.4, ""display_value"": ""335.4 g""}]",absolute_difference,2,"{""headers"": [""Final mass"", ""Sample"", ""Dry mass"", ""Wet mass""], ""rows"": [[""115.5 g"", ""Sample-A"", ""159.7 g"", ""18.3 g""], [""286.0 g"", ""Sample-C"", ""166.8 g"", ""54.3 g""], [""108.9 g"", ""Sample-B"", ""242.6 g"", ""426.5 g""], [""305.2 g"", ""Sample-J"", ""115.1 g"", ""46.2 g""], [""335.4 g"", ""Sample-H"", ""80.7 g"", ""151.5 g""], [""422.6 g"", ""Sample-G"", ""28.7 g"", ""445.1 g""], [""288.0 g"", ""Sample-F"", ""211.1 g"", ""286.4 g""], [""250.6 g"", ""Sample-L"", ""36.9 g"", ""332.3 g""]]}"
A-L2-0132,2,cross_row_difference,hiking_route,Find the absolute difference between the Afternoon distance values of Alex and Noah.,"| Afternoon distance | Morning distance | Uphill distance | Hiker |
| --- | --- | --- | --- |
| 9.3 km | 11.7 km | 10.8 km | Noah |
| 4.6 km | 11.2 km | 10.3 km | Sam |
| 1.5 km | 3.5 km | 1.3 km | Ava |
| 13.7 km | 9.5 km | 1.2 km | Mina |
| 1.3 km | 5.1 km | 10.1 km | Maya |
| 9.2 km | 17.9 km | 7.9 km | Alex |","Answer the question using the table. Perform the required calculation and return only the final value with its unit.

Table:
| Afternoon distance | Morning distance | Uphill distance | Hiker |
| --- | --- | --- | --- |
| 9.3 km | 11.7 km | 10.8 km | Noah |
| 4.6 km | 11.2 km | 10.3 km | Sam |
| 1.5 km | 3.5 km | 1.3 km | Ava |
| 13.7 km | 9.5 km | 1.2 km | Mina |
| 1.3 km | 5.1 km | 10.1 km | Maya |
| 9.2 km | 17.9 km | 7.9 km | Alex |

Question: Find the absolute difference between the Afternoon distance values of Alex and Noah.",0.1 km,"[{""row_index"": 5, ""column_index"": 0, ""row_identifier_column"": ""Hiker"", ""row_identifier_value"": ""Alex"", ""column"": ""Afternoon distance"", ""raw_value"": 9.2, ""display_value"": ""9.2 km""}, {""row_index"": 0, ""column_index"": 0, ""row_identifier_column"": ""Hiker"", ""row_identifier_value"": ""Noah"", ""column"": ""Afternoon distance"", ""raw_value"": 9.3, ""display_value"": ""9.3 km""}]",absolute_difference,2,"{""headers"": [""Afternoon distance"", ""Morning distance"", ""Uphill distance"", ""Hiker""], ""rows"": [[""9.3 km"", ""11.7 km"", ""10.8 km"", ""Noah""], [""4.6 km"", ""11.2 km"", ""10.3 km"", ""Sam""], [""1.5 km"", ""3.5 km"", ""1.3 km"", ""Ava""], [""13.7 km"", ""9.5 km"", ""1.2 km"", ""Mina""], [""1.3 km"", ""5.1 km"", ""10.1 km"", ""Maya""], [""9.2 km"", ""17.9 km"", ""7.9 km"", ""Alex""]]}"
A-L2-0133,2,same_row_sum,battery_energy,"For Cell-D1, what is Morning energy plus Afternoon energy?","| Afternoon energy | Morning energy | Cell | Charge energy | Evening energy |
| --- | --- | --- | --- | --- |
| 6.81 kWh | 3.45 kWh | Cell-B1 | 4.10 kWh | 4.53 kWh |
| 7.18 kWh | 2.09 kWh | Cell-F1 | 3.82 kWh | 2.29 kWh |
| 3.62 kWh | 6.47 kWh | Cell-E2 | 9.75 kWh | 3.34 kWh |
| 1.76 kWh | 0.77 kWh | Cell-D1 | 10.12 kWh | 2.31 kWh |
| 0.55 kWh | 0.72 kWh | Cell-C1 | 11.40 kWh | 1.21 kWh |
| 6.01 kWh | 7.88 kWh | Cell-C2 | 4.95 kWh | 7.94 kWh |
| 0.96 kWh | 7.04 kWh | Cell-A2 | 0.52 kWh | 1.95 kWh |
| 1.72 kWh | 0.42 kWh | Cell-E1 | 11.45 kWh | 0.78 kWh |","Answer the question using the table. Perform the required calculation and return only the final value with its unit.

Table:
| Afternoon energy | Morning energy | Cell | Charge energy | Evening energy |
| --- | --- | --- | --- | --- |
| 6.81 kWh | 3.45 kWh | Cell-B1 | 4.10 kWh | 4.53 kWh |
| 7.18 kWh | 2.09 kWh | Cell-F1 | 3.82 kWh | 2.29 kWh |
| 3.62 kWh | 6.47 kWh | Cell-E2 | 9.75 kWh | 3.34 kWh |
| 1.76 kWh | 0.77 kWh | Cell-D1 | 10.12 kWh | 2.31 kWh |
| 0.55 kWh | 0.72 kWh | Cell-C1 | 11.40 kWh | 1.21 kWh |
| 6.01 kWh | 7.88 kWh | Cell-C2 | 4.95 kWh | 7.94 kWh |
| 0.96 kWh | 7.04 kWh | Cell-A2 | 0.52 kWh | 1.95 kWh |
| 1.72 kWh | 0.42 kWh | Cell-E1 | 11.45 kWh | 0.78 kWh |

Question: For Cell-D1, what is Morning energy plus Afternoon energy?",2.53 kWh,"[{""row_index"": 3, ""column_index"": 1, ""row_identifier_column"": ""Cell"", ""row_identifier_value"": ""Cell-D1"", ""column"": ""Morning energy"", ""raw_value"": 0.77, ""display_value"": ""0.77 kWh""}, {""row_index"": 3, ""column_index"": 0, ""row_identifier_column"": ""Cell"", ""row_identifier_value"": ""Cell-D1"", ""column"": ""Afternoon energy"", ""raw_value"": 1.76, ""display_value"": ""1.76 kWh""}]",add,2,"{""headers"": [""Afternoon energy"", ""Morning energy"", ""Cell"", ""Charge energy"", ""Evening energy""], ""rows"": [[""6.81 kWh"", ""3.45 kWh"", ""Cell-B1"", ""4.10 kWh"", ""4.53 kWh""], [""7.18 kWh"", ""2.09 kWh"", ""Cell-F1"", ""3.82 kWh"", ""2.29 kWh""], [""3.62 kWh"", ""6.47 kWh"", ""Cell-E2"", ""9.75 kWh"", ""3.34 kWh""], [""1.76 kWh"", ""0.77 kWh"", ""Cell-D1"", ""10.12 kWh"", ""2.31 kWh""], [""0.55 kWh"", ""0.72 kWh"", ""Cell-C1"", ""11.40 kWh"", ""1.21 kWh""], [""6.01 kWh"", ""7.88 kWh"", ""Cell-C2"", ""4.95 kWh"", ""7.94 kWh""], [""0.96 kWh"", ""7.04 kWh"", ""Cell-A2"", ""0.52 kWh"", ""1.95 kWh""], [""1.72 kWh"", ""0.42 kWh"", ""Cell-E1"", ""11.45 kWh"", ""0.78 kWh""]]}"
A-L2-0134,2,same_row_sum,rainfall_measurements,"According to the table, what is the combined value of North gauge and South gauge for Orion?","| South gauge | North gauge | Station | Evening rainfall |
| --- | --- | --- | --- |
| 11.6 mm | 33.2 mm | Lakeside | 41.2 mm |
| 59.3 mm | 15.7 mm | Orion | 32.4 mm |
| 20.8 mm | 13.7 mm | Hillcrest | 47.3 mm |
| 60.2 mm | 17.0 mm | Oakridge | 31.8 mm |
| 17.4 mm | 4.0 mm | Brookfield | 30.5 mm |","Answer the question using the table. Perform the required calculation and return only the final value with its unit.

Table:
| South gauge | North gauge | Station | Evening rainfall |
| --- | --- | --- | --- |
| 11.6 mm | 33.2 mm | Lakeside | 41.2 mm |
| 59.3 mm | 15.7 mm | Orion | 32.4 mm |
| 20.8 mm | 13.7 mm | Hillcrest | 47.3 mm |
| 60.2 mm | 17.0 mm | Oakridge | 31.8 mm |
| 17.4 mm | 4.0 mm | Brookfield | 30.5 mm |

Question: According to the table, what is the combined value of North gauge and South gauge for Orion?",75.0 mm,"[{""row_index"": 1, ""column_index"": 1, ""row_identifier_column"": ""Station"", ""row_identifier_value"": ""Orion"", ""column"": ""North gauge"", ""raw_value"": 15.7, ""display_value"": ""15.7 mm""}, {""row_index"": 1, ""column_index"": 0, ""row_identifier_column"": ""Station"", ""row_identifier_value"": ""Orion"", ""column"": ""South gauge"", ""raw_value"": 59.3, ""display_value"": ""59.3 mm""}]",add,2,"{""headers"": [""South gauge"", ""North gauge"", ""Station"", ""Evening rainfall""], ""rows"": [[""11.6 mm"", ""33.2 mm"", ""Lakeside"", ""41.2 mm""], [""59.3 mm"", ""15.7 mm"", ""Orion"", ""32.4 mm""], [""20.8 mm"", ""13.7 mm"", ""Hillcrest"", ""47.3 mm""], [""60.2 mm"", ""17.0 mm"", ""Oakridge"", ""31.8 mm""], [""17.4 mm"", ""4.0 mm"", ""Brookfield"", ""30.5 mm""]]}"
A-L2-0135,2,cross_row_sum,quarterly_sales,What is the combined Retail sales of Hillcrest and Cedar?,"| Q2 sales | Q1 sales | Retail sales | Q4 sales | Q3 sales | Online sales | Region |
| --- | --- | --- | --- | --- | --- | --- |
| 469.4 kUSD | 406.4 kUSD | 17.7 kUSD | 241.7 kUSD | 74.9 kUSD | 333.5 kUSD | Westhaven |
| 197.9 kUSD | 449.1 kUSD | 211.6 kUSD | 25.7 kUSD | 278.7 kUSD | 49.8 kUSD | Lakeside |
| 249.6 kUSD | 379.8 kUSD | 30.8 kUSD | 266.4 kUSD | 247.5 kUSD | 279.5 kUSD | Hillcrest |
| 160.3 kUSD | 464.3 kUSD | 119.6 kUSD | 241.5 kUSD | 231.4 kUSD | 50.6 kUSD | Clearwater |
| 345.4 kUSD | 257.4 kUSD | 297.4 kUSD | 324.7 kUSD | 248.7 kUSD | 232.2 kUSD | Fairview |
| 177.1 kUSD | 368.0 kUSD | 252.3 kUSD | 86.8 kUSD | 141.6 kUSD | 169.8 kUSD | Cedar |
| 109.7 kUSD | 38.5 kUSD | 213.2 kUSD | 162.0 kUSD | 97.6 kUSD | 91.5 kUSD | Riverton |
| 45.4 kUSD | 155.4 kUSD | 98.6 kUSD | 67.5 kUSD | 188.8 kUSD | 283.0 kUSD | Oakridge |","Answer the question using the table. Perform the required calculation and return only the final value with its unit.

Table:
| Q2 sales | Q1 sales | Retail sales | Q4 sales | Q3 sales | Online sales | Region |
| --- | --- | --- | --- | --- | --- | --- |
| 469.4 kUSD | 406.4 kUSD | 17.7 kUSD | 241.7 kUSD | 74.9 kUSD | 333.5 kUSD | Westhaven |
| 197.9 kUSD | 449.1 kUSD | 211.6 kUSD | 25.7 kUSD | 278.7 kUSD | 49.8 kUSD | Lakeside |
| 249.6 kUSD | 379.8 kUSD | 30.8 kUSD | 266.4 kUSD | 247.5 kUSD | 279.5 kUSD | Hillcrest |
| 160.3 kUSD | 464.3 kUSD | 119.6 kUSD | 241.5 kUSD | 231.4 kUSD | 50.6 kUSD | Clearwater |
| 345.4 kUSD | 257.4 kUSD | 297.4 kUSD | 324.7 kUSD | 248.7 kUSD | 232.2 kUSD | Fairview |
| 177.1 kUSD | 368.0 kUSD | 252.3 kUSD | 86.8 kUSD | 141.6 kUSD | 169.8 kUSD | Cedar |
| 109.7 kUSD | 38.5 kUSD | 213.2 kUSD | 162.0 kUSD | 97.6 kUSD | 91.5 kUSD | Riverton |
| 45.4 kUSD | 155.4 kUSD | 98.6 kUSD | 67.5 kUSD | 188.8 kUSD | 283.0 kUSD | Oakridge |

Question: What is the combined Retail sales of Hillcrest and Cedar?",283.1 kUSD,"[{""row_index"": 2, ""column_index"": 2, ""row_identifier_column"": ""Region"", ""row_identifier_value"": ""Hillcrest"", ""column"": ""Retail sales"", ""raw_value"": 30.8, ""display_value"": ""30.8 kUSD""}, {""row_index"": 5, ""column_index"": 2, ""row_identifier_column"": ""Region"", ""row_identifier_value"": ""Cedar"", ""column"": ""Retail sales"", ""raw_value"": 252.3, ""display_value"": ""252.3 kUSD""}]",add,2,"{""headers"": [""Q2 sales"", ""Q1 sales"", ""Retail sales"", ""Q4 sales"", ""Q3 sales"", ""Online sales"", ""Region""], ""rows"": [[""469.4 kUSD"", ""406.4 kUSD"", ""17.7 kUSD"", ""241.7 kUSD"", ""74.9 kUSD"", ""333.5 kUSD"", ""Westhaven""], [""197.9 kUSD"", ""449.1 kUSD"", ""211.6 kUSD"", ""25.7 kUSD"", ""278.7 kUSD"", ""49.8 kUSD"", ""Lakeside""], [""249.6 kUSD"", ""379.8 kUSD"", ""30.8 kUSD"", ""266.4 kUSD"", ""247.5 kUSD"", ""279.5 kUSD"", ""Hillcrest""], [""160.3 kUSD"", ""464.3 kUSD"", ""119.6 kUSD"", ""241.5 kUSD"", ""231.4 kUSD"", ""50.6 kUSD"", ""Clearwater""], [""345.4 kUSD"", ""257.4 kUSD"", ""297.4 kUSD"", ""324.7 kUSD"", ""248.7 kUSD"", ""232.2 kUSD"", ""Fairview""], [""177.1 kUSD"", ""368.0 kUSD"", ""252.3 kUSD"", ""86.8 kUSD"", ""141.6 kUSD"", ""169.8 kUSD"", ""Cedar""], [""109.7 kUSD"", ""38.5 kUSD"", ""213.2 kUSD"", ""162.0 kUSD"", ""97.6 kUSD"", ""91.5 kUSD"", ""Riverton""], [""45.4 kUSD"", ""155.4 kUSD"", ""98.6 kUSD"", ""67.5 kUSD"", ""188.8 kUSD"", ""283.0 kUSD"", ""Oakridge""]]}"
A-L2-0136,2,same_row_sum,race_sector_times,Add Emma's Sector 1 time and Sector 2 time. What is the total?,"| Sector 2 time | Penalty time | Pit-lane time | Stop time | Sector 1 time | Driver | Sector 3 time |
| --- | --- | --- | --- | --- | --- | --- |
| 21.95 s | 6.17 s | 34.39 s | 8.78 s | 37.85 s | Mina | 21.28 s |
| 31.85 s | 7.22 s | 30.68 s | 10.95 s | 27.83 s | Jisoo | 40.55 s |
| 30.53 s | 4.36 s | 20.79 s | 6.35 s | 39.01 s | Ava | 25.53 s |
| 42.00 s | 2.49 s | 25.42 s | 14.65 s | 22.41 s | Yuna | 42.01 s |
| 40.35 s | 1.26 s | 13.92 s | 14.86 s | 23.07 s | Leo | 31.66 s |
| 20.28 s | 8.25 s | 14.11 s | 12.27 s | 31.55 s | Emma | 29.01 s |
| 18.90 s | 0.86 s | 15.67 s | 10.36 s | 35.00 s | Nora | 32.37 s |
| 25.34 s | 5.92 s | 21.18 s | 2.65 s | 23.52 s | Julia | 33.95 s |
| 43.59 s | 6.89 s | 18.24 s | 3.34 s | 21.26 s | Maya | 29.24 s |","Answer the question using the table. Perform the required calculation and return only the final value with its unit.

Table:
| Sector 2 time | Penalty time | Pit-lane time | Stop time | Sector 1 time | Driver | Sector 3 time |
| --- | --- | --- | --- | --- | --- | --- |
| 21.95 s | 6.17 s | 34.39 s | 8.78 s | 37.85 s | Mina | 21.28 s |
| 31.85 s | 7.22 s | 30.68 s | 10.95 s | 27.83 s | Jisoo | 40.55 s |
| 30.53 s | 4.36 s | 20.79 s | 6.35 s | 39.01 s | Ava | 25.53 s |
| 42.00 s | 2.49 s | 25.42 s | 14.65 s | 22.41 s | Yuna | 42.01 s |
| 40.35 s | 1.26 s | 13.92 s | 14.86 s | 23.07 s | Leo | 31.66 s |
| 20.28 s | 8.25 s | 14.11 s | 12.27 s | 31.55 s | Emma | 29.01 s |
| 18.90 s | 0.86 s | 15.67 s | 10.36 s | 35.00 s | Nora | 32.37 s |
| 25.34 s | 5.92 s | 21.18 s | 2.65 s | 23.52 s | Julia | 33.95 s |
| 43.59 s | 6.89 s | 18.24 s | 3.34 s | 21.26 s | Maya | 29.24 s |

Question: Add Emma's Sector 1 time and Sector 2 time. What is the total?",51.83 s,"[{""row_index"": 5, ""column_index"": 4, ""row_identifier_column"": ""Driver"", ""row_identifier_value"": ""Emma"", ""column"": ""Sector 1 time"", ""raw_value"": 31.55, ""display_value"": ""31.55 s""}, {""row_index"": 5, ""column_index"": 0, ""row_identifier_column"": ""Driver"", ""row_identifier_value"": ""Emma"", ""column"": ""Sector 2 time"", ""raw_value"": 20.28, ""display_value"": ""20.28 s""}]",add,2,"{""headers"": [""Sector 2 time"", ""Penalty time"", ""Pit-lane time"", ""Stop time"", ""Sector 1 time"", ""Driver"", ""Sector 3 time""], ""rows"": [[""21.95 s"", ""6.17 s"", ""34.39 s"", ""8.78 s"", ""37.85 s"", ""Mina"", ""21.28 s""], [""31.85 s"", ""7.22 s"", ""30.68 s"", ""10.95 s"", ""27.83 s"", ""Jisoo"", ""40.55 s""], [""30.53 s"", ""4.36 s"", ""20.79 s"", ""6.35 s"", ""39.01 s"", ""Ava"", ""25.53 s""], [""42.00 s"", ""2.49 s"", ""25.42 s"", ""14.65 s"", ""22.41 s"", ""Yuna"", ""42.01 s""], [""40.35 s"", ""1.26 s"", ""13.92 s"", ""14.86 s"", ""23.07 s"", ""Leo"", ""31.66 s""], [""20.28 s"", ""8.25 s"", ""14.11 s"", ""12.27 s"", ""31.55 s"", ""Emma"", ""29.01 s""], [""18.90 s"", ""0.86 s"", ""15.67 s"", ""10.36 s"", ""35.00 s"", ""Nora"", ""32.37 s""], [""25.34 s"", ""5.92 s"", ""21.18 s"", ""2.65 s"", ""23.52 s"", ""Julia"", ""33.95 s""], [""43.59 s"", ""6.89 s"", ""18.24 s"", ""3.34 s"", ""21.26 s"", ""Maya"", ""29.24 s""]]}"
A-L2-0137,2,cross_row_sum,ml_latency,Add the Postprocessing latency values for Helix and Nimbus. What is the total?,"| Inference latency | Network latency | Queue latency | Postprocessing latency | Model | Tokenization latency |
| --- | --- | --- | --- | --- | --- |
| 37.5 ms | 44.8 ms | 38.5 ms | 24.2 ms | Delta | 18.4 ms |
| 96.7 ms | 82.4 ms | 34.4 ms | 23.7 ms | Sigma | 11.6 ms |
| 57.1 ms | 33.2 ms | 2.6 ms | 15.5 ms | Quartz | 21.9 ms |
| 71.8 ms | 61.0 ms | 75.0 ms | 25.0 ms | Nimbus | 15.2 ms |
| 10.1 ms | 19.3 ms | 10.8 ms | 10.4 ms | Aurora | 12.4 ms |
| 97.3 ms | 84.0 ms | 29.6 ms | 7.7 ms | Helix | 9.1 ms |","Answer the question using the table. Perform the required calculation and return only the final value with its unit.

Table:
| Inference latency | Network latency | Queue latency | Postprocessing latency | Model | Tokenization latency |
| --- | --- | --- | --- | --- | --- |
| 37.5 ms | 44.8 ms | 38.5 ms | 24.2 ms | Delta | 18.4 ms |
| 96.7 ms | 82.4 ms | 34.4 ms | 23.7 ms | Sigma | 11.6 ms |
| 57.1 ms | 33.2 ms | 2.6 ms | 15.5 ms | Quartz | 21.9 ms |
| 71.8 ms | 61.0 ms | 75.0 ms | 25.0 ms | Nimbus | 15.2 ms |
| 10.1 ms | 19.3 ms | 10.8 ms | 10.4 ms | Aurora | 12.4 ms |
| 97.3 ms | 84.0 ms | 29.6 ms | 7.7 ms | Helix | 9.1 ms |

Question: Add the Postprocessing latency values for Helix and Nimbus. What is the total?",32.7 ms,"[{""row_index"": 5, ""column_index"": 3, ""row_identifier_column"": ""Model"", ""row_identifier_value"": ""Helix"", ""column"": ""Postprocessing latency"", ""raw_value"": 7.7, ""display_value"": ""7.7 ms""}, {""row_index"": 3, ""column_index"": 3, ""row_identifier_column"": ""Model"", ""row_identifier_value"": ""Nimbus"", ""column"": ""Postprocessing latency"", ""raw_value"": 25.0, ""display_value"": ""25.0 ms""}]",add,2,"{""headers"": [""Inference latency"", ""Network latency"", ""Queue latency"", ""Postprocessing latency"", ""Model"", ""Tokenization latency""], ""rows"": [[""37.5 ms"", ""44.8 ms"", ""38.5 ms"", ""24.2 ms"", ""Delta"", ""18.4 ms""], [""96.7 ms"", ""82.4 ms"", ""34.4 ms"", ""23.7 ms"", ""Sigma"", ""11.6 ms""], [""57.1 ms"", ""33.2 ms"", ""2.6 ms"", ""15.5 ms"", ""Quartz"", ""21.9 ms""], [""71.8 ms"", ""61.0 ms"", ""75.0 ms"", ""25.0 ms"", ""Nimbus"", ""15.2 ms""], [""10.1 ms"", ""19.3 ms"", ""10.8 ms"", ""10.4 ms"", ""Aurora"", ""12.4 ms""], [""97.3 ms"", ""84.0 ms"", ""29.6 ms"", ""7.7 ms"", ""Helix"", ""9.1 ms""]]}"
A-L2-0138,2,cross_row_difference,basketball_game,What is the absolute difference in Free-throw points between Sharks and Comets?,"| Bench points | Second-half points | Paint points | Team | First-half points | Free-throw points | Fast-break points |
| --- | --- | --- | --- | --- | --- | --- |
| 33 points | 64 points | 17 points | Cyclones | 37 points | 25 points | 29 points |
| 32 points | 35 points | 55 points | Sharks | 55 points | 24 points | 18 points |
| 31 points | 31 points | 29 points | Comets | 35 points | 14 points | 17 points |
| 40 points | 31 points | 16 points | Hawks | 26 points | 8 points | 4 points |
| 6 points | 32 points | 53 points | Ravens | 38 points | 33 points | 22 points |
| 41 points | 36 points | 19 points | Panthers | 62 points | 9 points | 9 points |
| 21 points | 57 points | 33 points | Wolves | 42 points | 29 points | 10 points |","Answer the question using the table. Perform the required calculation and return only the final value with its unit.

Table:
| Bench points | Second-half points | Paint points | Team | First-half points | Free-throw points | Fast-break points |
| --- | --- | --- | --- | --- | --- | --- |
| 33 points | 64 points | 17 points | Cyclones | 37 points | 25 points | 29 points |
| 32 points | 35 points | 55 points | Sharks | 55 points | 24 points | 18 points |
| 31 points | 31 points | 29 points | Comets | 35 points | 14 points | 17 points |
| 40 points | 31 points | 16 points | Hawks | 26 points | 8 points | 4 points |
| 6 points | 32 points | 53 points | Ravens | 38 points | 33 points | 22 points |
| 41 points | 36 points | 19 points | Panthers | 62 points | 9 points | 9 points |
| 21 points | 57 points | 33 points | Wolves | 42 points | 29 points | 10 points |

Question: What is the absolute difference in Free-throw points between Sharks and Comets?",10 points,"[{""row_index"": 1, ""column_index"": 5, ""row_identifier_column"": ""Team"", ""row_identifier_value"": ""Sharks"", ""column"": ""Free-throw points"", ""raw_value"": 24.0, ""display_value"": ""24 points""}, {""row_index"": 2, ""column_index"": 5, ""row_identifier_column"": ""Team"", ""row_identifier_value"": ""Comets"", ""column"": ""Free-throw points"", ""raw_value"": 14.0, ""display_value"": ""14 points""}]",absolute_difference,2,"{""headers"": [""Bench points"", ""Second-half points"", ""Paint points"", ""Team"", ""First-half points"", ""Free-throw points"", ""Fast-break points""], ""rows"": [[""33 points"", ""64 points"", ""17 points"", ""Cyclones"", ""37 points"", ""25 points"", ""29 points""], [""32 points"", ""35 points"", ""55 points"", ""Sharks"", ""55 points"", ""24 points"", ""18 points""], [""31 points"", ""31 points"", ""29 points"", ""Comets"", ""35 points"", ""14 points"", ""17 points""], [""40 points"", ""31 points"", ""16 points"", ""Hawks"", ""26 points"", ""8 points"", ""4 points""], [""6 points"", ""32 points"", ""53 points"", ""Ravens"", ""38 points"", ""33 points"", ""22 points""], [""41 points"", ""36 points"", ""19 points"", ""Panthers"", ""62 points"", ""9 points"", ""9 points""], [""21 points"", ""57 points"", ""33 points"", ""Wolves"", ""42 points"", ""29 points"", ""10 points""]]}"
A-L2-0139,2,same_row_sum,race_sector_times,"According to the table, what is the combined value of Pit-lane time and Stop time for Iris?","| Sector 1 time | Sector 3 time | Sector 2 time | Driver | Pit-lane time | Penalty time | Stop time |
| --- | --- | --- | --- | --- | --- | --- |
| 31.55 s | 26.95 s | 24.89 s | Sofia | 34.35 s | 5.43 s | 2.73 s |
| 37.43 s | 18.52 s | 31.92 s | Sam | 32.37 s | 7.18 s | 12.98 s |
| 29.65 s | 44.64 s | 23.16 s | David | 13.61 s | 5.46 s | 9.85 s |
| 23.88 s | 35.48 s | 39.85 s | Noah | 26.51 s | 5.81 s | 8.88 s |
| 35.58 s | 35.65 s | 43.73 s | Yuna | 34.34 s | 9.77 s | 10.80 s |
| 28.73 s | 21.23 s | 19.58 s | Julia | 33.90 s | 0.33 s | 2.70 s |
| 22.07 s | 29.12 s | 28.72 s | Chris | 17.61 s | 4.90 s | 11.25 s |
| 36.04 s | 40.33 s | 21.81 s | Iris | 33.47 s | 4.51 s | 14.97 s |
| 20.49 s | 25.00 s | 27.42 s | Alex | 30.14 s | 8.84 s | 4.25 s |","Answer the question using the table. Perform the required calculation and return only the final value with its unit.

Table:
| Sector 1 time | Sector 3 time | Sector 2 time | Driver | Pit-lane time | Penalty time | Stop time |
| --- | --- | --- | --- | --- | --- | --- |
| 31.55 s | 26.95 s | 24.89 s | Sofia | 34.35 s | 5.43 s | 2.73 s |
| 37.43 s | 18.52 s | 31.92 s | Sam | 32.37 s | 7.18 s | 12.98 s |
| 29.65 s | 44.64 s | 23.16 s | David | 13.61 s | 5.46 s | 9.85 s |
| 23.88 s | 35.48 s | 39.85 s | Noah | 26.51 s | 5.81 s | 8.88 s |
| 35.58 s | 35.65 s | 43.73 s | Yuna | 34.34 s | 9.77 s | 10.80 s |
| 28.73 s | 21.23 s | 19.58 s | Julia | 33.90 s | 0.33 s | 2.70 s |
| 22.07 s | 29.12 s | 28.72 s | Chris | 17.61 s | 4.90 s | 11.25 s |
| 36.04 s | 40.33 s | 21.81 s | Iris | 33.47 s | 4.51 s | 14.97 s |
| 20.49 s | 25.00 s | 27.42 s | Alex | 30.14 s | 8.84 s | 4.25 s |

Question: According to the table, what is the combined value of Pit-lane time and Stop time for Iris?",48.44 s,"[{""row_index"": 7, ""column_index"": 4, ""row_identifier_column"": ""Driver"", ""row_identifier_value"": ""Iris"", ""column"": ""Pit-lane time"", ""raw_value"": 33.47, ""display_value"": ""33.47 s""}, {""row_index"": 7, ""column_index"": 6, ""row_identifier_column"": ""Driver"", ""row_identifier_value"": ""Iris"", ""column"": ""Stop time"", ""raw_value"": 14.97, ""display_value"": ""14.97 s""}]",add,2,"{""headers"": [""Sector 1 time"", ""Sector 3 time"", ""Sector 2 time"", ""Driver"", ""Pit-lane time"", ""Penalty time"", ""Stop time""], ""rows"": [[""31.55 s"", ""26.95 s"", ""24.89 s"", ""Sofia"", ""34.35 s"", ""5.43 s"", ""2.73 s""], [""37.43 s"", ""18.52 s"", ""31.92 s"", ""Sam"", ""32.37 s"", ""7.18 s"", ""12.98 s""], [""29.65 s"", ""44.64 s"", ""23.16 s"", ""David"", ""13.61 s"", ""5.46 s"", ""9.85 s""], [""23.88 s"", ""35.48 s"", ""39.85 s"", ""Noah"", ""26.51 s"", ""5.81 s"", ""8.88 s""], [""35.58 s"", ""35.65 s"", ""43.73 s"", ""Yuna"", ""34.34 s"", ""9.77 s"", ""10.80 s""], [""28.73 s"", ""21.23 s"", ""19.58 s"", ""Julia"", ""33.90 s"", ""0.33 s"", ""2.70 s""], [""22.07 s"", ""29.12 s"", ""28.72 s"", ""Chris"", ""17.61 s"", ""4.90 s"", ""11.25 s""], [""36.04 s"", ""40.33 s"", ""21.81 s"", ""Iris"", ""33.47 s"", ""4.51 s"", ""14.97 s""], [""20.49 s"", ""25.00 s"", ""27.42 s"", ""Alex"", ""30.14 s"", ""8.84 s"", ""4.25 s""]]}"
A-L2-0140,2,same_row_sum,hiking_route,Add Sofia's Uphill distance and Downhill distance. What is the total?,"| Uphill distance | Forest distance | Ridge distance | Morning distance | Afternoon distance | Hiker | Downhill distance |
| --- | --- | --- | --- | --- | --- | --- |
| 4.7 km | 10.0 km | 2.3 km | 10.2 km | 8.9 km | Daniel | 2.7 km |
| 10.8 km | 5.8 km | 10.3 km | 6.3 km | 17.4 km | Sofia | 3.2 km |
| 9.2 km | 8.0 km | 10.9 km | 6.3 km | 8.0 km | Jisoo | 6.1 km |
| 6.4 km | 3.2 km | 1.4 km | 8.0 km | 4.7 km | Theo | 4.2 km |
| 6.4 km | 13.6 km | 8.2 km | 1.2 km | 14.9 km | Hana | 10.7 km |
| 3.7 km | 7.3 km | 7.2 km | 1.4 km | 14.6 km | Noah | 6.0 km |
| 1.0 km | 1.3 km | 8.7 km | 6.5 km | 7.1 km | Chris | 5.4 km |
| 7.6 km | 2.9 km | 9.2 km | 5.2 km | 7.6 km | Ryan | 10.0 km |","Answer the question using the table. Perform the required calculation and return only the final value with its unit.

Table:
| Uphill distance | Forest distance | Ridge distance | Morning distance | Afternoon distance | Hiker | Downhill distance |
| --- | --- | --- | --- | --- | --- | --- |
| 4.7 km | 10.0 km | 2.3 km | 10.2 km | 8.9 km | Daniel | 2.7 km |
| 10.8 km | 5.8 km | 10.3 km | 6.3 km | 17.4 km | Sofia | 3.2 km |
| 9.2 km | 8.0 km | 10.9 km | 6.3 km | 8.0 km | Jisoo | 6.1 km |
| 6.4 km | 3.2 km | 1.4 km | 8.0 km | 4.7 km | Theo | 4.2 km |
| 6.4 km | 13.6 km | 8.2 km | 1.2 km | 14.9 km | Hana | 10.7 km |
| 3.7 km | 7.3 km | 7.2 km | 1.4 km | 14.6 km | Noah | 6.0 km |
| 1.0 km | 1.3 km | 8.7 km | 6.5 km | 7.1 km | Chris | 5.4 km |
| 7.6 km | 2.9 km | 9.2 km | 5.2 km | 7.6 km | Ryan | 10.0 km |

Question: Add Sofia's Uphill distance and Downhill distance. What is the total?",14.0 km,"[{""row_index"": 1, ""column_index"": 0, ""row_identifier_column"": ""Hiker"", ""row_identifier_value"": ""Sofia"", ""column"": ""Uphill distance"", ""raw_value"": 10.8, ""display_value"": ""10.8 km""}, {""row_index"": 1, ""column_index"": 6, ""row_identifier_column"": ""Hiker"", ""row_identifier_value"": ""Sofia"", ""column"": ""Downhill distance"", ""raw_value"": 3.2, ""display_value"": ""3.2 km""}]",add,2,"{""headers"": [""Uphill distance"", ""Forest distance"", ""Ridge distance"", ""Morning distance"", ""Afternoon distance"", ""Hiker"", ""Downhill distance""], ""rows"": [[""4.7 km"", ""10.0 km"", ""2.3 km"", ""10.2 km"", ""8.9 km"", ""Daniel"", ""2.7 km""], [""10.8 km"", ""5.8 km"", ""10.3 km"", ""6.3 km"", ""17.4 km"", ""Sofia"", ""3.2 km""], [""9.2 km"", ""8.0 km"", ""10.9 km"", ""6.3 km"", ""8.0 km"", ""Jisoo"", ""6.1 km""], [""6.4 km"", ""3.2 km"", ""1.4 km"", ""8.0 km"", ""4.7 km"", ""Theo"", ""4.2 km""], [""6.4 km"", ""13.6 km"", ""8.2 km"", ""1.2 km"", ""14.9 km"", ""Hana"", ""10.7 km""], [""3.7 km"", ""7.3 km"", ""7.2 km"", ""1.4 km"", ""14.6 km"", ""Noah"", ""6.0 km""], [""1.0 km"", ""1.3 km"", ""8.7 km"", ""6.5 km"", ""7.1 km"", ""Chris"", ""5.4 km""], [""7.6 km"", ""2.9 km"", ""9.2 km"", ""5.2 km"", ""7.6 km"", ""Ryan"", ""10.0 km""]]}"
A-L2-0141,2,same_row_difference,lab_mass_measurements,"For Sample-I, what is the absolute difference between Wet mass and Dry mass?","| Wet mass | Container mass | Dry mass | Sample |
| --- | --- | --- | --- |
| 36.6 g | 114.9 g | 98.5 g | Sample-I |
| 407.4 g | 99.2 g | 209.9 g | Sample-A |
| 489.5 g | 36.0 g | 239.9 g | Sample-G |
| 319.2 g | 75.3 g | 124.4 g | Sample-E |
| 124.6 g | 54.0 g | 49.3 g | Sample-H |
| 210.1 g | 69.3 g | 277.6 g | Sample-F |","Answer the question using the table. Perform the required calculation and return only the final value with its unit.

Table:
| Wet mass | Container mass | Dry mass | Sample |
| --- | --- | --- | --- |
| 36.6 g | 114.9 g | 98.5 g | Sample-I |
| 407.4 g | 99.2 g | 209.9 g | Sample-A |
| 489.5 g | 36.0 g | 239.9 g | Sample-G |
| 319.2 g | 75.3 g | 124.4 g | Sample-E |
| 124.6 g | 54.0 g | 49.3 g | Sample-H |
| 210.1 g | 69.3 g | 277.6 g | Sample-F |

Question: For Sample-I, what is the absolute difference between Wet mass and Dry mass?",61.9 g,"[{""row_index"": 0, ""column_index"": 0, ""row_identifier_column"": ""Sample"", ""row_identifier_value"": ""Sample-I"", ""column"": ""Wet mass"", ""raw_value"": 36.6, ""display_value"": ""36.6 g""}, {""row_index"": 0, ""column_index"": 2, ""row_identifier_column"": ""Sample"", ""row_identifier_value"": ""Sample-I"", ""column"": ""Dry mass"", ""raw_value"": 98.5, ""display_value"": ""98.5 g""}]",absolute_difference,2,"{""headers"": [""Wet mass"", ""Container mass"", ""Dry mass"", ""Sample""], ""rows"": [[""36.6 g"", ""114.9 g"", ""98.5 g"", ""Sample-I""], [""407.4 g"", ""99.2 g"", ""209.9 g"", ""Sample-A""], [""489.5 g"", ""36.0 g"", ""239.9 g"", ""Sample-G""], [""319.2 g"", ""75.3 g"", ""124.4 g"", ""Sample-E""], [""124.6 g"", ""54.0 g"", ""49.3 g"", ""Sample-H""], [""210.1 g"", ""69.3 g"", ""277.6 g"", ""Sample-F""]]}"
A-L2-0142,2,same_row_difference,quarterly_sales,Find the absolute difference between Clearwater's Online sales and Retail sales.,"| Region | Retail sales | Q1 sales | Q4 sales | Online sales |
| --- | --- | --- | --- | --- |
| Maple | 158.7 kUSD | 474.0 kUSD | 453.9 kUSD | 62.8 kUSD |
| Clearwater | 137.3 kUSD | 146.7 kUSD | 433.7 kUSD | 197.6 kUSD |
| Brookfield | 307.7 kUSD | 67.6 kUSD | 32.6 kUSD | 50.3 kUSD |
| Lakeside | 91.3 kUSD | 435.9 kUSD | 316.2 kUSD | 233.7 kUSD |
| Oakridge | 349.9 kUSD | 373.5 kUSD | 44.6 kUSD | 49.5 kUSD |","Answer the question using the table. Perform the required calculation and return only the final value with its unit.

Table:
| Region | Retail sales | Q1 sales | Q4 sales | Online sales |
| --- | --- | --- | --- | --- |
| Maple | 158.7 kUSD | 474.0 kUSD | 453.9 kUSD | 62.8 kUSD |
| Clearwater | 137.3 kUSD | 146.7 kUSD | 433.7 kUSD | 197.6 kUSD |
| Brookfield | 307.7 kUSD | 67.6 kUSD | 32.6 kUSD | 50.3 kUSD |
| Lakeside | 91.3 kUSD | 435.9 kUSD | 316.2 kUSD | 233.7 kUSD |
| Oakridge | 349.9 kUSD | 373.5 kUSD | 44.6 kUSD | 49.5 kUSD |

Question: Find the absolute difference between Clearwater's Online sales and Retail sales.",60.3 kUSD,"[{""row_index"": 1, ""column_index"": 4, ""row_identifier_column"": ""Region"", ""row_identifier_value"": ""Clearwater"", ""column"": ""Online sales"", ""raw_value"": 197.6, ""display_value"": ""197.6 kUSD""}, {""row_index"": 1, ""column_index"": 1, ""row_identifier_column"": ""Region"", ""row_identifier_value"": ""Clearwater"", ""column"": ""Retail sales"", ""raw_value"": 137.3, ""display_value"": ""137.3 kUSD""}]",absolute_difference,2,"{""headers"": [""Region"", ""Retail sales"", ""Q1 sales"", ""Q4 sales"", ""Online sales""], ""rows"": [[""Maple"", ""158.7 kUSD"", ""474.0 kUSD"", ""453.9 kUSD"", ""62.8 kUSD""], [""Clearwater"", ""137.3 kUSD"", ""146.7 kUSD"", ""433.7 kUSD"", ""197.6 kUSD""], [""Brookfield"", ""307.7 kUSD"", ""67.6 kUSD"", ""32.6 kUSD"", ""50.3 kUSD""], [""Lakeside"", ""91.3 kUSD"", ""435.9 kUSD"", ""316.2 kUSD"", ""233.7 kUSD""], [""Oakridge"", ""349.9 kUSD"", ""373.5 kUSD"", ""44.6 kUSD"", ""49.5 kUSD""]]}"
A-L2-0143,2,same_row_difference,hiking_route,How far apart are the Uphill distance and Downhill distance values for Julia? Return the absolute difference.,"| Uphill distance | Forest distance | Morning distance | Ridge distance | Afternoon distance | Downhill distance | Hiker |
| --- | --- | --- | --- | --- | --- | --- |
| 10.2 km | 10.8 km | 9.4 km | 13.3 km | 17.3 km | 0.6 km | Julia |
| 2.5 km | 13.0 km | 1.7 km | 6.5 km | 7.6 km | 3.5 km | Lucas |
| 7.6 km | 5.9 km | 15.6 km | 5.9 km | 2.4 km | 1.6 km | Maya |
| 4.7 km | 12.6 km | 12.4 km | 13.7 km | 1.7 km | 2.6 km | Iris |
| 3.9 km | 1.2 km | 7.8 km | 2.8 km | 3.5 km | 4.4 km | Alex |","Answer the question using the table. Perform the required calculation and return only the final value with its unit.

Table:
| Uphill distance | Forest distance | Morning distance | Ridge distance | Afternoon distance | Downhill distance | Hiker |
| --- | --- | --- | --- | --- | --- | --- |
| 10.2 km | 10.8 km | 9.4 km | 13.3 km | 17.3 km | 0.6 km | Julia |
| 2.5 km | 13.0 km | 1.7 km | 6.5 km | 7.6 km | 3.5 km | Lucas |
| 7.6 km | 5.9 km | 15.6 km | 5.9 km | 2.4 km | 1.6 km | Maya |
| 4.7 km | 12.6 km | 12.4 km | 13.7 km | 1.7 km | 2.6 km | Iris |
| 3.9 km | 1.2 km | 7.8 km | 2.8 km | 3.5 km | 4.4 km | Alex |

Question: How far apart are the Uphill distance and Downhill distance values for Julia? Return the absolute difference.",9.6 km,"[{""row_index"": 0, ""column_index"": 0, ""row_identifier_column"": ""Hiker"", ""row_identifier_value"": ""Julia"", ""column"": ""Uphill distance"", ""raw_value"": 10.2, ""display_value"": ""10.2 km""}, {""row_index"": 0, ""column_index"": 5, ""row_identifier_column"": ""Hiker"", ""row_identifier_value"": ""Julia"", ""column"": ""Downhill distance"", ""raw_value"": 0.6, ""display_value"": ""0.6 km""}]",absolute_difference,2,"{""headers"": [""Uphill distance"", ""Forest distance"", ""Morning distance"", ""Ridge distance"", ""Afternoon distance"", ""Downhill distance"", ""Hiker""], ""rows"": [[""10.2 km"", ""10.8 km"", ""9.4 km"", ""13.3 km"", ""17.3 km"", ""0.6 km"", ""Julia""], [""2.5 km"", ""13.0 km"", ""1.7 km"", ""6.5 km"", ""7.6 km"", ""3.5 km"", ""Lucas""], [""7.6 km"", ""5.9 km"", ""15.6 km"", ""5.9 km"", ""2.4 km"", ""1.6 km"", ""Maya""], [""4.7 km"", ""12.6 km"", ""12.4 km"", ""13.7 km"", ""1.7 km"", ""2.6 km"", ""Iris""], [""3.9 km"", ""1.2 km"", ""7.8 km"", ""2.8 km"", ""3.5 km"", ""4.4 km"", ""Alex""]]}"
A-L2-0144,2,cross_row_sum,battery_energy,"According to the table, what do Cell-B2 and Cell-D1 have in total for Discharge energy?","| Cell | Auxiliary energy | Charge energy | Afternoon energy | Evening energy | Discharge energy |
| --- | --- | --- | --- | --- | --- |
| Cell-D2 | 2.74 kWh | 2.01 kWh | 6.44 kWh | 5.46 kWh | 7.85 kWh |
| Cell-C1 | 3.53 kWh | 6.05 kWh | 2.68 kWh | 6.16 kWh | 0.74 kWh |
| Cell-E2 | 4.63 kWh | 5.75 kWh | 2.48 kWh | 3.71 kWh | 2.61 kWh |
| Cell-A2 | 1.14 kWh | 10.53 kWh | 4.22 kWh | 1.99 kWh | 4.74 kWh |
| Cell-C2 | 2.07 kWh | 0.81 kWh | 2.38 kWh | 5.41 kWh | 6.94 kWh |
| Cell-F1 | 1.79 kWh | 1.09 kWh | 3.71 kWh | 2.13 kWh | 11.53 kWh |
| Cell-D1 | 1.98 kWh | 4.31 kWh | 1.23 kWh | 1.19 kWh | 6.91 kWh |
| Cell-B2 | 4.91 kWh | 4.25 kWh | 5.66 kWh | 6.24 kWh | 4.10 kWh |
| Cell-E1 | 0.65 kWh | 11.18 kWh | 5.94 kWh | 0.63 kWh | 1.01 kWh |","Answer the question using the table. Perform the required calculation and return only the final value with its unit.

Table:
| Cell | Auxiliary energy | Charge energy | Afternoon energy | Evening energy | Discharge energy |
| --- | --- | --- | --- | --- | --- |
| Cell-D2 | 2.74 kWh | 2.01 kWh | 6.44 kWh | 5.46 kWh | 7.85 kWh |
| Cell-C1 | 3.53 kWh | 6.05 kWh | 2.68 kWh | 6.16 kWh | 0.74 kWh |
| Cell-E2 | 4.63 kWh | 5.75 kWh | 2.48 kWh | 3.71 kWh | 2.61 kWh |
| Cell-A2 | 1.14 kWh | 10.53 kWh | 4.22 kWh | 1.99 kWh | 4.74 kWh |
| Cell-C2 | 2.07 kWh | 0.81 kWh | 2.38 kWh | 5.41 kWh | 6.94 kWh |
| Cell-F1 | 1.79 kWh | 1.09 kWh | 3.71 kWh | 2.13 kWh | 11.53 kWh |
| Cell-D1 | 1.98 kWh | 4.31 kWh | 1.23 kWh | 1.19 kWh | 6.91 kWh |
| Cell-B2 | 4.91 kWh | 4.25 kWh | 5.66 kWh | 6.24 kWh | 4.10 kWh |
| Cell-E1 | 0.65 kWh | 11.18 kWh | 5.94 kWh | 0.63 kWh | 1.01 kWh |

Question: According to the table, what do Cell-B2 and Cell-D1 have in total for Discharge energy?",11.01 kWh,"[{""row_index"": 7, ""column_index"": 5, ""row_identifier_column"": ""Cell"", ""row_identifier_value"": ""Cell-B2"", ""column"": ""Discharge energy"", ""raw_value"": 4.1, ""display_value"": ""4.10 kWh""}, {""row_index"": 6, ""column_index"": 5, ""row_identifier_column"": ""Cell"", ""row_identifier_value"": ""Cell-D1"", ""column"": ""Discharge energy"", ""raw_value"": 6.91, ""display_value"": ""6.91 kWh""}]",add,2,"{""headers"": [""Cell"", ""Auxiliary energy"", ""Charge energy"", ""Afternoon energy"", ""Evening energy"", ""Discharge energy""], ""rows"": [[""Cell-D2"", ""2.74 kWh"", ""2.01 kWh"", ""6.44 kWh"", ""5.46 kWh"", ""7.85 kWh""], [""Cell-C1"", ""3.53 kWh"", ""6.05 kWh"", ""2.68 kWh"", ""6.16 kWh"", ""0.74 kWh""], [""Cell-E2"", ""4.63 kWh"", ""5.75 kWh"", ""2.48 kWh"", ""3.71 kWh"", ""2.61 kWh""], [""Cell-A2"", ""1.14 kWh"", ""10.53 kWh"", ""4.22 kWh"", ""1.99 kWh"", ""4.74 kWh""], [""Cell-C2"", ""2.07 kWh"", ""0.81 kWh"", ""2.38 kWh"", ""5.41 kWh"", ""6.94 kWh""], [""Cell-F1"", ""1.79 kWh"", ""1.09 kWh"", ""3.71 kWh"", ""2.13 kWh"", ""11.53 kWh""], [""Cell-D1"", ""1.98 kWh"", ""4.31 kWh"", ""1.23 kWh"", ""1.19 kWh"", ""6.91 kWh""], [""Cell-B2"", ""4.91 kWh"", ""4.25 kWh"", ""5.66 kWh"", ""6.24 kWh"", ""4.10 kWh""], [""Cell-E1"", ""0.65 kWh"", ""11.18 kWh"", ""5.94 kWh"", ""0.63 kWh"", ""1.01 kWh""]]}"
A-L2-0145,2,same_row_difference,quarterly_sales,"For Riverton, what is the absolute difference between Q1 sales and Q2 sales?","| Q2 sales | Q1 sales | Q3 sales | Region |
| --- | --- | --- | --- |
| 57.0 kUSD | 127.4 kUSD | 329.1 kUSD | Riverton |
| 24.9 kUSD | 383.8 kUSD | 324.0 kUSD | Orion |
| 399.1 kUSD | 290.0 kUSD | 453.4 kUSD | Westhaven |
| 411.0 kUSD | 330.8 kUSD | 376.6 kUSD | Maple |
| 476.7 kUSD | 107.4 kUSD | 331.4 kUSD | Lakeside |
| 93.1 kUSD | 46.2 kUSD | 232.8 kUSD | Oakridge |
| 241.1 kUSD | 196.9 kUSD | 396.4 kUSD | Fairview |
| 278.1 kUSD | 23.9 kUSD | 432.1 kUSD | Hillcrest |
| 340.8 kUSD | 423.8 kUSD | 105.9 kUSD | Pinehurst |","Answer the question using the table. Perform the required calculation and return only the final value with its unit.

Table:
| Q2 sales | Q1 sales | Q3 sales | Region |
| --- | --- | --- | --- |
| 57.0 kUSD | 127.4 kUSD | 329.1 kUSD | Riverton |
| 24.9 kUSD | 383.8 kUSD | 324.0 kUSD | Orion |
| 399.1 kUSD | 290.0 kUSD | 453.4 kUSD | Westhaven |
| 411.0 kUSD | 330.8 kUSD | 376.6 kUSD | Maple |
| 476.7 kUSD | 107.4 kUSD | 331.4 kUSD | Lakeside |
| 93.1 kUSD | 46.2 kUSD | 232.8 kUSD | Oakridge |
| 241.1 kUSD | 196.9 kUSD | 396.4 kUSD | Fairview |
| 278.1 kUSD | 23.9 kUSD | 432.1 kUSD | Hillcrest |
| 340.8 kUSD | 423.8 kUSD | 105.9 kUSD | Pinehurst |

Question: For Riverton, what is the absolute difference between Q1 sales and Q2 sales?",70.4 kUSD,"[{""row_index"": 0, ""column_index"": 1, ""row_identifier_column"": ""Region"", ""row_identifier_value"": ""Riverton"", ""column"": ""Q1 sales"", ""raw_value"": 127.4, ""display_value"": ""127.4 kUSD""}, {""row_index"": 0, ""column_index"": 0, ""row_identifier_column"": ""Region"", ""row_identifier_value"": ""Riverton"", ""column"": ""Q2 sales"", ""raw_value"": 57.0, ""display_value"": ""57.0 kUSD""}]",absolute_difference,2,"{""headers"": [""Q2 sales"", ""Q1 sales"", ""Q3 sales"", ""Region""], ""rows"": [[""57.0 kUSD"", ""127.4 kUSD"", ""329.1 kUSD"", ""Riverton""], [""24.9 kUSD"", ""383.8 kUSD"", ""324.0 kUSD"", ""Orion""], [""399.1 kUSD"", ""290.0 kUSD"", ""453.4 kUSD"", ""Westhaven""], [""411.0 kUSD"", ""330.8 kUSD"", ""376.6 kUSD"", ""Maple""], [""476.7 kUSD"", ""107.4 kUSD"", ""331.4 kUSD"", ""Lakeside""], [""93.1 kUSD"", ""46.2 kUSD"", ""232.8 kUSD"", ""Oakridge""], [""241.1 kUSD"", ""196.9 kUSD"", ""396.4 kUSD"", ""Fairview""], [""278.1 kUSD"", ""23.9 kUSD"", ""432.1 kUSD"", ""Hillcrest""], [""340.8 kUSD"", ""423.8 kUSD"", ""105.9 kUSD"", ""Pinehurst""]]}"
A-L2-0146,2,same_row_sum,battery_energy,Add Cell-F2's Discharge energy and Auxiliary energy. What is the total?,"| Discharge energy | Cell | Auxiliary energy | Evening energy |
| --- | --- | --- | --- |
| 1.10 kWh | Cell-A1 | 1.27 kWh | 6.96 kWh |
| 7.28 kWh | Cell-D2 | 0.80 kWh | 1.68 kWh |
| 3.26 kWh | Cell-E1 | 0.47 kWh | 2.66 kWh |
| 7.37 kWh | Cell-F2 | 1.21 kWh | 3.58 kWh |
| 7.00 kWh | Cell-F1 | 4.97 kWh | 3.83 kWh |
| 4.85 kWh | Cell-D1 | 2.03 kWh | 3.92 kWh |
| 11.11 kWh | Cell-B2 | 4.02 kWh | 0.31 kWh |
| 9.42 kWh | Cell-B1 | 0.34 kWh | 3.24 kWh |
| 0.84 kWh | Cell-C1 | 4.02 kWh | 4.89 kWh |","Answer the question using the table. Perform the required calculation and return only the final value with its unit.

Table:
| Discharge energy | Cell | Auxiliary energy | Evening energy |
| --- | --- | --- | --- |
| 1.10 kWh | Cell-A1 | 1.27 kWh | 6.96 kWh |
| 7.28 kWh | Cell-D2 | 0.80 kWh | 1.68 kWh |
| 3.26 kWh | Cell-E1 | 0.47 kWh | 2.66 kWh |
| 7.37 kWh | Cell-F2 | 1.21 kWh | 3.58 kWh |
| 7.00 kWh | Cell-F1 | 4.97 kWh | 3.83 kWh |
| 4.85 kWh | Cell-D1 | 2.03 kWh | 3.92 kWh |
| 11.11 kWh | Cell-B2 | 4.02 kWh | 0.31 kWh |
| 9.42 kWh | Cell-B1 | 0.34 kWh | 3.24 kWh |
| 0.84 kWh | Cell-C1 | 4.02 kWh | 4.89 kWh |

Question: Add Cell-F2's Discharge energy and Auxiliary energy. What is the total?",8.58 kWh,"[{""row_index"": 3, ""column_index"": 0, ""row_identifier_column"": ""Cell"", ""row_identifier_value"": ""Cell-F2"", ""column"": ""Discharge energy"", ""raw_value"": 7.37, ""display_value"": ""7.37 kWh""}, {""row_index"": 3, ""column_index"": 2, ""row_identifier_column"": ""Cell"", ""row_identifier_value"": ""Cell-F2"", ""column"": ""Auxiliary energy"", ""raw_value"": 1.21, ""display_value"": ""1.21 kWh""}]",add,2,"{""headers"": [""Discharge energy"", ""Cell"", ""Auxiliary energy"", ""Evening energy""], ""rows"": [[""1.10 kWh"", ""Cell-A1"", ""1.27 kWh"", ""6.96 kWh""], [""7.28 kWh"", ""Cell-D2"", ""0.80 kWh"", ""1.68 kWh""], [""3.26 kWh"", ""Cell-E1"", ""0.47 kWh"", ""2.66 kWh""], [""7.37 kWh"", ""Cell-F2"", ""1.21 kWh"", ""3.58 kWh""], [""7.00 kWh"", ""Cell-F1"", ""4.97 kWh"", ""3.83 kWh""], [""4.85 kWh"", ""Cell-D1"", ""2.03 kWh"", ""3.92 kWh""], [""11.11 kWh"", ""Cell-B2"", ""4.02 kWh"", ""0.31 kWh""], [""9.42 kWh"", ""Cell-B1"", ""0.34 kWh"", ""3.24 kWh""], [""0.84 kWh"", ""Cell-C1"", ""4.02 kWh"", ""4.89 kWh""]]}"
A-L2-0147,2,same_row_sum,rainfall_measurements,Add Maple's Morning rainfall and Afternoon rainfall. What is the total?,"| Afternoon rainfall | Evening rainfall | Station | Storm rainfall | North gauge | Morning rainfall |
| --- | --- | --- | --- | --- | --- |
| 4.1 mm | 45.0 mm | Lakeside | 38.2 mm | 12.5 mm | 10.3 mm |
| 26.9 mm | 54.4 mm | Pinehurst | 37.4 mm | 24.5 mm | 44.2 mm |
| 13.4 mm | 45.3 mm | Maple | 59.3 mm | 30.8 mm | 52.9 mm |
| 50.0 mm | 11.9 mm | Cedar | 2.3 mm | 6.3 mm | 20.7 mm |
| 30.7 mm | 16.8 mm | Riverton | 36.5 mm | 2.2 mm | 18.0 mm |","Answer the question using the table. Perform the required calculation and return only the final value with its unit.

Table:
| Afternoon rainfall | Evening rainfall | Station | Storm rainfall | North gauge | Morning rainfall |
| --- | --- | --- | --- | --- | --- |
| 4.1 mm | 45.0 mm | Lakeside | 38.2 mm | 12.5 mm | 10.3 mm |
| 26.9 mm | 54.4 mm | Pinehurst | 37.4 mm | 24.5 mm | 44.2 mm |
| 13.4 mm | 45.3 mm | Maple | 59.3 mm | 30.8 mm | 52.9 mm |
| 50.0 mm | 11.9 mm | Cedar | 2.3 mm | 6.3 mm | 20.7 mm |
| 30.7 mm | 16.8 mm | Riverton | 36.5 mm | 2.2 mm | 18.0 mm |

Question: Add Maple's Morning rainfall and Afternoon rainfall. What is the total?",66.3 mm,"[{""row_index"": 2, ""column_index"": 5, ""row_identifier_column"": ""Station"", ""row_identifier_value"": ""Maple"", ""column"": ""Morning rainfall"", ""raw_value"": 52.9, ""display_value"": ""52.9 mm""}, {""row_index"": 2, ""column_index"": 0, ""row_identifier_column"": ""Station"", ""row_identifier_value"": ""Maple"", ""column"": ""Afternoon rainfall"", ""raw_value"": 13.4, ""display_value"": ""13.4 mm""}]",add,2,"{""headers"": [""Afternoon rainfall"", ""Evening rainfall"", ""Station"", ""Storm rainfall"", ""North gauge"", ""Morning rainfall""], ""rows"": [[""4.1 mm"", ""45.0 mm"", ""Lakeside"", ""38.2 mm"", ""12.5 mm"", ""10.3 mm""], [""26.9 mm"", ""54.4 mm"", ""Pinehurst"", ""37.4 mm"", ""24.5 mm"", ""44.2 mm""], [""13.4 mm"", ""45.3 mm"", ""Maple"", ""59.3 mm"", ""30.8 mm"", ""52.9 mm""], [""50.0 mm"", ""11.9 mm"", ""Cedar"", ""2.3 mm"", ""6.3 mm"", ""20.7 mm""], [""30.7 mm"", ""16.8 mm"", ""Riverton"", ""36.5 mm"", ""2.2 mm"", ""18.0 mm""]]}"
A-L2-0148,2,cross_row_difference,hiking_route,Find the absolute difference between the Ridge distance values of Emma and Ryan.,"| Hiker | Ridge distance | Downhill distance | Forest distance | Morning distance |
| --- | --- | --- | --- | --- |
| Lucas | 8.5 km | 1.1 km | 1.7 km | 4.4 km |
| Julia | 4.2 km | 5.4 km | 11.8 km | 15.8 km |
| Emma | 13.6 km | 10.2 km | 3.6 km | 11.0 km |
| Sam | 5.0 km | 2.3 km | 9.9 km | 16.5 km |
| Sofia | 13.1 km | 10.2 km | 10.4 km | 2.0 km |
| Ryan | 13.0 km | 2.4 km | 4.7 km | 1.1 km |
| Ava | 6.1 km | 6.5 km | 7.9 km | 12.7 km |
| Yuna | 1.8 km | 11.8 km | 7.1 km | 13.4 km |
| Ethan | 9.3 km | 0.8 km | 3.4 km | 3.9 km |","Answer the question using the table. Perform the required calculation and return only the final value with its unit.

Table:
| Hiker | Ridge distance | Downhill distance | Forest distance | Morning distance |
| --- | --- | --- | --- | --- |
| Lucas | 8.5 km | 1.1 km | 1.7 km | 4.4 km |
| Julia | 4.2 km | 5.4 km | 11.8 km | 15.8 km |
| Emma | 13.6 km | 10.2 km | 3.6 km | 11.0 km |
| Sam | 5.0 km | 2.3 km | 9.9 km | 16.5 km |
| Sofia | 13.1 km | 10.2 km | 10.4 km | 2.0 km |
| Ryan | 13.0 km | 2.4 km | 4.7 km | 1.1 km |
| Ava | 6.1 km | 6.5 km | 7.9 km | 12.7 km |
| Yuna | 1.8 km | 11.8 km | 7.1 km | 13.4 km |
| Ethan | 9.3 km | 0.8 km | 3.4 km | 3.9 km |

Question: Find the absolute difference between the Ridge distance values of Emma and Ryan.",0.6 km,"[{""row_index"": 2, ""column_index"": 1, ""row_identifier_column"": ""Hiker"", ""row_identifier_value"": ""Emma"", ""column"": ""Ridge distance"", ""raw_value"": 13.6, ""display_value"": ""13.6 km""}, {""row_index"": 5, ""column_index"": 1, ""row_identifier_column"": ""Hiker"", ""row_identifier_value"": ""Ryan"", ""column"": ""Ridge distance"", ""raw_value"": 13.0, ""display_value"": ""13.0 km""}]",absolute_difference,2,"{""headers"": [""Hiker"", ""Ridge distance"", ""Downhill distance"", ""Forest distance"", ""Morning distance""], ""rows"": [[""Lucas"", ""8.5 km"", ""1.1 km"", ""1.7 km"", ""4.4 km""], [""Julia"", ""4.2 km"", ""5.4 km"", ""11.8 km"", ""15.8 km""], [""Emma"", ""13.6 km"", ""10.2 km"", ""3.6 km"", ""11.0 km""], [""Sam"", ""5.0 km"", ""2.3 km"", ""9.9 km"", ""16.5 km""], [""Sofia"", ""13.1 km"", ""10.2 km"", ""10.4 km"", ""2.0 km""], [""Ryan"", ""13.0 km"", ""2.4 km"", ""4.7 km"", ""1.1 km""], [""Ava"", ""6.1 km"", ""6.5 km"", ""7.9 km"", ""12.7 km""], [""Yuna"", ""1.8 km"", ""11.8 km"", ""7.1 km"", ""13.4 km""], [""Ethan"", ""9.3 km"", ""0.8 km"", ""3.4 km"", ""3.9 km""]]}"
A-L2-0149,2,same_row_difference,rainfall_measurements,"For Westhaven, what is the absolute difference between Storm rainfall and Morning rainfall?","| Morning rainfall | Storm rainfall | Station | North gauge | Evening rainfall |
| --- | --- | --- | --- | --- |
| 0.3 mm | 33.4 mm | Hillcrest | 41.8 mm | 34.0 mm |
| 6.2 mm | 72.2 mm | Oakridge | 16.3 mm | 48.8 mm |
| 15.2 mm | 31.2 mm | Westhaven | 41.2 mm | 54.2 mm |
| 52.7 mm | 87.6 mm | Clearwater | 23.6 mm | 19.5 mm |
| 39.7 mm | 36.9 mm | Brookfield | 40.2 mm | 34.7 mm |
| 17.3 mm | 57.6 mm | Lakeside | 68.4 mm | 54.4 mm |
| 47.0 mm | 54.4 mm | Pinehurst | 25.9 mm | 7.7 mm |","Answer the question using the table. Perform the required calculation and return only the final value with its unit.

Table:
| Morning rainfall | Storm rainfall | Station | North gauge | Evening rainfall |
| --- | --- | --- | --- | --- |
| 0.3 mm | 33.4 mm | Hillcrest | 41.8 mm | 34.0 mm |
| 6.2 mm | 72.2 mm | Oakridge | 16.3 mm | 48.8 mm |
| 15.2 mm | 31.2 mm | Westhaven | 41.2 mm | 54.2 mm |
| 52.7 mm | 87.6 mm | Clearwater | 23.6 mm | 19.5 mm |
| 39.7 mm | 36.9 mm | Brookfield | 40.2 mm | 34.7 mm |
| 17.3 mm | 57.6 mm | Lakeside | 68.4 mm | 54.4 mm |
| 47.0 mm | 54.4 mm | Pinehurst | 25.9 mm | 7.7 mm |

Question: For Westhaven, what is the absolute difference between Storm rainfall and Morning rainfall?",16.0 mm,"[{""row_index"": 2, ""column_index"": 1, ""row_identifier_column"": ""Station"", ""row_identifier_value"": ""Westhaven"", ""column"": ""Storm rainfall"", ""raw_value"": 31.2, ""display_value"": ""31.2 mm""}, {""row_index"": 2, ""column_index"": 0, ""row_identifier_column"": ""Station"", ""row_identifier_value"": ""Westhaven"", ""column"": ""Morning rainfall"", ""raw_value"": 15.2, ""display_value"": ""15.2 mm""}]",absolute_difference,2,"{""headers"": [""Morning rainfall"", ""Storm rainfall"", ""Station"", ""North gauge"", ""Evening rainfall""], ""rows"": [[""0.3 mm"", ""33.4 mm"", ""Hillcrest"", ""41.8 mm"", ""34.0 mm""], [""6.2 mm"", ""72.2 mm"", ""Oakridge"", ""16.3 mm"", ""48.8 mm""], [""15.2 mm"", ""31.2 mm"", ""Westhaven"", ""41.2 mm"", ""54.2 mm""], [""52.7 mm"", ""87.6 mm"", ""Clearwater"", ""23.6 mm"", ""19.5 mm""], [""39.7 mm"", ""36.9 mm"", ""Brookfield"", ""40.2 mm"", ""34.7 mm""], [""17.3 mm"", ""57.6 mm"", ""Lakeside"", ""68.4 mm"", ""54.4 mm""], [""47.0 mm"", ""54.4 mm"", ""Pinehurst"", ""25.9 mm"", ""7.7 mm""]]}"
A-L2-0150,2,cross_row_difference,lab_mass_measurements,What is the absolute difference in Initial mass between Sample-H and Sample-G?,"| Sample | Final mass | Container mass | Material mass | Initial mass |
| --- | --- | --- | --- | --- |
| Sample-D | 140.5 g | 57.9 g | 371.4 g | 130.5 g |
| Sample-A | 367.1 g | 108.6 g | 378.3 g | 381.2 g |
| Sample-K | 272.1 g | 13.7 g | 207.2 g | 225.4 g |
| Sample-J | 333.8 g | 75.7 g | 99.3 g | 333.3 g |
| Sample-G | 205.0 g | 82.2 g | 163.7 g | 410.9 g |
| Sample-L | 361.1 g | 116.9 g | 130.4 g | 136.2 g |
| Sample-B | 73.7 g | 43.4 g | 95.5 g | 135.6 g |
| Sample-C | 93.5 g | 31.9 g | 148.9 g | 412.5 g |
| Sample-H | 15.3 g | 104.4 g | 349.7 g | 216.5 g |","Answer the question using the table. Perform the required calculation and return only the final value with its unit.

Table:
| Sample | Final mass | Container mass | Material mass | Initial mass |
| --- | --- | --- | --- | --- |
| Sample-D | 140.5 g | 57.9 g | 371.4 g | 130.5 g |
| Sample-A | 367.1 g | 108.6 g | 378.3 g | 381.2 g |
| Sample-K | 272.1 g | 13.7 g | 207.2 g | 225.4 g |
| Sample-J | 333.8 g | 75.7 g | 99.3 g | 333.3 g |
| Sample-G | 205.0 g | 82.2 g | 163.7 g | 410.9 g |
| Sample-L | 361.1 g | 116.9 g | 130.4 g | 136.2 g |
| Sample-B | 73.7 g | 43.4 g | 95.5 g | 135.6 g |
| Sample-C | 93.5 g | 31.9 g | 148.9 g | 412.5 g |
| Sample-H | 15.3 g | 104.4 g | 349.7 g | 216.5 g |

Question: What is the absolute difference in Initial mass between Sample-H and Sample-G?",194.4 g,"[{""row_index"": 8, ""column_index"": 4, ""row_identifier_column"": ""Sample"", ""row_identifier_value"": ""Sample-H"", ""column"": ""Initial mass"", ""raw_value"": 216.5, ""display_value"": ""216.5 g""}, {""row_index"": 4, ""column_index"": 4, ""row_identifier_column"": ""Sample"", ""row_identifier_value"": ""Sample-G"", ""column"": ""Initial mass"", ""raw_value"": 410.9, ""display_value"": ""410.9 g""}]",absolute_difference,2,"{""headers"": [""Sample"", ""Final mass"", ""Container mass"", ""Material mass"", ""Initial mass""], ""rows"": [[""Sample-D"", ""140.5 g"", ""57.9 g"", ""371.4 g"", ""130.5 g""], [""Sample-A"", ""367.1 g"", ""108.6 g"", ""378.3 g"", ""381.2 g""], [""Sample-K"", ""272.1 g"", ""13.7 g"", ""207.2 g"", ""225.4 g""], [""Sample-J"", ""333.8 g"", ""75.7 g"", ""99.3 g"", ""333.3 g""], [""Sample-G"", ""205.0 g"", ""82.2 g"", ""163.7 g"", ""410.9 g""], [""Sample-L"", ""361.1 g"", ""116.9 g"", ""130.4 g"", ""136.2 g""], [""Sample-B"", ""73.7 g"", ""43.4 g"", ""95.5 g"", ""135.6 g""], [""Sample-C"", ""93.5 g"", ""31.9 g"", ""148.9 g"", ""412.5 g""], [""Sample-H"", ""15.3 g"", ""104.4 g"", ""349.7 g"", ""216.5 g""]]}"
A-L2-0151,2,cross_row_sum,rainfall_measurements,Add the North gauge values for Hillcrest and Fairview. What is the total?,"| Afternoon rainfall | North gauge | Station | Storm rainfall | Morning rainfall |
| --- | --- | --- | --- | --- |
| 43.2 mm | 14.9 mm | Orion | 79.8 mm | 27.7 mm |
| 41.3 mm | 26.9 mm | Brookfield | 57.1 mm | 4.5 mm |
| 10.7 mm | 18.9 mm | Maple | 60.3 mm | 19.0 mm |
| 32.1 mm | 55.9 mm | Cedar | 34.0 mm | 34.3 mm |
| 52.7 mm | 1.6 mm | Clearwater | 42.3 mm | 42.6 mm |
| 32.1 mm | 39.7 mm | Hillcrest | 15.3 mm | 27.0 mm |
| 38.0 mm | 61.4 mm | Fairview | 2.1 mm | 54.6 mm |","Answer the question using the table. Perform the required calculation and return only the final value with its unit.

Table:
| Afternoon rainfall | North gauge | Station | Storm rainfall | Morning rainfall |
| --- | --- | --- | --- | --- |
| 43.2 mm | 14.9 mm | Orion | 79.8 mm | 27.7 mm |
| 41.3 mm | 26.9 mm | Brookfield | 57.1 mm | 4.5 mm |
| 10.7 mm | 18.9 mm | Maple | 60.3 mm | 19.0 mm |
| 32.1 mm | 55.9 mm | Cedar | 34.0 mm | 34.3 mm |
| 52.7 mm | 1.6 mm | Clearwater | 42.3 mm | 42.6 mm |
| 32.1 mm | 39.7 mm | Hillcrest | 15.3 mm | 27.0 mm |
| 38.0 mm | 61.4 mm | Fairview | 2.1 mm | 54.6 mm |

Question: Add the North gauge values for Hillcrest and Fairview. What is the total?",101.1 mm,"[{""row_index"": 5, ""column_index"": 1, ""row_identifier_column"": ""Station"", ""row_identifier_value"": ""Hillcrest"", ""column"": ""North gauge"", ""raw_value"": 39.7, ""display_value"": ""39.7 mm""}, {""row_index"": 6, ""column_index"": 1, ""row_identifier_column"": ""Station"", ""row_identifier_value"": ""Fairview"", ""column"": ""North gauge"", ""raw_value"": 61.4, ""display_value"": ""61.4 mm""}]",add,2,"{""headers"": [""Afternoon rainfall"", ""North gauge"", ""Station"", ""Storm rainfall"", ""Morning rainfall""], ""rows"": [[""43.2 mm"", ""14.9 mm"", ""Orion"", ""79.8 mm"", ""27.7 mm""], [""41.3 mm"", ""26.9 mm"", ""Brookfield"", ""57.1 mm"", ""4.5 mm""], [""10.7 mm"", ""18.9 mm"", ""Maple"", ""60.3 mm"", ""19.0 mm""], [""32.1 mm"", ""55.9 mm"", ""Cedar"", ""34.0 mm"", ""34.3 mm""], [""52.7 mm"", ""1.6 mm"", ""Clearwater"", ""42.3 mm"", ""42.6 mm""], [""32.1 mm"", ""39.7 mm"", ""Hillcrest"", ""15.3 mm"", ""27.0 mm""], [""38.0 mm"", ""61.4 mm"", ""Fairview"", ""2.1 mm"", ""54.6 mm""]]}"
A-L2-0152,2,cross_row_sum,race_sector_times,Add the Stop time values for Alex and Ethan. What is the total?,"| Driver | Stop time | Sector 2 time | Penalty time | Sector 3 time |
| --- | --- | --- | --- | --- |
| Iris | 7.94 s | 35.19 s | 7.24 s | 30.91 s |
| Yuna | 11.66 s | 26.65 s | 1.22 s | 39.60 s |
| Ethan | 12.23 s | 42.54 s | 3.05 s | 43.58 s |
| Alex | 14.15 s | 31.47 s | 0.51 s | 43.39 s |
| Ava | 9.65 s | 27.41 s | 5.01 s | 38.88 s |
| Mina | 12.64 s | 43.96 s | 4.64 s | 31.86 s |
| Leo | 14.63 s | 20.43 s | 5.05 s | 22.22 s |","Answer the question using the table. Perform the required calculation and return only the final value with its unit.

Table:
| Driver | Stop time | Sector 2 time | Penalty time | Sector 3 time |
| --- | --- | --- | --- | --- |
| Iris | 7.94 s | 35.19 s | 7.24 s | 30.91 s |
| Yuna | 11.66 s | 26.65 s | 1.22 s | 39.60 s |
| Ethan | 12.23 s | 42.54 s | 3.05 s | 43.58 s |
| Alex | 14.15 s | 31.47 s | 0.51 s | 43.39 s |
| Ava | 9.65 s | 27.41 s | 5.01 s | 38.88 s |
| Mina | 12.64 s | 43.96 s | 4.64 s | 31.86 s |
| Leo | 14.63 s | 20.43 s | 5.05 s | 22.22 s |

Question: Add the Stop time values for Alex and Ethan. What is the total?",26.38 s,"[{""row_index"": 3, ""column_index"": 1, ""row_identifier_column"": ""Driver"", ""row_identifier_value"": ""Alex"", ""column"": ""Stop time"", ""raw_value"": 14.15, ""display_value"": ""14.15 s""}, {""row_index"": 2, ""column_index"": 1, ""row_identifier_column"": ""Driver"", ""row_identifier_value"": ""Ethan"", ""column"": ""Stop time"", ""raw_value"": 12.23, ""display_value"": ""12.23 s""}]",add,2,"{""headers"": [""Driver"", ""Stop time"", ""Sector 2 time"", ""Penalty time"", ""Sector 3 time""], ""rows"": [[""Iris"", ""7.94 s"", ""35.19 s"", ""7.24 s"", ""30.91 s""], [""Yuna"", ""11.66 s"", ""26.65 s"", ""1.22 s"", ""39.60 s""], [""Ethan"", ""12.23 s"", ""42.54 s"", ""3.05 s"", ""43.58 s""], [""Alex"", ""14.15 s"", ""31.47 s"", ""0.51 s"", ""43.39 s""], [""Ava"", ""9.65 s"", ""27.41 s"", ""5.01 s"", ""38.88 s""], [""Mina"", ""12.64 s"", ""43.96 s"", ""4.64 s"", ""31.86 s""], [""Leo"", ""14.63 s"", ""20.43 s"", ""5.05 s"", ""22.22 s""]]}"
A-L2-0153,2,cross_row_difference,quarterly_sales,What is the absolute difference in Q2 sales between Brookfield and Pinehurst?,"| Region | Q2 sales | Q3 sales | Q1 sales |
| --- | --- | --- | --- |
| Pinehurst | 392.4 kUSD | 351.7 kUSD | 160.4 kUSD |
| Orion | 217.8 kUSD | 41.5 kUSD | 237.3 kUSD |
| Westhaven | 443.2 kUSD | 237.7 kUSD | 452.1 kUSD |
| Brookfield | 209.7 kUSD | 317.0 kUSD | 205.0 kUSD |","Answer the question using the table. Perform the required calculation and return only the final value with its unit.

Table:
| Region | Q2 sales | Q3 sales | Q1 sales |
| --- | --- | --- | --- |
| Pinehurst | 392.4 kUSD | 351.7 kUSD | 160.4 kUSD |
| Orion | 217.8 kUSD | 41.5 kUSD | 237.3 kUSD |
| Westhaven | 443.2 kUSD | 237.7 kUSD | 452.1 kUSD |
| Brookfield | 209.7 kUSD | 317.0 kUSD | 205.0 kUSD |

Question: What is the absolute difference in Q2 sales between Brookfield and Pinehurst?",182.7 kUSD,"[{""row_index"": 3, ""column_index"": 1, ""row_identifier_column"": ""Region"", ""row_identifier_value"": ""Brookfield"", ""column"": ""Q2 sales"", ""raw_value"": 209.7, ""display_value"": ""209.7 kUSD""}, {""row_index"": 0, ""column_index"": 1, ""row_identifier_column"": ""Region"", ""row_identifier_value"": ""Pinehurst"", ""column"": ""Q2 sales"", ""raw_value"": 392.4, ""display_value"": ""392.4 kUSD""}]",absolute_difference,2,"{""headers"": [""Region"", ""Q2 sales"", ""Q3 sales"", ""Q1 sales""], ""rows"": [[""Pinehurst"", ""392.4 kUSD"", ""351.7 kUSD"", ""160.4 kUSD""], [""Orion"", ""217.8 kUSD"", ""41.5 kUSD"", ""237.3 kUSD""], [""Westhaven"", ""443.2 kUSD"", ""237.7 kUSD"", ""452.1 kUSD""], [""Brookfield"", ""209.7 kUSD"", ""317.0 kUSD"", ""205.0 kUSD""]]}"
A-L2-0154,2,same_row_sum,hiking_route,"According to the table, what is the combined value of Uphill distance and Downhill distance for Leo?","| Hiker | Morning distance | Forest distance | Downhill distance | Uphill distance |
| --- | --- | --- | --- | --- |
| Ava | 16.8 km | 12.5 km | 1.5 km | 4.4 km |
| Noah | 14.4 km | 14.8 km | 5.3 km | 7.0 km |
| Mina | 6.5 km | 6.3 km | 1.7 km | 10.7 km |
| Julia | 12.7 km | 5.0 km | 3.4 km | 10.1 km |
| Leo | 14.2 km | 1.3 km | 4.4 km | 5.4 km |
| Lucas | 3.9 km | 6.2 km | 7.2 km | 7.2 km |
| Yuna | 8.4 km | 11.6 km | 9.4 km | 7.2 km |","Answer the question using the table. Perform the required calculation and return only the final value with its unit.

Table:
| Hiker | Morning distance | Forest distance | Downhill distance | Uphill distance |
| --- | --- | --- | --- | --- |
| Ava | 16.8 km | 12.5 km | 1.5 km | 4.4 km |
| Noah | 14.4 km | 14.8 km | 5.3 km | 7.0 km |
| Mina | 6.5 km | 6.3 km | 1.7 km | 10.7 km |
| Julia | 12.7 km | 5.0 km | 3.4 km | 10.1 km |
| Leo | 14.2 km | 1.3 km | 4.4 km | 5.4 km |
| Lucas | 3.9 km | 6.2 km | 7.2 km | 7.2 km |
| Yuna | 8.4 km | 11.6 km | 9.4 km | 7.2 km |

Question: According to the table, what is the combined value of Uphill distance and Downhill distance for Leo?",9.8 km,"[{""row_index"": 4, ""column_index"": 4, ""row_identifier_column"": ""Hiker"", ""row_identifier_value"": ""Leo"", ""column"": ""Uphill distance"", ""raw_value"": 5.4, ""display_value"": ""5.4 km""}, {""row_index"": 4, ""column_index"": 3, ""row_identifier_column"": ""Hiker"", ""row_identifier_value"": ""Leo"", ""column"": ""Downhill distance"", ""raw_value"": 4.4, ""display_value"": ""4.4 km""}]",add,2,"{""headers"": [""Hiker"", ""Morning distance"", ""Forest distance"", ""Downhill distance"", ""Uphill distance""], ""rows"": [[""Ava"", ""16.8 km"", ""12.5 km"", ""1.5 km"", ""4.4 km""], [""Noah"", ""14.4 km"", ""14.8 km"", ""5.3 km"", ""7.0 km""], [""Mina"", ""6.5 km"", ""6.3 km"", ""1.7 km"", ""10.7 km""], [""Julia"", ""12.7 km"", ""5.0 km"", ""3.4 km"", ""10.1 km""], [""Leo"", ""14.2 km"", ""1.3 km"", ""4.4 km"", ""5.4 km""], [""Lucas"", ""3.9 km"", ""6.2 km"", ""7.2 km"", ""7.2 km""], [""Yuna"", ""8.4 km"", ""11.6 km"", ""9.4 km"", ""7.2 km""]]}"
A-L2-0155,2,cross_row_difference,ml_latency,How far apart are Nimbus and Vertex in Tokenization latency? Return the absolute difference.,"| Inference latency | Preprocessing latency | Queue latency | Tokenization latency | Model | Postprocessing latency | Network latency |
| --- | --- | --- | --- | --- | --- | --- |
| 98.8 ms | 5.0 ms | 71.9 ms | 22.1 ms | Echo | 15.3 ms | 11.4 ms |
| 11.5 ms | 20.3 ms | 67.7 ms | 21.5 ms | Vertex | 4.5 ms | 65.9 ms |
| 47.5 ms | 5.6 ms | 12.0 ms | 10.1 ms | Nimbus | 19.3 ms | 80.3 ms |
| 51.9 ms | 31.0 ms | 53.5 ms | 21.0 ms | Zenith | 18.3 ms | 29.2 ms |
| 33.7 ms | 7.8 ms | 69.5 ms | 9.1 ms | Nova | 14.3 ms | 57.1 ms |
| 77.5 ms | 10.7 ms | 16.9 ms | 16.5 ms | Delta | 13.4 ms | 5.4 ms |","Answer the question using the table. Perform the required calculation and return only the final value with its unit.

Table:
| Inference latency | Preprocessing latency | Queue latency | Tokenization latency | Model | Postprocessing latency | Network latency |
| --- | --- | --- | --- | --- | --- | --- |
| 98.8 ms | 5.0 ms | 71.9 ms | 22.1 ms | Echo | 15.3 ms | 11.4 ms |
| 11.5 ms | 20.3 ms | 67.7 ms | 21.5 ms | Vertex | 4.5 ms | 65.9 ms |
| 47.5 ms | 5.6 ms | 12.0 ms | 10.1 ms | Nimbus | 19.3 ms | 80.3 ms |
| 51.9 ms | 31.0 ms | 53.5 ms | 21.0 ms | Zenith | 18.3 ms | 29.2 ms |
| 33.7 ms | 7.8 ms | 69.5 ms | 9.1 ms | Nova | 14.3 ms | 57.1 ms |
| 77.5 ms | 10.7 ms | 16.9 ms | 16.5 ms | Delta | 13.4 ms | 5.4 ms |

Question: How far apart are Nimbus and Vertex in Tokenization latency? Return the absolute difference.",11.4 ms,"[{""row_index"": 2, ""column_index"": 3, ""row_identifier_column"": ""Model"", ""row_identifier_value"": ""Nimbus"", ""column"": ""Tokenization latency"", ""raw_value"": 10.1, ""display_value"": ""10.1 ms""}, {""row_index"": 1, ""column_index"": 3, ""row_identifier_column"": ""Model"", ""row_identifier_value"": ""Vertex"", ""column"": ""Tokenization latency"", ""raw_value"": 21.5, ""display_value"": ""21.5 ms""}]",absolute_difference,2,"{""headers"": [""Inference latency"", ""Preprocessing latency"", ""Queue latency"", ""Tokenization latency"", ""Model"", ""Postprocessing latency"", ""Network latency""], ""rows"": [[""98.8 ms"", ""5.0 ms"", ""71.9 ms"", ""22.1 ms"", ""Echo"", ""15.3 ms"", ""11.4 ms""], [""11.5 ms"", ""20.3 ms"", ""67.7 ms"", ""21.5 ms"", ""Vertex"", ""4.5 ms"", ""65.9 ms""], [""47.5 ms"", ""5.6 ms"", ""12.0 ms"", ""10.1 ms"", ""Nimbus"", ""19.3 ms"", ""80.3 ms""], [""51.9 ms"", ""31.0 ms"", ""53.5 ms"", ""21.0 ms"", ""Zenith"", ""18.3 ms"", ""29.2 ms""], [""33.7 ms"", ""7.8 ms"", ""69.5 ms"", ""9.1 ms"", ""Nova"", ""14.3 ms"", ""57.1 ms""], [""77.5 ms"", ""10.7 ms"", ""16.9 ms"", ""16.5 ms"", ""Delta"", ""13.4 ms"", ""5.4 ms""]]}"
A-L2-0156,2,cross_row_difference,hiking_route,Find the absolute difference between the Afternoon distance values of Ava and Yuna.,"| Uphill distance | Ridge distance | Hiker | Downhill distance | Afternoon distance |
| --- | --- | --- | --- | --- |
| 2.1 km | 2.0 km | Theo | 7.7 km | 13.5 km |
| 3.9 km | 3.7 km | Yuna | 8.2 km | 7.9 km |
| 5.0 km | 2.1 km | Jisoo | 5.4 km | 16.7 km |
| 2.2 km | 9.4 km | Maya | 3.1 km | 16.5 km |
| 2.7 km | 11.8 km | Daniel | 10.2 km | 9.2 km |
| 7.1 km | 3.2 km | Ava | 1.9 km | 2.4 km |
| 3.1 km | 8.2 km | Julia | 5.0 km | 5.9 km |","Answer the question using the table. Perform the required calculation and return only the final value with its unit.

Table:
| Uphill distance | Ridge distance | Hiker | Downhill distance | Afternoon distance |
| --- | --- | --- | --- | --- |
| 2.1 km | 2.0 km | Theo | 7.7 km | 13.5 km |
| 3.9 km | 3.7 km | Yuna | 8.2 km | 7.9 km |
| 5.0 km | 2.1 km | Jisoo | 5.4 km | 16.7 km |
| 2.2 km | 9.4 km | Maya | 3.1 km | 16.5 km |
| 2.7 km | 11.8 km | Daniel | 10.2 km | 9.2 km |
| 7.1 km | 3.2 km | Ava | 1.9 km | 2.4 km |
| 3.1 km | 8.2 km | Julia | 5.0 km | 5.9 km |

Question: Find the absolute difference between the Afternoon distance values of Ava and Yuna.",5.5 km,"[{""row_index"": 5, ""column_index"": 4, ""row_identifier_column"": ""Hiker"", ""row_identifier_value"": ""Ava"", ""column"": ""Afternoon distance"", ""raw_value"": 2.4, ""display_value"": ""2.4 km""}, {""row_index"": 1, ""column_index"": 4, ""row_identifier_column"": ""Hiker"", ""row_identifier_value"": ""Yuna"", ""column"": ""Afternoon distance"", ""raw_value"": 7.9, ""display_value"": ""7.9 km""}]",absolute_difference,2,"{""headers"": [""Uphill distance"", ""Ridge distance"", ""Hiker"", ""Downhill distance"", ""Afternoon distance""], ""rows"": [[""2.1 km"", ""2.0 km"", ""Theo"", ""7.7 km"", ""13.5 km""], [""3.9 km"", ""3.7 km"", ""Yuna"", ""8.2 km"", ""7.9 km""], [""5.0 km"", ""2.1 km"", ""Jisoo"", ""5.4 km"", ""16.7 km""], [""2.2 km"", ""9.4 km"", ""Maya"", ""3.1 km"", ""16.5 km""], [""2.7 km"", ""11.8 km"", ""Daniel"", ""10.2 km"", ""9.2 km""], [""7.1 km"", ""3.2 km"", ""Ava"", ""1.9 km"", ""2.4 km""], [""3.1 km"", ""8.2 km"", ""Julia"", ""5.0 km"", ""5.9 km""]]}"
A-L2-0157,2,same_row_difference,hiking_route,Find the absolute difference between Yuna's Forest distance and Ridge distance.,"| Afternoon distance | Uphill distance | Ridge distance | Forest distance | Hiker |
| --- | --- | --- | --- | --- |
| 11.8 km | 10.0 km | 9.4 km | 3.5 km | Yuna |
| 5.6 km | 1.0 km | 6.7 km | 6.2 km | Emma |
| 15.4 km | 7.9 km | 5.6 km | 14.2 km | Daniel |
| 17.6 km | 11.8 km | 4.0 km | 14.5 km | Sofia |
| 12.6 km | 1.7 km | 1.6 km | 7.7 km | Nora |
| 14.7 km | 11.3 km | 13.0 km | 8.0 km | Maya |
| 14.6 km | 3.5 km | 14.8 km | 13.7 km | Noah |
| 9.8 km | 7.2 km | 11.8 km | 12.6 km | Ryan |","Answer the question using the table. Perform the required calculation and return only the final value with its unit.

Table:
| Afternoon distance | Uphill distance | Ridge distance | Forest distance | Hiker |
| --- | --- | --- | --- | --- |
| 11.8 km | 10.0 km | 9.4 km | 3.5 km | Yuna |
| 5.6 km | 1.0 km | 6.7 km | 6.2 km | Emma |
| 15.4 km | 7.9 km | 5.6 km | 14.2 km | Daniel |
| 17.6 km | 11.8 km | 4.0 km | 14.5 km | Sofia |
| 12.6 km | 1.7 km | 1.6 km | 7.7 km | Nora |
| 14.7 km | 11.3 km | 13.0 km | 8.0 km | Maya |
| 14.6 km | 3.5 km | 14.8 km | 13.7 km | Noah |
| 9.8 km | 7.2 km | 11.8 km | 12.6 km | Ryan |

Question: Find the absolute difference between Yuna's Forest distance and Ridge distance.",5.9 km,"[{""row_index"": 0, ""column_index"": 3, ""row_identifier_column"": ""Hiker"", ""row_identifier_value"": ""Yuna"", ""column"": ""Forest distance"", ""raw_value"": 3.5, ""display_value"": ""3.5 km""}, {""row_index"": 0, ""column_index"": 2, ""row_identifier_column"": ""Hiker"", ""row_identifier_value"": ""Yuna"", ""column"": ""Ridge distance"", ""raw_value"": 9.4, ""display_value"": ""9.4 km""}]",absolute_difference,2,"{""headers"": [""Afternoon distance"", ""Uphill distance"", ""Ridge distance"", ""Forest distance"", ""Hiker""], ""rows"": [[""11.8 km"", ""10.0 km"", ""9.4 km"", ""3.5 km"", ""Yuna""], [""5.6 km"", ""1.0 km"", ""6.7 km"", ""6.2 km"", ""Emma""], [""15.4 km"", ""7.9 km"", ""5.6 km"", ""14.2 km"", ""Daniel""], [""17.6 km"", ""11.8 km"", ""4.0 km"", ""14.5 km"", ""Sofia""], [""12.6 km"", ""1.7 km"", ""1.6 km"", ""7.7 km"", ""Nora""], [""14.7 km"", ""11.3 km"", ""13.0 km"", ""8.0 km"", ""Maya""], [""14.6 km"", ""3.5 km"", ""14.8 km"", ""13.7 km"", ""Noah""], [""9.8 km"", ""7.2 km"", ""11.8 km"", ""12.6 km"", ""Ryan""]]}"
A-L2-0158,2,cross_row_difference,rainfall_measurements,Find the absolute difference between the Afternoon rainfall values of Cedar and Riverton.,"| Morning rainfall | Evening rainfall | South gauge | North gauge | Storm rainfall | Afternoon rainfall | Station |
| --- | --- | --- | --- | --- | --- | --- |
| 5.6 mm | 11.8 mm | 28.8 mm | 69.7 mm | 44.4 mm | 35.8 mm | Oakridge |
| 7.9 mm | 38.8 mm | 20.7 mm | 6.5 mm | 6.3 mm | 28.7 mm | Maple |
| 33.1 mm | 8.3 mm | 26.6 mm | 7.8 mm | 85.9 mm | 29.0 mm | Cedar |
| 8.8 mm | 3.7 mm | 16.2 mm | 33.3 mm | 41.9 mm | 37.6 mm | Lakeside |
| 24.0 mm | 28.9 mm | 42.0 mm | 69.1 mm | 55.0 mm | 40.9 mm | Pinehurst |
| 40.3 mm | 43.6 mm | 64.2 mm | 36.3 mm | 55.8 mm | 42.6 mm | Riverton |","Answer the question using the table. Perform the required calculation and return only the final value with its unit.

Table:
| Morning rainfall | Evening rainfall | South gauge | North gauge | Storm rainfall | Afternoon rainfall | Station |
| --- | --- | --- | --- | --- | --- | --- |
| 5.6 mm | 11.8 mm | 28.8 mm | 69.7 mm | 44.4 mm | 35.8 mm | Oakridge |
| 7.9 mm | 38.8 mm | 20.7 mm | 6.5 mm | 6.3 mm | 28.7 mm | Maple |
| 33.1 mm | 8.3 mm | 26.6 mm | 7.8 mm | 85.9 mm | 29.0 mm | Cedar |
| 8.8 mm | 3.7 mm | 16.2 mm | 33.3 mm | 41.9 mm | 37.6 mm | Lakeside |
| 24.0 mm | 28.9 mm | 42.0 mm | 69.1 mm | 55.0 mm | 40.9 mm | Pinehurst |
| 40.3 mm | 43.6 mm | 64.2 mm | 36.3 mm | 55.8 mm | 42.6 mm | Riverton |

Question: Find the absolute difference between the Afternoon rainfall values of Cedar and Riverton.",13.6 mm,"[{""row_index"": 2, ""column_index"": 5, ""row_identifier_column"": ""Station"", ""row_identifier_value"": ""Cedar"", ""column"": ""Afternoon rainfall"", ""raw_value"": 29.0, ""display_value"": ""29.0 mm""}, {""row_index"": 5, ""column_index"": 5, ""row_identifier_column"": ""Station"", ""row_identifier_value"": ""Riverton"", ""column"": ""Afternoon rainfall"", ""raw_value"": 42.6, ""display_value"": ""42.6 mm""}]",absolute_difference,2,"{""headers"": [""Morning rainfall"", ""Evening rainfall"", ""South gauge"", ""North gauge"", ""Storm rainfall"", ""Afternoon rainfall"", ""Station""], ""rows"": [[""5.6 mm"", ""11.8 mm"", ""28.8 mm"", ""69.7 mm"", ""44.4 mm"", ""35.8 mm"", ""Oakridge""], [""7.9 mm"", ""38.8 mm"", ""20.7 mm"", ""6.5 mm"", ""6.3 mm"", ""28.7 mm"", ""Maple""], [""33.1 mm"", ""8.3 mm"", ""26.6 mm"", ""7.8 mm"", ""85.9 mm"", ""29.0 mm"", ""Cedar""], [""8.8 mm"", ""3.7 mm"", ""16.2 mm"", ""33.3 mm"", ""41.9 mm"", ""37.6 mm"", ""Lakeside""], [""24.0 mm"", ""28.9 mm"", ""42.0 mm"", ""69.1 mm"", ""55.0 mm"", ""40.9 mm"", ""Pinehurst""], [""40.3 mm"", ""43.6 mm"", ""64.2 mm"", ""36.3 mm"", ""55.8 mm"", ""42.6 mm"", ""Riverton""]]}"
A-L2-0159,2,cross_row_difference,hiking_route,How far apart are Iris and Julia in Forest distance? Return the absolute difference.,"| Downhill distance | Uphill distance | Forest distance | Hiker | Ridge distance | Afternoon distance |
| --- | --- | --- | --- | --- | --- |
| 5.7 km | 0.7 km | 12.0 km | Julia | 5.4 km | 13.2 km |
| 8.2 km | 8.7 km | 7.4 km | Hana | 9.6 km | 9.0 km |
| 1.5 km | 0.9 km | 3.5 km | Alex | 1.7 km | 17.8 km |
| 6.3 km | 5.6 km | 10.5 km | Mina | 12.6 km | 1.6 km |
| 4.0 km | 6.6 km | 10.0 km | Iris | 8.1 km | 2.6 km |
| 9.0 km | 4.0 km | 7.0 km | Lena | 13.9 km | 6.4 km |
| 6.0 km | 11.9 km | 6.7 km | Yuna | 6.1 km | 14.5 km |","Answer the question using the table. Perform the required calculation and return only the final value with its unit.

Table:
| Downhill distance | Uphill distance | Forest distance | Hiker | Ridge distance | Afternoon distance |
| --- | --- | --- | --- | --- | --- |
| 5.7 km | 0.7 km | 12.0 km | Julia | 5.4 km | 13.2 km |
| 8.2 km | 8.7 km | 7.4 km | Hana | 9.6 km | 9.0 km |
| 1.5 km | 0.9 km | 3.5 km | Alex | 1.7 km | 17.8 km |
| 6.3 km | 5.6 km | 10.5 km | Mina | 12.6 km | 1.6 km |
| 4.0 km | 6.6 km | 10.0 km | Iris | 8.1 km | 2.6 km |
| 9.0 km | 4.0 km | 7.0 km | Lena | 13.9 km | 6.4 km |
| 6.0 km | 11.9 km | 6.7 km | Yuna | 6.1 km | 14.5 km |

Question: How far apart are Iris and Julia in Forest distance? Return the absolute difference.",2.0 km,"[{""row_index"": 4, ""column_index"": 2, ""row_identifier_column"": ""Hiker"", ""row_identifier_value"": ""Iris"", ""column"": ""Forest distance"", ""raw_value"": 10.0, ""display_value"": ""10.0 km""}, {""row_index"": 0, ""column_index"": 2, ""row_identifier_column"": ""Hiker"", ""row_identifier_value"": ""Julia"", ""column"": ""Forest distance"", ""raw_value"": 12.0, ""display_value"": ""12.0 km""}]",absolute_difference,2,"{""headers"": [""Downhill distance"", ""Uphill distance"", ""Forest distance"", ""Hiker"", ""Ridge distance"", ""Afternoon distance""], ""rows"": [[""5.7 km"", ""0.7 km"", ""12.0 km"", ""Julia"", ""5.4 km"", ""13.2 km""], [""8.2 km"", ""8.7 km"", ""7.4 km"", ""Hana"", ""9.6 km"", ""9.0 km""], [""1.5 km"", ""0.9 km"", ""3.5 km"", ""Alex"", ""1.7 km"", ""17.8 km""], [""6.3 km"", ""5.6 km"", ""10.5 km"", ""Mina"", ""12.6 km"", ""1.6 km""], [""4.0 km"", ""6.6 km"", ""10.0 km"", ""Iris"", ""8.1 km"", ""2.6 km""], [""9.0 km"", ""4.0 km"", ""7.0 km"", ""Lena"", ""13.9 km"", ""6.4 km""], [""6.0 km"", ""11.9 km"", ""6.7 km"", ""Yuna"", ""6.1 km"", ""14.5 km""]]}"
A-L2-0160,2,same_row_sum,battery_energy,Add Cell-E1's Discharge energy and Auxiliary energy. What is the total?,"| Cell | Evening energy | Auxiliary energy | Morning energy | Afternoon energy | Charge energy | Discharge energy |
| --- | --- | --- | --- | --- | --- | --- |
| Cell-E1 | 6.79 kWh | 0.48 kWh | 3.15 kWh | 2.52 kWh | 1.67 kWh | 1.74 kWh |
| Cell-A2 | 1.13 kWh | 2.68 kWh | 3.53 kWh | 7.08 kWh | 1.54 kWh | 11.20 kWh |
| Cell-F2 | 0.53 kWh | 2.81 kWh | 7.32 kWh | 1.45 kWh | 9.36 kWh | 6.07 kWh |
| Cell-D1 | 2.78 kWh | 4.87 kWh | 1.59 kWh | 0.57 kWh | 7.17 kWh | 1.84 kWh |","Answer the question using the table. Perform the required calculation and return only the final value with its unit.

Table:
| Cell | Evening energy | Auxiliary energy | Morning energy | Afternoon energy | Charge energy | Discharge energy |
| --- | --- | --- | --- | --- | --- | --- |
| Cell-E1 | 6.79 kWh | 0.48 kWh | 3.15 kWh | 2.52 kWh | 1.67 kWh | 1.74 kWh |
| Cell-A2 | 1.13 kWh | 2.68 kWh | 3.53 kWh | 7.08 kWh | 1.54 kWh | 11.20 kWh |
| Cell-F2 | 0.53 kWh | 2.81 kWh | 7.32 kWh | 1.45 kWh | 9.36 kWh | 6.07 kWh |
| Cell-D1 | 2.78 kWh | 4.87 kWh | 1.59 kWh | 0.57 kWh | 7.17 kWh | 1.84 kWh |

Question: Add Cell-E1's Discharge energy and Auxiliary energy. What is the total?",2.22 kWh,"[{""row_index"": 0, ""column_index"": 6, ""row_identifier_column"": ""Cell"", ""row_identifier_value"": ""Cell-E1"", ""column"": ""Discharge energy"", ""raw_value"": 1.74, ""display_value"": ""1.74 kWh""}, {""row_index"": 0, ""column_index"": 2, ""row_identifier_column"": ""Cell"", ""row_identifier_value"": ""Cell-E1"", ""column"": ""Auxiliary energy"", ""raw_value"": 0.48, ""display_value"": ""0.48 kWh""}]",add,2,"{""headers"": [""Cell"", ""Evening energy"", ""Auxiliary energy"", ""Morning energy"", ""Afternoon energy"", ""Charge energy"", ""Discharge energy""], ""rows"": [[""Cell-E1"", ""6.79 kWh"", ""0.48 kWh"", ""3.15 kWh"", ""2.52 kWh"", ""1.67 kWh"", ""1.74 kWh""], [""Cell-A2"", ""1.13 kWh"", ""2.68 kWh"", ""3.53 kWh"", ""7.08 kWh"", ""1.54 kWh"", ""11.20 kWh""], [""Cell-F2"", ""0.53 kWh"", ""2.81 kWh"", ""7.32 kWh"", ""1.45 kWh"", ""9.36 kWh"", ""6.07 kWh""], [""Cell-D1"", ""2.78 kWh"", ""4.87 kWh"", ""1.59 kWh"", ""0.57 kWh"", ""7.17 kWh"", ""1.84 kWh""]]}"
A-L2-0161,2,cross_row_difference,battery_energy,How far apart are Cell-D1 and Cell-D2 in Afternoon energy? Return the absolute difference.,"| Charge energy | Afternoon energy | Evening energy | Auxiliary energy | Discharge energy | Cell |
| --- | --- | --- | --- | --- | --- |
| 10.24 kWh | 1.61 kWh | 0.84 kWh | 2.84 kWh | 11.12 kWh | Cell-A2 |
| 2.64 kWh | 6.40 kWh | 1.92 kWh | 1.18 kWh | 11.99 kWh | Cell-F1 |
| 10.59 kWh | 4.14 kWh | 0.29 kWh | 1.53 kWh | 8.66 kWh | Cell-D2 |
| 6.81 kWh | 1.70 kWh | 1.73 kWh | 2.20 kWh | 11.04 kWh | Cell-B2 |
| 1.64 kWh | 7.72 kWh | 7.68 kWh | 2.51 kWh | 5.19 kWh | Cell-C2 |
| 5.45 kWh | 1.51 kWh | 4.36 kWh | 2.88 kWh | 5.97 kWh | Cell-E2 |
| 11.76 kWh | 3.14 kWh | 1.96 kWh | 2.73 kWh | 7.78 kWh | Cell-D1 |
| 9.16 kWh | 0.92 kWh | 2.84 kWh | 2.18 kWh | 7.84 kWh | Cell-B1 |
| 4.58 kWh | 4.66 kWh | 1.32 kWh | 3.50 kWh | 8.55 kWh | Cell-C1 |","Answer the question using the table. Perform the required calculation and return only the final value with its unit.

Table:
| Charge energy | Afternoon energy | Evening energy | Auxiliary energy | Discharge energy | Cell |
| --- | --- | --- | --- | --- | --- |
| 10.24 kWh | 1.61 kWh | 0.84 kWh | 2.84 kWh | 11.12 kWh | Cell-A2 |
| 2.64 kWh | 6.40 kWh | 1.92 kWh | 1.18 kWh | 11.99 kWh | Cell-F1 |
| 10.59 kWh | 4.14 kWh | 0.29 kWh | 1.53 kWh | 8.66 kWh | Cell-D2 |
| 6.81 kWh | 1.70 kWh | 1.73 kWh | 2.20 kWh | 11.04 kWh | Cell-B2 |
| 1.64 kWh | 7.72 kWh | 7.68 kWh | 2.51 kWh | 5.19 kWh | Cell-C2 |
| 5.45 kWh | 1.51 kWh | 4.36 kWh | 2.88 kWh | 5.97 kWh | Cell-E2 |
| 11.76 kWh | 3.14 kWh | 1.96 kWh | 2.73 kWh | 7.78 kWh | Cell-D1 |
| 9.16 kWh | 0.92 kWh | 2.84 kWh | 2.18 kWh | 7.84 kWh | Cell-B1 |
| 4.58 kWh | 4.66 kWh | 1.32 kWh | 3.50 kWh | 8.55 kWh | Cell-C1 |

Question: How far apart are Cell-D1 and Cell-D2 in Afternoon energy? Return the absolute difference.",1.00 kWh,"[{""row_index"": 6, ""column_index"": 1, ""row_identifier_column"": ""Cell"", ""row_identifier_value"": ""Cell-D1"", ""column"": ""Afternoon energy"", ""raw_value"": 3.14, ""display_value"": ""3.14 kWh""}, {""row_index"": 2, ""column_index"": 1, ""row_identifier_column"": ""Cell"", ""row_identifier_value"": ""Cell-D2"", ""column"": ""Afternoon energy"", ""raw_value"": 4.14, ""display_value"": ""4.14 kWh""}]",absolute_difference,2,"{""headers"": [""Charge energy"", ""Afternoon energy"", ""Evening energy"", ""Auxiliary energy"", ""Discharge energy"", ""Cell""], ""rows"": [[""10.24 kWh"", ""1.61 kWh"", ""0.84 kWh"", ""2.84 kWh"", ""11.12 kWh"", ""Cell-A2""], [""2.64 kWh"", ""6.40 kWh"", ""1.92 kWh"", ""1.18 kWh"", ""11.99 kWh"", ""Cell-F1""], [""10.59 kWh"", ""4.14 kWh"", ""0.29 kWh"", ""1.53 kWh"", ""8.66 kWh"", ""Cell-D2""], [""6.81 kWh"", ""1.70 kWh"", ""1.73 kWh"", ""2.20 kWh"", ""11.04 kWh"", ""Cell-B2""], [""1.64 kWh"", ""7.72 kWh"", ""7.68 kWh"", ""2.51 kWh"", ""5.19 kWh"", ""Cell-C2""], [""5.45 kWh"", ""1.51 kWh"", ""4.36 kWh"", ""2.88 kWh"", ""5.97 kWh"", ""Cell-E2""], [""11.76 kWh"", ""3.14 kWh"", ""1.96 kWh"", ""2.73 kWh"", ""7.78 kWh"", ""Cell-D1""], [""9.16 kWh"", ""0.92 kWh"", ""2.84 kWh"", ""2.18 kWh"", ""7.84 kWh"", ""Cell-B1""], [""4.58 kWh"", ""4.66 kWh"", ""1.32 kWh"", ""3.50 kWh"", ""8.55 kWh"", ""Cell-C1""]]}"
A-L2-0162,2,same_row_sum,rainfall_measurements,"According to the table, what is the combined value of Morning rainfall and Afternoon rainfall for Lakeside?","| Morning rainfall | Afternoon rainfall | Station | Evening rainfall |
| --- | --- | --- | --- |
| 39.6 mm | 15.6 mm | Lakeside | 32.8 mm |
| 39.6 mm | 19.1 mm | Oakridge | 31.6 mm |
| 40.5 mm | 11.2 mm | Riverton | 23.7 mm |
| 47.4 mm | 13.7 mm | Fairview | 32.7 mm |
| 22.9 mm | 29.2 mm | Clearwater | 51.1 mm |
| 43.3 mm | 23.3 mm | Orion | 46.7 mm |
| 35.4 mm | 36.6 mm | Cedar | 14.6 mm |
| 13.0 mm | 45.1 mm | Hillcrest | 34.0 mm |
| 52.4 mm | 5.0 mm | Brookfield | 4.2 mm |","Answer the question using the table. Perform the required calculation and return only the final value with its unit.

Table:
| Morning rainfall | Afternoon rainfall | Station | Evening rainfall |
| --- | --- | --- | --- |
| 39.6 mm | 15.6 mm | Lakeside | 32.8 mm |
| 39.6 mm | 19.1 mm | Oakridge | 31.6 mm |
| 40.5 mm | 11.2 mm | Riverton | 23.7 mm |
| 47.4 mm | 13.7 mm | Fairview | 32.7 mm |
| 22.9 mm | 29.2 mm | Clearwater | 51.1 mm |
| 43.3 mm | 23.3 mm | Orion | 46.7 mm |
| 35.4 mm | 36.6 mm | Cedar | 14.6 mm |
| 13.0 mm | 45.1 mm | Hillcrest | 34.0 mm |
| 52.4 mm | 5.0 mm | Brookfield | 4.2 mm |

Question: According to the table, what is the combined value of Morning rainfall and Afternoon rainfall for Lakeside?",55.2 mm,"[{""row_index"": 0, ""column_index"": 0, ""row_identifier_column"": ""Station"", ""row_identifier_value"": ""Lakeside"", ""column"": ""Morning rainfall"", ""raw_value"": 39.6, ""display_value"": ""39.6 mm""}, {""row_index"": 0, ""column_index"": 1, ""row_identifier_column"": ""Station"", ""row_identifier_value"": ""Lakeside"", ""column"": ""Afternoon rainfall"", ""raw_value"": 15.6, ""display_value"": ""15.6 mm""}]",add,2,"{""headers"": [""Morning rainfall"", ""Afternoon rainfall"", ""Station"", ""Evening rainfall""], ""rows"": [[""39.6 mm"", ""15.6 mm"", ""Lakeside"", ""32.8 mm""], [""39.6 mm"", ""19.1 mm"", ""Oakridge"", ""31.6 mm""], [""40.5 mm"", ""11.2 mm"", ""Riverton"", ""23.7 mm""], [""47.4 mm"", ""13.7 mm"", ""Fairview"", ""32.7 mm""], [""22.9 mm"", ""29.2 mm"", ""Clearwater"", ""51.1 mm""], [""43.3 mm"", ""23.3 mm"", ""Orion"", ""46.7 mm""], [""35.4 mm"", ""36.6 mm"", ""Cedar"", ""14.6 mm""], [""13.0 mm"", ""45.1 mm"", ""Hillcrest"", ""34.0 mm""], [""52.4 mm"", ""5.0 mm"", ""Brookfield"", ""4.2 mm""]]}"
A-L2-0163,2,cross_row_sum,basketball_game,Add the Fast-break points values for Hawks and Panthers. What is the total?,"| Free-throw points | Fast-break points | Team | First-half points |
| --- | --- | --- | --- |
| 17 points | 5 points | Hawks | 46 points |
| 26 points | 25 points | Ravens | 29 points |
| 19 points | 4 points | Sharks | 46 points |
| 17 points | 13 points | Dragons | 57 points |
| 19 points | 11 points | Bulls | 23 points |
| 26 points | 4 points | Panthers | 43 points |","Answer the question using the table. Perform the required calculation and return only the final value with its unit.

Table:
| Free-throw points | Fast-break points | Team | First-half points |
| --- | --- | --- | --- |
| 17 points | 5 points | Hawks | 46 points |
| 26 points | 25 points | Ravens | 29 points |
| 19 points | 4 points | Sharks | 46 points |
| 17 points | 13 points | Dragons | 57 points |
| 19 points | 11 points | Bulls | 23 points |
| 26 points | 4 points | Panthers | 43 points |

Question: Add the Fast-break points values for Hawks and Panthers. What is the total?",9 points,"[{""row_index"": 0, ""column_index"": 1, ""row_identifier_column"": ""Team"", ""row_identifier_value"": ""Hawks"", ""column"": ""Fast-break points"", ""raw_value"": 5.0, ""display_value"": ""5 points""}, {""row_index"": 5, ""column_index"": 1, ""row_identifier_column"": ""Team"", ""row_identifier_value"": ""Panthers"", ""column"": ""Fast-break points"", ""raw_value"": 4.0, ""display_value"": ""4 points""}]",add,2,"{""headers"": [""Free-throw points"", ""Fast-break points"", ""Team"", ""First-half points""], ""rows"": [[""17 points"", ""5 points"", ""Hawks"", ""46 points""], [""26 points"", ""25 points"", ""Ravens"", ""29 points""], [""19 points"", ""4 points"", ""Sharks"", ""46 points""], [""17 points"", ""13 points"", ""Dragons"", ""57 points""], [""19 points"", ""11 points"", ""Bulls"", ""23 points""], [""26 points"", ""4 points"", ""Panthers"", ""43 points""]]}"
A-L2-0164,2,same_row_difference,basketball_game,"For Wolves, what is the absolute difference between First-half points and Second-half points?","| Team | Second-half points | First-half points | Paint points | Bench points |
| --- | --- | --- | --- | --- |
| Sharks | 48 points | 34 points | 28 points | 37 points |
| Hawks | 28 points | 57 points | 39 points | 24 points |
| Wolves | 33 points | 41 points | 15 points | 28 points |
| Panthers | 28 points | 64 points | 35 points | 39 points |
| Falcons | 30 points | 32 points | 31 points | 17 points |
| Comets | 21 points | 37 points | 29 points | 43 points |
| Ravens | 20 points | 24 points | 47 points | 13 points |","Answer the question using the table. Perform the required calculation and return only the final value with its unit.

Table:
| Team | Second-half points | First-half points | Paint points | Bench points |
| --- | --- | --- | --- | --- |
| Sharks | 48 points | 34 points | 28 points | 37 points |
| Hawks | 28 points | 57 points | 39 points | 24 points |
| Wolves | 33 points | 41 points | 15 points | 28 points |
| Panthers | 28 points | 64 points | 35 points | 39 points |
| Falcons | 30 points | 32 points | 31 points | 17 points |
| Comets | 21 points | 37 points | 29 points | 43 points |
| Ravens | 20 points | 24 points | 47 points | 13 points |

Question: For Wolves, what is the absolute difference between First-half points and Second-half points?",8 points,"[{""row_index"": 2, ""column_index"": 2, ""row_identifier_column"": ""Team"", ""row_identifier_value"": ""Wolves"", ""column"": ""First-half points"", ""raw_value"": 41.0, ""display_value"": ""41 points""}, {""row_index"": 2, ""column_index"": 1, ""row_identifier_column"": ""Team"", ""row_identifier_value"": ""Wolves"", ""column"": ""Second-half points"", ""raw_value"": 33.0, ""display_value"": ""33 points""}]",absolute_difference,2,"{""headers"": [""Team"", ""Second-half points"", ""First-half points"", ""Paint points"", ""Bench points""], ""rows"": [[""Sharks"", ""48 points"", ""34 points"", ""28 points"", ""37 points""], [""Hawks"", ""28 points"", ""57 points"", ""39 points"", ""24 points""], [""Wolves"", ""33 points"", ""41 points"", ""15 points"", ""28 points""], [""Panthers"", ""28 points"", ""64 points"", ""35 points"", ""39 points""], [""Falcons"", ""30 points"", ""32 points"", ""31 points"", ""17 points""], [""Comets"", ""21 points"", ""37 points"", ""29 points"", ""43 points""], [""Ravens"", ""20 points"", ""24 points"", ""47 points"", ""13 points""]]}"
A-L2-0165,2,same_row_sum,lab_mass_measurements,Add Sample-E's Container mass and Material mass. What is the total?,"| Initial mass | Container mass | Material mass | Sample | Final mass | Wet mass |
| --- | --- | --- | --- | --- | --- |
| 368.8 g | 43.7 g | 354.6 g | Sample-J | 217.3 g | 240.2 g |
| 426.4 g | 26.5 g | 318.5 g | Sample-B | 32.6 g | 361.6 g |
| 260.1 g | 20.3 g | 47.9 g | Sample-I | 373.1 g | 432.5 g |
| 353.6 g | 54.2 g | 143.6 g | Sample-L | 271.9 g | 197.7 g |
| 286.9 g | 91.1 g | 46.1 g | Sample-K | 115.3 g | 97.8 g |
| 190.5 g | 72.0 g | 116.5 g | Sample-E | 59.1 g | 156.2 g |
| 298.8 g | 7.2 g | 29.3 g | Sample-G | 425.4 g | 283.2 g |
| 418.9 g | 64.0 g | 75.0 g | Sample-H | 63.4 g | 307.7 g |
| 175.8 g | 94.5 g | 201.2 g | Sample-F | 326.4 g | 255.7 g |","Answer the question using the table. Perform the required calculation and return only the final value with its unit.

Table:
| Initial mass | Container mass | Material mass | Sample | Final mass | Wet mass |
| --- | --- | --- | --- | --- | --- |
| 368.8 g | 43.7 g | 354.6 g | Sample-J | 217.3 g | 240.2 g |
| 426.4 g | 26.5 g | 318.5 g | Sample-B | 32.6 g | 361.6 g |
| 260.1 g | 20.3 g | 47.9 g | Sample-I | 373.1 g | 432.5 g |
| 353.6 g | 54.2 g | 143.6 g | Sample-L | 271.9 g | 197.7 g |
| 286.9 g | 91.1 g | 46.1 g | Sample-K | 115.3 g | 97.8 g |
| 190.5 g | 72.0 g | 116.5 g | Sample-E | 59.1 g | 156.2 g |
| 298.8 g | 7.2 g | 29.3 g | Sample-G | 425.4 g | 283.2 g |
| 418.9 g | 64.0 g | 75.0 g | Sample-H | 63.4 g | 307.7 g |
| 175.8 g | 94.5 g | 201.2 g | Sample-F | 326.4 g | 255.7 g |

Question: Add Sample-E's Container mass and Material mass. What is the total?",188.5 g,"[{""row_index"": 5, ""column_index"": 1, ""row_identifier_column"": ""Sample"", ""row_identifier_value"": ""Sample-E"", ""column"": ""Container mass"", ""raw_value"": 72.0, ""display_value"": ""72.0 g""}, {""row_index"": 5, ""column_index"": 2, ""row_identifier_column"": ""Sample"", ""row_identifier_value"": ""Sample-E"", ""column"": ""Material mass"", ""raw_value"": 116.5, ""display_value"": ""116.5 g""}]",add,2,"{""headers"": [""Initial mass"", ""Container mass"", ""Material mass"", ""Sample"", ""Final mass"", ""Wet mass""], ""rows"": [[""368.8 g"", ""43.7 g"", ""354.6 g"", ""Sample-J"", ""217.3 g"", ""240.2 g""], [""426.4 g"", ""26.5 g"", ""318.5 g"", ""Sample-B"", ""32.6 g"", ""361.6 g""], [""260.1 g"", ""20.3 g"", ""47.9 g"", ""Sample-I"", ""373.1 g"", ""432.5 g""], [""353.6 g"", ""54.2 g"", ""143.6 g"", ""Sample-L"", ""271.9 g"", ""197.7 g""], [""286.9 g"", ""91.1 g"", ""46.1 g"", ""Sample-K"", ""115.3 g"", ""97.8 g""], [""190.5 g"", ""72.0 g"", ""116.5 g"", ""Sample-E"", ""59.1 g"", ""156.2 g""], [""298.8 g"", ""7.2 g"", ""29.3 g"", ""Sample-G"", ""425.4 g"", ""283.2 g""], [""418.9 g"", ""64.0 g"", ""75.0 g"", ""Sample-H"", ""63.4 g"", ""307.7 g""], [""175.8 g"", ""94.5 g"", ""201.2 g"", ""Sample-F"", ""326.4 g"", ""255.7 g""]]}"
A-L2-0166,2,cross_row_sum,quarterly_sales,What is the combined Q1 sales of Hillcrest and Maple?,"| Region | Q4 sales | Online sales | Q1 sales | Q3 sales |
| --- | --- | --- | --- | --- |
| Riverton | 293.5 kUSD | 65.2 kUSD | 104.2 kUSD | 434.4 kUSD |
| Westhaven | 200.6 kUSD | 108.1 kUSD | 82.5 kUSD | 70.2 kUSD |
| Maple | 138.4 kUSD | 159.8 kUSD | 135.2 kUSD | 187.3 kUSD |
| Orion | 114.1 kUSD | 28.1 kUSD | 166.0 kUSD | 125.3 kUSD |
| Fairview | 366.0 kUSD | 290.0 kUSD | 87.9 kUSD | 170.6 kUSD |
| Cedar | 99.7 kUSD | 213.9 kUSD | 245.1 kUSD | 356.4 kUSD |
| Oakridge | 366.4 kUSD | 11.6 kUSD | 484.0 kUSD | 56.3 kUSD |
| Clearwater | 453.2 kUSD | 105.5 kUSD | 489.4 kUSD | 81.8 kUSD |
| Hillcrest | 109.0 kUSD | 106.0 kUSD | 379.1 kUSD | 375.5 kUSD |","Answer the question using the table. Perform the required calculation and return only the final value with its unit.

Table:
| Region | Q4 sales | Online sales | Q1 sales | Q3 sales |
| --- | --- | --- | --- | --- |
| Riverton | 293.5 kUSD | 65.2 kUSD | 104.2 kUSD | 434.4 kUSD |
| Westhaven | 200.6 kUSD | 108.1 kUSD | 82.5 kUSD | 70.2 kUSD |
| Maple | 138.4 kUSD | 159.8 kUSD | 135.2 kUSD | 187.3 kUSD |
| Orion | 114.1 kUSD | 28.1 kUSD | 166.0 kUSD | 125.3 kUSD |
| Fairview | 366.0 kUSD | 290.0 kUSD | 87.9 kUSD | 170.6 kUSD |
| Cedar | 99.7 kUSD | 213.9 kUSD | 245.1 kUSD | 356.4 kUSD |
| Oakridge | 366.4 kUSD | 11.6 kUSD | 484.0 kUSD | 56.3 kUSD |
| Clearwater | 453.2 kUSD | 105.5 kUSD | 489.4 kUSD | 81.8 kUSD |
| Hillcrest | 109.0 kUSD | 106.0 kUSD | 379.1 kUSD | 375.5 kUSD |

Question: What is the combined Q1 sales of Hillcrest and Maple?",514.3 kUSD,"[{""row_index"": 8, ""column_index"": 3, ""row_identifier_column"": ""Region"", ""row_identifier_value"": ""Hillcrest"", ""column"": ""Q1 sales"", ""raw_value"": 379.1, ""display_value"": ""379.1 kUSD""}, {""row_index"": 2, ""column_index"": 3, ""row_identifier_column"": ""Region"", ""row_identifier_value"": ""Maple"", ""column"": ""Q1 sales"", ""raw_value"": 135.2, ""display_value"": ""135.2 kUSD""}]",add,2,"{""headers"": [""Region"", ""Q4 sales"", ""Online sales"", ""Q1 sales"", ""Q3 sales""], ""rows"": [[""Riverton"", ""293.5 kUSD"", ""65.2 kUSD"", ""104.2 kUSD"", ""434.4 kUSD""], [""Westhaven"", ""200.6 kUSD"", ""108.1 kUSD"", ""82.5 kUSD"", ""70.2 kUSD""], [""Maple"", ""138.4 kUSD"", ""159.8 kUSD"", ""135.2 kUSD"", ""187.3 kUSD""], [""Orion"", ""114.1 kUSD"", ""28.1 kUSD"", ""166.0 kUSD"", ""125.3 kUSD""], [""Fairview"", ""366.0 kUSD"", ""290.0 kUSD"", ""87.9 kUSD"", ""170.6 kUSD""], [""Cedar"", ""99.7 kUSD"", ""213.9 kUSD"", ""245.1 kUSD"", ""356.4 kUSD""], [""Oakridge"", ""366.4 kUSD"", ""11.6 kUSD"", ""484.0 kUSD"", ""56.3 kUSD""], [""Clearwater"", ""453.2 kUSD"", ""105.5 kUSD"", ""489.4 kUSD"", ""81.8 kUSD""], [""Hillcrest"", ""109.0 kUSD"", ""106.0 kUSD"", ""379.1 kUSD"", ""375.5 kUSD""]]}"
A-L2-0167,2,cross_row_difference,lab_mass_measurements,Find the absolute difference between the Final mass values of Sample-E and Sample-L.,"| Sample | Material mass | Dry mass | Final mass | Initial mass | Wet mass | Container mass |
| --- | --- | --- | --- | --- | --- | --- |
| Sample-L | 209.3 g | 112.0 g | 380.5 g | 69.0 g | 100.6 g | 32.1 g |
| Sample-G | 60.6 g | 299.9 g | 176.9 g | 47.0 g | 458.3 g | 72.4 g |
| Sample-C | 136.3 g | 72.1 g | 399.3 g | 412.2 g | 372.7 g | 75.1 g |
| Sample-E | 75.0 g | 160.1 g | 396.1 g | 170.1 g | 451.1 g | 74.5 g |","Answer the question using the table. Perform the required calculation and return only the final value with its unit.

Table:
| Sample | Material mass | Dry mass | Final mass | Initial mass | Wet mass | Container mass |
| --- | --- | --- | --- | --- | --- | --- |
| Sample-L | 209.3 g | 112.0 g | 380.5 g | 69.0 g | 100.6 g | 32.1 g |
| Sample-G | 60.6 g | 299.9 g | 176.9 g | 47.0 g | 458.3 g | 72.4 g |
| Sample-C | 136.3 g | 72.1 g | 399.3 g | 412.2 g | 372.7 g | 75.1 g |
| Sample-E | 75.0 g | 160.1 g | 396.1 g | 170.1 g | 451.1 g | 74.5 g |

Question: Find the absolute difference between the Final mass values of Sample-E and Sample-L.",15.6 g,"[{""row_index"": 3, ""column_index"": 3, ""row_identifier_column"": ""Sample"", ""row_identifier_value"": ""Sample-E"", ""column"": ""Final mass"", ""raw_value"": 396.1, ""display_value"": ""396.1 g""}, {""row_index"": 0, ""column_index"": 3, ""row_identifier_column"": ""Sample"", ""row_identifier_value"": ""Sample-L"", ""column"": ""Final mass"", ""raw_value"": 380.5, ""display_value"": ""380.5 g""}]",absolute_difference,2,"{""headers"": [""Sample"", ""Material mass"", ""Dry mass"", ""Final mass"", ""Initial mass"", ""Wet mass"", ""Container mass""], ""rows"": [[""Sample-L"", ""209.3 g"", ""112.0 g"", ""380.5 g"", ""69.0 g"", ""100.6 g"", ""32.1 g""], [""Sample-G"", ""60.6 g"", ""299.9 g"", ""176.9 g"", ""47.0 g"", ""458.3 g"", ""72.4 g""], [""Sample-C"", ""136.3 g"", ""72.1 g"", ""399.3 g"", ""412.2 g"", ""372.7 g"", ""75.1 g""], [""Sample-E"", ""75.0 g"", ""160.1 g"", ""396.1 g"", ""170.1 g"", ""451.1 g"", ""74.5 g""]]}"
A-L2-0168,2,same_row_difference,lab_mass_measurements,"For Sample-L, what is the absolute difference between Material mass and Container mass?","| Material mass | Sample | Container mass | Final mass | Dry mass |
| --- | --- | --- | --- | --- |
| 295.7 g | Sample-L | 109.9 g | 87.9 g | 171.7 g |
| 228.0 g | Sample-H | 48.2 g | 117.8 g | 198.9 g |
| 274.3 g | Sample-F | 115.5 g | 95.8 g | 286.0 g |
| 275.6 g | Sample-B | 93.4 g | 337.4 g | 95.7 g |
| 185.3 g | Sample-D | 30.6 g | 325.5 g | 7.0 g |
| 132.0 g | Sample-C | 95.4 g | 70.1 g | 141.5 g |","Answer the question using the table. Perform the required calculation and return only the final value with its unit.

Table:
| Material mass | Sample | Container mass | Final mass | Dry mass |
| --- | --- | --- | --- | --- |
| 295.7 g | Sample-L | 109.9 g | 87.9 g | 171.7 g |
| 228.0 g | Sample-H | 48.2 g | 117.8 g | 198.9 g |
| 274.3 g | Sample-F | 115.5 g | 95.8 g | 286.0 g |
| 275.6 g | Sample-B | 93.4 g | 337.4 g | 95.7 g |
| 185.3 g | Sample-D | 30.6 g | 325.5 g | 7.0 g |
| 132.0 g | Sample-C | 95.4 g | 70.1 g | 141.5 g |

Question: For Sample-L, what is the absolute difference between Material mass and Container mass?",185.8 g,"[{""row_index"": 0, ""column_index"": 0, ""row_identifier_column"": ""Sample"", ""row_identifier_value"": ""Sample-L"", ""column"": ""Material mass"", ""raw_value"": 295.7, ""display_value"": ""295.7 g""}, {""row_index"": 0, ""column_index"": 2, ""row_identifier_column"": ""Sample"", ""row_identifier_value"": ""Sample-L"", ""column"": ""Container mass"", ""raw_value"": 109.9, ""display_value"": ""109.9 g""}]",absolute_difference,2,"{""headers"": [""Material mass"", ""Sample"", ""Container mass"", ""Final mass"", ""Dry mass""], ""rows"": [[""295.7 g"", ""Sample-L"", ""109.9 g"", ""87.9 g"", ""171.7 g""], [""228.0 g"", ""Sample-H"", ""48.2 g"", ""117.8 g"", ""198.9 g""], [""274.3 g"", ""Sample-F"", ""115.5 g"", ""95.8 g"", ""286.0 g""], [""275.6 g"", ""Sample-B"", ""93.4 g"", ""337.4 g"", ""95.7 g""], [""185.3 g"", ""Sample-D"", ""30.6 g"", ""325.5 g"", ""7.0 g""], [""132.0 g"", ""Sample-C"", ""95.4 g"", ""70.1 g"", ""141.5 g""]]}"
A-L2-0169,2,same_row_sum,quarterly_sales,"For Fairview, what is Q1 sales plus Q2 sales?","| Region | Q2 sales | Retail sales | Q1 sales |
| --- | --- | --- | --- |
| Westhaven | 386.3 kUSD | 199.8 kUSD | 454.2 kUSD |
| Fairview | 258.4 kUSD | 128.0 kUSD | 162.9 kUSD |
| Clearwater | 313.0 kUSD | 168.6 kUSD | 163.8 kUSD |
| Hillcrest | 360.3 kUSD | 278.6 kUSD | 263.8 kUSD |
| Maple | 45.7 kUSD | 159.2 kUSD | 250.9 kUSD |
| Oakridge | 295.9 kUSD | 236.5 kUSD | 155.6 kUSD |
| Pinehurst | 201.7 kUSD | 10.2 kUSD | 254.1 kUSD |
| Orion | 113.7 kUSD | 196.0 kUSD | 104.1 kUSD |
| Lakeside | 407.5 kUSD | 91.2 kUSD | 197.8 kUSD |","Answer the question using the table. Perform the required calculation and return only the final value with its unit.

Table:
| Region | Q2 sales | Retail sales | Q1 sales |
| --- | --- | --- | --- |
| Westhaven | 386.3 kUSD | 199.8 kUSD | 454.2 kUSD |
| Fairview | 258.4 kUSD | 128.0 kUSD | 162.9 kUSD |
| Clearwater | 313.0 kUSD | 168.6 kUSD | 163.8 kUSD |
| Hillcrest | 360.3 kUSD | 278.6 kUSD | 263.8 kUSD |
| Maple | 45.7 kUSD | 159.2 kUSD | 250.9 kUSD |
| Oakridge | 295.9 kUSD | 236.5 kUSD | 155.6 kUSD |
| Pinehurst | 201.7 kUSD | 10.2 kUSD | 254.1 kUSD |
| Orion | 113.7 kUSD | 196.0 kUSD | 104.1 kUSD |
| Lakeside | 407.5 kUSD | 91.2 kUSD | 197.8 kUSD |

Question: For Fairview, what is Q1 sales plus Q2 sales?",421.3 kUSD,"[{""row_index"": 1, ""column_index"": 3, ""row_identifier_column"": ""Region"", ""row_identifier_value"": ""Fairview"", ""column"": ""Q1 sales"", ""raw_value"": 162.9, ""display_value"": ""162.9 kUSD""}, {""row_index"": 1, ""column_index"": 1, ""row_identifier_column"": ""Region"", ""row_identifier_value"": ""Fairview"", ""column"": ""Q2 sales"", ""raw_value"": 258.4, ""display_value"": ""258.4 kUSD""}]",add,2,"{""headers"": [""Region"", ""Q2 sales"", ""Retail sales"", ""Q1 sales""], ""rows"": [[""Westhaven"", ""386.3 kUSD"", ""199.8 kUSD"", ""454.2 kUSD""], [""Fairview"", ""258.4 kUSD"", ""128.0 kUSD"", ""162.9 kUSD""], [""Clearwater"", ""313.0 kUSD"", ""168.6 kUSD"", ""163.8 kUSD""], [""Hillcrest"", ""360.3 kUSD"", ""278.6 kUSD"", ""263.8 kUSD""], [""Maple"", ""45.7 kUSD"", ""159.2 kUSD"", ""250.9 kUSD""], [""Oakridge"", ""295.9 kUSD"", ""236.5 kUSD"", ""155.6 kUSD""], [""Pinehurst"", ""201.7 kUSD"", ""10.2 kUSD"", ""254.1 kUSD""], [""Orion"", ""113.7 kUSD"", ""196.0 kUSD"", ""104.1 kUSD""], [""Lakeside"", ""407.5 kUSD"", ""91.2 kUSD"", ""197.8 kUSD""]]}"
A-L2-0170,2,cross_row_difference,quarterly_sales,What is the absolute difference in Q4 sales between Maple and Westhaven?,"| Q4 sales | Online sales | Region | Q1 sales | Q3 sales | Q2 sales | Retail sales |
| --- | --- | --- | --- | --- | --- | --- |
| 404.9 kUSD | 196.9 kUSD | Westhaven | 209.6 kUSD | 53.4 kUSD | 430.0 kUSD | 72.2 kUSD |
| 105.7 kUSD | 63.0 kUSD | Orion | 125.1 kUSD | 22.1 kUSD | 369.0 kUSD | 314.0 kUSD |
| 470.7 kUSD | 56.8 kUSD | Clearwater | 450.4 kUSD | 462.2 kUSD | 429.9 kUSD | 347.1 kUSD |
| 412.4 kUSD | 23.1 kUSD | Hillcrest | 229.5 kUSD | 44.2 kUSD | 160.3 kUSD | 180.1 kUSD |
| 364.6 kUSD | 135.4 kUSD | Oakridge | 301.1 kUSD | 177.2 kUSD | 382.2 kUSD | 249.3 kUSD |
| 251.8 kUSD | 315.5 kUSD | Brookfield | 206.3 kUSD | 397.5 kUSD | 135.5 kUSD | 341.8 kUSD |
| 425.7 kUSD | 193.4 kUSD | Maple | 26.8 kUSD | 416.1 kUSD | 94.5 kUSD | 275.6 kUSD |","Answer the question using the table. Perform the required calculation and return only the final value with its unit.

Table:
| Q4 sales | Online sales | Region | Q1 sales | Q3 sales | Q2 sales | Retail sales |
| --- | --- | --- | --- | --- | --- | --- |
| 404.9 kUSD | 196.9 kUSD | Westhaven | 209.6 kUSD | 53.4 kUSD | 430.0 kUSD | 72.2 kUSD |
| 105.7 kUSD | 63.0 kUSD | Orion | 125.1 kUSD | 22.1 kUSD | 369.0 kUSD | 314.0 kUSD |
| 470.7 kUSD | 56.8 kUSD | Clearwater | 450.4 kUSD | 462.2 kUSD | 429.9 kUSD | 347.1 kUSD |
| 412.4 kUSD | 23.1 kUSD | Hillcrest | 229.5 kUSD | 44.2 kUSD | 160.3 kUSD | 180.1 kUSD |
| 364.6 kUSD | 135.4 kUSD | Oakridge | 301.1 kUSD | 177.2 kUSD | 382.2 kUSD | 249.3 kUSD |
| 251.8 kUSD | 315.5 kUSD | Brookfield | 206.3 kUSD | 397.5 kUSD | 135.5 kUSD | 341.8 kUSD |
| 425.7 kUSD | 193.4 kUSD | Maple | 26.8 kUSD | 416.1 kUSD | 94.5 kUSD | 275.6 kUSD |

Question: What is the absolute difference in Q4 sales between Maple and Westhaven?",20.8 kUSD,"[{""row_index"": 6, ""column_index"": 0, ""row_identifier_column"": ""Region"", ""row_identifier_value"": ""Maple"", ""column"": ""Q4 sales"", ""raw_value"": 425.7, ""display_value"": ""425.7 kUSD""}, {""row_index"": 0, ""column_index"": 0, ""row_identifier_column"": ""Region"", ""row_identifier_value"": ""Westhaven"", ""column"": ""Q4 sales"", ""raw_value"": 404.9, ""display_value"": ""404.9 kUSD""}]",absolute_difference,2,"{""headers"": [""Q4 sales"", ""Online sales"", ""Region"", ""Q1 sales"", ""Q3 sales"", ""Q2 sales"", ""Retail sales""], ""rows"": [[""404.9 kUSD"", ""196.9 kUSD"", ""Westhaven"", ""209.6 kUSD"", ""53.4 kUSD"", ""430.0 kUSD"", ""72.2 kUSD""], [""105.7 kUSD"", ""63.0 kUSD"", ""Orion"", ""125.1 kUSD"", ""22.1 kUSD"", ""369.0 kUSD"", ""314.0 kUSD""], [""470.7 kUSD"", ""56.8 kUSD"", ""Clearwater"", ""450.4 kUSD"", ""462.2 kUSD"", ""429.9 kUSD"", ""347.1 kUSD""], [""412.4 kUSD"", ""23.1 kUSD"", ""Hillcrest"", ""229.5 kUSD"", ""44.2 kUSD"", ""160.3 kUSD"", ""180.1 kUSD""], [""364.6 kUSD"", ""135.4 kUSD"", ""Oakridge"", ""301.1 kUSD"", ""177.2 kUSD"", ""382.2 kUSD"", ""249.3 kUSD""], [""251.8 kUSD"", ""315.5 kUSD"", ""Brookfield"", ""206.3 kUSD"", ""397.5 kUSD"", ""135.5 kUSD"", ""341.8 kUSD""], [""425.7 kUSD"", ""193.4 kUSD"", ""Maple"", ""26.8 kUSD"", ""416.1 kUSD"", ""94.5 kUSD"", ""275.6 kUSD""]]}"
A-L2-0171,2,same_row_sum,hiking_route,"According to the table, what is the combined value of Morning distance and Afternoon distance for Chris?","| Morning distance | Ridge distance | Hiker | Afternoon distance |
| --- | --- | --- | --- |
| 5.1 km | 14.6 km | Nora | 4.3 km |
| 8.9 km | 12.1 km | Chris | 6.8 km |
| 13.0 km | 9.9 km | Leo | 17.1 km |
| 14.3 km | 2.1 km | Noah | 3.5 km |
| 2.4 km | 8.1 km | Ava | 17.4 km |","Answer the question using the table. Perform the required calculation and return only the final value with its unit.

Table:
| Morning distance | Ridge distance | Hiker | Afternoon distance |
| --- | --- | --- | --- |
| 5.1 km | 14.6 km | Nora | 4.3 km |
| 8.9 km | 12.1 km | Chris | 6.8 km |
| 13.0 km | 9.9 km | Leo | 17.1 km |
| 14.3 km | 2.1 km | Noah | 3.5 km |
| 2.4 km | 8.1 km | Ava | 17.4 km |

Question: According to the table, what is the combined value of Morning distance and Afternoon distance for Chris?",15.7 km,"[{""row_index"": 1, ""column_index"": 0, ""row_identifier_column"": ""Hiker"", ""row_identifier_value"": ""Chris"", ""column"": ""Morning distance"", ""raw_value"": 8.9, ""display_value"": ""8.9 km""}, {""row_index"": 1, ""column_index"": 3, ""row_identifier_column"": ""Hiker"", ""row_identifier_value"": ""Chris"", ""column"": ""Afternoon distance"", ""raw_value"": 6.8, ""display_value"": ""6.8 km""}]",add,2,"{""headers"": [""Morning distance"", ""Ridge distance"", ""Hiker"", ""Afternoon distance""], ""rows"": [[""5.1 km"", ""14.6 km"", ""Nora"", ""4.3 km""], [""8.9 km"", ""12.1 km"", ""Chris"", ""6.8 km""], [""13.0 km"", ""9.9 km"", ""Leo"", ""17.1 km""], [""14.3 km"", ""2.1 km"", ""Noah"", ""3.5 km""], [""2.4 km"", ""8.1 km"", ""Ava"", ""17.4 km""]]}"
A-L2-0172,2,cross_row_difference,battery_energy,What is the absolute difference in Morning energy between Cell-C2 and Cell-E1?,"| Evening energy | Discharge energy | Morning energy | Cell | Auxiliary energy |
| --- | --- | --- | --- | --- |
| 0.63 kWh | 11.08 kWh | 5.89 kWh | Cell-F2 | 4.98 kWh |
| 7.75 kWh | 0.89 kWh | 0.91 kWh | Cell-C2 | 2.57 kWh |
| 1.56 kWh | 5.58 kWh | 6.22 kWh | Cell-B2 | 0.48 kWh |
| 2.10 kWh | 11.80 kWh | 5.20 kWh | Cell-D2 | 3.07 kWh |
| 7.65 kWh | 6.72 kWh | 2.34 kWh | Cell-E1 | 3.90 kWh |","Answer the question using the table. Perform the required calculation and return only the final value with its unit.

Table:
| Evening energy | Discharge energy | Morning energy | Cell | Auxiliary energy |
| --- | --- | --- | --- | --- |
| 0.63 kWh | 11.08 kWh | 5.89 kWh | Cell-F2 | 4.98 kWh |
| 7.75 kWh | 0.89 kWh | 0.91 kWh | Cell-C2 | 2.57 kWh |
| 1.56 kWh | 5.58 kWh | 6.22 kWh | Cell-B2 | 0.48 kWh |
| 2.10 kWh | 11.80 kWh | 5.20 kWh | Cell-D2 | 3.07 kWh |
| 7.65 kWh | 6.72 kWh | 2.34 kWh | Cell-E1 | 3.90 kWh |

Question: What is the absolute difference in Morning energy between Cell-C2 and Cell-E1?",1.43 kWh,"[{""row_index"": 1, ""column_index"": 2, ""row_identifier_column"": ""Cell"", ""row_identifier_value"": ""Cell-C2"", ""column"": ""Morning energy"", ""raw_value"": 0.91, ""display_value"": ""0.91 kWh""}, {""row_index"": 4, ""column_index"": 2, ""row_identifier_column"": ""Cell"", ""row_identifier_value"": ""Cell-E1"", ""column"": ""Morning energy"", ""raw_value"": 2.34, ""display_value"": ""2.34 kWh""}]",absolute_difference,2,"{""headers"": [""Evening energy"", ""Discharge energy"", ""Morning energy"", ""Cell"", ""Auxiliary energy""], ""rows"": [[""0.63 kWh"", ""11.08 kWh"", ""5.89 kWh"", ""Cell-F2"", ""4.98 kWh""], [""7.75 kWh"", ""0.89 kWh"", ""0.91 kWh"", ""Cell-C2"", ""2.57 kWh""], [""1.56 kWh"", ""5.58 kWh"", ""6.22 kWh"", ""Cell-B2"", ""0.48 kWh""], [""2.10 kWh"", ""11.80 kWh"", ""5.20 kWh"", ""Cell-D2"", ""3.07 kWh""], [""7.65 kWh"", ""6.72 kWh"", ""2.34 kWh"", ""Cell-E1"", ""3.90 kWh""]]}"
A-L2-0173,2,cross_row_sum,rainfall_measurements,"According to the table, what do Clearwater and Brookfield have in total for South gauge?","| Afternoon rainfall | Evening rainfall | Station | South gauge | Morning rainfall | Storm rainfall | North gauge |
| --- | --- | --- | --- | --- | --- | --- |
| 16.1 mm | 28.8 mm | Clearwater | 28.7 mm | 2.1 mm | 58.9 mm | 6.9 mm |
| 17.3 mm | 7.4 mm | Fairview | 46.8 mm | 43.3 mm | 18.8 mm | 34.8 mm |
| 28.7 mm | 29.0 mm | Cedar | 14.9 mm | 2.4 mm | 0.2 mm | 48.2 mm |
| 10.8 mm | 10.6 mm | Brookfield | 2.4 mm | 11.4 mm | 81.6 mm | 28.8 mm |
| 24.5 mm | 34.5 mm | Maple | 8.3 mm | 46.0 mm | 10.0 mm | 48.9 mm |
| 42.4 mm | 34.3 mm | Hillcrest | 59.9 mm | 41.9 mm | 7.8 mm | 1.9 mm |
| 43.2 mm | 44.4 mm | Lakeside | 39.9 mm | 7.1 mm | 69.2 mm | 53.2 mm |","Answer the question using the table. Perform the required calculation and return only the final value with its unit.

Table:
| Afternoon rainfall | Evening rainfall | Station | South gauge | Morning rainfall | Storm rainfall | North gauge |
| --- | --- | --- | --- | --- | --- | --- |
| 16.1 mm | 28.8 mm | Clearwater | 28.7 mm | 2.1 mm | 58.9 mm | 6.9 mm |
| 17.3 mm | 7.4 mm | Fairview | 46.8 mm | 43.3 mm | 18.8 mm | 34.8 mm |
| 28.7 mm | 29.0 mm | Cedar | 14.9 mm | 2.4 mm | 0.2 mm | 48.2 mm |
| 10.8 mm | 10.6 mm | Brookfield | 2.4 mm | 11.4 mm | 81.6 mm | 28.8 mm |
| 24.5 mm | 34.5 mm | Maple | 8.3 mm | 46.0 mm | 10.0 mm | 48.9 mm |
| 42.4 mm | 34.3 mm | Hillcrest | 59.9 mm | 41.9 mm | 7.8 mm | 1.9 mm |
| 43.2 mm | 44.4 mm | Lakeside | 39.9 mm | 7.1 mm | 69.2 mm | 53.2 mm |

Question: According to the table, what do Clearwater and Brookfield have in total for South gauge?",31.1 mm,"[{""row_index"": 0, ""column_index"": 3, ""row_identifier_column"": ""Station"", ""row_identifier_value"": ""Clearwater"", ""column"": ""South gauge"", ""raw_value"": 28.7, ""display_value"": ""28.7 mm""}, {""row_index"": 3, ""column_index"": 3, ""row_identifier_column"": ""Station"", ""row_identifier_value"": ""Brookfield"", ""column"": ""South gauge"", ""raw_value"": 2.4, ""display_value"": ""2.4 mm""}]",add,2,"{""headers"": [""Afternoon rainfall"", ""Evening rainfall"", ""Station"", ""South gauge"", ""Morning rainfall"", ""Storm rainfall"", ""North gauge""], ""rows"": [[""16.1 mm"", ""28.8 mm"", ""Clearwater"", ""28.7 mm"", ""2.1 mm"", ""58.9 mm"", ""6.9 mm""], [""17.3 mm"", ""7.4 mm"", ""Fairview"", ""46.8 mm"", ""43.3 mm"", ""18.8 mm"", ""34.8 mm""], [""28.7 mm"", ""29.0 mm"", ""Cedar"", ""14.9 mm"", ""2.4 mm"", ""0.2 mm"", ""48.2 mm""], [""10.8 mm"", ""10.6 mm"", ""Brookfield"", ""2.4 mm"", ""11.4 mm"", ""81.6 mm"", ""28.8 mm""], [""24.5 mm"", ""34.5 mm"", ""Maple"", ""8.3 mm"", ""46.0 mm"", ""10.0 mm"", ""48.9 mm""], [""42.4 mm"", ""34.3 mm"", ""Hillcrest"", ""59.9 mm"", ""41.9 mm"", ""7.8 mm"", ""1.9 mm""], [""43.2 mm"", ""44.4 mm"", ""Lakeside"", ""39.9 mm"", ""7.1 mm"", ""69.2 mm"", ""53.2 mm""]]}"
A-L2-0174,2,cross_row_difference,quarterly_sales,How far apart are Lakeside and Riverton in Q1 sales? Return the absolute difference.,"| Retail sales | Q2 sales | Q3 sales | Q1 sales | Region | Online sales | Q4 sales |
| --- | --- | --- | --- | --- | --- | --- |
| 27.1 kUSD | 151.0 kUSD | 369.6 kUSD | 172.6 kUSD | Lakeside | 346.9 kUSD | 378.9 kUSD |
| 153.1 kUSD | 277.6 kUSD | 354.1 kUSD | 199.4 kUSD | Pinehurst | 155.5 kUSD | 483.1 kUSD |
| 307.5 kUSD | 245.1 kUSD | 233.0 kUSD | 69.1 kUSD | Hillcrest | 47.7 kUSD | 291.2 kUSD |
| 258.3 kUSD | 193.6 kUSD | 157.0 kUSD | 460.1 kUSD | Riverton | 231.1 kUSD | 200.5 kUSD |","Answer the question using the table. Perform the required calculation and return only the final value with its unit.

Table:
| Retail sales | Q2 sales | Q3 sales | Q1 sales | Region | Online sales | Q4 sales |
| --- | --- | --- | --- | --- | --- | --- |
| 27.1 kUSD | 151.0 kUSD | 369.6 kUSD | 172.6 kUSD | Lakeside | 346.9 kUSD | 378.9 kUSD |
| 153.1 kUSD | 277.6 kUSD | 354.1 kUSD | 199.4 kUSD | Pinehurst | 155.5 kUSD | 483.1 kUSD |
| 307.5 kUSD | 245.1 kUSD | 233.0 kUSD | 69.1 kUSD | Hillcrest | 47.7 kUSD | 291.2 kUSD |
| 258.3 kUSD | 193.6 kUSD | 157.0 kUSD | 460.1 kUSD | Riverton | 231.1 kUSD | 200.5 kUSD |

Question: How far apart are Lakeside and Riverton in Q1 sales? Return the absolute difference.",287.5 kUSD,"[{""row_index"": 0, ""column_index"": 3, ""row_identifier_column"": ""Region"", ""row_identifier_value"": ""Lakeside"", ""column"": ""Q1 sales"", ""raw_value"": 172.6, ""display_value"": ""172.6 kUSD""}, {""row_index"": 3, ""column_index"": 3, ""row_identifier_column"": ""Region"", ""row_identifier_value"": ""Riverton"", ""column"": ""Q1 sales"", ""raw_value"": 460.1, ""display_value"": ""460.1 kUSD""}]",absolute_difference,2,"{""headers"": [""Retail sales"", ""Q2 sales"", ""Q3 sales"", ""Q1 sales"", ""Region"", ""Online sales"", ""Q4 sales""], ""rows"": [[""27.1 kUSD"", ""151.0 kUSD"", ""369.6 kUSD"", ""172.6 kUSD"", ""Lakeside"", ""346.9 kUSD"", ""378.9 kUSD""], [""153.1 kUSD"", ""277.6 kUSD"", ""354.1 kUSD"", ""199.4 kUSD"", ""Pinehurst"", ""155.5 kUSD"", ""483.1 kUSD""], [""307.5 kUSD"", ""245.1 kUSD"", ""233.0 kUSD"", ""69.1 kUSD"", ""Hillcrest"", ""47.7 kUSD"", ""291.2 kUSD""], [""258.3 kUSD"", ""193.6 kUSD"", ""157.0 kUSD"", ""460.1 kUSD"", ""Riverton"", ""231.1 kUSD"", ""200.5 kUSD""]]}"
A-L2-0175,2,cross_row_difference,quarterly_sales,Find the absolute difference between the Retail sales values of Maple and Oakridge.,"| Region | Online sales | Retail sales | Q4 sales | Q2 sales | Q1 sales |
| --- | --- | --- | --- | --- | --- |
| Oakridge | 238.5 kUSD | 102.2 kUSD | 82.3 kUSD | 57.8 kUSD | 84.9 kUSD |
| Maple | 245.7 kUSD | 117.4 kUSD | 126.6 kUSD | 456.7 kUSD | 42.9 kUSD |
| Pinehurst | 82.9 kUSD | 299.5 kUSD | 473.1 kUSD | 180.7 kUSD | 263.4 kUSD |
| Cedar | 182.7 kUSD | 79.2 kUSD | 236.8 kUSD | 422.6 kUSD | 40.7 kUSD |
| Westhaven | 126.6 kUSD | 171.6 kUSD | 344.5 kUSD | 191.4 kUSD | 256.5 kUSD |
| Brookfield | 229.7 kUSD | 293.7 kUSD | 284.7 kUSD | 33.8 kUSD | 335.0 kUSD |
| Riverton | 308.4 kUSD | 244.9 kUSD | 65.5 kUSD | 278.7 kUSD | 146.5 kUSD |","Answer the question using the table. Perform the required calculation and return only the final value with its unit.

Table:
| Region | Online sales | Retail sales | Q4 sales | Q2 sales | Q1 sales |
| --- | --- | --- | --- | --- | --- |
| Oakridge | 238.5 kUSD | 102.2 kUSD | 82.3 kUSD | 57.8 kUSD | 84.9 kUSD |
| Maple | 245.7 kUSD | 117.4 kUSD | 126.6 kUSD | 456.7 kUSD | 42.9 kUSD |
| Pinehurst | 82.9 kUSD | 299.5 kUSD | 473.1 kUSD | 180.7 kUSD | 263.4 kUSD |
| Cedar | 182.7 kUSD | 79.2 kUSD | 236.8 kUSD | 422.6 kUSD | 40.7 kUSD |
| Westhaven | 126.6 kUSD | 171.6 kUSD | 344.5 kUSD | 191.4 kUSD | 256.5 kUSD |
| Brookfield | 229.7 kUSD | 293.7 kUSD | 284.7 kUSD | 33.8 kUSD | 335.0 kUSD |
| Riverton | 308.4 kUSD | 244.9 kUSD | 65.5 kUSD | 278.7 kUSD | 146.5 kUSD |

Question: Find the absolute difference between the Retail sales values of Maple and Oakridge.",15.2 kUSD,"[{""row_index"": 1, ""column_index"": 2, ""row_identifier_column"": ""Region"", ""row_identifier_value"": ""Maple"", ""column"": ""Retail sales"", ""raw_value"": 117.4, ""display_value"": ""117.4 kUSD""}, {""row_index"": 0, ""column_index"": 2, ""row_identifier_column"": ""Region"", ""row_identifier_value"": ""Oakridge"", ""column"": ""Retail sales"", ""raw_value"": 102.2, ""display_value"": ""102.2 kUSD""}]",absolute_difference,2,"{""headers"": [""Region"", ""Online sales"", ""Retail sales"", ""Q4 sales"", ""Q2 sales"", ""Q1 sales""], ""rows"": [[""Oakridge"", ""238.5 kUSD"", ""102.2 kUSD"", ""82.3 kUSD"", ""57.8 kUSD"", ""84.9 kUSD""], [""Maple"", ""245.7 kUSD"", ""117.4 kUSD"", ""126.6 kUSD"", ""456.7 kUSD"", ""42.9 kUSD""], [""Pinehurst"", ""82.9 kUSD"", ""299.5 kUSD"", ""473.1 kUSD"", ""180.7 kUSD"", ""263.4 kUSD""], [""Cedar"", ""182.7 kUSD"", ""79.2 kUSD"", ""236.8 kUSD"", ""422.6 kUSD"", ""40.7 kUSD""], [""Westhaven"", ""126.6 kUSD"", ""171.6 kUSD"", ""344.5 kUSD"", ""191.4 kUSD"", ""256.5 kUSD""], [""Brookfield"", ""229.7 kUSD"", ""293.7 kUSD"", ""284.7 kUSD"", ""33.8 kUSD"", ""335.0 kUSD""], [""Riverton"", ""308.4 kUSD"", ""244.9 kUSD"", ""65.5 kUSD"", ""278.7 kUSD"", ""146.5 kUSD""]]}"
A-L2-0176,2,cross_row_difference,ml_latency,Find the absolute difference between the Queue latency values of Pulse and Helix.,"| Preprocessing latency | Tokenization latency | Inference latency | Queue latency | Postprocessing latency | Network latency | Model |
| --- | --- | --- | --- | --- | --- | --- |
| 8.2 ms | 13.5 ms | 50.4 ms | 0.2 ms | 6.5 ms | 4.4 ms | Vertex |
| 23.1 ms | 20.4 ms | 41.3 ms | 67.0 ms | 2.5 ms | 4.9 ms | Delta |
| 32.1 ms | 15.4 ms | 93.7 ms | 25.6 ms | 1.5 ms | 86.6 ms | Nimbus |
| 33.8 ms | 24.6 ms | 5.3 ms | 67.0 ms | 8.6 ms | 9.4 ms | Helix |
| 34.5 ms | 5.7 ms | 159.1 ms | 26.0 ms | 29.0 ms | 50.3 ms | Quartz |
| 3.3 ms | 17.5 ms | 15.9 ms | 66.0 ms | 24.9 ms | 62.4 ms | Pulse |
| 28.3 ms | 8.2 ms | 113.9 ms | 21.8 ms | 29.0 ms | 80.3 ms | Aurora |","Answer the question using the table. Perform the required calculation and return only the final value with its unit.

Table:
| Preprocessing latency | Tokenization latency | Inference latency | Queue latency | Postprocessing latency | Network latency | Model |
| --- | --- | --- | --- | --- | --- | --- |
| 8.2 ms | 13.5 ms | 50.4 ms | 0.2 ms | 6.5 ms | 4.4 ms | Vertex |
| 23.1 ms | 20.4 ms | 41.3 ms | 67.0 ms | 2.5 ms | 4.9 ms | Delta |
| 32.1 ms | 15.4 ms | 93.7 ms | 25.6 ms | 1.5 ms | 86.6 ms | Nimbus |
| 33.8 ms | 24.6 ms | 5.3 ms | 67.0 ms | 8.6 ms | 9.4 ms | Helix |
| 34.5 ms | 5.7 ms | 159.1 ms | 26.0 ms | 29.0 ms | 50.3 ms | Quartz |
| 3.3 ms | 17.5 ms | 15.9 ms | 66.0 ms | 24.9 ms | 62.4 ms | Pulse |
| 28.3 ms | 8.2 ms | 113.9 ms | 21.8 ms | 29.0 ms | 80.3 ms | Aurora |

Question: Find the absolute difference between the Queue latency values of Pulse and Helix.",1.0 ms,"[{""row_index"": 5, ""column_index"": 3, ""row_identifier_column"": ""Model"", ""row_identifier_value"": ""Pulse"", ""column"": ""Queue latency"", ""raw_value"": 66.0, ""display_value"": ""66.0 ms""}, {""row_index"": 3, ""column_index"": 3, ""row_identifier_column"": ""Model"", ""row_identifier_value"": ""Helix"", ""column"": ""Queue latency"", ""raw_value"": 67.0, ""display_value"": ""67.0 ms""}]",absolute_difference,2,"{""headers"": [""Preprocessing latency"", ""Tokenization latency"", ""Inference latency"", ""Queue latency"", ""Postprocessing latency"", ""Network latency"", ""Model""], ""rows"": [[""8.2 ms"", ""13.5 ms"", ""50.4 ms"", ""0.2 ms"", ""6.5 ms"", ""4.4 ms"", ""Vertex""], [""23.1 ms"", ""20.4 ms"", ""41.3 ms"", ""67.0 ms"", ""2.5 ms"", ""4.9 ms"", ""Delta""], [""32.1 ms"", ""15.4 ms"", ""93.7 ms"", ""25.6 ms"", ""1.5 ms"", ""86.6 ms"", ""Nimbus""], [""33.8 ms"", ""24.6 ms"", ""5.3 ms"", ""67.0 ms"", ""8.6 ms"", ""9.4 ms"", ""Helix""], [""34.5 ms"", ""5.7 ms"", ""159.1 ms"", ""26.0 ms"", ""29.0 ms"", ""50.3 ms"", ""Quartz""], [""3.3 ms"", ""17.5 ms"", ""15.9 ms"", ""66.0 ms"", ""24.9 ms"", ""62.4 ms"", ""Pulse""], [""28.3 ms"", ""8.2 ms"", ""113.9 ms"", ""21.8 ms"", ""29.0 ms"", ""80.3 ms"", ""Aurora""]]}"
A-L2-0177,2,cross_row_difference,lab_mass_measurements,What is the absolute difference in Wet mass between Sample-K and Sample-A?,"| Dry mass | Wet mass | Initial mass | Container mass | Material mass | Sample | Final mass |
| --- | --- | --- | --- | --- | --- | --- |
| 82.7 g | 265.4 g | 19.3 g | 57.9 g | 171.3 g | Sample-I | 373.0 g |
| 67.8 g | 439.0 g | 445.3 g | 63.9 g | 210.0 g | Sample-G | 75.5 g |
| 96.1 g | 385.3 g | 354.4 g | 60.9 g | 33.1 g | Sample-K | 177.0 g |
| 223.9 g | 434.4 g | 228.5 g | 45.7 g | 282.4 g | Sample-B | 380.4 g |
| 262.5 g | 341.4 g | 74.7 g | 106.5 g | 309.5 g | Sample-A | 440.1 g |
| 147.1 g | 234.2 g | 166.8 g | 101.4 g | 123.0 g | Sample-D | 396.9 g |
| 135.4 g | 412.4 g | 386.3 g | 119.5 g | 236.2 g | Sample-J | 350.8 g |
| 188.9 g | 82.8 g | 141.3 g | 40.6 g | 76.2 g | Sample-L | 147.0 g |","Answer the question using the table. Perform the required calculation and return only the final value with its unit.

Table:
| Dry mass | Wet mass | Initial mass | Container mass | Material mass | Sample | Final mass |
| --- | --- | --- | --- | --- | --- | --- |
| 82.7 g | 265.4 g | 19.3 g | 57.9 g | 171.3 g | Sample-I | 373.0 g |
| 67.8 g | 439.0 g | 445.3 g | 63.9 g | 210.0 g | Sample-G | 75.5 g |
| 96.1 g | 385.3 g | 354.4 g | 60.9 g | 33.1 g | Sample-K | 177.0 g |
| 223.9 g | 434.4 g | 228.5 g | 45.7 g | 282.4 g | Sample-B | 380.4 g |
| 262.5 g | 341.4 g | 74.7 g | 106.5 g | 309.5 g | Sample-A | 440.1 g |
| 147.1 g | 234.2 g | 166.8 g | 101.4 g | 123.0 g | Sample-D | 396.9 g |
| 135.4 g | 412.4 g | 386.3 g | 119.5 g | 236.2 g | Sample-J | 350.8 g |
| 188.9 g | 82.8 g | 141.3 g | 40.6 g | 76.2 g | Sample-L | 147.0 g |

Question: What is the absolute difference in Wet mass between Sample-K and Sample-A?",43.9 g,"[{""row_index"": 2, ""column_index"": 1, ""row_identifier_column"": ""Sample"", ""row_identifier_value"": ""Sample-K"", ""column"": ""Wet mass"", ""raw_value"": 385.3, ""display_value"": ""385.3 g""}, {""row_index"": 4, ""column_index"": 1, ""row_identifier_column"": ""Sample"", ""row_identifier_value"": ""Sample-A"", ""column"": ""Wet mass"", ""raw_value"": 341.4, ""display_value"": ""341.4 g""}]",absolute_difference,2,"{""headers"": [""Dry mass"", ""Wet mass"", ""Initial mass"", ""Container mass"", ""Material mass"", ""Sample"", ""Final mass""], ""rows"": [[""82.7 g"", ""265.4 g"", ""19.3 g"", ""57.9 g"", ""171.3 g"", ""Sample-I"", ""373.0 g""], [""67.8 g"", ""439.0 g"", ""445.3 g"", ""63.9 g"", ""210.0 g"", ""Sample-G"", ""75.5 g""], [""96.1 g"", ""385.3 g"", ""354.4 g"", ""60.9 g"", ""33.1 g"", ""Sample-K"", ""177.0 g""], [""223.9 g"", ""434.4 g"", ""228.5 g"", ""45.7 g"", ""282.4 g"", ""Sample-B"", ""380.4 g""], [""262.5 g"", ""341.4 g"", ""74.7 g"", ""106.5 g"", ""309.5 g"", ""Sample-A"", ""440.1 g""], [""147.1 g"", ""234.2 g"", ""166.8 g"", ""101.4 g"", ""123.0 g"", ""Sample-D"", ""396.9 g""], [""135.4 g"", ""412.4 g"", ""386.3 g"", ""119.5 g"", ""236.2 g"", ""Sample-J"", ""350.8 g""], [""188.9 g"", ""82.8 g"", ""141.3 g"", ""40.6 g"", ""76.2 g"", ""Sample-L"", ""147.0 g""]]}"
A-L2-0178,2,same_row_difference,basketball_game,"For Ravens, what is the absolute difference between First-half points and Second-half points?","| Fast-break points | First-half points | Second-half points | Team | Free-throw points | Paint points |
| --- | --- | --- | --- | --- | --- |
| 9 points | 44 points | 24 points | Bulls | 29 points | 44 points |
| 19 points | 34 points | 24 points | Wolves | 18 points | 42 points |
| 18 points | 70 points | 56 points | Hawks | 6 points | 52 points |
| 22 points | 65 points | 66 points | Cyclones | 11 points | 40 points |
| 30 points | 37 points | 41 points | Ravens | 19 points | 17 points |
| 20 points | 58 points | 37 points | Sharks | 30 points | 16 points |","Answer the question using the table. Perform the required calculation and return only the final value with its unit.

Table:
| Fast-break points | First-half points | Second-half points | Team | Free-throw points | Paint points |
| --- | --- | --- | --- | --- | --- |
| 9 points | 44 points | 24 points | Bulls | 29 points | 44 points |
| 19 points | 34 points | 24 points | Wolves | 18 points | 42 points |
| 18 points | 70 points | 56 points | Hawks | 6 points | 52 points |
| 22 points | 65 points | 66 points | Cyclones | 11 points | 40 points |
| 30 points | 37 points | 41 points | Ravens | 19 points | 17 points |
| 20 points | 58 points | 37 points | Sharks | 30 points | 16 points |

Question: For Ravens, what is the absolute difference between First-half points and Second-half points?",4 points,"[{""row_index"": 4, ""column_index"": 1, ""row_identifier_column"": ""Team"", ""row_identifier_value"": ""Ravens"", ""column"": ""First-half points"", ""raw_value"": 37.0, ""display_value"": ""37 points""}, {""row_index"": 4, ""column_index"": 2, ""row_identifier_column"": ""Team"", ""row_identifier_value"": ""Ravens"", ""column"": ""Second-half points"", ""raw_value"": 41.0, ""display_value"": ""41 points""}]",absolute_difference,2,"{""headers"": [""Fast-break points"", ""First-half points"", ""Second-half points"", ""Team"", ""Free-throw points"", ""Paint points""], ""rows"": [[""9 points"", ""44 points"", ""24 points"", ""Bulls"", ""29 points"", ""44 points""], [""19 points"", ""34 points"", ""24 points"", ""Wolves"", ""18 points"", ""42 points""], [""18 points"", ""70 points"", ""56 points"", ""Hawks"", ""6 points"", ""52 points""], [""22 points"", ""65 points"", ""66 points"", ""Cyclones"", ""11 points"", ""40 points""], [""30 points"", ""37 points"", ""41 points"", ""Ravens"", ""19 points"", ""17 points""], [""20 points"", ""58 points"", ""37 points"", ""Sharks"", ""30 points"", ""16 points""]]}"
A-L2-0179,2,same_row_difference,rainfall_measurements,"For Hillcrest, what is the absolute difference between North gauge and South gauge?","| Station | Afternoon rainfall | South gauge | North gauge | Evening rainfall |
| --- | --- | --- | --- | --- |
| Clearwater | 37.3 mm | 60.5 mm | 62.1 mm | 27.1 mm |
| Lakeside | 15.4 mm | 69.6 mm | 33.2 mm | 41.1 mm |
| Hillcrest | 36.3 mm | 43.8 mm | 5.8 mm | 44.1 mm |
| Pinehurst | 22.7 mm | 60.2 mm | 14.9 mm | 23.3 mm |
| Oakridge | 35.0 mm | 47.0 mm | 13.9 mm | 45.7 mm |
| Brookfield | 29.0 mm | 40.5 mm | 7.8 mm | 42.4 mm |
| Orion | 51.1 mm | 0.9 mm | 20.8 mm | 33.4 mm |
| Westhaven | 38.2 mm | 55.8 mm | 11.3 mm | 32.8 mm |
| Maple | 4.2 mm | 33.3 mm | 41.7 mm | 16.3 mm |","Answer the question using the table. Perform the required calculation and return only the final value with its unit.

Table:
| Station | Afternoon rainfall | South gauge | North gauge | Evening rainfall |
| --- | --- | --- | --- | --- |
| Clearwater | 37.3 mm | 60.5 mm | 62.1 mm | 27.1 mm |
| Lakeside | 15.4 mm | 69.6 mm | 33.2 mm | 41.1 mm |
| Hillcrest | 36.3 mm | 43.8 mm | 5.8 mm | 44.1 mm |
| Pinehurst | 22.7 mm | 60.2 mm | 14.9 mm | 23.3 mm |
| Oakridge | 35.0 mm | 47.0 mm | 13.9 mm | 45.7 mm |
| Brookfield | 29.0 mm | 40.5 mm | 7.8 mm | 42.4 mm |
| Orion | 51.1 mm | 0.9 mm | 20.8 mm | 33.4 mm |
| Westhaven | 38.2 mm | 55.8 mm | 11.3 mm | 32.8 mm |
| Maple | 4.2 mm | 33.3 mm | 41.7 mm | 16.3 mm |

Question: For Hillcrest, what is the absolute difference between North gauge and South gauge?",38.0 mm,"[{""row_index"": 2, ""column_index"": 3, ""row_identifier_column"": ""Station"", ""row_identifier_value"": ""Hillcrest"", ""column"": ""North gauge"", ""raw_value"": 5.8, ""display_value"": ""5.8 mm""}, {""row_index"": 2, ""column_index"": 2, ""row_identifier_column"": ""Station"", ""row_identifier_value"": ""Hillcrest"", ""column"": ""South gauge"", ""raw_value"": 43.8, ""display_value"": ""43.8 mm""}]",absolute_difference,2,"{""headers"": [""Station"", ""Afternoon rainfall"", ""South gauge"", ""North gauge"", ""Evening rainfall""], ""rows"": [[""Clearwater"", ""37.3 mm"", ""60.5 mm"", ""62.1 mm"", ""27.1 mm""], [""Lakeside"", ""15.4 mm"", ""69.6 mm"", ""33.2 mm"", ""41.1 mm""], [""Hillcrest"", ""36.3 mm"", ""43.8 mm"", ""5.8 mm"", ""44.1 mm""], [""Pinehurst"", ""22.7 mm"", ""60.2 mm"", ""14.9 mm"", ""23.3 mm""], [""Oakridge"", ""35.0 mm"", ""47.0 mm"", ""13.9 mm"", ""45.7 mm""], [""Brookfield"", ""29.0 mm"", ""40.5 mm"", ""7.8 mm"", ""42.4 mm""], [""Orion"", ""51.1 mm"", ""0.9 mm"", ""20.8 mm"", ""33.4 mm""], [""Westhaven"", ""38.2 mm"", ""55.8 mm"", ""11.3 mm"", ""32.8 mm""], [""Maple"", ""4.2 mm"", ""33.3 mm"", ""41.7 mm"", ""16.3 mm""]]}"
A-L2-0180,2,same_row_difference,ml_latency,"For Sigma, what is the absolute difference between Inference latency and Postprocessing latency?","| Postprocessing latency | Inference latency | Tokenization latency | Model |
| --- | --- | --- | --- |
| 25.7 ms | 101.0 ms | 17.5 ms | Zenith |
| 26.8 ms | 167.4 ms | 12.2 ms | Sigma |
| 7.9 ms | 28.6 ms | 19.0 ms | Vertex |
| 3.7 ms | 156.0 ms | 10.5 ms | Aurora |
| 15.5 ms | 103.3 ms | 7.1 ms | Quartz |","Answer the question using the table. Perform the required calculation and return only the final value with its unit.

Table:
| Postprocessing latency | Inference latency | Tokenization latency | Model |
| --- | --- | --- | --- |
| 25.7 ms | 101.0 ms | 17.5 ms | Zenith |
| 26.8 ms | 167.4 ms | 12.2 ms | Sigma |
| 7.9 ms | 28.6 ms | 19.0 ms | Vertex |
| 3.7 ms | 156.0 ms | 10.5 ms | Aurora |
| 15.5 ms | 103.3 ms | 7.1 ms | Quartz |

Question: For Sigma, what is the absolute difference between Inference latency and Postprocessing latency?",140.6 ms,"[{""row_index"": 1, ""column_index"": 1, ""row_identifier_column"": ""Model"", ""row_identifier_value"": ""Sigma"", ""column"": ""Inference latency"", ""raw_value"": 167.4, ""display_value"": ""167.4 ms""}, {""row_index"": 1, ""column_index"": 0, ""row_identifier_column"": ""Model"", ""row_identifier_value"": ""Sigma"", ""column"": ""Postprocessing latency"", ""raw_value"": 26.8, ""display_value"": ""26.8 ms""}]",absolute_difference,2,"{""headers"": [""Postprocessing latency"", ""Inference latency"", ""Tokenization latency"", ""Model""], ""rows"": [[""25.7 ms"", ""101.0 ms"", ""17.5 ms"", ""Zenith""], [""26.8 ms"", ""167.4 ms"", ""12.2 ms"", ""Sigma""], [""7.9 ms"", ""28.6 ms"", ""19.0 ms"", ""Vertex""], [""3.7 ms"", ""156.0 ms"", ""10.5 ms"", ""Aurora""], [""15.5 ms"", ""103.3 ms"", ""7.1 ms"", ""Quartz""]]}"
A-L2-0181,2,same_row_sum,basketball_game,Add Knights's First-half points and Second-half points. What is the total?,"| Bench points | Team | First-half points | Paint points | Fast-break points | Second-half points |
| --- | --- | --- | --- | --- | --- |
| 31 points | Wolves | 37 points | 13 points | 16 points | 60 points |
| 26 points | Dragons | 51 points | 55 points | 27 points | 38 points |
| 40 points | Hawks | 32 points | 52 points | 19 points | 37 points |
| 37 points | Ravens | 38 points | 27 points | 16 points | 48 points |
| 14 points | Knights | 40 points | 46 points | 22 points | 42 points |
| 17 points | Falcons | 45 points | 46 points | 3 points | 62 points |","Answer the question using the table. Perform the required calculation and return only the final value with its unit.

Table:
| Bench points | Team | First-half points | Paint points | Fast-break points | Second-half points |
| --- | --- | --- | --- | --- | --- |
| 31 points | Wolves | 37 points | 13 points | 16 points | 60 points |
| 26 points | Dragons | 51 points | 55 points | 27 points | 38 points |
| 40 points | Hawks | 32 points | 52 points | 19 points | 37 points |
| 37 points | Ravens | 38 points | 27 points | 16 points | 48 points |
| 14 points | Knights | 40 points | 46 points | 22 points | 42 points |
| 17 points | Falcons | 45 points | 46 points | 3 points | 62 points |

Question: Add Knights's First-half points and Second-half points. What is the total?",82 points,"[{""row_index"": 4, ""column_index"": 2, ""row_identifier_column"": ""Team"", ""row_identifier_value"": ""Knights"", ""column"": ""First-half points"", ""raw_value"": 40.0, ""display_value"": ""40 points""}, {""row_index"": 4, ""column_index"": 5, ""row_identifier_column"": ""Team"", ""row_identifier_value"": ""Knights"", ""column"": ""Second-half points"", ""raw_value"": 42.0, ""display_value"": ""42 points""}]",add,2,"{""headers"": [""Bench points"", ""Team"", ""First-half points"", ""Paint points"", ""Fast-break points"", ""Second-half points""], ""rows"": [[""31 points"", ""Wolves"", ""37 points"", ""13 points"", ""16 points"", ""60 points""], [""26 points"", ""Dragons"", ""51 points"", ""55 points"", ""27 points"", ""38 points""], [""40 points"", ""Hawks"", ""32 points"", ""52 points"", ""19 points"", ""37 points""], [""37 points"", ""Ravens"", ""38 points"", ""27 points"", ""16 points"", ""48 points""], [""14 points"", ""Knights"", ""40 points"", ""46 points"", ""22 points"", ""42 points""], [""17 points"", ""Falcons"", ""45 points"", ""46 points"", ""3 points"", ""62 points""]]}"
A-L2-0182,2,cross_row_sum,rainfall_measurements,What is the combined Storm rainfall of Fairview and Westhaven?,"| Morning rainfall | South gauge | Storm rainfall | Afternoon rainfall | Station | North gauge | Evening rainfall |
| --- | --- | --- | --- | --- | --- | --- |
| 14.8 mm | 2.9 mm | 45.0 mm | 23.4 mm | Orion | 60.9 mm | 8.5 mm |
| 30.5 mm | 55.1 mm | 58.3 mm | 12.1 mm | Westhaven | 36.5 mm | 24.7 mm |
| 29.9 mm | 61.4 mm | 58.9 mm | 48.5 mm | Oakridge | 17.4 mm | 34.4 mm |
| 20.3 mm | 30.9 mm | 94.3 mm | 2.4 mm | Hillcrest | 29.9 mm | 10.9 mm |
| 3.1 mm | 67.6 mm | 29.0 mm | 35.1 mm | Fairview | 41.1 mm | 39.5 mm |
| 5.4 mm | 59.1 mm | 46.4 mm | 33.3 mm | Pinehurst | 21.5 mm | 52.0 mm |
| 29.6 mm | 65.6 mm | 34.1 mm | 28.6 mm | Brookfield | 52.3 mm | 21.8 mm |
| 31.1 mm | 22.8 mm | 81.2 mm | 48.5 mm | Cedar | 25.8 mm | 43.2 mm |","Answer the question using the table. Perform the required calculation and return only the final value with its unit.

Table:
| Morning rainfall | South gauge | Storm rainfall | Afternoon rainfall | Station | North gauge | Evening rainfall |
| --- | --- | --- | --- | --- | --- | --- |
| 14.8 mm | 2.9 mm | 45.0 mm | 23.4 mm | Orion | 60.9 mm | 8.5 mm |
| 30.5 mm | 55.1 mm | 58.3 mm | 12.1 mm | Westhaven | 36.5 mm | 24.7 mm |
| 29.9 mm | 61.4 mm | 58.9 mm | 48.5 mm | Oakridge | 17.4 mm | 34.4 mm |
| 20.3 mm | 30.9 mm | 94.3 mm | 2.4 mm | Hillcrest | 29.9 mm | 10.9 mm |
| 3.1 mm | 67.6 mm | 29.0 mm | 35.1 mm | Fairview | 41.1 mm | 39.5 mm |
| 5.4 mm | 59.1 mm | 46.4 mm | 33.3 mm | Pinehurst | 21.5 mm | 52.0 mm |
| 29.6 mm | 65.6 mm | 34.1 mm | 28.6 mm | Brookfield | 52.3 mm | 21.8 mm |
| 31.1 mm | 22.8 mm | 81.2 mm | 48.5 mm | Cedar | 25.8 mm | 43.2 mm |

Question: What is the combined Storm rainfall of Fairview and Westhaven?",87.3 mm,"[{""row_index"": 4, ""column_index"": 2, ""row_identifier_column"": ""Station"", ""row_identifier_value"": ""Fairview"", ""column"": ""Storm rainfall"", ""raw_value"": 29.0, ""display_value"": ""29.0 mm""}, {""row_index"": 1, ""column_index"": 2, ""row_identifier_column"": ""Station"", ""row_identifier_value"": ""Westhaven"", ""column"": ""Storm rainfall"", ""raw_value"": 58.3, ""display_value"": ""58.3 mm""}]",add,2,"{""headers"": [""Morning rainfall"", ""South gauge"", ""Storm rainfall"", ""Afternoon rainfall"", ""Station"", ""North gauge"", ""Evening rainfall""], ""rows"": [[""14.8 mm"", ""2.9 mm"", ""45.0 mm"", ""23.4 mm"", ""Orion"", ""60.9 mm"", ""8.5 mm""], [""30.5 mm"", ""55.1 mm"", ""58.3 mm"", ""12.1 mm"", ""Westhaven"", ""36.5 mm"", ""24.7 mm""], [""29.9 mm"", ""61.4 mm"", ""58.9 mm"", ""48.5 mm"", ""Oakridge"", ""17.4 mm"", ""34.4 mm""], [""20.3 mm"", ""30.9 mm"", ""94.3 mm"", ""2.4 mm"", ""Hillcrest"", ""29.9 mm"", ""10.9 mm""], [""3.1 mm"", ""67.6 mm"", ""29.0 mm"", ""35.1 mm"", ""Fairview"", ""41.1 mm"", ""39.5 mm""], [""5.4 mm"", ""59.1 mm"", ""46.4 mm"", ""33.3 mm"", ""Pinehurst"", ""21.5 mm"", ""52.0 mm""], [""29.6 mm"", ""65.6 mm"", ""34.1 mm"", ""28.6 mm"", ""Brookfield"", ""52.3 mm"", ""21.8 mm""], [""31.1 mm"", ""22.8 mm"", ""81.2 mm"", ""48.5 mm"", ""Cedar"", ""25.8 mm"", ""43.2 mm""]]}"
A-L2-0183,2,same_row_difference,ml_latency,Find the absolute difference between Nimbus's Network latency and Queue latency.,"| Model | Network latency | Preprocessing latency | Postprocessing latency | Queue latency | Inference latency | Tokenization latency |
| --- | --- | --- | --- | --- | --- | --- |
| Pulse | 27.6 ms | 21.9 ms | 1.7 ms | 76.3 ms | 168.2 ms | 17.1 ms |
| Sigma | 52.4 ms | 4.7 ms | 28.7 ms | 44.8 ms | 155.2 ms | 9.7 ms |
| Nimbus | 59.1 ms | 29.6 ms | 23.2 ms | 54.2 ms | 11.6 ms | 4.2 ms |
| Helix | 68.6 ms | 15.6 ms | 21.4 ms | 51.8 ms | 138.7 ms | 18.8 ms |","Answer the question using the table. Perform the required calculation and return only the final value with its unit.

Table:
| Model | Network latency | Preprocessing latency | Postprocessing latency | Queue latency | Inference latency | Tokenization latency |
| --- | --- | --- | --- | --- | --- | --- |
| Pulse | 27.6 ms | 21.9 ms | 1.7 ms | 76.3 ms | 168.2 ms | 17.1 ms |
| Sigma | 52.4 ms | 4.7 ms | 28.7 ms | 44.8 ms | 155.2 ms | 9.7 ms |
| Nimbus | 59.1 ms | 29.6 ms | 23.2 ms | 54.2 ms | 11.6 ms | 4.2 ms |
| Helix | 68.6 ms | 15.6 ms | 21.4 ms | 51.8 ms | 138.7 ms | 18.8 ms |

Question: Find the absolute difference between Nimbus's Network latency and Queue latency.",4.9 ms,"[{""row_index"": 2, ""column_index"": 1, ""row_identifier_column"": ""Model"", ""row_identifier_value"": ""Nimbus"", ""column"": ""Network latency"", ""raw_value"": 59.1, ""display_value"": ""59.1 ms""}, {""row_index"": 2, ""column_index"": 4, ""row_identifier_column"": ""Model"", ""row_identifier_value"": ""Nimbus"", ""column"": ""Queue latency"", ""raw_value"": 54.2, ""display_value"": ""54.2 ms""}]",absolute_difference,2,"{""headers"": [""Model"", ""Network latency"", ""Preprocessing latency"", ""Postprocessing latency"", ""Queue latency"", ""Inference latency"", ""Tokenization latency""], ""rows"": [[""Pulse"", ""27.6 ms"", ""21.9 ms"", ""1.7 ms"", ""76.3 ms"", ""168.2 ms"", ""17.1 ms""], [""Sigma"", ""52.4 ms"", ""4.7 ms"", ""28.7 ms"", ""44.8 ms"", ""155.2 ms"", ""9.7 ms""], [""Nimbus"", ""59.1 ms"", ""29.6 ms"", ""23.2 ms"", ""54.2 ms"", ""11.6 ms"", ""4.2 ms""], [""Helix"", ""68.6 ms"", ""15.6 ms"", ""21.4 ms"", ""51.8 ms"", ""138.7 ms"", ""18.8 ms""]]}"
A-L2-0184,2,same_row_difference,hiking_route,Find the absolute difference between Ava's Morning distance and Afternoon distance.,"| Hiker | Afternoon distance | Uphill distance | Ridge distance | Downhill distance | Morning distance |
| --- | --- | --- | --- | --- | --- |
| Hana | 12.9 km | 8.0 km | 13.1 km | 4.4 km | 8.4 km |
| Oliver | 15.7 km | 9.0 km | 6.3 km | 2.8 km | 13.1 km |
| Ava | 15.3 km | 2.9 km | 14.5 km | 0.9 km | 18.0 km |
| Lucas | 2.6 km | 2.8 km | 1.5 km | 11.5 km | 4.8 km |
| Yuna | 7.4 km | 2.7 km | 14.8 km | 9.4 km | 13.6 km |","Answer the question using the table. Perform the required calculation and return only the final value with its unit.

Table:
| Hiker | Afternoon distance | Uphill distance | Ridge distance | Downhill distance | Morning distance |
| --- | --- | --- | --- | --- | --- |
| Hana | 12.9 km | 8.0 km | 13.1 km | 4.4 km | 8.4 km |
| Oliver | 15.7 km | 9.0 km | 6.3 km | 2.8 km | 13.1 km |
| Ava | 15.3 km | 2.9 km | 14.5 km | 0.9 km | 18.0 km |
| Lucas | 2.6 km | 2.8 km | 1.5 km | 11.5 km | 4.8 km |
| Yuna | 7.4 km | 2.7 km | 14.8 km | 9.4 km | 13.6 km |

Question: Find the absolute difference between Ava's Morning distance and Afternoon distance.",2.7 km,"[{""row_index"": 2, ""column_index"": 5, ""row_identifier_column"": ""Hiker"", ""row_identifier_value"": ""Ava"", ""column"": ""Morning distance"", ""raw_value"": 18.0, ""display_value"": ""18.0 km""}, {""row_index"": 2, ""column_index"": 1, ""row_identifier_column"": ""Hiker"", ""row_identifier_value"": ""Ava"", ""column"": ""Afternoon distance"", ""raw_value"": 15.3, ""display_value"": ""15.3 km""}]",absolute_difference,2,"{""headers"": [""Hiker"", ""Afternoon distance"", ""Uphill distance"", ""Ridge distance"", ""Downhill distance"", ""Morning distance""], ""rows"": [[""Hana"", ""12.9 km"", ""8.0 km"", ""13.1 km"", ""4.4 km"", ""8.4 km""], [""Oliver"", ""15.7 km"", ""9.0 km"", ""6.3 km"", ""2.8 km"", ""13.1 km""], [""Ava"", ""15.3 km"", ""2.9 km"", ""14.5 km"", ""0.9 km"", ""18.0 km""], [""Lucas"", ""2.6 km"", ""2.8 km"", ""1.5 km"", ""11.5 km"", ""4.8 km""], [""Yuna"", ""7.4 km"", ""2.7 km"", ""14.8 km"", ""9.4 km"", ""13.6 km""]]}"
A-L2-0185,2,same_row_difference,quarterly_sales,How far apart are the Q3 sales and Q4 sales values for Pinehurst? Return the absolute difference.,"| Retail sales | Region | Q4 sales | Online sales | Q3 sales |
| --- | --- | --- | --- | --- |
| 278.3 kUSD | Pinehurst | 424.4 kUSD | 53.9 kUSD | 355.8 kUSD |
| 137.0 kUSD | Fairview | 246.2 kUSD | 49.8 kUSD | 464.5 kUSD |
| 46.1 kUSD | Westhaven | 480.1 kUSD | 233.5 kUSD | 351.0 kUSD |
| 129.0 kUSD | Hillcrest | 491.9 kUSD | 45.7 kUSD | 93.2 kUSD |","Answer the question using the table. Perform the required calculation and return only the final value with its unit.

Table:
| Retail sales | Region | Q4 sales | Online sales | Q3 sales |
| --- | --- | --- | --- | --- |
| 278.3 kUSD | Pinehurst | 424.4 kUSD | 53.9 kUSD | 355.8 kUSD |
| 137.0 kUSD | Fairview | 246.2 kUSD | 49.8 kUSD | 464.5 kUSD |
| 46.1 kUSD | Westhaven | 480.1 kUSD | 233.5 kUSD | 351.0 kUSD |
| 129.0 kUSD | Hillcrest | 491.9 kUSD | 45.7 kUSD | 93.2 kUSD |

Question: How far apart are the Q3 sales and Q4 sales values for Pinehurst? Return the absolute difference.",68.6 kUSD,"[{""row_index"": 0, ""column_index"": 4, ""row_identifier_column"": ""Region"", ""row_identifier_value"": ""Pinehurst"", ""column"": ""Q3 sales"", ""raw_value"": 355.8, ""display_value"": ""355.8 kUSD""}, {""row_index"": 0, ""column_index"": 2, ""row_identifier_column"": ""Region"", ""row_identifier_value"": ""Pinehurst"", ""column"": ""Q4 sales"", ""raw_value"": 424.4, ""display_value"": ""424.4 kUSD""}]",absolute_difference,2,"{""headers"": [""Retail sales"", ""Region"", ""Q4 sales"", ""Online sales"", ""Q3 sales""], ""rows"": [[""278.3 kUSD"", ""Pinehurst"", ""424.4 kUSD"", ""53.9 kUSD"", ""355.8 kUSD""], [""137.0 kUSD"", ""Fairview"", ""246.2 kUSD"", ""49.8 kUSD"", ""464.5 kUSD""], [""46.1 kUSD"", ""Westhaven"", ""480.1 kUSD"", ""233.5 kUSD"", ""351.0 kUSD""], [""129.0 kUSD"", ""Hillcrest"", ""491.9 kUSD"", ""45.7 kUSD"", ""93.2 kUSD""]]}"
A-L2-0186,2,cross_row_difference,race_sector_times,How far apart are Ethan and Noah in Stop time? Return the absolute difference.,"| Sector 3 time | Pit-lane time | Stop time | Penalty time | Driver | Sector 2 time |
| --- | --- | --- | --- | --- | --- |
| 28.33 s | 12.92 s | 9.06 s | 5.09 s | Daniel | 43.47 s |
| 23.06 s | 29.38 s | 11.14 s | 3.88 s | Ethan | 21.89 s |
| 26.99 s | 21.14 s | 13.00 s | 1.16 s | Noah | 30.92 s |
| 25.01 s | 33.42 s | 4.41 s | 1.51 s | Iris | 32.34 s |
| 39.69 s | 16.46 s | 2.77 s | 9.65 s | Nora | 20.05 s |","Answer the question using the table. Perform the required calculation and return only the final value with its unit.

Table:
| Sector 3 time | Pit-lane time | Stop time | Penalty time | Driver | Sector 2 time |
| --- | --- | --- | --- | --- | --- |
| 28.33 s | 12.92 s | 9.06 s | 5.09 s | Daniel | 43.47 s |
| 23.06 s | 29.38 s | 11.14 s | 3.88 s | Ethan | 21.89 s |
| 26.99 s | 21.14 s | 13.00 s | 1.16 s | Noah | 30.92 s |
| 25.01 s | 33.42 s | 4.41 s | 1.51 s | Iris | 32.34 s |
| 39.69 s | 16.46 s | 2.77 s | 9.65 s | Nora | 20.05 s |

Question: How far apart are Ethan and Noah in Stop time? Return the absolute difference.",1.86 s,"[{""row_index"": 1, ""column_index"": 2, ""row_identifier_column"": ""Driver"", ""row_identifier_value"": ""Ethan"", ""column"": ""Stop time"", ""raw_value"": 11.14, ""display_value"": ""11.14 s""}, {""row_index"": 2, ""column_index"": 2, ""row_identifier_column"": ""Driver"", ""row_identifier_value"": ""Noah"", ""column"": ""Stop time"", ""raw_value"": 13.0, ""display_value"": ""13.00 s""}]",absolute_difference,2,"{""headers"": [""Sector 3 time"", ""Pit-lane time"", ""Stop time"", ""Penalty time"", ""Driver"", ""Sector 2 time""], ""rows"": [[""28.33 s"", ""12.92 s"", ""9.06 s"", ""5.09 s"", ""Daniel"", ""43.47 s""], [""23.06 s"", ""29.38 s"", ""11.14 s"", ""3.88 s"", ""Ethan"", ""21.89 s""], [""26.99 s"", ""21.14 s"", ""13.00 s"", ""1.16 s"", ""Noah"", ""30.92 s""], [""25.01 s"", ""33.42 s"", ""4.41 s"", ""1.51 s"", ""Iris"", ""32.34 s""], [""39.69 s"", ""16.46 s"", ""2.77 s"", ""9.65 s"", ""Nora"", ""20.05 s""]]}"
A-L2-0187,2,same_row_sum,lab_mass_measurements,"According to the table, what is the combined value of Container mass and Material mass for Sample-L?","| Material mass | Sample | Final mass | Container mass |
| --- | --- | --- | --- |
| 392.8 g | Sample-I | 321.4 g | 18.8 g |
| 172.8 g | Sample-A | 389.7 g | 74.8 g |
| 90.5 g | Sample-H | 363.2 g | 72.9 g |
| 364.9 g | Sample-L | 313.1 g | 14.0 g |
| 379.2 g | Sample-C | 213.9 g | 107.6 g |
| 60.5 g | Sample-F | 97.1 g | 7.1 g |","Answer the question using the table. Perform the required calculation and return only the final value with its unit.

Table:
| Material mass | Sample | Final mass | Container mass |
| --- | --- | --- | --- |
| 392.8 g | Sample-I | 321.4 g | 18.8 g |
| 172.8 g | Sample-A | 389.7 g | 74.8 g |
| 90.5 g | Sample-H | 363.2 g | 72.9 g |
| 364.9 g | Sample-L | 313.1 g | 14.0 g |
| 379.2 g | Sample-C | 213.9 g | 107.6 g |
| 60.5 g | Sample-F | 97.1 g | 7.1 g |

Question: According to the table, what is the combined value of Container mass and Material mass for Sample-L?",378.9 g,"[{""row_index"": 3, ""column_index"": 3, ""row_identifier_column"": ""Sample"", ""row_identifier_value"": ""Sample-L"", ""column"": ""Container mass"", ""raw_value"": 14.0, ""display_value"": ""14.0 g""}, {""row_index"": 3, ""column_index"": 0, ""row_identifier_column"": ""Sample"", ""row_identifier_value"": ""Sample-L"", ""column"": ""Material mass"", ""raw_value"": 364.9, ""display_value"": ""364.9 g""}]",add,2,"{""headers"": [""Material mass"", ""Sample"", ""Final mass"", ""Container mass""], ""rows"": [[""392.8 g"", ""Sample-I"", ""321.4 g"", ""18.8 g""], [""172.8 g"", ""Sample-A"", ""389.7 g"", ""74.8 g""], [""90.5 g"", ""Sample-H"", ""363.2 g"", ""72.9 g""], [""364.9 g"", ""Sample-L"", ""313.1 g"", ""14.0 g""], [""379.2 g"", ""Sample-C"", ""213.9 g"", ""107.6 g""], [""60.5 g"", ""Sample-F"", ""97.1 g"", ""7.1 g""]]}"
A-L2-0188,2,same_row_difference,battery_energy,How far apart are the Charge energy and Discharge energy values for Cell-B2? Return the absolute difference.,"| Charge energy | Cell | Afternoon energy | Morning energy | Auxiliary energy | Evening energy | Discharge energy |
| --- | --- | --- | --- | --- | --- | --- |
| 10.51 kWh | Cell-A2 | 1.75 kWh | 1.18 kWh | 3.44 kWh | 1.85 kWh | 5.32 kWh |
| 0.81 kWh | Cell-E1 | 4.49 kWh | 7.22 kWh | 4.21 kWh | 1.97 kWh | 5.44 kWh |
| 7.99 kWh | Cell-F2 | 6.50 kWh | 5.52 kWh | 2.66 kWh | 1.02 kWh | 9.35 kWh |
| 8.15 kWh | Cell-B2 | 5.64 kWh | 5.45 kWh | 4.48 kWh | 2.31 kWh | 8.92 kWh |
| 10.45 kWh | Cell-C1 | 1.40 kWh | 7.19 kWh | 4.08 kWh | 4.48 kWh | 6.32 kWh |","Answer the question using the table. Perform the required calculation and return only the final value with its unit.

Table:
| Charge energy | Cell | Afternoon energy | Morning energy | Auxiliary energy | Evening energy | Discharge energy |
| --- | --- | --- | --- | --- | --- | --- |
| 10.51 kWh | Cell-A2 | 1.75 kWh | 1.18 kWh | 3.44 kWh | 1.85 kWh | 5.32 kWh |
| 0.81 kWh | Cell-E1 | 4.49 kWh | 7.22 kWh | 4.21 kWh | 1.97 kWh | 5.44 kWh |
| 7.99 kWh | Cell-F2 | 6.50 kWh | 5.52 kWh | 2.66 kWh | 1.02 kWh | 9.35 kWh |
| 8.15 kWh | Cell-B2 | 5.64 kWh | 5.45 kWh | 4.48 kWh | 2.31 kWh | 8.92 kWh |
| 10.45 kWh | Cell-C1 | 1.40 kWh | 7.19 kWh | 4.08 kWh | 4.48 kWh | 6.32 kWh |

Question: How far apart are the Charge energy and Discharge energy values for Cell-B2? Return the absolute difference.",0.77 kWh,"[{""row_index"": 3, ""column_index"": 0, ""row_identifier_column"": ""Cell"", ""row_identifier_value"": ""Cell-B2"", ""column"": ""Charge energy"", ""raw_value"": 8.15, ""display_value"": ""8.15 kWh""}, {""row_index"": 3, ""column_index"": 6, ""row_identifier_column"": ""Cell"", ""row_identifier_value"": ""Cell-B2"", ""column"": ""Discharge energy"", ""raw_value"": 8.92, ""display_value"": ""8.92 kWh""}]",absolute_difference,2,"{""headers"": [""Charge energy"", ""Cell"", ""Afternoon energy"", ""Morning energy"", ""Auxiliary energy"", ""Evening energy"", ""Discharge energy""], ""rows"": [[""10.51 kWh"", ""Cell-A2"", ""1.75 kWh"", ""1.18 kWh"", ""3.44 kWh"", ""1.85 kWh"", ""5.32 kWh""], [""0.81 kWh"", ""Cell-E1"", ""4.49 kWh"", ""7.22 kWh"", ""4.21 kWh"", ""1.97 kWh"", ""5.44 kWh""], [""7.99 kWh"", ""Cell-F2"", ""6.50 kWh"", ""5.52 kWh"", ""2.66 kWh"", ""1.02 kWh"", ""9.35 kWh""], [""8.15 kWh"", ""Cell-B2"", ""5.64 kWh"", ""5.45 kWh"", ""4.48 kWh"", ""2.31 kWh"", ""8.92 kWh""], [""10.45 kWh"", ""Cell-C1"", ""1.40 kWh"", ""7.19 kWh"", ""4.08 kWh"", ""4.48 kWh"", ""6.32 kWh""]]}"
A-L2-0189,2,same_row_sum,battery_energy,"For Cell-A2, what is Morning energy plus Afternoon energy?","| Afternoon energy | Discharge energy | Evening energy | Cell | Auxiliary energy | Morning energy | Charge energy |
| --- | --- | --- | --- | --- | --- | --- |
| 7.79 kWh | 7.62 kWh | 5.13 kWh | Cell-A2 | 4.18 kWh | 6.12 kWh | 8.87 kWh |
| 0.69 kWh | 0.66 kWh | 4.47 kWh | Cell-B2 | 2.82 kWh | 1.21 kWh | 3.67 kWh |
| 7.91 kWh | 10.29 kWh | 2.82 kWh | Cell-F1 | 4.13 kWh | 4.54 kWh | 5.73 kWh |
| 5.96 kWh | 3.62 kWh | 2.13 kWh | Cell-B1 | 3.30 kWh | 3.61 kWh | 7.01 kWh |
| 4.57 kWh | 3.22 kWh | 7.36 kWh | Cell-F2 | 1.19 kWh | 1.29 kWh | 11.66 kWh |
| 7.24 kWh | 7.32 kWh | 2.54 kWh | Cell-D2 | 3.00 kWh | 5.72 kWh | 4.30 kWh |
| 3.67 kWh | 2.11 kWh | 6.70 kWh | Cell-E2 | 2.56 kWh | 3.18 kWh | 2.41 kWh |
| 6.73 kWh | 10.52 kWh | 4.61 kWh | Cell-C2 | 3.84 kWh | 7.38 kWh | 6.79 kWh |","Answer the question using the table. Perform the required calculation and return only the final value with its unit.

Table:
| Afternoon energy | Discharge energy | Evening energy | Cell | Auxiliary energy | Morning energy | Charge energy |
| --- | --- | --- | --- | --- | --- | --- |
| 7.79 kWh | 7.62 kWh | 5.13 kWh | Cell-A2 | 4.18 kWh | 6.12 kWh | 8.87 kWh |
| 0.69 kWh | 0.66 kWh | 4.47 kWh | Cell-B2 | 2.82 kWh | 1.21 kWh | 3.67 kWh |
| 7.91 kWh | 10.29 kWh | 2.82 kWh | Cell-F1 | 4.13 kWh | 4.54 kWh | 5.73 kWh |
| 5.96 kWh | 3.62 kWh | 2.13 kWh | Cell-B1 | 3.30 kWh | 3.61 kWh | 7.01 kWh |
| 4.57 kWh | 3.22 kWh | 7.36 kWh | Cell-F2 | 1.19 kWh | 1.29 kWh | 11.66 kWh |
| 7.24 kWh | 7.32 kWh | 2.54 kWh | Cell-D2 | 3.00 kWh | 5.72 kWh | 4.30 kWh |
| 3.67 kWh | 2.11 kWh | 6.70 kWh | Cell-E2 | 2.56 kWh | 3.18 kWh | 2.41 kWh |
| 6.73 kWh | 10.52 kWh | 4.61 kWh | Cell-C2 | 3.84 kWh | 7.38 kWh | 6.79 kWh |

Question: For Cell-A2, what is Morning energy plus Afternoon energy?",13.91 kWh,"[{""row_index"": 0, ""column_index"": 5, ""row_identifier_column"": ""Cell"", ""row_identifier_value"": ""Cell-A2"", ""column"": ""Morning energy"", ""raw_value"": 6.12, ""display_value"": ""6.12 kWh""}, {""row_index"": 0, ""column_index"": 0, ""row_identifier_column"": ""Cell"", ""row_identifier_value"": ""Cell-A2"", ""column"": ""Afternoon energy"", ""raw_value"": 7.79, ""display_value"": ""7.79 kWh""}]",add,2,"{""headers"": [""Afternoon energy"", ""Discharge energy"", ""Evening energy"", ""Cell"", ""Auxiliary energy"", ""Morning energy"", ""Charge energy""], ""rows"": [[""7.79 kWh"", ""7.62 kWh"", ""5.13 kWh"", ""Cell-A2"", ""4.18 kWh"", ""6.12 kWh"", ""8.87 kWh""], [""0.69 kWh"", ""0.66 kWh"", ""4.47 kWh"", ""Cell-B2"", ""2.82 kWh"", ""1.21 kWh"", ""3.67 kWh""], [""7.91 kWh"", ""10.29 kWh"", ""2.82 kWh"", ""Cell-F1"", ""4.13 kWh"", ""4.54 kWh"", ""5.73 kWh""], [""5.96 kWh"", ""3.62 kWh"", ""2.13 kWh"", ""Cell-B1"", ""3.30 kWh"", ""3.61 kWh"", ""7.01 kWh""], [""4.57 kWh"", ""3.22 kWh"", ""7.36 kWh"", ""Cell-F2"", ""1.19 kWh"", ""1.29 kWh"", ""11.66 kWh""], [""7.24 kWh"", ""7.32 kWh"", ""2.54 kWh"", ""Cell-D2"", ""3.00 kWh"", ""5.72 kWh"", ""4.30 kWh""], [""3.67 kWh"", ""2.11 kWh"", ""6.70 kWh"", ""Cell-E2"", ""2.56 kWh"", ""3.18 kWh"", ""2.41 kWh""], [""6.73 kWh"", ""10.52 kWh"", ""4.61 kWh"", ""Cell-C2"", ""3.84 kWh"", ""7.38 kWh"", ""6.79 kWh""]]}"
A-L2-0190,2,same_row_difference,quarterly_sales,Find the absolute difference between Hillcrest's Online sales and Retail sales.,"| Q2 sales | Retail sales | Online sales | Region | Q3 sales |
| --- | --- | --- | --- | --- |
| 136.5 kUSD | 203.8 kUSD | 158.9 kUSD | Maple | 38.0 kUSD |
| 450.1 kUSD | 85.6 kUSD | 254.2 kUSD | Hillcrest | 449.5 kUSD |
| 80.3 kUSD | 29.5 kUSD | 225.6 kUSD | Riverton | 51.7 kUSD |
| 41.0 kUSD | 52.6 kUSD | 78.3 kUSD | Oakridge | 426.3 kUSD |
| 414.3 kUSD | 89.9 kUSD | 120.0 kUSD | Pinehurst | 497.8 kUSD |
| 77.7 kUSD | 137.7 kUSD | 168.6 kUSD | Cedar | 42.9 kUSD |
| 311.4 kUSD | 128.1 kUSD | 38.0 kUSD | Fairview | 156.1 kUSD |","Answer the question using the table. Perform the required calculation and return only the final value with its unit.

Table:
| Q2 sales | Retail sales | Online sales | Region | Q3 sales |
| --- | --- | --- | --- | --- |
| 136.5 kUSD | 203.8 kUSD | 158.9 kUSD | Maple | 38.0 kUSD |
| 450.1 kUSD | 85.6 kUSD | 254.2 kUSD | Hillcrest | 449.5 kUSD |
| 80.3 kUSD | 29.5 kUSD | 225.6 kUSD | Riverton | 51.7 kUSD |
| 41.0 kUSD | 52.6 kUSD | 78.3 kUSD | Oakridge | 426.3 kUSD |
| 414.3 kUSD | 89.9 kUSD | 120.0 kUSD | Pinehurst | 497.8 kUSD |
| 77.7 kUSD | 137.7 kUSD | 168.6 kUSD | Cedar | 42.9 kUSD |
| 311.4 kUSD | 128.1 kUSD | 38.0 kUSD | Fairview | 156.1 kUSD |

Question: Find the absolute difference between Hillcrest's Online sales and Retail sales.",168.6 kUSD,"[{""row_index"": 1, ""column_index"": 2, ""row_identifier_column"": ""Region"", ""row_identifier_value"": ""Hillcrest"", ""column"": ""Online sales"", ""raw_value"": 254.2, ""display_value"": ""254.2 kUSD""}, {""row_index"": 1, ""column_index"": 1, ""row_identifier_column"": ""Region"", ""row_identifier_value"": ""Hillcrest"", ""column"": ""Retail sales"", ""raw_value"": 85.6, ""display_value"": ""85.6 kUSD""}]",absolute_difference,2,"{""headers"": [""Q2 sales"", ""Retail sales"", ""Online sales"", ""Region"", ""Q3 sales""], ""rows"": [[""136.5 kUSD"", ""203.8 kUSD"", ""158.9 kUSD"", ""Maple"", ""38.0 kUSD""], [""450.1 kUSD"", ""85.6 kUSD"", ""254.2 kUSD"", ""Hillcrest"", ""449.5 kUSD""], [""80.3 kUSD"", ""29.5 kUSD"", ""225.6 kUSD"", ""Riverton"", ""51.7 kUSD""], [""41.0 kUSD"", ""52.6 kUSD"", ""78.3 kUSD"", ""Oakridge"", ""426.3 kUSD""], [""414.3 kUSD"", ""89.9 kUSD"", ""120.0 kUSD"", ""Pinehurst"", ""497.8 kUSD""], [""77.7 kUSD"", ""137.7 kUSD"", ""168.6 kUSD"", ""Cedar"", ""42.9 kUSD""], [""311.4 kUSD"", ""128.1 kUSD"", ""38.0 kUSD"", ""Fairview"", ""156.1 kUSD""]]}"
A-L2-0191,2,cross_row_difference,lab_mass_measurements,Find the absolute difference between the Initial mass values of Sample-A and Sample-D.,"| Material mass | Wet mass | Initial mass | Final mass | Sample |
| --- | --- | --- | --- | --- |
| 345.1 g | 35.5 g | 162.2 g | 429.2 g | Sample-C |
| 331.0 g | 342.8 g | 436.1 g | 15.4 g | Sample-D |
| 47.1 g | 95.4 g | 326.7 g | 191.5 g | Sample-G |
| 234.1 g | 261.8 g | 385.4 g | 404.0 g | Sample-A |
| 295.2 g | 358.0 g | 235.6 g | 95.2 g | Sample-K |","Answer the question using the table. Perform the required calculation and return only the final value with its unit.

Table:
| Material mass | Wet mass | Initial mass | Final mass | Sample |
| --- | --- | --- | --- | --- |
| 345.1 g | 35.5 g | 162.2 g | 429.2 g | Sample-C |
| 331.0 g | 342.8 g | 436.1 g | 15.4 g | Sample-D |
| 47.1 g | 95.4 g | 326.7 g | 191.5 g | Sample-G |
| 234.1 g | 261.8 g | 385.4 g | 404.0 g | Sample-A |
| 295.2 g | 358.0 g | 235.6 g | 95.2 g | Sample-K |

Question: Find the absolute difference between the Initial mass values of Sample-A and Sample-D.",50.7 g,"[{""row_index"": 3, ""column_index"": 2, ""row_identifier_column"": ""Sample"", ""row_identifier_value"": ""Sample-A"", ""column"": ""Initial mass"", ""raw_value"": 385.4, ""display_value"": ""385.4 g""}, {""row_index"": 1, ""column_index"": 2, ""row_identifier_column"": ""Sample"", ""row_identifier_value"": ""Sample-D"", ""column"": ""Initial mass"", ""raw_value"": 436.1, ""display_value"": ""436.1 g""}]",absolute_difference,2,"{""headers"": [""Material mass"", ""Wet mass"", ""Initial mass"", ""Final mass"", ""Sample""], ""rows"": [[""345.1 g"", ""35.5 g"", ""162.2 g"", ""429.2 g"", ""Sample-C""], [""331.0 g"", ""342.8 g"", ""436.1 g"", ""15.4 g"", ""Sample-D""], [""47.1 g"", ""95.4 g"", ""326.7 g"", ""191.5 g"", ""Sample-G""], [""234.1 g"", ""261.8 g"", ""385.4 g"", ""404.0 g"", ""Sample-A""], [""295.2 g"", ""358.0 g"", ""235.6 g"", ""95.2 g"", ""Sample-K""]]}"
A-L2-0192,2,same_row_sum,quarterly_sales,Add Westhaven's Q1 sales and Q2 sales. What is the total?,"| Q1 sales | Retail sales | Region | Q2 sales |
| --- | --- | --- | --- |
| 449.0 kUSD | 301.5 kUSD | Clearwater | 268.8 kUSD |
| 92.3 kUSD | 125.2 kUSD | Orion | 110.6 kUSD |
| 486.5 kUSD | 191.0 kUSD | Westhaven | 482.6 kUSD |
| 342.8 kUSD | 92.1 kUSD | Maple | 418.1 kUSD |
| 411.6 kUSD | 174.7 kUSD | Cedar | 249.8 kUSD |
| 125.0 kUSD | 51.5 kUSD | Brookfield | 106.4 kUSD |","Answer the question using the table. Perform the required calculation and return only the final value with its unit.

Table:
| Q1 sales | Retail sales | Region | Q2 sales |
| --- | --- | --- | --- |
| 449.0 kUSD | 301.5 kUSD | Clearwater | 268.8 kUSD |
| 92.3 kUSD | 125.2 kUSD | Orion | 110.6 kUSD |
| 486.5 kUSD | 191.0 kUSD | Westhaven | 482.6 kUSD |
| 342.8 kUSD | 92.1 kUSD | Maple | 418.1 kUSD |
| 411.6 kUSD | 174.7 kUSD | Cedar | 249.8 kUSD |
| 125.0 kUSD | 51.5 kUSD | Brookfield | 106.4 kUSD |

Question: Add Westhaven's Q1 sales and Q2 sales. What is the total?",969.1 kUSD,"[{""row_index"": 2, ""column_index"": 0, ""row_identifier_column"": ""Region"", ""row_identifier_value"": ""Westhaven"", ""column"": ""Q1 sales"", ""raw_value"": 486.5, ""display_value"": ""486.5 kUSD""}, {""row_index"": 2, ""column_index"": 3, ""row_identifier_column"": ""Region"", ""row_identifier_value"": ""Westhaven"", ""column"": ""Q2 sales"", ""raw_value"": 482.6, ""display_value"": ""482.6 kUSD""}]",add,2,"{""headers"": [""Q1 sales"", ""Retail sales"", ""Region"", ""Q2 sales""], ""rows"": [[""449.0 kUSD"", ""301.5 kUSD"", ""Clearwater"", ""268.8 kUSD""], [""92.3 kUSD"", ""125.2 kUSD"", ""Orion"", ""110.6 kUSD""], [""486.5 kUSD"", ""191.0 kUSD"", ""Westhaven"", ""482.6 kUSD""], [""342.8 kUSD"", ""92.1 kUSD"", ""Maple"", ""418.1 kUSD""], [""411.6 kUSD"", ""174.7 kUSD"", ""Cedar"", ""249.8 kUSD""], [""125.0 kUSD"", ""51.5 kUSD"", ""Brookfield"", ""106.4 kUSD""]]}"
A-L2-0193,2,same_row_sum,ml_latency,"For Pulse, what is Queue latency plus Network latency?","| Inference latency | Model | Postprocessing latency | Preprocessing latency | Network latency | Queue latency |
| --- | --- | --- | --- | --- | --- |
| 26.2 ms | Aurora | 26.0 ms | 1.6 ms | 61.2 ms | 8.4 ms |
| 51.7 ms | Delta | 24.2 ms | 14.1 ms | 59.2 ms | 17.9 ms |
| 23.6 ms | Sigma | 16.5 ms | 7.4 ms | 52.1 ms | 44.4 ms |
| 32.0 ms | Pulse | 14.5 ms | 2.8 ms | 68.0 ms | 68.3 ms |
| 160.2 ms | Nimbus | 6.0 ms | 8.1 ms | 47.8 ms | 39.3 ms |
| 66.3 ms | Quartz | 15.2 ms | 26.4 ms | 61.3 ms | 25.3 ms |
| 155.4 ms | Atlas | 16.6 ms | 25.7 ms | 64.5 ms | 40.5 ms |","Answer the question using the table. Perform the required calculation and return only the final value with its unit.

Table:
| Inference latency | Model | Postprocessing latency | Preprocessing latency | Network latency | Queue latency |
| --- | --- | --- | --- | --- | --- |
| 26.2 ms | Aurora | 26.0 ms | 1.6 ms | 61.2 ms | 8.4 ms |
| 51.7 ms | Delta | 24.2 ms | 14.1 ms | 59.2 ms | 17.9 ms |
| 23.6 ms | Sigma | 16.5 ms | 7.4 ms | 52.1 ms | 44.4 ms |
| 32.0 ms | Pulse | 14.5 ms | 2.8 ms | 68.0 ms | 68.3 ms |
| 160.2 ms | Nimbus | 6.0 ms | 8.1 ms | 47.8 ms | 39.3 ms |
| 66.3 ms | Quartz | 15.2 ms | 26.4 ms | 61.3 ms | 25.3 ms |
| 155.4 ms | Atlas | 16.6 ms | 25.7 ms | 64.5 ms | 40.5 ms |

Question: For Pulse, what is Queue latency plus Network latency?",136.3 ms,"[{""row_index"": 3, ""column_index"": 5, ""row_identifier_column"": ""Model"", ""row_identifier_value"": ""Pulse"", ""column"": ""Queue latency"", ""raw_value"": 68.3, ""display_value"": ""68.3 ms""}, {""row_index"": 3, ""column_index"": 4, ""row_identifier_column"": ""Model"", ""row_identifier_value"": ""Pulse"", ""column"": ""Network latency"", ""raw_value"": 68.0, ""display_value"": ""68.0 ms""}]",add,2,"{""headers"": [""Inference latency"", ""Model"", ""Postprocessing latency"", ""Preprocessing latency"", ""Network latency"", ""Queue latency""], ""rows"": [[""26.2 ms"", ""Aurora"", ""26.0 ms"", ""1.6 ms"", ""61.2 ms"", ""8.4 ms""], [""51.7 ms"", ""Delta"", ""24.2 ms"", ""14.1 ms"", ""59.2 ms"", ""17.9 ms""], [""23.6 ms"", ""Sigma"", ""16.5 ms"", ""7.4 ms"", ""52.1 ms"", ""44.4 ms""], [""32.0 ms"", ""Pulse"", ""14.5 ms"", ""2.8 ms"", ""68.0 ms"", ""68.3 ms""], [""160.2 ms"", ""Nimbus"", ""6.0 ms"", ""8.1 ms"", ""47.8 ms"", ""39.3 ms""], [""66.3 ms"", ""Quartz"", ""15.2 ms"", ""26.4 ms"", ""61.3 ms"", ""25.3 ms""], [""155.4 ms"", ""Atlas"", ""16.6 ms"", ""25.7 ms"", ""64.5 ms"", ""40.5 ms""]]}"
A-L2-0194,2,cross_row_sum,basketball_game,"According to the table, what do Panthers and Hawks have in total for Second-half points?","| Team | Second-half points | First-half points | Fast-break points |
| --- | --- | --- | --- |
| Tigers | 33 points | 51 points | 25 points |
| Bulls | 37 points | 70 points | 16 points |
| Ravens | 28 points | 54 points | 6 points |
| Falcons | 52 points | 28 points | 9 points |
| Hawks | 47 points | 36 points | 8 points |
| Panthers | 33 points | 70 points | 5 points |
| Sharks | 61 points | 35 points | 17 points |","Answer the question using the table. Perform the required calculation and return only the final value with its unit.

Table:
| Team | Second-half points | First-half points | Fast-break points |
| --- | --- | --- | --- |
| Tigers | 33 points | 51 points | 25 points |
| Bulls | 37 points | 70 points | 16 points |
| Ravens | 28 points | 54 points | 6 points |
| Falcons | 52 points | 28 points | 9 points |
| Hawks | 47 points | 36 points | 8 points |
| Panthers | 33 points | 70 points | 5 points |
| Sharks | 61 points | 35 points | 17 points |

Question: According to the table, what do Panthers and Hawks have in total for Second-half points?",80 points,"[{""row_index"": 5, ""column_index"": 1, ""row_identifier_column"": ""Team"", ""row_identifier_value"": ""Panthers"", ""column"": ""Second-half points"", ""raw_value"": 33.0, ""display_value"": ""33 points""}, {""row_index"": 4, ""column_index"": 1, ""row_identifier_column"": ""Team"", ""row_identifier_value"": ""Hawks"", ""column"": ""Second-half points"", ""raw_value"": 47.0, ""display_value"": ""47 points""}]",add,2,"{""headers"": [""Team"", ""Second-half points"", ""First-half points"", ""Fast-break points""], ""rows"": [[""Tigers"", ""33 points"", ""51 points"", ""25 points""], [""Bulls"", ""37 points"", ""70 points"", ""16 points""], [""Ravens"", ""28 points"", ""54 points"", ""6 points""], [""Falcons"", ""52 points"", ""28 points"", ""9 points""], [""Hawks"", ""47 points"", ""36 points"", ""8 points""], [""Panthers"", ""33 points"", ""70 points"", ""5 points""], [""Sharks"", ""61 points"", ""35 points"", ""17 points""]]}"
A-L2-0195,2,same_row_difference,basketball_game,Find the absolute difference between Tigers's First-half points and Second-half points.,"| Free-throw points | First-half points | Bench points | Team | Paint points | Fast-break points | Second-half points |
| --- | --- | --- | --- | --- | --- | --- |
| 21 points | 33 points | 24 points | Cyclones | 29 points | 21 points | 46 points |
| 24 points | 60 points | 6 points | Falcons | 34 points | 29 points | 20 points |
| 28 points | 57 points | 44 points | Comets | 37 points | 23 points | 55 points |
| 34 points | 67 points | 9 points | Knights | 11 points | 22 points | 54 points |
| 7 points | 35 points | 45 points | Hawks | 41 points | 18 points | 49 points |
| 10 points | 40 points | 24 points | Sharks | 54 points | 10 points | 21 points |
| 32 points | 49 points | 27 points | Tigers | 21 points | 12 points | 45 points |
| 5 points | 44 points | 20 points | Dragons | 49 points | 21 points | 55 points |","Answer the question using the table. Perform the required calculation and return only the final value with its unit.

Table:
| Free-throw points | First-half points | Bench points | Team | Paint points | Fast-break points | Second-half points |
| --- | --- | --- | --- | --- | --- | --- |
| 21 points | 33 points | 24 points | Cyclones | 29 points | 21 points | 46 points |
| 24 points | 60 points | 6 points | Falcons | 34 points | 29 points | 20 points |
| 28 points | 57 points | 44 points | Comets | 37 points | 23 points | 55 points |
| 34 points | 67 points | 9 points | Knights | 11 points | 22 points | 54 points |
| 7 points | 35 points | 45 points | Hawks | 41 points | 18 points | 49 points |
| 10 points | 40 points | 24 points | Sharks | 54 points | 10 points | 21 points |
| 32 points | 49 points | 27 points | Tigers | 21 points | 12 points | 45 points |
| 5 points | 44 points | 20 points | Dragons | 49 points | 21 points | 55 points |

Question: Find the absolute difference between Tigers's First-half points and Second-half points.",4 points,"[{""row_index"": 6, ""column_index"": 1, ""row_identifier_column"": ""Team"", ""row_identifier_value"": ""Tigers"", ""column"": ""First-half points"", ""raw_value"": 49.0, ""display_value"": ""49 points""}, {""row_index"": 6, ""column_index"": 6, ""row_identifier_column"": ""Team"", ""row_identifier_value"": ""Tigers"", ""column"": ""Second-half points"", ""raw_value"": 45.0, ""display_value"": ""45 points""}]",absolute_difference,2,"{""headers"": [""Free-throw points"", ""First-half points"", ""Bench points"", ""Team"", ""Paint points"", ""Fast-break points"", ""Second-half points""], ""rows"": [[""21 points"", ""33 points"", ""24 points"", ""Cyclones"", ""29 points"", ""21 points"", ""46 points""], [""24 points"", ""60 points"", ""6 points"", ""Falcons"", ""34 points"", ""29 points"", ""20 points""], [""28 points"", ""57 points"", ""44 points"", ""Comets"", ""37 points"", ""23 points"", ""55 points""], [""34 points"", ""67 points"", ""9 points"", ""Knights"", ""11 points"", ""22 points"", ""54 points""], [""7 points"", ""35 points"", ""45 points"", ""Hawks"", ""41 points"", ""18 points"", ""49 points""], [""10 points"", ""40 points"", ""24 points"", ""Sharks"", ""54 points"", ""10 points"", ""21 points""], [""32 points"", ""49 points"", ""27 points"", ""Tigers"", ""21 points"", ""12 points"", ""45 points""], [""5 points"", ""44 points"", ""20 points"", ""Dragons"", ""49 points"", ""21 points"", ""55 points""]]}"
A-L2-0196,2,cross_row_difference,quarterly_sales,What is the absolute difference in Q3 sales between Oakridge and Fairview?,"| Q3 sales | Region | Q1 sales | Q2 sales |
| --- | --- | --- | --- |
| 452.0 kUSD | Cedar | 292.9 kUSD | 406.0 kUSD |
| 33.0 kUSD | Hillcrest | 378.7 kUSD | 409.6 kUSD |
| 317.9 kUSD | Oakridge | 230.3 kUSD | 166.3 kUSD |
| 38.0 kUSD | Fairview | 329.4 kUSD | 229.4 kUSD |
| 352.8 kUSD | Westhaven | 187.1 kUSD | 149.5 kUSD |
| 381.9 kUSD | Riverton | 386.5 kUSD | 65.3 kUSD |
| 161.0 kUSD | Lakeside | 368.2 kUSD | 64.8 kUSD |
| 485.5 kUSD | Maple | 277.8 kUSD | 57.2 kUSD |","Answer the question using the table. Perform the required calculation and return only the final value with its unit.

Table:
| Q3 sales | Region | Q1 sales | Q2 sales |
| --- | --- | --- | --- |
| 452.0 kUSD | Cedar | 292.9 kUSD | 406.0 kUSD |
| 33.0 kUSD | Hillcrest | 378.7 kUSD | 409.6 kUSD |
| 317.9 kUSD | Oakridge | 230.3 kUSD | 166.3 kUSD |
| 38.0 kUSD | Fairview | 329.4 kUSD | 229.4 kUSD |
| 352.8 kUSD | Westhaven | 187.1 kUSD | 149.5 kUSD |
| 381.9 kUSD | Riverton | 386.5 kUSD | 65.3 kUSD |
| 161.0 kUSD | Lakeside | 368.2 kUSD | 64.8 kUSD |
| 485.5 kUSD | Maple | 277.8 kUSD | 57.2 kUSD |

Question: What is the absolute difference in Q3 sales between Oakridge and Fairview?",279.9 kUSD,"[{""row_index"": 2, ""column_index"": 0, ""row_identifier_column"": ""Region"", ""row_identifier_value"": ""Oakridge"", ""column"": ""Q3 sales"", ""raw_value"": 317.9, ""display_value"": ""317.9 kUSD""}, {""row_index"": 3, ""column_index"": 0, ""row_identifier_column"": ""Region"", ""row_identifier_value"": ""Fairview"", ""column"": ""Q3 sales"", ""raw_value"": 38.0, ""display_value"": ""38.0 kUSD""}]",absolute_difference,2,"{""headers"": [""Q3 sales"", ""Region"", ""Q1 sales"", ""Q2 sales""], ""rows"": [[""452.0 kUSD"", ""Cedar"", ""292.9 kUSD"", ""406.0 kUSD""], [""33.0 kUSD"", ""Hillcrest"", ""378.7 kUSD"", ""409.6 kUSD""], [""317.9 kUSD"", ""Oakridge"", ""230.3 kUSD"", ""166.3 kUSD""], [""38.0 kUSD"", ""Fairview"", ""329.4 kUSD"", ""229.4 kUSD""], [""352.8 kUSD"", ""Westhaven"", ""187.1 kUSD"", ""149.5 kUSD""], [""381.9 kUSD"", ""Riverton"", ""386.5 kUSD"", ""65.3 kUSD""], [""161.0 kUSD"", ""Lakeside"", ""368.2 kUSD"", ""64.8 kUSD""], [""485.5 kUSD"", ""Maple"", ""277.8 kUSD"", ""57.2 kUSD""]]}"
A-L2-0197,2,same_row_sum,ml_latency,"According to the table, what is the combined value of Inference latency and Postprocessing latency for Echo?","| Inference latency | Tokenization latency | Model | Network latency | Postprocessing latency | Queue latency |
| --- | --- | --- | --- | --- | --- |
| 20.0 ms | 14.9 ms | Pulse | 26.0 ms | 16.2 ms | 72.5 ms |
| 75.6 ms | 14.0 ms | Atlas | 4.8 ms | 11.0 ms | 29.6 ms |
| 172.1 ms | 22.6 ms | Echo | 37.0 ms | 3.9 ms | 73.4 ms |
| 149.5 ms | 9.6 ms | Quartz | 40.3 ms | 4.9 ms | 65.5 ms |
| 54.0 ms | 18.3 ms | Zenith | 14.8 ms | 13.1 ms | 24.5 ms |","Answer the question using the table. Perform the required calculation and return only the final value with its unit.

Table:
| Inference latency | Tokenization latency | Model | Network latency | Postprocessing latency | Queue latency |
| --- | --- | --- | --- | --- | --- |
| 20.0 ms | 14.9 ms | Pulse | 26.0 ms | 16.2 ms | 72.5 ms |
| 75.6 ms | 14.0 ms | Atlas | 4.8 ms | 11.0 ms | 29.6 ms |
| 172.1 ms | 22.6 ms | Echo | 37.0 ms | 3.9 ms | 73.4 ms |
| 149.5 ms | 9.6 ms | Quartz | 40.3 ms | 4.9 ms | 65.5 ms |
| 54.0 ms | 18.3 ms | Zenith | 14.8 ms | 13.1 ms | 24.5 ms |

Question: According to the table, what is the combined value of Inference latency and Postprocessing latency for Echo?",176.0 ms,"[{""row_index"": 2, ""column_index"": 0, ""row_identifier_column"": ""Model"", ""row_identifier_value"": ""Echo"", ""column"": ""Inference latency"", ""raw_value"": 172.1, ""display_value"": ""172.1 ms""}, {""row_index"": 2, ""column_index"": 4, ""row_identifier_column"": ""Model"", ""row_identifier_value"": ""Echo"", ""column"": ""Postprocessing latency"", ""raw_value"": 3.9, ""display_value"": ""3.9 ms""}]",add,2,"{""headers"": [""Inference latency"", ""Tokenization latency"", ""Model"", ""Network latency"", ""Postprocessing latency"", ""Queue latency""], ""rows"": [[""20.0 ms"", ""14.9 ms"", ""Pulse"", ""26.0 ms"", ""16.2 ms"", ""72.5 ms""], [""75.6 ms"", ""14.0 ms"", ""Atlas"", ""4.8 ms"", ""11.0 ms"", ""29.6 ms""], [""172.1 ms"", ""22.6 ms"", ""Echo"", ""37.0 ms"", ""3.9 ms"", ""73.4 ms""], [""149.5 ms"", ""9.6 ms"", ""Quartz"", ""40.3 ms"", ""4.9 ms"", ""65.5 ms""], [""54.0 ms"", ""18.3 ms"", ""Zenith"", ""14.8 ms"", ""13.1 ms"", ""24.5 ms""]]}"
A-L2-0198,2,same_row_sum,rainfall_measurements,"According to the table, what is the combined value of Morning rainfall and Afternoon rainfall for Lakeside?","| Storm rainfall | Afternoon rainfall | Morning rainfall | Station |
| --- | --- | --- | --- |
| 54.6 mm | 24.0 mm | 33.5 mm | Clearwater |
| 15.5 mm | 50.6 mm | 20.5 mm | Westhaven |
| 50.6 mm | 13.1 mm | 53.9 mm | Orion |
| 46.1 mm | 3.0 mm | 39.5 mm | Lakeside |
| 11.8 mm | 48.9 mm | 47.7 mm | Riverton |","Answer the question using the table. Perform the required calculation and return only the final value with its unit.

Table:
| Storm rainfall | Afternoon rainfall | Morning rainfall | Station |
| --- | --- | --- | --- |
| 54.6 mm | 24.0 mm | 33.5 mm | Clearwater |
| 15.5 mm | 50.6 mm | 20.5 mm | Westhaven |
| 50.6 mm | 13.1 mm | 53.9 mm | Orion |
| 46.1 mm | 3.0 mm | 39.5 mm | Lakeside |
| 11.8 mm | 48.9 mm | 47.7 mm | Riverton |

Question: According to the table, what is the combined value of Morning rainfall and Afternoon rainfall for Lakeside?",42.5 mm,"[{""row_index"": 3, ""column_index"": 2, ""row_identifier_column"": ""Station"", ""row_identifier_value"": ""Lakeside"", ""column"": ""Morning rainfall"", ""raw_value"": 39.5, ""display_value"": ""39.5 mm""}, {""row_index"": 3, ""column_index"": 1, ""row_identifier_column"": ""Station"", ""row_identifier_value"": ""Lakeside"", ""column"": ""Afternoon rainfall"", ""raw_value"": 3.0, ""display_value"": ""3.0 mm""}]",add,2,"{""headers"": [""Storm rainfall"", ""Afternoon rainfall"", ""Morning rainfall"", ""Station""], ""rows"": [[""54.6 mm"", ""24.0 mm"", ""33.5 mm"", ""Clearwater""], [""15.5 mm"", ""50.6 mm"", ""20.5 mm"", ""Westhaven""], [""50.6 mm"", ""13.1 mm"", ""53.9 mm"", ""Orion""], [""46.1 mm"", ""3.0 mm"", ""39.5 mm"", ""Lakeside""], [""11.8 mm"", ""48.9 mm"", ""47.7 mm"", ""Riverton""]]}"
A-L2-0199,2,cross_row_sum,quarterly_sales,Add the Q1 sales values for Maple and Lakeside. What is the total?,"| Q1 sales | Region | Q3 sales | Q4 sales |
| --- | --- | --- | --- |
| 320.2 kUSD | Lakeside | 125.5 kUSD | 63.9 kUSD |
| 96.4 kUSD | Cedar | 305.3 kUSD | 76.3 kUSD |
| 473.4 kUSD | Maple | 337.0 kUSD | 42.3 kUSD |
| 170.8 kUSD | Westhaven | 370.3 kUSD | 135.4 kUSD |
| 275.9 kUSD | Pinehurst | 274.2 kUSD | 192.3 kUSD |
| 366.4 kUSD | Riverton | 449.1 kUSD | 174.8 kUSD |","Answer the question using the table. Perform the required calculation and return only the final value with its unit.

Table:
| Q1 sales | Region | Q3 sales | Q4 sales |
| --- | --- | --- | --- |
| 320.2 kUSD | Lakeside | 125.5 kUSD | 63.9 kUSD |
| 96.4 kUSD | Cedar | 305.3 kUSD | 76.3 kUSD |
| 473.4 kUSD | Maple | 337.0 kUSD | 42.3 kUSD |
| 170.8 kUSD | Westhaven | 370.3 kUSD | 135.4 kUSD |
| 275.9 kUSD | Pinehurst | 274.2 kUSD | 192.3 kUSD |
| 366.4 kUSD | Riverton | 449.1 kUSD | 174.8 kUSD |

Question: Add the Q1 sales values for Maple and Lakeside. What is the total?",793.6 kUSD,"[{""row_index"": 2, ""column_index"": 0, ""row_identifier_column"": ""Region"", ""row_identifier_value"": ""Maple"", ""column"": ""Q1 sales"", ""raw_value"": 473.4, ""display_value"": ""473.4 kUSD""}, {""row_index"": 0, ""column_index"": 0, ""row_identifier_column"": ""Region"", ""row_identifier_value"": ""Lakeside"", ""column"": ""Q1 sales"", ""raw_value"": 320.2, ""display_value"": ""320.2 kUSD""}]",add,2,"{""headers"": [""Q1 sales"", ""Region"", ""Q3 sales"", ""Q4 sales""], ""rows"": [[""320.2 kUSD"", ""Lakeside"", ""125.5 kUSD"", ""63.9 kUSD""], [""96.4 kUSD"", ""Cedar"", ""305.3 kUSD"", ""76.3 kUSD""], [""473.4 kUSD"", ""Maple"", ""337.0 kUSD"", ""42.3 kUSD""], [""170.8 kUSD"", ""Westhaven"", ""370.3 kUSD"", ""135.4 kUSD""], [""275.9 kUSD"", ""Pinehurst"", ""274.2 kUSD"", ""192.3 kUSD""], [""366.4 kUSD"", ""Riverton"", ""449.1 kUSD"", ""174.8 kUSD""]]}"
A-L2-0200,2,cross_row_difference,quarterly_sales,Find the absolute difference between the Retail sales values of Riverton and Orion.,"| Q3 sales | Retail sales | Q1 sales | Region | Q4 sales |
| --- | --- | --- | --- | --- |
| 257.4 kUSD | 100.0 kUSD | 277.9 kUSD | Maple | 95.7 kUSD |
| 162.4 kUSD | 55.1 kUSD | 497.8 kUSD | Westhaven | 331.9 kUSD |
| 183.1 kUSD | 263.9 kUSD | 174.4 kUSD | Lakeside | 149.1 kUSD |
| 49.5 kUSD | 216.2 kUSD | 175.9 kUSD | Orion | 99.0 kUSD |
| 312.0 kUSD | 139.8 kUSD | 325.1 kUSD | Clearwater | 419.6 kUSD |
| 232.8 kUSD | 255.6 kUSD | 398.5 kUSD | Fairview | 236.7 kUSD |
| 23.8 kUSD | 102.0 kUSD | 397.9 kUSD | Riverton | 398.9 kUSD |
| 408.1 kUSD | 66.5 kUSD | 52.6 kUSD | Cedar | 192.7 kUSD |","Answer the question using the table. Perform the required calculation and return only the final value with its unit.

Table:
| Q3 sales | Retail sales | Q1 sales | Region | Q4 sales |
| --- | --- | --- | --- | --- |
| 257.4 kUSD | 100.0 kUSD | 277.9 kUSD | Maple | 95.7 kUSD |
| 162.4 kUSD | 55.1 kUSD | 497.8 kUSD | Westhaven | 331.9 kUSD |
| 183.1 kUSD | 263.9 kUSD | 174.4 kUSD | Lakeside | 149.1 kUSD |
| 49.5 kUSD | 216.2 kUSD | 175.9 kUSD | Orion | 99.0 kUSD |
| 312.0 kUSD | 139.8 kUSD | 325.1 kUSD | Clearwater | 419.6 kUSD |
| 232.8 kUSD | 255.6 kUSD | 398.5 kUSD | Fairview | 236.7 kUSD |
| 23.8 kUSD | 102.0 kUSD | 397.9 kUSD | Riverton | 398.9 kUSD |
| 408.1 kUSD | 66.5 kUSD | 52.6 kUSD | Cedar | 192.7 kUSD |

Question: Find the absolute difference between the Retail sales values of Riverton and Orion.",114.2 kUSD,"[{""row_index"": 6, ""column_index"": 1, ""row_identifier_column"": ""Region"", ""row_identifier_value"": ""Riverton"", ""column"": ""Retail sales"", ""raw_value"": 102.0, ""display_value"": ""102.0 kUSD""}, {""row_index"": 3, ""column_index"": 1, ""row_identifier_column"": ""Region"", ""row_identifier_value"": ""Orion"", ""column"": ""Retail sales"", ""raw_value"": 216.2, ""display_value"": ""216.2 kUSD""}]",absolute_difference,2,"{""headers"": [""Q3 sales"", ""Retail sales"", ""Q1 sales"", ""Region"", ""Q4 sales""], ""rows"": [[""257.4 kUSD"", ""100.0 kUSD"", ""277.9 kUSD"", ""Maple"", ""95.7 kUSD""], [""162.4 kUSD"", ""55.1 kUSD"", ""497.8 kUSD"", ""Westhaven"", ""331.9 kUSD""], [""183.1 kUSD"", ""263.9 kUSD"", ""174.4 kUSD"", ""Lakeside"", ""149.1 kUSD""], [""49.5 kUSD"", ""216.2 kUSD"", ""175.9 kUSD"", ""Orion"", ""99.0 kUSD""], [""312.0 kUSD"", ""139.8 kUSD"", ""325.1 kUSD"", ""Clearwater"", ""419.6 kUSD""], [""232.8 kUSD"", ""255.6 kUSD"", ""398.5 kUSD"", ""Fairview"", ""236.7 kUSD""], [""23.8 kUSD"", ""102.0 kUSD"", ""397.9 kUSD"", ""Riverton"", ""398.9 kUSD""], [""408.1 kUSD"", ""66.5 kUSD"", ""52.6 kUSD"", ""Cedar"", ""192.7 kUSD""]]}"
