id,level,task_type,question,serialized_table,prompt,answer,operation,evidence_json,metadata_json,table_json
A-L5-0001,5,physics_derived_quantity,"According to the table, what is the kinetic energy for Chris?","| Elapsed time | Altitude | Person | Mass | Speed |
| --- | --- | --- | --- | --- |
| 111.9 s | 7169 m | Lena | 106 kg | 64.1 m/s |
| 94.3 s | 7249 m | Ava | 92 kg | 41.6 m/s |
| 14.6 s | 5551 m | Chris | 53 kg | 19.1 m/s |
| 94.6 s | 2258 m | Maya | 75 kg | 37.4 m/s |
| 26.2 s | 9613 m | Yuna | 50 kg | 14.8 m/s |
| 95.8 s | 9483 m | Nora | 100 kg | 18.5 m/s |
| 39.9 s | 918 m | Oliver | 53 kg | 64.1 m/s |","Answer the question using the table. Perform all required reasoning and return only the final answer.

Table:
| Elapsed time | Altitude | Person | Mass | Speed |
| --- | --- | --- | --- | --- |
| 111.9 s | 7169 m | Lena | 106 kg | 64.1 m/s |
| 94.3 s | 7249 m | Ava | 92 kg | 41.6 m/s |
| 14.6 s | 5551 m | Chris | 53 kg | 19.1 m/s |
| 94.6 s | 2258 m | Maya | 75 kg | 37.4 m/s |
| 26.2 s | 9613 m | Yuna | 50 kg | 14.8 m/s |
| 95.8 s | 9483 m | Nora | 100 kg | 18.5 m/s |
| 39.9 s | 918 m | Oliver | 53 kg | 64.1 m/s |

Question: According to the table, what is the kinetic energy for Chris?",9667.47 J,kinetic_energy,"{""target_row"": ""Chris"", ""mass_kg"": 53, ""speed_m_s"": 19.1}","{""quantity"": ""Kinetic energy"", ""answer_digits"": 2}","{""headers"": [""Elapsed time"", ""Altitude"", ""Person"", ""Mass"", ""Speed""], ""rows"": [[""111.9 s"", ""7169 m"", ""Lena"", ""106 kg"", ""64.1 m/s""], [""94.3 s"", ""7249 m"", ""Ava"", ""92 kg"", ""41.6 m/s""], [""14.6 s"", ""5551 m"", ""Chris"", ""53 kg"", ""19.1 m/s""], [""94.6 s"", ""2258 m"", ""Maya"", ""75 kg"", ""37.4 m/s""], [""26.2 s"", ""9613 m"", ""Yuna"", ""50 kg"", ""14.8 m/s""], [""95.8 s"", ""9483 m"", ""Nora"", ""100 kg"", ""18.5 m/s""], [""39.9 s"", ""918 m"", ""Oliver"", ""53 kg"", ""64.1 m/s""]]}"
A-L5-0002,5,bayes_posterior,"For Group-A, what is the probability that a person actually has the condition given a positive test?","| Population | False positive rate | Prevalence | Sensitivity |
| --- | --- | --- | --- |
| Group-K | 7.84% | 14.86% | 81.15% |
| Group-A | 26.29% | 10.42% | 67.87% |
| Group-D | 3.54% | 9.48% | 96.42% |
| Group-H | 7.37% | 9.53% | 88.96% |","Answer the question using the table. Perform all required reasoning and return only the final answer.

Table:
| Population | False positive rate | Prevalence | Sensitivity |
| --- | --- | --- | --- |
| Group-K | 7.84% | 14.86% | 81.15% |
| Group-A | 26.29% | 10.42% | 67.87% |
| Group-D | 3.54% | 9.48% | 96.42% |
| Group-H | 7.37% | 9.53% | 88.96% |

Question: For Group-A, what is the probability that a person actually has the condition given a positive test?",23.09%,bayes_rule,"{""target_row"": ""Group-A"", ""prevalence"": 0.10418815662708099, ""sensitivity"": 0.67867583015343, ""false_positive_rate"": 0.26294946105864403}","{""formula"": ""sens*prev / (sens*prev + fpr*(1-prev))"", ""answer_digits"": 2}","{""headers"": [""Population"", ""False positive rate"", ""Prevalence"", ""Sensitivity""], ""rows"": [[""Group-K"", ""7.84%"", ""14.86%"", ""81.15%""], [""Group-A"", ""26.29%"", ""10.42%"", ""67.87%""], [""Group-D"", ""3.54%"", ""9.48%"", ""96.42%""], [""Group-H"", ""7.37%"", ""9.53%"", ""88.96%""]]}"
A-L5-0003,5,missing_value_from_total,The Part D entry for Sample-E is missing. What should it be?,"| Sample | Total | Part C | Part B | Part A | Part D |
| --- | --- | --- | --- | --- | --- |
| Sample-A | 186 | 17 | 18 | 46 | 105 |
| Sample-F | 255 | 54 | 47 | 95 | 59 |
| Sample-I | 217 | 56 | 91 | 51 | 19 |
| Sample-G | 277 | 106 | 14 | 37 | 120 |
| Sample-C | 370 | 110 | 103 | 55 | 102 |
| Sample-E | 269 | 97 | 119 | 20 | ? |
| Sample-K | 157 | 31 | 63 | 40 | 23 |","Answer the question using the table. Perform all required reasoning and return only the final answer.

Table:
| Sample | Total | Part C | Part B | Part A | Part D |
| --- | --- | --- | --- | --- | --- |
| Sample-A | 186 | 17 | 18 | 46 | 105 |
| Sample-F | 255 | 54 | 47 | 95 | 59 |
| Sample-I | 217 | 56 | 91 | 51 | 19 |
| Sample-G | 277 | 106 | 14 | 37 | 120 |
| Sample-C | 370 | 110 | 103 | 55 | 102 |
| Sample-E | 269 | 97 | 119 | 20 | ? |
| Sample-K | 157 | 31 | 63 | 40 | 23 |

Question: The Part D entry for Sample-E is missing. What should it be?",33,recover_from_total,"{""target_row"": ""Sample-E"", ""missing_column"": ""Part D"", ""known_total"": 269, ""visible_components"": {""Part A"": 20, ""Part B"": 119, ""Part C"": 97}}","{""component_columns"": [""Part A"", ""Part B"", ""Part C"", ""Part D""]}","{""headers"": [""Sample"", ""Total"", ""Part C"", ""Part B"", ""Part A"", ""Part D""], ""rows"": [[""Sample-A"", 186, 17, 18, 46, 105], [""Sample-F"", 255, 54, 47, 95, 59], [""Sample-I"", 217, 56, 91, 51, 19], [""Sample-G"", 277, 106, 14, 37, 120], [""Sample-C"", 370, 110, 103, 55, 102], [""Sample-E"", 269, 97, 119, 20, ""?""], [""Sample-K"", 157, 31, 63, 40, 23]]}"
A-L5-0004,5,physics_derived_quantity,What is Oliver's momentum?,"| Mass | Person | Elapsed time | Altitude | Speed |
| --- | --- | --- | --- | --- |
| 69 kg | Emma | 39.3 s | 804 m | 49.6 m/s |
| 83 kg | Ava | 45.5 s | 765 m | 8.4 m/s |
| 86 kg | Nora | 101.8 s | 2499 m | 32.2 m/s |
| 50 kg | Alex | 14.3 s | 811 m | 34.3 m/s |
| 92 kg | Oliver | 112.5 s | 8615 m | 75.8 m/s |
| 100 kg | Theo | 114.6 s | 6853 m | 54.0 m/s |
| 64 kg | Julia | 22.9 s | 1119 m | 29.1 m/s |","Answer the question using the table. Perform all required reasoning and return only the final answer.

Table:
| Mass | Person | Elapsed time | Altitude | Speed |
| --- | --- | --- | --- | --- |
| 69 kg | Emma | 39.3 s | 804 m | 49.6 m/s |
| 83 kg | Ava | 45.5 s | 765 m | 8.4 m/s |
| 86 kg | Nora | 101.8 s | 2499 m | 32.2 m/s |
| 50 kg | Alex | 14.3 s | 811 m | 34.3 m/s |
| 92 kg | Oliver | 112.5 s | 8615 m | 75.8 m/s |
| 100 kg | Theo | 114.6 s | 6853 m | 54.0 m/s |
| 64 kg | Julia | 22.9 s | 1119 m | 29.1 m/s |

Question: What is Oliver's momentum?",6973.60 kg·m/s,momentum,"{""target_row"": ""Oliver"", ""mass_kg"": 92, ""speed_m_s"": 75.8}","{""quantity"": ""Momentum"", ""answer_digits"": 2}","{""headers"": [""Mass"", ""Person"", ""Elapsed time"", ""Altitude"", ""Speed""], ""rows"": [[""69 kg"", ""Emma"", ""39.3 s"", ""804 m"", ""49.6 m/s""], [""83 kg"", ""Ava"", ""45.5 s"", ""765 m"", ""8.4 m/s""], [""86 kg"", ""Nora"", ""101.8 s"", ""2499 m"", ""32.2 m/s""], [""50 kg"", ""Alex"", ""14.3 s"", ""811 m"", ""34.3 m/s""], [""92 kg"", ""Oliver"", ""112.5 s"", ""8615 m"", ""75.8 m/s""], [""100 kg"", ""Theo"", ""114.6 s"", ""6853 m"", ""54.0 m/s""], [""64 kg"", ""Julia"", ""22.9 s"", ""1119 m"", ""29.1 m/s""]]}"
A-L5-0005,5,missing_value_from_total,Recover the hidden Part D value for Sample-C.,"| Part B | Total | Part D | Part A | Sample | Part C |
| --- | --- | --- | --- | --- | --- |
| 63 | 250 | ? | 75 | Sample-C | 34 |
| 97 | 240 | 41 | 74 | Sample-F | 28 |
| 82 | 223 | 21 | 49 | Sample-G | 71 |
| 16 | 265 | 64 | 83 | Sample-K | 102 |
| 87 | 276 | 61 | 72 | Sample-I | 56 |
| 45 | 261 | 111 | 81 | Sample-H | 24 |","Answer the question using the table. Perform all required reasoning and return only the final answer.

Table:
| Part B | Total | Part D | Part A | Sample | Part C |
| --- | --- | --- | --- | --- | --- |
| 63 | 250 | ? | 75 | Sample-C | 34 |
| 97 | 240 | 41 | 74 | Sample-F | 28 |
| 82 | 223 | 21 | 49 | Sample-G | 71 |
| 16 | 265 | 64 | 83 | Sample-K | 102 |
| 87 | 276 | 61 | 72 | Sample-I | 56 |
| 45 | 261 | 111 | 81 | Sample-H | 24 |

Question: Recover the hidden Part D value for Sample-C.",78,recover_from_total,"{""target_row"": ""Sample-C"", ""missing_column"": ""Part D"", ""known_total"": 250, ""visible_components"": {""Part A"": 75, ""Part B"": 63, ""Part C"": 34}}","{""component_columns"": [""Part A"", ""Part B"", ""Part C"", ""Part D""]}","{""headers"": [""Part B"", ""Total"", ""Part D"", ""Part A"", ""Sample"", ""Part C""], ""rows"": [[63, 250, ""?"", 75, ""Sample-C"", 34], [97, 240, 41, 74, ""Sample-F"", 28], [82, 223, 21, 49, ""Sample-G"", 71], [16, 265, 64, 83, ""Sample-K"", 102], [87, 276, 61, 72, ""Sample-I"", 56], [45, 261, 111, 81, ""Sample-H"", 24]]}"
A-L5-0006,5,bayes_posterior,"For Group-B, compute the posterior probability of having the condition after a positive test.","| Sensitivity | Population | False positive rate | Prevalence |
| --- | --- | --- | --- |
| 73.69% | Group-A | 25.72% | 10.67% |
| 72.73% | Group-H | 21.97% | 23.75% |
| 64.16% | Group-I | 28.94% | 21.85% |
| 68.54% | Group-B | 25.70% | 32.98% |
| 72.70% | Group-G | 29.60% | 31.06% |
| 67.60% | Group-D | 9.50% | 19.68% |
| 70.61% | Group-C | 29.66% | 27.05% |","Answer the question using the table. Perform all required reasoning and return only the final answer.

Table:
| Sensitivity | Population | False positive rate | Prevalence |
| --- | --- | --- | --- |
| 73.69% | Group-A | 25.72% | 10.67% |
| 72.73% | Group-H | 21.97% | 23.75% |
| 64.16% | Group-I | 28.94% | 21.85% |
| 68.54% | Group-B | 25.70% | 32.98% |
| 72.70% | Group-G | 29.60% | 31.06% |
| 67.60% | Group-D | 9.50% | 19.68% |
| 70.61% | Group-C | 29.66% | 27.05% |

Question: For Group-B, compute the posterior probability of having the condition after a positive test.",56.75%,bayes_rule,"{""target_row"": ""Group-B"", ""prevalence"": 0.3297910709738001, ""sensitivity"": 0.6854030094191603, ""false_positive_rate"": 0.257038925099684}","{""formula"": ""sens*prev / (sens*prev + fpr*(1-prev))"", ""answer_digits"": 2}","{""headers"": [""Sensitivity"", ""Population"", ""False positive rate"", ""Prevalence""], ""rows"": [[""73.69%"", ""Group-A"", ""25.72%"", ""10.67%""], [""72.73%"", ""Group-H"", ""21.97%"", ""23.75%""], [""64.16%"", ""Group-I"", ""28.94%"", ""21.85%""], [""68.54%"", ""Group-B"", ""25.70%"", ""32.98%""], [""72.70%"", ""Group-G"", ""29.60%"", ""31.06%""], [""67.60%"", ""Group-D"", ""9.50%"", ""19.68%""], [""70.61%"", ""Group-C"", ""29.66%"", ""27.05%""]]}"
A-L5-0007,5,missing_value_from_total,What value is missing for Sample-G in Part C?,"| Part C | Sample | Part A | Total | Part D | Part B |
| --- | --- | --- | --- | --- | --- |
| 111 | Sample-L | 117 | 328 | 70 | 30 |
| 32 | Sample-A | 114 | 372 | 108 | 118 |
| 19 | Sample-K | 63 | 221 | 91 | 48 |
| 23 | Sample-B | 13 | 161 | 65 | 60 |
| 32 | Sample-C | 48 | 187 | 34 | 73 |
| ? | Sample-G | 70 | 239 | 14 | 70 |
| 26 | Sample-F | 107 | 263 | 113 | 17 |","Answer the question using the table. Perform all required reasoning and return only the final answer.

Table:
| Part C | Sample | Part A | Total | Part D | Part B |
| --- | --- | --- | --- | --- | --- |
| 111 | Sample-L | 117 | 328 | 70 | 30 |
| 32 | Sample-A | 114 | 372 | 108 | 118 |
| 19 | Sample-K | 63 | 221 | 91 | 48 |
| 23 | Sample-B | 13 | 161 | 65 | 60 |
| 32 | Sample-C | 48 | 187 | 34 | 73 |
| ? | Sample-G | 70 | 239 | 14 | 70 |
| 26 | Sample-F | 107 | 263 | 113 | 17 |

Question: What value is missing for Sample-G in Part C?",85,recover_from_total,"{""target_row"": ""Sample-G"", ""missing_column"": ""Part C"", ""known_total"": 239, ""visible_components"": {""Part A"": 70, ""Part B"": 70, ""Part D"": 14}}","{""component_columns"": [""Part A"", ""Part B"", ""Part C"", ""Part D""]}","{""headers"": [""Part C"", ""Sample"", ""Part A"", ""Total"", ""Part D"", ""Part B""], ""rows"": [[111, ""Sample-L"", 117, 328, 70, 30], [32, ""Sample-A"", 114, 372, 108, 118], [19, ""Sample-K"", 63, 221, 91, 48], [23, ""Sample-B"", 13, 161, 65, 60], [32, ""Sample-C"", 48, 187, 34, 73], [""?"", ""Sample-G"", 70, 239, 14, 70], [26, ""Sample-F"", 107, 263, 113, 17]]}"
A-L5-0008,5,missing_value_from_total,What value is missing for Sample-F in Part D?,"| Part C | Total | Part B | Sample | Part A | Part D |
| --- | --- | --- | --- | --- | --- |
| 44 | 283 | 99 | Sample-J | 116 | 24 |
| 13 | 240 | 75 | Sample-C | 57 | 95 |
| 24 | 315 | 102 | Sample-D | 115 | 74 |
| 89 | 252 | 14 | Sample-I | 30 | 119 |
| 40 | 228 | 26 | Sample-L | 49 | 113 |
| 85 | 223 | 94 | Sample-F | 25 | ? |
| 77 | 327 | 88 | Sample-H | 100 | 62 |","Answer the question using the table. Perform all required reasoning and return only the final answer.

Table:
| Part C | Total | Part B | Sample | Part A | Part D |
| --- | --- | --- | --- | --- | --- |
| 44 | 283 | 99 | Sample-J | 116 | 24 |
| 13 | 240 | 75 | Sample-C | 57 | 95 |
| 24 | 315 | 102 | Sample-D | 115 | 74 |
| 89 | 252 | 14 | Sample-I | 30 | 119 |
| 40 | 228 | 26 | Sample-L | 49 | 113 |
| 85 | 223 | 94 | Sample-F | 25 | ? |
| 77 | 327 | 88 | Sample-H | 100 | 62 |

Question: What value is missing for Sample-F in Part D?",19,recover_from_total,"{""target_row"": ""Sample-F"", ""missing_column"": ""Part D"", ""known_total"": 223, ""visible_components"": {""Part A"": 25, ""Part B"": 94, ""Part C"": 85}}","{""component_columns"": [""Part A"", ""Part B"", ""Part C"", ""Part D""]}","{""headers"": [""Part C"", ""Total"", ""Part B"", ""Sample"", ""Part A"", ""Part D""], ""rows"": [[44, 283, 99, ""Sample-J"", 116, 24], [13, 240, 75, ""Sample-C"", 57, 95], [24, 315, 102, ""Sample-D"", 115, 74], [89, 252, 14, ""Sample-I"", 30, 119], [40, 228, 26, ""Sample-L"", 49, 113], [85, 223, 94, ""Sample-F"", 25, ""?""], [77, 327, 88, ""Sample-H"", 100, 62]]}"
A-L5-0009,5,missing_value_from_total,The Part C entry for Sample-B is missing. What should it be?,"| Sample | Part B | Part D | Part A | Part C | Total |
| --- | --- | --- | --- | --- | --- |
| Sample-D | 16 | 18 | 111 | 21 | 166 |
| Sample-B | 55 | 17 | 34 | ? | 207 |
| Sample-A | 116 | 10 | 26 | 21 | 173 |
| Sample-I | 100 | 47 | 47 | 15 | 209 |
| Sample-H | 26 | 65 | 13 | 110 | 214 |
| Sample-J | 97 | 37 | 103 | 56 | 293 |
| Sample-K | 60 | 70 | 78 | 88 | 296 |","Answer the question using the table. Perform all required reasoning and return only the final answer.

Table:
| Sample | Part B | Part D | Part A | Part C | Total |
| --- | --- | --- | --- | --- | --- |
| Sample-D | 16 | 18 | 111 | 21 | 166 |
| Sample-B | 55 | 17 | 34 | ? | 207 |
| Sample-A | 116 | 10 | 26 | 21 | 173 |
| Sample-I | 100 | 47 | 47 | 15 | 209 |
| Sample-H | 26 | 65 | 13 | 110 | 214 |
| Sample-J | 97 | 37 | 103 | 56 | 293 |
| Sample-K | 60 | 70 | 78 | 88 | 296 |

Question: The Part C entry for Sample-B is missing. What should it be?",101,recover_from_total,"{""target_row"": ""Sample-B"", ""missing_column"": ""Part C"", ""known_total"": 207, ""visible_components"": {""Part A"": 34, ""Part B"": 55, ""Part D"": 17}}","{""component_columns"": [""Part A"", ""Part B"", ""Part C"", ""Part D""]}","{""headers"": [""Sample"", ""Part B"", ""Part D"", ""Part A"", ""Part C"", ""Total""], ""rows"": [[""Sample-D"", 16, 18, 111, 21, 166], [""Sample-B"", 55, 17, 34, ""?"", 207], [""Sample-A"", 116, 10, 26, 21, 173], [""Sample-I"", 100, 47, 47, 15, 209], [""Sample-H"", 26, 65, 13, 110, 214], [""Sample-J"", 97, 37, 103, 56, 293], [""Sample-K"", 60, 70, 78, 88, 296]]}"
A-L5-0010,5,physics_derived_quantity,"Using the table values, calculate the momentum of Sofia.","| Person | Elapsed time | Altitude | Speed | Mass |
| --- | --- | --- | --- | --- |
| Sofia | 42.9 s | 767 m | 9.4 m/s | 79 kg |
| Noah | 24.5 s | 3596 m | 13.2 m/s | 90 kg |
| Jisoo | 104.4 s | 2391 m | 27.5 m/s | 98 kg |
| Hana | 42.2 s | 7082 m | 26.0 m/s | 55 kg |
| Oliver | 40.4 s | 6730 m | 12.4 m/s | 71 kg |
| Daniel | 78.7 s | 3410 m | 8.9 m/s | 62 kg |
| Ava | 103.4 s | 2452 m | 64.4 m/s | 98 kg |","Answer the question using the table. Perform all required reasoning and return only the final answer.

Table:
| Person | Elapsed time | Altitude | Speed | Mass |
| --- | --- | --- | --- | --- |
| Sofia | 42.9 s | 767 m | 9.4 m/s | 79 kg |
| Noah | 24.5 s | 3596 m | 13.2 m/s | 90 kg |
| Jisoo | 104.4 s | 2391 m | 27.5 m/s | 98 kg |
| Hana | 42.2 s | 7082 m | 26.0 m/s | 55 kg |
| Oliver | 40.4 s | 6730 m | 12.4 m/s | 71 kg |
| Daniel | 78.7 s | 3410 m | 8.9 m/s | 62 kg |
| Ava | 103.4 s | 2452 m | 64.4 m/s | 98 kg |

Question: Using the table values, calculate the momentum of Sofia.",742.60 kg·m/s,momentum,"{""target_row"": ""Sofia"", ""mass_kg"": 79, ""speed_m_s"": 9.4}","{""quantity"": ""Momentum"", ""answer_digits"": 2}","{""headers"": [""Person"", ""Elapsed time"", ""Altitude"", ""Speed"", ""Mass""], ""rows"": [[""Sofia"", ""42.9 s"", ""767 m"", ""9.4 m/s"", ""79 kg""], [""Noah"", ""24.5 s"", ""3596 m"", ""13.2 m/s"", ""90 kg""], [""Jisoo"", ""104.4 s"", ""2391 m"", ""27.5 m/s"", ""98 kg""], [""Hana"", ""42.2 s"", ""7082 m"", ""26.0 m/s"", ""55 kg""], [""Oliver"", ""40.4 s"", ""6730 m"", ""12.4 m/s"", ""71 kg""], [""Daniel"", ""78.7 s"", ""3410 m"", ""8.9 m/s"", ""62 kg""], [""Ava"", ""103.4 s"", ""2452 m"", ""64.4 m/s"", ""98 kg""]]}"
A-L5-0011,5,confusion_matrix_metric,What is the Precision for Nova?,"| TP | FP | Model | FN | TN |
| --- | --- | --- | --- | --- |
| 171 | 125 | Nimbus | 37 | 367 |
| 277 | 68 | Quartz | 122 | 462 |
| 347 | 55 | Nova | 87 | 284 |
| 295 | 114 | Aurora | 48 | 202 |","Answer the question using the table. Perform all required reasoning and return only the final answer.

Table:
| TP | FP | Model | FN | TN |
| --- | --- | --- | --- | --- |
| 171 | 125 | Nimbus | 37 | 367 |
| 277 | 68 | Quartz | 122 | 462 |
| 347 | 55 | Nova | 87 | 284 |
| 295 | 114 | Aurora | 48 | 202 |

Question: What is the Precision for Nova?",0.8632,precision,"{""target_row"": ""Nova"", ""TP"": 347, ""FP"": 55, ""FN"": 87, ""TN"": 284}","{""metric"": ""Precision"", ""answer_digits"": 4}","{""headers"": [""TP"", ""FP"", ""Model"", ""FN"", ""TN""], ""rows"": [[171, 125, ""Nimbus"", 37, 367], [277, 68, ""Quartz"", 122, 462], [347, 55, ""Nova"", 87, 284], [295, 114, ""Aurora"", 48, 202]]}"
A-L5-0012,5,confusion_matrix_metric,What is the F1 score for Nova?,"| FP | TN | Model | FN | TP |
| --- | --- | --- | --- | --- |
| 66 | 132 | Nimbus | 88 | 239 |
| 44 | 177 | Delta | 95 | 170 |
| 7 | 156 | Nova | 54 | 322 |
| 51 | 63 | Helix | 79 | 379 |
| 80 | 409 | Quartz | 146 | 126 |
| 144 | 198 | Aurora | 40 | 241 |","Answer the question using the table. Perform all required reasoning and return only the final answer.

Table:
| FP | TN | Model | FN | TP |
| --- | --- | --- | --- | --- |
| 66 | 132 | Nimbus | 88 | 239 |
| 44 | 177 | Delta | 95 | 170 |
| 7 | 156 | Nova | 54 | 322 |
| 51 | 63 | Helix | 79 | 379 |
| 80 | 409 | Quartz | 146 | 126 |
| 144 | 198 | Aurora | 40 | 241 |

Question: What is the F1 score for Nova?",0.9135,f1_score,"{""target_row"": ""Nova"", ""TP"": 322, ""FP"": 7, ""FN"": 54, ""TN"": 156}","{""metric"": ""F1 score"", ""answer_digits"": 4}","{""headers"": [""FP"", ""TN"", ""Model"", ""FN"", ""TP""], ""rows"": [[66, 132, ""Nimbus"", 88, 239], [44, 177, ""Delta"", 95, 170], [7, 156, ""Nova"", 54, 322], [51, 63, ""Helix"", 79, 379], [80, 409, ""Quartz"", 146, 126], [144, 198, ""Aurora"", 40, 241]]}"
A-L5-0013,5,missing_value_from_average,Recover Sofia's hidden Test 4 value using the average.,"| Test 2 | Student | Average | Test 4 | Test 1 | Test 3 |
| --- | --- | --- | --- | --- | --- |
| 90 | Sofia | 65.75 | ? | 70 | 51 |
| 40 | Emma | 54.00 | 49 | 63 | 64 |
| 64 | Noah | 71.50 | 85 | 61 | 76 |
| 98 | Leo | 76.00 | 74 | 63 | 69 |
| 83 | Julia | 68.75 | 54 | 48 | 90 |","Answer the question using the table. Perform all required reasoning and return only the final answer.

Table:
| Test 2 | Student | Average | Test 4 | Test 1 | Test 3 |
| --- | --- | --- | --- | --- | --- |
| 90 | Sofia | 65.75 | ? | 70 | 51 |
| 40 | Emma | 54.00 | 49 | 63 | 64 |
| 64 | Noah | 71.50 | 85 | 61 | 76 |
| 98 | Leo | 76.00 | 74 | 63 | 69 |
| 83 | Julia | 68.75 | 54 | 48 | 90 |

Question: Recover Sofia's hidden Test 4 value using the average.",52,recover_from_average,"{""target_row"": ""Sofia"", ""missing_column"": ""Test 4"", ""known_average"": 65.75, ""visible_scores"": {""Test 1"": 70, ""Test 2"": 90, ""Test 3"": 51}}","{""num_scores"": 4, ""score_columns"": [""Test 1"", ""Test 2"", ""Test 3"", ""Test 4""]}","{""headers"": [""Test 2"", ""Student"", ""Average"", ""Test 4"", ""Test 1"", ""Test 3""], ""rows"": [[90, ""Sofia"", ""65.75"", ""?"", 70, 51], [40, ""Emma"", ""54.00"", 49, 63, 64], [64, ""Noah"", ""71.50"", 85, 61, 76], [98, ""Leo"", ""76.00"", 74, 63, 69], [83, ""Julia"", ""68.75"", 54, 48, 90]]}"
A-L5-0014,5,missing_value_from_average,What is the missing Test 2 score for Daniel?,"| Test 4 | Average | Test 1 | Test 3 | Test 2 | Student |
| --- | --- | --- | --- | --- | --- |
| 56 | 67.50 | 93 | 60 | 61 | Lucas |
| 45 | 55.25 | 85 | 49 | 42 | David |
| 49 | 76.00 | 70 | 97 | ? | Daniel |
| 69 | 80.25 | 93 | 64 | 95 | Sofia |
| 97 | 72.25 | 48 | 52 | 92 | Maya |","Answer the question using the table. Perform all required reasoning and return only the final answer.

Table:
| Test 4 | Average | Test 1 | Test 3 | Test 2 | Student |
| --- | --- | --- | --- | --- | --- |
| 56 | 67.50 | 93 | 60 | 61 | Lucas |
| 45 | 55.25 | 85 | 49 | 42 | David |
| 49 | 76.00 | 70 | 97 | ? | Daniel |
| 69 | 80.25 | 93 | 64 | 95 | Sofia |
| 97 | 72.25 | 48 | 52 | 92 | Maya |

Question: What is the missing Test 2 score for Daniel?",88,recover_from_average,"{""target_row"": ""Daniel"", ""missing_column"": ""Test 2"", ""known_average"": 76.0, ""visible_scores"": {""Test 1"": 70, ""Test 3"": 97, ""Test 4"": 49}}","{""num_scores"": 4, ""score_columns"": [""Test 1"", ""Test 2"", ""Test 3"", ""Test 4""]}","{""headers"": [""Test 4"", ""Average"", ""Test 1"", ""Test 3"", ""Test 2"", ""Student""], ""rows"": [[56, ""67.50"", 93, 60, 61, ""Lucas""], [45, ""55.25"", 85, 49, 42, ""David""], [49, ""76.00"", 70, 97, ""?"", ""Daniel""], [69, ""80.25"", 93, 64, 95, ""Sofia""], [97, ""72.25"", 48, 52, 92, ""Maya""]]}"
A-L5-0015,5,bayes_posterior,"For Group-D, what is the probability that a person actually has the condition given a positive test?","| False positive rate | Population | Prevalence | Sensitivity |
| --- | --- | --- | --- |
| 23.16% | Group-A | 44.71% | 88.36% |
| 20.04% | Group-D | 34.72% | 97.43% |
| 25.99% | Group-B | 21.87% | 70.82% |
| 23.68% | Group-H | 28.96% | 79.30% |
| 20.22% | Group-L | 13.99% | 60.94% |","Answer the question using the table. Perform all required reasoning and return only the final answer.

Table:
| False positive rate | Population | Prevalence | Sensitivity |
| --- | --- | --- | --- |
| 23.16% | Group-A | 44.71% | 88.36% |
| 20.04% | Group-D | 34.72% | 97.43% |
| 25.99% | Group-B | 21.87% | 70.82% |
| 23.68% | Group-H | 28.96% | 79.30% |
| 20.22% | Group-L | 13.99% | 60.94% |

Question: For Group-D, what is the probability that a person actually has the condition given a positive test?",72.11%,bayes_rule,"{""target_row"": ""Group-D"", ""prevalence"": 0.34715798701509626, ""sensitivity"": 0.9743337338813995, ""false_positive_rate"": 0.20040620749624283}","{""formula"": ""sens*prev / (sens*prev + fpr*(1-prev))"", ""answer_digits"": 2}","{""headers"": [""False positive rate"", ""Population"", ""Prevalence"", ""Sensitivity""], ""rows"": [[""23.16%"", ""Group-A"", ""44.71%"", ""88.36%""], [""20.04%"", ""Group-D"", ""34.72%"", ""97.43%""], [""25.99%"", ""Group-B"", ""21.87%"", ""70.82%""], [""23.68%"", ""Group-H"", ""28.96%"", ""79.30%""], [""20.22%"", ""Group-L"", ""13.99%"", ""60.94%""]]}"
A-L5-0016,5,bayes_posterior,"For Group-G, what is the probability that a person actually has the condition given a positive test?","| False positive rate | Prevalence | Population | Sensitivity |
| --- | --- | --- | --- |
| 24.70% | 30.09% | Group-L | 71.32% |
| 14.26% | 26.68% | Group-G | 92.65% |
| 18.52% | 39.03% | Group-H | 79.40% |
| 28.18% | 13.73% | Group-J | 74.87% |
| 13.40% | 12.51% | Group-D | 88.69% |
| 21.19% | 36.51% | Group-B | 88.30% |
| 23.34% | 32.81% | Group-I | 63.64% |","Answer the question using the table. Perform all required reasoning and return only the final answer.

Table:
| False positive rate | Prevalence | Population | Sensitivity |
| --- | --- | --- | --- |
| 24.70% | 30.09% | Group-L | 71.32% |
| 14.26% | 26.68% | Group-G | 92.65% |
| 18.52% | 39.03% | Group-H | 79.40% |
| 28.18% | 13.73% | Group-J | 74.87% |
| 13.40% | 12.51% | Group-D | 88.69% |
| 21.19% | 36.51% | Group-B | 88.30% |
| 23.34% | 32.81% | Group-I | 63.64% |

Question: For Group-G, what is the probability that a person actually has the condition given a positive test?",70.28%,bayes_rule,"{""target_row"": ""Group-G"", ""prevalence"": 0.2668075178922417, ""sensitivity"": 0.9265179686842011, ""false_positive_rate"": 0.14259986256401685}","{""formula"": ""sens*prev / (sens*prev + fpr*(1-prev))"", ""answer_digits"": 2}","{""headers"": [""False positive rate"", ""Prevalence"", ""Population"", ""Sensitivity""], ""rows"": [[""24.70%"", ""30.09%"", ""Group-L"", ""71.32%""], [""14.26%"", ""26.68%"", ""Group-G"", ""92.65%""], [""18.52%"", ""39.03%"", ""Group-H"", ""79.40%""], [""28.18%"", ""13.73%"", ""Group-J"", ""74.87%""], [""13.40%"", ""12.51%"", ""Group-D"", ""88.69%""], [""21.19%"", ""36.51%"", ""Group-B"", ""88.30%""], [""23.34%"", ""32.81%"", ""Group-I"", ""63.64%""]]}"
A-L5-0017,5,physics_derived_quantity,"Using the table values, calculate the kinetic energy of Oliver.","| Person | Altitude | Speed | Elapsed time | Mass |
| --- | --- | --- | --- | --- |
| Alex | 2765 m | 13.2 m/s | 10.5 s | 65 kg |
| Noah | 3267 m | 50.4 m/s | 33.2 s | 74 kg |
| Jisoo | 3469 m | 23.6 m/s | 11.4 s | 98 kg |
| Oliver | 1012 m | 37.7 m/s | 72.9 s | 105 kg |","Answer the question using the table. Perform all required reasoning and return only the final answer.

Table:
| Person | Altitude | Speed | Elapsed time | Mass |
| --- | --- | --- | --- | --- |
| Alex | 2765 m | 13.2 m/s | 10.5 s | 65 kg |
| Noah | 3267 m | 50.4 m/s | 33.2 s | 74 kg |
| Jisoo | 3469 m | 23.6 m/s | 11.4 s | 98 kg |
| Oliver | 1012 m | 37.7 m/s | 72.9 s | 105 kg |

Question: Using the table values, calculate the kinetic energy of Oliver.",74617.73 J,kinetic_energy,"{""target_row"": ""Oliver"", ""mass_kg"": 105, ""speed_m_s"": 37.7}","{""quantity"": ""Kinetic energy"", ""answer_digits"": 2}","{""headers"": [""Person"", ""Altitude"", ""Speed"", ""Elapsed time"", ""Mass""], ""rows"": [[""Alex"", ""2765 m"", ""13.2 m/s"", ""10.5 s"", ""65 kg""], [""Noah"", ""3267 m"", ""50.4 m/s"", ""33.2 s"", ""74 kg""], [""Jisoo"", ""3469 m"", ""23.6 m/s"", ""11.4 s"", ""98 kg""], [""Oliver"", ""1012 m"", ""37.7 m/s"", ""72.9 s"", ""105 kg""]]}"
A-L5-0018,5,missing_value_from_total,What value is missing for Sample-D in Part D?,"| Sample | Part C | Part B | Total | Part A | Part D |
| --- | --- | --- | --- | --- | --- |
| Sample-L | 69 | 87 | 297 | 81 | 60 |
| Sample-D | 10 | 10 | 191 | 118 | ? |
| Sample-E | 89 | 104 | 396 | 89 | 114 |
| Sample-J | 74 | 109 | 391 | 92 | 116 |","Answer the question using the table. Perform all required reasoning and return only the final answer.

Table:
| Sample | Part C | Part B | Total | Part A | Part D |
| --- | --- | --- | --- | --- | --- |
| Sample-L | 69 | 87 | 297 | 81 | 60 |
| Sample-D | 10 | 10 | 191 | 118 | ? |
| Sample-E | 89 | 104 | 396 | 89 | 114 |
| Sample-J | 74 | 109 | 391 | 92 | 116 |

Question: What value is missing for Sample-D in Part D?",53,recover_from_total,"{""target_row"": ""Sample-D"", ""missing_column"": ""Part D"", ""known_total"": 191, ""visible_components"": {""Part A"": 118, ""Part B"": 10, ""Part C"": 10}}","{""component_columns"": [""Part A"", ""Part B"", ""Part C"", ""Part D""]}","{""headers"": [""Sample"", ""Part C"", ""Part B"", ""Total"", ""Part A"", ""Part D""], ""rows"": [[""Sample-L"", 69, 87, 297, 81, 60], [""Sample-D"", 10, 10, 191, 118, ""?""], [""Sample-E"", 89, 104, 396, 89, 114], [""Sample-J"", 74, 109, 391, 92, 116]]}"
A-L5-0019,5,physics_derived_quantity,What is Daniel's momentum?,"| Person | Elapsed time | Altitude | Speed | Mass |
| --- | --- | --- | --- | --- |
| Ava | 76.2 s | 9955 m | 57.2 m/s | 109 kg |
| Sofia | 2.6 s | 2031 m | 20.9 m/s | 93 kg |
| Daniel | 6.8 s | 3189 m | 7.9 m/s | 62 kg |
| Jisoo | 23.8 s | 5956 m | 32.7 m/s | 102 kg |
| Theo | 111.5 s | 5020 m | 77.1 m/s | 97 kg |","Answer the question using the table. Perform all required reasoning and return only the final answer.

Table:
| Person | Elapsed time | Altitude | Speed | Mass |
| --- | --- | --- | --- | --- |
| Ava | 76.2 s | 9955 m | 57.2 m/s | 109 kg |
| Sofia | 2.6 s | 2031 m | 20.9 m/s | 93 kg |
| Daniel | 6.8 s | 3189 m | 7.9 m/s | 62 kg |
| Jisoo | 23.8 s | 5956 m | 32.7 m/s | 102 kg |
| Theo | 111.5 s | 5020 m | 77.1 m/s | 97 kg |

Question: What is Daniel's momentum?",489.80 kg·m/s,momentum,"{""target_row"": ""Daniel"", ""mass_kg"": 62, ""speed_m_s"": 7.9}","{""quantity"": ""Momentum"", ""answer_digits"": 2}","{""headers"": [""Person"", ""Elapsed time"", ""Altitude"", ""Speed"", ""Mass""], ""rows"": [[""Ava"", ""76.2 s"", ""9955 m"", ""57.2 m/s"", ""109 kg""], [""Sofia"", ""2.6 s"", ""2031 m"", ""20.9 m/s"", ""93 kg""], [""Daniel"", ""6.8 s"", ""3189 m"", ""7.9 m/s"", ""62 kg""], [""Jisoo"", ""23.8 s"", ""5956 m"", ""32.7 m/s"", ""102 kg""], [""Theo"", ""111.5 s"", ""5020 m"", ""77.1 m/s"", ""97 kg""]]}"
A-L5-0020,5,confusion_matrix_metric,What is the Recall for Aurora?,"| FN | Model | TN | TP | FP |
| --- | --- | --- | --- | --- |
| 128 | Zenith | 62 | 237 | 67 |
| 121 | Delta | 292 | 130 | 71 |
| 123 | Atlas | 244 | 219 | 64 |
| 18 | Echo | 289 | 299 | 12 |
| 108 | Vertex | 170 | 296 | 133 |
| 65 | Aurora | 392 | 43 | 42 |","Answer the question using the table. Perform all required reasoning and return only the final answer.

Table:
| FN | Model | TN | TP | FP |
| --- | --- | --- | --- | --- |
| 128 | Zenith | 62 | 237 | 67 |
| 121 | Delta | 292 | 130 | 71 |
| 123 | Atlas | 244 | 219 | 64 |
| 18 | Echo | 289 | 299 | 12 |
| 108 | Vertex | 170 | 296 | 133 |
| 65 | Aurora | 392 | 43 | 42 |

Question: What is the Recall for Aurora?",0.3981,recall,"{""target_row"": ""Aurora"", ""TP"": 43, ""FP"": 42, ""FN"": 65, ""TN"": 392}","{""metric"": ""Recall"", ""answer_digits"": 4}","{""headers"": [""FN"", ""Model"", ""TN"", ""TP"", ""FP""], ""rows"": [[128, ""Zenith"", 62, 237, 67], [121, ""Delta"", 292, 130, 71], [123, ""Atlas"", 244, 219, 64], [18, ""Echo"", 289, 299, 12], [108, ""Vertex"", 170, 296, 133], [65, ""Aurora"", 392, 43, 42]]}"
A-L5-0021,5,missing_value_from_average,Recover Nora's hidden Test 4 value using the average.,"| Student | Test 2 | Test 1 | Test 3 | Average | Test 4 |
| --- | --- | --- | --- | --- | --- |
| Maya | 90 | 46 | 54 | 70.50 | 92 |
| Oliver | 54 | 80 | 83 | 78.25 | 96 |
| Nora | 53 | 59 | 47 | 55.00 | ? |
| Lucas | 62 | 68 | 42 | 54.25 | 45 |
| Sam | 63 | 53 | 56 | 55.50 | 50 |","Answer the question using the table. Perform all required reasoning and return only the final answer.

Table:
| Student | Test 2 | Test 1 | Test 3 | Average | Test 4 |
| --- | --- | --- | --- | --- | --- |
| Maya | 90 | 46 | 54 | 70.50 | 92 |
| Oliver | 54 | 80 | 83 | 78.25 | 96 |
| Nora | 53 | 59 | 47 | 55.00 | ? |
| Lucas | 62 | 68 | 42 | 54.25 | 45 |
| Sam | 63 | 53 | 56 | 55.50 | 50 |

Question: Recover Nora's hidden Test 4 value using the average.",61,recover_from_average,"{""target_row"": ""Nora"", ""missing_column"": ""Test 4"", ""known_average"": 55.0, ""visible_scores"": {""Test 1"": 59, ""Test 2"": 53, ""Test 3"": 47}}","{""num_scores"": 4, ""score_columns"": [""Test 1"", ""Test 2"", ""Test 3"", ""Test 4""]}","{""headers"": [""Student"", ""Test 2"", ""Test 1"", ""Test 3"", ""Average"", ""Test 4""], ""rows"": [[""Maya"", 90, 46, 54, ""70.50"", 92], [""Oliver"", 54, 80, 83, ""78.25"", 96], [""Nora"", 53, 59, 47, ""55.00"", ""?""], [""Lucas"", 62, 68, 42, ""54.25"", 45], [""Sam"", 63, 53, 56, ""55.50"", 50]]}"
A-L5-0022,5,bayes_posterior,"Using Bayes' rule, what is P(condition | positive) for Group-J?","| Population | Sensitivity | False positive rate | Prevalence |
| --- | --- | --- | --- |
| Group-E | 71.20% | 26.11% | 32.30% |
| Group-H | 65.45% | 25.13% | 9.90% |
| Group-L | 78.46% | 9.58% | 19.71% |
| Group-J | 72.93% | 1.22% | 23.63% |
| Group-I | 66.37% | 7.52% | 24.02% |","Answer the question using the table. Perform all required reasoning and return only the final answer.

Table:
| Population | Sensitivity | False positive rate | Prevalence |
| --- | --- | --- | --- |
| Group-E | 71.20% | 26.11% | 32.30% |
| Group-H | 65.45% | 25.13% | 9.90% |
| Group-L | 78.46% | 9.58% | 19.71% |
| Group-J | 72.93% | 1.22% | 23.63% |
| Group-I | 66.37% | 7.52% | 24.02% |

Question: Using Bayes' rule, what is P(condition | positive) for Group-J?",94.87%,bayes_rule,"{""target_row"": ""Group-J"", ""prevalence"": 0.23632046517266028, ""sensitivity"": 0.7293081873484738, ""false_positive_rate"": 0.01220588032128564}","{""formula"": ""sens*prev / (sens*prev + fpr*(1-prev))"", ""answer_digits"": 2}","{""headers"": [""Population"", ""Sensitivity"", ""False positive rate"", ""Prevalence""], ""rows"": [[""Group-E"", ""71.20%"", ""26.11%"", ""32.30%""], [""Group-H"", ""65.45%"", ""25.13%"", ""9.90%""], [""Group-L"", ""78.46%"", ""9.58%"", ""19.71%""], [""Group-J"", ""72.93%"", ""1.22%"", ""23.63%""], [""Group-I"", ""66.37%"", ""7.52%"", ""24.02%""]]}"
A-L5-0023,5,missing_value_from_average,What is the missing Test 1 score for Chris?,"| Test 3 | Student | Test 2 | Test 4 | Test 1 | Average |
| --- | --- | --- | --- | --- | --- |
| 72 | Hana | 44 | 56 | 84 | 64.00 |
| 78 | Lucas | 72 | 93 | 61 | 76.00 |
| 84 | Chris | 100 | 76 | ? | 78.50 |
| 75 | Julia | 55 | 97 | 60 | 71.75 |
| 73 | Ethan | 44 | 92 | 88 | 74.25 |
| 69 | Nora | 75 | 94 | 84 | 80.50 |
| 58 | David | 50 | 62 | 86 | 64.00 |","Answer the question using the table. Perform all required reasoning and return only the final answer.

Table:
| Test 3 | Student | Test 2 | Test 4 | Test 1 | Average |
| --- | --- | --- | --- | --- | --- |
| 72 | Hana | 44 | 56 | 84 | 64.00 |
| 78 | Lucas | 72 | 93 | 61 | 76.00 |
| 84 | Chris | 100 | 76 | ? | 78.50 |
| 75 | Julia | 55 | 97 | 60 | 71.75 |
| 73 | Ethan | 44 | 92 | 88 | 74.25 |
| 69 | Nora | 75 | 94 | 84 | 80.50 |
| 58 | David | 50 | 62 | 86 | 64.00 |

Question: What is the missing Test 1 score for Chris?",54,recover_from_average,"{""target_row"": ""Chris"", ""missing_column"": ""Test 1"", ""known_average"": 78.5, ""visible_scores"": {""Test 2"": 100, ""Test 3"": 84, ""Test 4"": 76}}","{""num_scores"": 4, ""score_columns"": [""Test 1"", ""Test 2"", ""Test 3"", ""Test 4""]}","{""headers"": [""Test 3"", ""Student"", ""Test 2"", ""Test 4"", ""Test 1"", ""Average""], ""rows"": [[72, ""Hana"", 44, 56, 84, ""64.00""], [78, ""Lucas"", 72, 93, 61, ""76.00""], [84, ""Chris"", 100, 76, ""?"", ""78.50""], [75, ""Julia"", 55, 97, 60, ""71.75""], [73, ""Ethan"", 44, 92, 88, ""74.25""], [69, ""Nora"", 75, 94, 84, ""80.50""], [58, ""David"", 50, 62, 86, ""64.00""]]}"
A-L5-0024,5,confusion_matrix_metric,What is the Recall for Delta?,"| Model | TN | TP | FN | FP |
| --- | --- | --- | --- | --- |
| Helix | 440 | 147 | 112 | 47 |
| Delta | 194 | 208 | 105 | 14 |
| Nova | 110 | 214 | 110 | 97 |
| Vertex | 197 | 387 | 101 | 20 |
| Zenith | 86 | 96 | 19 | 15 |
| Pulse | 292 | 312 | 6 | 149 |
| Quartz | 67 | 88 | 26 | 63 |","Answer the question using the table. Perform all required reasoning and return only the final answer.

Table:
| Model | TN | TP | FN | FP |
| --- | --- | --- | --- | --- |
| Helix | 440 | 147 | 112 | 47 |
| Delta | 194 | 208 | 105 | 14 |
| Nova | 110 | 214 | 110 | 97 |
| Vertex | 197 | 387 | 101 | 20 |
| Zenith | 86 | 96 | 19 | 15 |
| Pulse | 292 | 312 | 6 | 149 |
| Quartz | 67 | 88 | 26 | 63 |

Question: What is the Recall for Delta?",0.6645,recall,"{""target_row"": ""Delta"", ""TP"": 208, ""FP"": 14, ""FN"": 105, ""TN"": 194}","{""metric"": ""Recall"", ""answer_digits"": 4}","{""headers"": [""Model"", ""TN"", ""TP"", ""FN"", ""FP""], ""rows"": [[""Helix"", 440, 147, 112, 47], [""Delta"", 194, 208, 105, 14], [""Nova"", 110, 214, 110, 97], [""Vertex"", 197, 387, 101, 20], [""Zenith"", 86, 96, 19, 15], [""Pulse"", 292, 312, 6, 149], [""Quartz"", 67, 88, 26, 63]]}"
A-L5-0025,5,confusion_matrix_metric,What is the Recall for Pulse?,"| FP | TN | FN | Model | TP |
| --- | --- | --- | --- | --- |
| 38 | 233 | 39 | Aurora | 300 |
| 16 | 396 | 125 | Pulse | 142 |
| 77 | 313 | 19 | Delta | 278 |
| 82 | 410 | 81 | Nimbus | 81 |
| 101 | 310 | 33 | Vertex | 200 |","Answer the question using the table. Perform all required reasoning and return only the final answer.

Table:
| FP | TN | FN | Model | TP |
| --- | --- | --- | --- | --- |
| 38 | 233 | 39 | Aurora | 300 |
| 16 | 396 | 125 | Pulse | 142 |
| 77 | 313 | 19 | Delta | 278 |
| 82 | 410 | 81 | Nimbus | 81 |
| 101 | 310 | 33 | Vertex | 200 |

Question: What is the Recall for Pulse?",0.5318,recall,"{""target_row"": ""Pulse"", ""TP"": 142, ""FP"": 16, ""FN"": 125, ""TN"": 396}","{""metric"": ""Recall"", ""answer_digits"": 4}","{""headers"": [""FP"", ""TN"", ""FN"", ""Model"", ""TP""], ""rows"": [[38, 233, 39, ""Aurora"", 300], [16, 396, 125, ""Pulse"", 142], [77, 313, 19, ""Delta"", 278], [82, 410, 81, ""Nimbus"", 81], [101, 310, 33, ""Vertex"", 200]]}"
A-L5-0026,5,confusion_matrix_metric,"According to the table, compute the Accuracy of model Atlas.","| FN | FP | Model | TN | TP |
| --- | --- | --- | --- | --- |
| 140 | 53 | Helix | 424 | 157 |
| 126 | 138 | Aurora | 325 | 359 |
| 44 | 68 | Atlas | 485 | 188 |
| 66 | 79 | Quartz | 321 | 106 |
| 8 | 77 | Vertex | 162 | 145 |
| 102 | 39 | Nimbus | 357 | 317 |","Answer the question using the table. Perform all required reasoning and return only the final answer.

Table:
| FN | FP | Model | TN | TP |
| --- | --- | --- | --- | --- |
| 140 | 53 | Helix | 424 | 157 |
| 126 | 138 | Aurora | 325 | 359 |
| 44 | 68 | Atlas | 485 | 188 |
| 66 | 79 | Quartz | 321 | 106 |
| 8 | 77 | Vertex | 162 | 145 |
| 102 | 39 | Nimbus | 357 | 317 |

Question: According to the table, compute the Accuracy of model Atlas.",0.8573,accuracy,"{""target_row"": ""Atlas"", ""TP"": 188, ""FP"": 68, ""FN"": 44, ""TN"": 485}","{""metric"": ""Accuracy"", ""answer_digits"": 4}","{""headers"": [""FN"", ""FP"", ""Model"", ""TN"", ""TP""], ""rows"": [[140, 53, ""Helix"", 424, 157], [126, 138, ""Aurora"", 325, 359], [44, 68, ""Atlas"", 485, 188], [66, 79, ""Quartz"", 321, 106], [8, 77, ""Vertex"", 162, 145], [102, 39, ""Nimbus"", 357, 317]]}"
A-L5-0027,5,physics_derived_quantity,What is David's kinetic energy?,"| Altitude | Elapsed time | Mass | Speed | Person |
| --- | --- | --- | --- | --- |
| 3816 m | 46.8 s | 107 kg | 44.2 m/s | Chris |
| 1477 m | 86.1 s | 100 kg | 70.1 m/s | Jisoo |
| 4031 m | 2.4 s | 55 kg | 5.9 m/s | Ava |
| 5019 m | 8.4 s | 77 kg | 44.6 m/s | Theo |
| 1582 m | 86.3 s | 74 kg | 22.1 m/s | David |
| 9866 m | 46.9 s | 77 kg | 11.5 m/s | Noah |","Answer the question using the table. Perform all required reasoning and return only the final answer.

Table:
| Altitude | Elapsed time | Mass | Speed | Person |
| --- | --- | --- | --- | --- |
| 3816 m | 46.8 s | 107 kg | 44.2 m/s | Chris |
| 1477 m | 86.1 s | 100 kg | 70.1 m/s | Jisoo |
| 4031 m | 2.4 s | 55 kg | 5.9 m/s | Ava |
| 5019 m | 8.4 s | 77 kg | 44.6 m/s | Theo |
| 1582 m | 86.3 s | 74 kg | 22.1 m/s | David |
| 9866 m | 46.9 s | 77 kg | 11.5 m/s | Noah |

Question: What is David's kinetic energy?",18071.17 J,kinetic_energy,"{""target_row"": ""David"", ""mass_kg"": 74, ""speed_m_s"": 22.1}","{""quantity"": ""Kinetic energy"", ""answer_digits"": 2}","{""headers"": [""Altitude"", ""Elapsed time"", ""Mass"", ""Speed"", ""Person""], ""rows"": [[""3816 m"", ""46.8 s"", ""107 kg"", ""44.2 m/s"", ""Chris""], [""1477 m"", ""86.1 s"", ""100 kg"", ""70.1 m/s"", ""Jisoo""], [""4031 m"", ""2.4 s"", ""55 kg"", ""5.9 m/s"", ""Ava""], [""5019 m"", ""8.4 s"", ""77 kg"", ""44.6 m/s"", ""Theo""], [""1582 m"", ""86.3 s"", ""74 kg"", ""22.1 m/s"", ""David""], [""9866 m"", ""46.9 s"", ""77 kg"", ""11.5 m/s"", ""Noah""]]}"
A-L5-0028,5,bayes_posterior,"Using Bayes' rule, what is P(condition | positive) for Group-I?","| Sensitivity | Population | Prevalence | False positive rate |
| --- | --- | --- | --- |
| 91.83% | Group-A | 9.86% | 28.78% |
| 61.71% | Group-F | 3.31% | 23.63% |
| 67.24% | Group-G | 40.29% | 22.31% |
| 96.36% | Group-I | 27.78% | 8.24% |
| 96.28% | Group-D | 42.53% | 6.04% |","Answer the question using the table. Perform all required reasoning and return only the final answer.

Table:
| Sensitivity | Population | Prevalence | False positive rate |
| --- | --- | --- | --- |
| 91.83% | Group-A | 9.86% | 28.78% |
| 61.71% | Group-F | 3.31% | 23.63% |
| 67.24% | Group-G | 40.29% | 22.31% |
| 96.36% | Group-I | 27.78% | 8.24% |
| 96.28% | Group-D | 42.53% | 6.04% |

Question: Using Bayes' rule, what is P(condition | positive) for Group-I?",81.82%,bayes_rule,"{""target_row"": ""Group-I"", ""prevalence"": 0.27778441328197034, ""sensitivity"": 0.9635811908020733, ""false_positive_rate"": 0.08237339092180072}","{""formula"": ""sens*prev / (sens*prev + fpr*(1-prev))"", ""answer_digits"": 2}","{""headers"": [""Sensitivity"", ""Population"", ""Prevalence"", ""False positive rate""], ""rows"": [[""91.83%"", ""Group-A"", ""9.86%"", ""28.78%""], [""61.71%"", ""Group-F"", ""3.31%"", ""23.63%""], [""67.24%"", ""Group-G"", ""40.29%"", ""22.31%""], [""96.36%"", ""Group-I"", ""27.78%"", ""8.24%""], [""96.28%"", ""Group-D"", ""42.53%"", ""6.04%""]]}"
A-L5-0029,5,physics_derived_quantity,What is Maya's momentum?,"| Speed | Altitude | Elapsed time | Mass | Person |
| --- | --- | --- | --- | --- |
| 70.7 m/s | 2456 m | 65.5 s | 69 kg | Jisoo |
| 52.6 m/s | 7729 m | 102.9 s | 47 kg | Chris |
| 48.4 m/s | 8505 m | 82.2 s | 108 kg | Sofia |
| 71.6 m/s | 3150 m | 20.5 s | 81 kg | Ryan |
| 9.6 m/s | 7051 m | 18.1 s | 48 kg | Emma |
| 7.8 m/s | 4851 m | 43.3 s | 109 kg | Lucas |
| 11.2 m/s | 4101 m | 86.6 s | 56 kg | Maya |","Answer the question using the table. Perform all required reasoning and return only the final answer.

Table:
| Speed | Altitude | Elapsed time | Mass | Person |
| --- | --- | --- | --- | --- |
| 70.7 m/s | 2456 m | 65.5 s | 69 kg | Jisoo |
| 52.6 m/s | 7729 m | 102.9 s | 47 kg | Chris |
| 48.4 m/s | 8505 m | 82.2 s | 108 kg | Sofia |
| 71.6 m/s | 3150 m | 20.5 s | 81 kg | Ryan |
| 9.6 m/s | 7051 m | 18.1 s | 48 kg | Emma |
| 7.8 m/s | 4851 m | 43.3 s | 109 kg | Lucas |
| 11.2 m/s | 4101 m | 86.6 s | 56 kg | Maya |

Question: What is Maya's momentum?",627.20 kg·m/s,momentum,"{""target_row"": ""Maya"", ""mass_kg"": 56, ""speed_m_s"": 11.2}","{""quantity"": ""Momentum"", ""answer_digits"": 2}","{""headers"": [""Speed"", ""Altitude"", ""Elapsed time"", ""Mass"", ""Person""], ""rows"": [[""70.7 m/s"", ""2456 m"", ""65.5 s"", ""69 kg"", ""Jisoo""], [""52.6 m/s"", ""7729 m"", ""102.9 s"", ""47 kg"", ""Chris""], [""48.4 m/s"", ""8505 m"", ""82.2 s"", ""108 kg"", ""Sofia""], [""71.6 m/s"", ""3150 m"", ""20.5 s"", ""81 kg"", ""Ryan""], [""9.6 m/s"", ""7051 m"", ""18.1 s"", ""48 kg"", ""Emma""], [""7.8 m/s"", ""4851 m"", ""43.3 s"", ""109 kg"", ""Lucas""], [""11.2 m/s"", ""4101 m"", ""86.6 s"", ""56 kg"", ""Maya""]]}"
A-L5-0030,5,bayes_posterior,"For Group-H, compute the posterior probability of having the condition after a positive test.","| False positive rate | Prevalence | Sensitivity | Population |
| --- | --- | --- | --- |
| 28.67% | 42.96% | 69.09% | Group-H |
| 25.65% | 40.86% | 67.02% | Group-K |
| 13.65% | 39.48% | 68.31% | Group-F |
| 5.17% | 42.13% | 93.76% | Group-J |
| 3.13% | 6.77% | 89.23% | Group-D |
| 4.57% | 21.23% | 60.79% | Group-C |
| 23.54% | 8.76% | 77.86% | Group-A |","Answer the question using the table. Perform all required reasoning and return only the final answer.

Table:
| False positive rate | Prevalence | Sensitivity | Population |
| --- | --- | --- | --- |
| 28.67% | 42.96% | 69.09% | Group-H |
| 25.65% | 40.86% | 67.02% | Group-K |
| 13.65% | 39.48% | 68.31% | Group-F |
| 5.17% | 42.13% | 93.76% | Group-J |
| 3.13% | 6.77% | 89.23% | Group-D |
| 4.57% | 21.23% | 60.79% | Group-C |
| 23.54% | 8.76% | 77.86% | Group-A |

Question: For Group-H, compute the posterior probability of having the condition after a positive test.",64.47%,bayes_rule,"{""target_row"": ""Group-H"", ""prevalence"": 0.4295835038078808, ""sensitivity"": 0.6908863482184493, ""false_positive_rate"": 0.2867266163509252}","{""formula"": ""sens*prev / (sens*prev + fpr*(1-prev))"", ""answer_digits"": 2}","{""headers"": [""False positive rate"", ""Prevalence"", ""Sensitivity"", ""Population""], ""rows"": [[""28.67%"", ""42.96%"", ""69.09%"", ""Group-H""], [""25.65%"", ""40.86%"", ""67.02%"", ""Group-K""], [""13.65%"", ""39.48%"", ""68.31%"", ""Group-F""], [""5.17%"", ""42.13%"", ""93.76%"", ""Group-J""], [""3.13%"", ""6.77%"", ""89.23%"", ""Group-D""], [""4.57%"", ""21.23%"", ""60.79%"", ""Group-C""], [""23.54%"", ""8.76%"", ""77.86%"", ""Group-A""]]}"
A-L5-0031,5,physics_derived_quantity,"According to the table, what is the momentum for Sam?","| Speed | Person | Mass | Elapsed time | Altitude |
| --- | --- | --- | --- | --- |
| 31.9 m/s | Sam | 67 kg | 26.1 s | 8772 m |
| 53.4 m/s | Daniel | 82 kg | 34.2 s | 2985 m |
| 14.1 m/s | Iris | 86 kg | 21.4 s | 8262 m |
| 9.9 m/s | Jisoo | 85 kg | 9.2 s | 1974 m |","Answer the question using the table. Perform all required reasoning and return only the final answer.

Table:
| Speed | Person | Mass | Elapsed time | Altitude |
| --- | --- | --- | --- | --- |
| 31.9 m/s | Sam | 67 kg | 26.1 s | 8772 m |
| 53.4 m/s | Daniel | 82 kg | 34.2 s | 2985 m |
| 14.1 m/s | Iris | 86 kg | 21.4 s | 8262 m |
| 9.9 m/s | Jisoo | 85 kg | 9.2 s | 1974 m |

Question: According to the table, what is the momentum for Sam?",2137.30 kg·m/s,momentum,"{""target_row"": ""Sam"", ""mass_kg"": 67, ""speed_m_s"": 31.9}","{""quantity"": ""Momentum"", ""answer_digits"": 2}","{""headers"": [""Speed"", ""Person"", ""Mass"", ""Elapsed time"", ""Altitude""], ""rows"": [[""31.9 m/s"", ""Sam"", ""67 kg"", ""26.1 s"", ""8772 m""], [""53.4 m/s"", ""Daniel"", ""82 kg"", ""34.2 s"", ""2985 m""], [""14.1 m/s"", ""Iris"", ""86 kg"", ""21.4 s"", ""8262 m""], [""9.9 m/s"", ""Jisoo"", ""85 kg"", ""9.2 s"", ""1974 m""]]}"
A-L5-0032,5,confusion_matrix_metric,What is the Recall for Atlas?,"| TP | FN | Model | FP | TN |
| --- | --- | --- | --- | --- |
| 68 | 104 | Zenith | 18 | 123 |
| 367 | 39 | Vertex | 129 | 158 |
| 314 | 139 | Aurora | 18 | 309 |
| 168 | 25 | Nimbus | 64 | 428 |
| 167 | 128 | Quartz | 118 | 173 |
| 232 | 70 | Delta | 10 | 288 |
| 222 | 40 | Atlas | 5 | 88 |","Answer the question using the table. Perform all required reasoning and return only the final answer.

Table:
| TP | FN | Model | FP | TN |
| --- | --- | --- | --- | --- |
| 68 | 104 | Zenith | 18 | 123 |
| 367 | 39 | Vertex | 129 | 158 |
| 314 | 139 | Aurora | 18 | 309 |
| 168 | 25 | Nimbus | 64 | 428 |
| 167 | 128 | Quartz | 118 | 173 |
| 232 | 70 | Delta | 10 | 288 |
| 222 | 40 | Atlas | 5 | 88 |

Question: What is the Recall for Atlas?",0.8473,recall,"{""target_row"": ""Atlas"", ""TP"": 222, ""FP"": 5, ""FN"": 40, ""TN"": 88}","{""metric"": ""Recall"", ""answer_digits"": 4}","{""headers"": [""TP"", ""FN"", ""Model"", ""FP"", ""TN""], ""rows"": [[68, 104, ""Zenith"", 18, 123], [367, 39, ""Vertex"", 129, 158], [314, 139, ""Aurora"", 18, 309], [168, 25, ""Nimbus"", 64, 428], [167, 128, ""Quartz"", 118, 173], [232, 70, ""Delta"", 10, 288], [222, 40, ""Atlas"", 5, 88]]}"
A-L5-0033,5,bayes_posterior,"For Group-E, what is the probability that a person actually has the condition given a positive test?","| Population | Prevalence | Sensitivity | False positive rate |
| --- | --- | --- | --- |
| Group-D | 25.96% | 65.65% | 12.54% |
| Group-F | 41.69% | 72.23% | 24.22% |
| Group-G | 13.84% | 76.67% | 24.43% |
| Group-E | 22.10% | 87.77% | 26.72% |","Answer the question using the table. Perform all required reasoning and return only the final answer.

Table:
| Population | Prevalence | Sensitivity | False positive rate |
| --- | --- | --- | --- |
| Group-D | 25.96% | 65.65% | 12.54% |
| Group-F | 41.69% | 72.23% | 24.22% |
| Group-G | 13.84% | 76.67% | 24.43% |
| Group-E | 22.10% | 87.77% | 26.72% |

Question: For Group-E, what is the probability that a person actually has the condition given a positive test?",48.24%,bayes_rule,"{""target_row"": ""Group-E"", ""prevalence"": 0.22103918290524693, ""sensitivity"": 0.8777252849433682, ""false_positive_rate"": 0.2672189992430928}","{""formula"": ""sens*prev / (sens*prev + fpr*(1-prev))"", ""answer_digits"": 2}","{""headers"": [""Population"", ""Prevalence"", ""Sensitivity"", ""False positive rate""], ""rows"": [[""Group-D"", ""25.96%"", ""65.65%"", ""12.54%""], [""Group-F"", ""41.69%"", ""72.23%"", ""24.22%""], [""Group-G"", ""13.84%"", ""76.67%"", ""24.43%""], [""Group-E"", ""22.10%"", ""87.77%"", ""26.72%""]]}"
A-L5-0034,5,confusion_matrix_metric,What is the F1 score for Delta?,"| TP | Model | FP | FN | TN |
| --- | --- | --- | --- | --- |
| 157 | Delta | 23 | 31 | 337 |
| 184 | Vertex | 34 | 39 | 71 |
| 210 | Helix | 145 | 106 | 71 |
| 204 | Aurora | 127 | 43 | 322 |
| 297 | Zenith | 54 | 19 | 187 |","Answer the question using the table. Perform all required reasoning and return only the final answer.

Table:
| TP | Model | FP | FN | TN |
| --- | --- | --- | --- | --- |
| 157 | Delta | 23 | 31 | 337 |
| 184 | Vertex | 34 | 39 | 71 |
| 210 | Helix | 145 | 106 | 71 |
| 204 | Aurora | 127 | 43 | 322 |
| 297 | Zenith | 54 | 19 | 187 |

Question: What is the F1 score for Delta?",0.8533,f1_score,"{""target_row"": ""Delta"", ""TP"": 157, ""FP"": 23, ""FN"": 31, ""TN"": 337}","{""metric"": ""F1 score"", ""answer_digits"": 4}","{""headers"": [""TP"", ""Model"", ""FP"", ""FN"", ""TN""], ""rows"": [[157, ""Delta"", 23, 31, 337], [184, ""Vertex"", 34, 39, 71], [210, ""Helix"", 145, 106, 71], [204, ""Aurora"", 127, 43, 322], [297, ""Zenith"", 54, 19, 187]]}"
A-L5-0035,5,physics_derived_quantity,"According to the table, what is the kinetic energy for David?","| Speed | Elapsed time | Altitude | Person | Mass |
| --- | --- | --- | --- | --- |
| 10.6 m/s | 56.4 s | 4005 m | David | 105 kg |
| 33.7 m/s | 19.3 s | 358 m | Lena | 79 kg |
| 74.6 m/s | 93.2 s | 5872 m | Oliver | 62 kg |
| 59.6 m/s | 32.6 s | 8212 m | Sofia | 47 kg |","Answer the question using the table. Perform all required reasoning and return only the final answer.

Table:
| Speed | Elapsed time | Altitude | Person | Mass |
| --- | --- | --- | --- | --- |
| 10.6 m/s | 56.4 s | 4005 m | David | 105 kg |
| 33.7 m/s | 19.3 s | 358 m | Lena | 79 kg |
| 74.6 m/s | 93.2 s | 5872 m | Oliver | 62 kg |
| 59.6 m/s | 32.6 s | 8212 m | Sofia | 47 kg |

Question: According to the table, what is the kinetic energy for David?",5898.90 J,kinetic_energy,"{""target_row"": ""David"", ""mass_kg"": 105, ""speed_m_s"": 10.6}","{""quantity"": ""Kinetic energy"", ""answer_digits"": 2}","{""headers"": [""Speed"", ""Elapsed time"", ""Altitude"", ""Person"", ""Mass""], ""rows"": [[""10.6 m/s"", ""56.4 s"", ""4005 m"", ""David"", ""105 kg""], [""33.7 m/s"", ""19.3 s"", ""358 m"", ""Lena"", ""79 kg""], [""74.6 m/s"", ""93.2 s"", ""5872 m"", ""Oliver"", ""62 kg""], [""59.6 m/s"", ""32.6 s"", ""8212 m"", ""Sofia"", ""47 kg""]]}"
A-L5-0036,5,missing_value_from_average,What is the missing Test 4 score for Emma?,"| Test 2 | Average | Test 3 | Test 1 | Student | Test 4 |
| --- | --- | --- | --- | --- | --- |
| 78 | 63.00 | 62 | 57 | Maya | 55 |
| 64 | 75.50 | 84 | 61 | Emma | ? |
| 89 | 87.25 | 98 | 91 | Chris | 71 |
| 64 | 64.75 | 78 | 63 | Yuna | 54 |","Answer the question using the table. Perform all required reasoning and return only the final answer.

Table:
| Test 2 | Average | Test 3 | Test 1 | Student | Test 4 |
| --- | --- | --- | --- | --- | --- |
| 78 | 63.00 | 62 | 57 | Maya | 55 |
| 64 | 75.50 | 84 | 61 | Emma | ? |
| 89 | 87.25 | 98 | 91 | Chris | 71 |
| 64 | 64.75 | 78 | 63 | Yuna | 54 |

Question: What is the missing Test 4 score for Emma?",93,recover_from_average,"{""target_row"": ""Emma"", ""missing_column"": ""Test 4"", ""known_average"": 75.5, ""visible_scores"": {""Test 1"": 61, ""Test 2"": 64, ""Test 3"": 84}}","{""num_scores"": 4, ""score_columns"": [""Test 1"", ""Test 2"", ""Test 3"", ""Test 4""]}","{""headers"": [""Test 2"", ""Average"", ""Test 3"", ""Test 1"", ""Student"", ""Test 4""], ""rows"": [[78, ""63.00"", 62, 57, ""Maya"", 55], [64, ""75.50"", 84, 61, ""Emma"", ""?""], [89, ""87.25"", 98, 91, ""Chris"", 71], [64, ""64.75"", 78, 63, ""Yuna"", 54]]}"
A-L5-0037,5,confusion_matrix_metric,What is the F1 score for Delta?,"| TP | Model | FN | TN | FP |
| --- | --- | --- | --- | --- |
| 56 | Quartz | 45 | 147 | 86 |
| 351 | Delta | 98 | 235 | 18 |
| 208 | Vertex | 96 | 49 | 108 |
| 89 | Pulse | 148 | 66 | 27 |
| 308 | Nimbus | 112 | 307 | 44 |","Answer the question using the table. Perform all required reasoning and return only the final answer.

Table:
| TP | Model | FN | TN | FP |
| --- | --- | --- | --- | --- |
| 56 | Quartz | 45 | 147 | 86 |
| 351 | Delta | 98 | 235 | 18 |
| 208 | Vertex | 96 | 49 | 108 |
| 89 | Pulse | 148 | 66 | 27 |
| 308 | Nimbus | 112 | 307 | 44 |

Question: What is the F1 score for Delta?",0.8582,f1_score,"{""target_row"": ""Delta"", ""TP"": 351, ""FP"": 18, ""FN"": 98, ""TN"": 235}","{""metric"": ""F1 score"", ""answer_digits"": 4}","{""headers"": [""TP"", ""Model"", ""FN"", ""TN"", ""FP""], ""rows"": [[56, ""Quartz"", 45, 147, 86], [351, ""Delta"", 98, 235, 18], [208, ""Vertex"", 96, 49, 108], [89, ""Pulse"", 148, 66, 27], [308, ""Nimbus"", 112, 307, 44]]}"
A-L5-0038,5,confusion_matrix_metric,"Using the confusion-matrix counts, calculate Helix's Recall.","| Model | TP | TN | FP | FN |
| --- | --- | --- | --- | --- |
| Echo | 131 | 257 | 67 | 68 |
| Atlas | 64 | 386 | 106 | 131 |
| Pulse | 142 | 255 | 11 | 41 |
| Aurora | 43 | 464 | 136 | 32 |
| Delta | 111 | 320 | 134 | 96 |
| Helix | 80 | 100 | 125 | 122 |
| Sigma | 337 | 154 | 77 | 73 |","Answer the question using the table. Perform all required reasoning and return only the final answer.

Table:
| Model | TP | TN | FP | FN |
| --- | --- | --- | --- | --- |
| Echo | 131 | 257 | 67 | 68 |
| Atlas | 64 | 386 | 106 | 131 |
| Pulse | 142 | 255 | 11 | 41 |
| Aurora | 43 | 464 | 136 | 32 |
| Delta | 111 | 320 | 134 | 96 |
| Helix | 80 | 100 | 125 | 122 |
| Sigma | 337 | 154 | 77 | 73 |

Question: Using the confusion-matrix counts, calculate Helix's Recall.",0.3960,recall,"{""target_row"": ""Helix"", ""TP"": 80, ""FP"": 125, ""FN"": 122, ""TN"": 100}","{""metric"": ""Recall"", ""answer_digits"": 4}","{""headers"": [""Model"", ""TP"", ""TN"", ""FP"", ""FN""], ""rows"": [[""Echo"", 131, 257, 67, 68], [""Atlas"", 64, 386, 106, 131], [""Pulse"", 142, 255, 11, 41], [""Aurora"", 43, 464, 136, 32], [""Delta"", 111, 320, 134, 96], [""Helix"", 80, 100, 125, 122], [""Sigma"", 337, 154, 77, 73]]}"
A-L5-0039,5,missing_value_from_average,What is the missing Test 4 score for Emma?,"| Test 4 | Test 2 | Test 3 | Student | Test 1 | Average |
| --- | --- | --- | --- | --- | --- |
| ? | 55 | 100 | Emma | 60 | 75.25 |
| 90 | 65 | 99 | Alex | 50 | 76.00 |
| 73 | 54 | 69 | Hana | 55 | 62.75 |
| 45 | 90 | 69 | David | 54 | 64.50 |
| 95 | 98 | 43 | Theo | 65 | 75.25 |
| 54 | 67 | 74 | Sofia | 95 | 72.50 |
| 49 | 98 | 52 | Ethan | 40 | 59.75 |","Answer the question using the table. Perform all required reasoning and return only the final answer.

Table:
| Test 4 | Test 2 | Test 3 | Student | Test 1 | Average |
| --- | --- | --- | --- | --- | --- |
| ? | 55 | 100 | Emma | 60 | 75.25 |
| 90 | 65 | 99 | Alex | 50 | 76.00 |
| 73 | 54 | 69 | Hana | 55 | 62.75 |
| 45 | 90 | 69 | David | 54 | 64.50 |
| 95 | 98 | 43 | Theo | 65 | 75.25 |
| 54 | 67 | 74 | Sofia | 95 | 72.50 |
| 49 | 98 | 52 | Ethan | 40 | 59.75 |

Question: What is the missing Test 4 score for Emma?",86,recover_from_average,"{""target_row"": ""Emma"", ""missing_column"": ""Test 4"", ""known_average"": 75.25, ""visible_scores"": {""Test 1"": 60, ""Test 2"": 55, ""Test 3"": 100}}","{""num_scores"": 4, ""score_columns"": [""Test 1"", ""Test 2"", ""Test 3"", ""Test 4""]}","{""headers"": [""Test 4"", ""Test 2"", ""Test 3"", ""Student"", ""Test 1"", ""Average""], ""rows"": [[""?"", 55, 100, ""Emma"", 60, ""75.25""], [90, 65, 99, ""Alex"", 50, ""76.00""], [73, 54, 69, ""Hana"", 55, ""62.75""], [45, 90, 69, ""David"", 54, ""64.50""], [95, 98, 43, ""Theo"", 65, ""75.25""], [54, 67, 74, ""Sofia"", 95, ""72.50""], [49, 98, 52, ""Ethan"", 40, ""59.75""]]}"
A-L5-0040,5,missing_value_from_average,What is the missing Test 3 score for Leo?,"| Test 3 | Test 4 | Test 1 | Test 2 | Average | Student |
| --- | --- | --- | --- | --- | --- |
| 64 | 91 | 96 | 58 | 77.25 | David |
| 84 | 100 | 93 | 65 | 85.50 | Oliver |
| 95 | 44 | 60 | 85 | 71.00 | Yuna |
| ? | 60 | 46 | 47 | 53.00 | Leo |
| 78 | 100 | 46 | 45 | 67.25 | Alex |
| 41 | 92 | 96 | 44 | 68.25 | Sofia |","Answer the question using the table. Perform all required reasoning and return only the final answer.

Table:
| Test 3 | Test 4 | Test 1 | Test 2 | Average | Student |
| --- | --- | --- | --- | --- | --- |
| 64 | 91 | 96 | 58 | 77.25 | David |
| 84 | 100 | 93 | 65 | 85.50 | Oliver |
| 95 | 44 | 60 | 85 | 71.00 | Yuna |
| ? | 60 | 46 | 47 | 53.00 | Leo |
| 78 | 100 | 46 | 45 | 67.25 | Alex |
| 41 | 92 | 96 | 44 | 68.25 | Sofia |

Question: What is the missing Test 3 score for Leo?",59,recover_from_average,"{""target_row"": ""Leo"", ""missing_column"": ""Test 3"", ""known_average"": 53.0, ""visible_scores"": {""Test 1"": 46, ""Test 2"": 47, ""Test 4"": 60}}","{""num_scores"": 4, ""score_columns"": [""Test 1"", ""Test 2"", ""Test 3"", ""Test 4""]}","{""headers"": [""Test 3"", ""Test 4"", ""Test 1"", ""Test 2"", ""Average"", ""Student""], ""rows"": [[64, 91, 96, 58, ""77.25"", ""David""], [84, 100, 93, 65, ""85.50"", ""Oliver""], [95, 44, 60, 85, ""71.00"", ""Yuna""], [""?"", 60, 46, 47, ""53.00"", ""Leo""], [78, 100, 46, 45, ""67.25"", ""Alex""], [41, 92, 96, 44, ""68.25"", ""Sofia""]]}"
A-L5-0041,5,physics_derived_quantity,"Using the table values, calculate the momentum of Chris.","| Elapsed time | Altitude | Speed | Mass | Person |
| --- | --- | --- | --- | --- |
| 36.3 s | 5617 m | 71.5 m/s | 77 kg | Oliver |
| 6.0 s | 2371 m | 61.4 m/s | 63 kg | Chris |
| 65.9 s | 9055 m | 66.9 m/s | 59 kg | Leo |
| 73.8 s | 2799 m | 23.8 m/s | 77 kg | Ava |
| 43.8 s | 5870 m | 57.4 m/s | 47 kg | Iris |
| 17.1 s | 5418 m | 58.0 m/s | 101 kg | Lucas |","Answer the question using the table. Perform all required reasoning and return only the final answer.

Table:
| Elapsed time | Altitude | Speed | Mass | Person |
| --- | --- | --- | --- | --- |
| 36.3 s | 5617 m | 71.5 m/s | 77 kg | Oliver |
| 6.0 s | 2371 m | 61.4 m/s | 63 kg | Chris |
| 65.9 s | 9055 m | 66.9 m/s | 59 kg | Leo |
| 73.8 s | 2799 m | 23.8 m/s | 77 kg | Ava |
| 43.8 s | 5870 m | 57.4 m/s | 47 kg | Iris |
| 17.1 s | 5418 m | 58.0 m/s | 101 kg | Lucas |

Question: Using the table values, calculate the momentum of Chris.",3868.20 kg·m/s,momentum,"{""target_row"": ""Chris"", ""mass_kg"": 63, ""speed_m_s"": 61.4}","{""quantity"": ""Momentum"", ""answer_digits"": 2}","{""headers"": [""Elapsed time"", ""Altitude"", ""Speed"", ""Mass"", ""Person""], ""rows"": [[""36.3 s"", ""5617 m"", ""71.5 m/s"", ""77 kg"", ""Oliver""], [""6.0 s"", ""2371 m"", ""61.4 m/s"", ""63 kg"", ""Chris""], [""65.9 s"", ""9055 m"", ""66.9 m/s"", ""59 kg"", ""Leo""], [""73.8 s"", ""2799 m"", ""23.8 m/s"", ""77 kg"", ""Ava""], [""43.8 s"", ""5870 m"", ""57.4 m/s"", ""47 kg"", ""Iris""], [""17.1 s"", ""5418 m"", ""58.0 m/s"", ""101 kg"", ""Lucas""]]}"
A-L5-0042,5,bayes_posterior,"For Group-B, compute the posterior probability of having the condition after a positive test.","| False positive rate | Prevalence | Sensitivity | Population |
| --- | --- | --- | --- |
| 21.29% | 35.51% | 96.18% | Group-A |
| 3.06% | 4.04% | 87.91% | Group-E |
| 14.35% | 25.68% | 88.62% | Group-L |
| 29.76% | 14.62% | 92.84% | Group-G |
| 16.43% | 4.51% | 86.46% | Group-B |
| 24.43% | 22.55% | 78.02% | Group-C |
| 5.32% | 3.86% | 77.95% | Group-K |","Answer the question using the table. Perform all required reasoning and return only the final answer.

Table:
| False positive rate | Prevalence | Sensitivity | Population |
| --- | --- | --- | --- |
| 21.29% | 35.51% | 96.18% | Group-A |
| 3.06% | 4.04% | 87.91% | Group-E |
| 14.35% | 25.68% | 88.62% | Group-L |
| 29.76% | 14.62% | 92.84% | Group-G |
| 16.43% | 4.51% | 86.46% | Group-B |
| 24.43% | 22.55% | 78.02% | Group-C |
| 5.32% | 3.86% | 77.95% | Group-K |

Question: For Group-B, compute the posterior probability of having the condition after a positive test.",19.91%,bayes_rule,"{""target_row"": ""Group-B"", ""prevalence"": 0.04509689473219172, ""sensitivity"": 0.8645969643993074, ""false_positive_rate"": 0.1642604882798459}","{""formula"": ""sens*prev / (sens*prev + fpr*(1-prev))"", ""answer_digits"": 2}","{""headers"": [""False positive rate"", ""Prevalence"", ""Sensitivity"", ""Population""], ""rows"": [[""21.29%"", ""35.51%"", ""96.18%"", ""Group-A""], [""3.06%"", ""4.04%"", ""87.91%"", ""Group-E""], [""14.35%"", ""25.68%"", ""88.62%"", ""Group-L""], [""29.76%"", ""14.62%"", ""92.84%"", ""Group-G""], [""16.43%"", ""4.51%"", ""86.46%"", ""Group-B""], [""24.43%"", ""22.55%"", ""78.02%"", ""Group-C""], [""5.32%"", ""3.86%"", ""77.95%"", ""Group-K""]]}"
A-L5-0043,5,missing_value_from_average,What is the missing Test 2 score for Alex?,"| Test 1 | Test 3 | Test 2 | Test 4 | Average | Student |
| --- | --- | --- | --- | --- | --- |
| 95 | 43 | 83 | 76 | 74.25 | Ryan |
| 52 | 63 | 61 | 54 | 57.50 | David |
| 42 | 53 | ? | 59 | 55.00 | Alex |
| 97 | 65 | 52 | 63 | 69.25 | Yuna |
| 40 | 62 | 65 | 67 | 58.50 | Sam |
| 97 | 87 | 66 | 67 | 79.25 | Oliver |","Answer the question using the table. Perform all required reasoning and return only the final answer.

Table:
| Test 1 | Test 3 | Test 2 | Test 4 | Average | Student |
| --- | --- | --- | --- | --- | --- |
| 95 | 43 | 83 | 76 | 74.25 | Ryan |
| 52 | 63 | 61 | 54 | 57.50 | David |
| 42 | 53 | ? | 59 | 55.00 | Alex |
| 97 | 65 | 52 | 63 | 69.25 | Yuna |
| 40 | 62 | 65 | 67 | 58.50 | Sam |
| 97 | 87 | 66 | 67 | 79.25 | Oliver |

Question: What is the missing Test 2 score for Alex?",66,recover_from_average,"{""target_row"": ""Alex"", ""missing_column"": ""Test 2"", ""known_average"": 55.0, ""visible_scores"": {""Test 1"": 42, ""Test 3"": 53, ""Test 4"": 59}}","{""num_scores"": 4, ""score_columns"": [""Test 1"", ""Test 2"", ""Test 3"", ""Test 4""]}","{""headers"": [""Test 1"", ""Test 3"", ""Test 2"", ""Test 4"", ""Average"", ""Student""], ""rows"": [[95, 43, 83, 76, ""74.25"", ""Ryan""], [52, 63, 61, 54, ""57.50"", ""David""], [42, 53, ""?"", 59, ""55.00"", ""Alex""], [97, 65, 52, 63, ""69.25"", ""Yuna""], [40, 62, 65, 67, ""58.50"", ""Sam""], [97, 87, 66, 67, ""79.25"", ""Oliver""]]}"
A-L5-0044,5,physics_derived_quantity,What is Alex's kinetic energy?,"| Altitude | Speed | Person | Elapsed time | Mass |
| --- | --- | --- | --- | --- |
| 1452 m | 13.2 m/s | Julia | 37.2 s | 110 kg |
| 6630 m | 53.6 m/s | Leo | 11.0 s | 82 kg |
| 6739 m | 57.9 m/s | Jisoo | 3.7 s | 110 kg |
| 6973 m | 7.0 m/s | Hana | 18.1 s | 88 kg |
| 802 m | 55.7 m/s | Oliver | 23.0 s | 87 kg |
| 5323 m | 44.0 m/s | Alex | 63.3 s | 95 kg |","Answer the question using the table. Perform all required reasoning and return only the final answer.

Table:
| Altitude | Speed | Person | Elapsed time | Mass |
| --- | --- | --- | --- | --- |
| 1452 m | 13.2 m/s | Julia | 37.2 s | 110 kg |
| 6630 m | 53.6 m/s | Leo | 11.0 s | 82 kg |
| 6739 m | 57.9 m/s | Jisoo | 3.7 s | 110 kg |
| 6973 m | 7.0 m/s | Hana | 18.1 s | 88 kg |
| 802 m | 55.7 m/s | Oliver | 23.0 s | 87 kg |
| 5323 m | 44.0 m/s | Alex | 63.3 s | 95 kg |

Question: What is Alex's kinetic energy?",91960.00 J,kinetic_energy,"{""target_row"": ""Alex"", ""mass_kg"": 95, ""speed_m_s"": 44.0}","{""quantity"": ""Kinetic energy"", ""answer_digits"": 2}","{""headers"": [""Altitude"", ""Speed"", ""Person"", ""Elapsed time"", ""Mass""], ""rows"": [[""1452 m"", ""13.2 m/s"", ""Julia"", ""37.2 s"", ""110 kg""], [""6630 m"", ""53.6 m/s"", ""Leo"", ""11.0 s"", ""82 kg""], [""6739 m"", ""57.9 m/s"", ""Jisoo"", ""3.7 s"", ""110 kg""], [""6973 m"", ""7.0 m/s"", ""Hana"", ""18.1 s"", ""88 kg""], [""802 m"", ""55.7 m/s"", ""Oliver"", ""23.0 s"", ""87 kg""], [""5323 m"", ""44.0 m/s"", ""Alex"", ""63.3 s"", ""95 kg""]]}"
A-L5-0045,5,missing_value_from_total,What value is missing for Sample-F in Part B?,"| Part B | Sample | Total | Part C | Part A | Part D |
| --- | --- | --- | --- | --- | --- |
| 21 | Sample-C | 174 | 14 | 102 | 37 |
| ? | Sample-F | 182 | 46 | 21 | 15 |
| 38 | Sample-L | 248 | 85 | 95 | 30 |
| 75 | Sample-J | 232 | 80 | 14 | 63 |
| 88 | Sample-G | 395 | 92 | 106 | 109 |
| 37 | Sample-A | 195 | 32 | 90 | 36 |
| 13 | Sample-I | 172 | 52 | 36 | 71 |","Answer the question using the table. Perform all required reasoning and return only the final answer.

Table:
| Part B | Sample | Total | Part C | Part A | Part D |
| --- | --- | --- | --- | --- | --- |
| 21 | Sample-C | 174 | 14 | 102 | 37 |
| ? | Sample-F | 182 | 46 | 21 | 15 |
| 38 | Sample-L | 248 | 85 | 95 | 30 |
| 75 | Sample-J | 232 | 80 | 14 | 63 |
| 88 | Sample-G | 395 | 92 | 106 | 109 |
| 37 | Sample-A | 195 | 32 | 90 | 36 |
| 13 | Sample-I | 172 | 52 | 36 | 71 |

Question: What value is missing for Sample-F in Part B?",100,recover_from_total,"{""target_row"": ""Sample-F"", ""missing_column"": ""Part B"", ""known_total"": 182, ""visible_components"": {""Part A"": 21, ""Part C"": 46, ""Part D"": 15}}","{""component_columns"": [""Part A"", ""Part B"", ""Part C"", ""Part D""]}","{""headers"": [""Part B"", ""Sample"", ""Total"", ""Part C"", ""Part A"", ""Part D""], ""rows"": [[21, ""Sample-C"", 174, 14, 102, 37], [""?"", ""Sample-F"", 182, 46, 21, 15], [38, ""Sample-L"", 248, 85, 95, 30], [75, ""Sample-J"", 232, 80, 14, 63], [88, ""Sample-G"", 395, 92, 106, 109], [37, ""Sample-A"", 195, 32, 90, 36], [13, ""Sample-I"", 172, 52, 36, 71]]}"
A-L5-0046,5,confusion_matrix_metric,"Using the confusion-matrix counts, calculate Nimbus's Recall.","| TP | TN | FN | FP | Model |
| --- | --- | --- | --- | --- |
| 193 | 216 | 85 | 67 | Nimbus |
| 94 | 398 | 85 | 128 | Aurora |
| 300 | 117 | 58 | 47 | Nova |
| 199 | 457 | 88 | 125 | Pulse |
| 387 | 139 | 141 | 30 | Helix |","Answer the question using the table. Perform all required reasoning and return only the final answer.

Table:
| TP | TN | FN | FP | Model |
| --- | --- | --- | --- | --- |
| 193 | 216 | 85 | 67 | Nimbus |
| 94 | 398 | 85 | 128 | Aurora |
| 300 | 117 | 58 | 47 | Nova |
| 199 | 457 | 88 | 125 | Pulse |
| 387 | 139 | 141 | 30 | Helix |

Question: Using the confusion-matrix counts, calculate Nimbus's Recall.",0.6942,recall,"{""target_row"": ""Nimbus"", ""TP"": 193, ""FP"": 67, ""FN"": 85, ""TN"": 216}","{""metric"": ""Recall"", ""answer_digits"": 4}","{""headers"": [""TP"", ""TN"", ""FN"", ""FP"", ""Model""], ""rows"": [[193, 216, 85, 67, ""Nimbus""], [94, 398, 85, 128, ""Aurora""], [300, 117, 58, 47, ""Nova""], [199, 457, 88, 125, ""Pulse""], [387, 139, 141, 30, ""Helix""]]}"
A-L5-0047,5,physics_derived_quantity,"Using the table values, calculate the momentum of Chris.","| Mass | Person | Altitude | Elapsed time | Speed |
| --- | --- | --- | --- | --- |
| 99 kg | Hana | 6604 m | 105.8 s | 42.1 m/s |
| 109 kg | Chris | 1643 m | 98.0 s | 40.0 m/s |
| 96 kg | Lena | 6668 m | 23.3 s | 75.2 m/s |
| 92 kg | Theo | 8102 m | 9.0 s | 21.0 m/s |
| 50 kg | Maya | 5946 m | 58.9 s | 57.9 m/s |","Answer the question using the table. Perform all required reasoning and return only the final answer.

Table:
| Mass | Person | Altitude | Elapsed time | Speed |
| --- | --- | --- | --- | --- |
| 99 kg | Hana | 6604 m | 105.8 s | 42.1 m/s |
| 109 kg | Chris | 1643 m | 98.0 s | 40.0 m/s |
| 96 kg | Lena | 6668 m | 23.3 s | 75.2 m/s |
| 92 kg | Theo | 8102 m | 9.0 s | 21.0 m/s |
| 50 kg | Maya | 5946 m | 58.9 s | 57.9 m/s |

Question: Using the table values, calculate the momentum of Chris.",4360.00 kg·m/s,momentum,"{""target_row"": ""Chris"", ""mass_kg"": 109, ""speed_m_s"": 40.0}","{""quantity"": ""Momentum"", ""answer_digits"": 2}","{""headers"": [""Mass"", ""Person"", ""Altitude"", ""Elapsed time"", ""Speed""], ""rows"": [[""99 kg"", ""Hana"", ""6604 m"", ""105.8 s"", ""42.1 m/s""], [""109 kg"", ""Chris"", ""1643 m"", ""98.0 s"", ""40.0 m/s""], [""96 kg"", ""Lena"", ""6668 m"", ""23.3 s"", ""75.2 m/s""], [""92 kg"", ""Theo"", ""8102 m"", ""9.0 s"", ""21.0 m/s""], [""50 kg"", ""Maya"", ""5946 m"", ""58.9 s"", ""57.9 m/s""]]}"
A-L5-0048,5,missing_value_from_total,Recover the hidden Part A value for Sample-A.,"| Part C | Total | Part D | Part B | Part A | Sample |
| --- | --- | --- | --- | --- | --- |
| 95 | 360 | 84 | 110 | 71 | Sample-L |
| 52 | 257 | 15 | 101 | 89 | Sample-F |
| 62 | 236 | 37 | 108 | 29 | Sample-K |
| 45 | 216 | 119 | 26 | 26 | Sample-B |
| 46 | 185 | 37 | 72 | 30 | Sample-C |
| 104 | 352 | 97 | 120 | ? | Sample-A |
| 57 | 249 | 93 | 13 | 86 | Sample-J |","Answer the question using the table. Perform all required reasoning and return only the final answer.

Table:
| Part C | Total | Part D | Part B | Part A | Sample |
| --- | --- | --- | --- | --- | --- |
| 95 | 360 | 84 | 110 | 71 | Sample-L |
| 52 | 257 | 15 | 101 | 89 | Sample-F |
| 62 | 236 | 37 | 108 | 29 | Sample-K |
| 45 | 216 | 119 | 26 | 26 | Sample-B |
| 46 | 185 | 37 | 72 | 30 | Sample-C |
| 104 | 352 | 97 | 120 | ? | Sample-A |
| 57 | 249 | 93 | 13 | 86 | Sample-J |

Question: Recover the hidden Part A value for Sample-A.",31,recover_from_total,"{""target_row"": ""Sample-A"", ""missing_column"": ""Part A"", ""known_total"": 352, ""visible_components"": {""Part B"": 120, ""Part C"": 104, ""Part D"": 97}}","{""component_columns"": [""Part A"", ""Part B"", ""Part C"", ""Part D""]}","{""headers"": [""Part C"", ""Total"", ""Part D"", ""Part B"", ""Part A"", ""Sample""], ""rows"": [[95, 360, 84, 110, 71, ""Sample-L""], [52, 257, 15, 101, 89, ""Sample-F""], [62, 236, 37, 108, 29, ""Sample-K""], [45, 216, 119, 26, 26, ""Sample-B""], [46, 185, 37, 72, 30, ""Sample-C""], [104, 352, 97, 120, ""?"", ""Sample-A""], [57, 249, 93, 13, 86, ""Sample-J""]]}"
A-L5-0049,5,physics_derived_quantity,What is Ava's momentum?,"| Speed | Elapsed time | Mass | Person | Altitude |
| --- | --- | --- | --- | --- |
| 37.4 m/s | 13.7 s | 53 kg | Emma | 3328 m |
| 58.0 m/s | 10.2 s | 60 kg | Yuna | 4870 m |
| 26.4 m/s | 37.9 s | 95 kg | Chris | 9249 m |
| 37.3 m/s | 21.3 s | 95 kg | Alex | 2077 m |
| 42.2 m/s | 117.5 s | 55 kg | Sofia | 6844 m |
| 26.1 m/s | 6.8 s | 79 kg | Jisoo | 3894 m |
| 10.7 m/s | 67.2 s | 74 kg | Ava | 7583 m |","Answer the question using the table. Perform all required reasoning and return only the final answer.

Table:
| Speed | Elapsed time | Mass | Person | Altitude |
| --- | --- | --- | --- | --- |
| 37.4 m/s | 13.7 s | 53 kg | Emma | 3328 m |
| 58.0 m/s | 10.2 s | 60 kg | Yuna | 4870 m |
| 26.4 m/s | 37.9 s | 95 kg | Chris | 9249 m |
| 37.3 m/s | 21.3 s | 95 kg | Alex | 2077 m |
| 42.2 m/s | 117.5 s | 55 kg | Sofia | 6844 m |
| 26.1 m/s | 6.8 s | 79 kg | Jisoo | 3894 m |
| 10.7 m/s | 67.2 s | 74 kg | Ava | 7583 m |

Question: What is Ava's momentum?",791.80 kg·m/s,momentum,"{""target_row"": ""Ava"", ""mass_kg"": 74, ""speed_m_s"": 10.7}","{""quantity"": ""Momentum"", ""answer_digits"": 2}","{""headers"": [""Speed"", ""Elapsed time"", ""Mass"", ""Person"", ""Altitude""], ""rows"": [[""37.4 m/s"", ""13.7 s"", ""53 kg"", ""Emma"", ""3328 m""], [""58.0 m/s"", ""10.2 s"", ""60 kg"", ""Yuna"", ""4870 m""], [""26.4 m/s"", ""37.9 s"", ""95 kg"", ""Chris"", ""9249 m""], [""37.3 m/s"", ""21.3 s"", ""95 kg"", ""Alex"", ""2077 m""], [""42.2 m/s"", ""117.5 s"", ""55 kg"", ""Sofia"", ""6844 m""], [""26.1 m/s"", ""6.8 s"", ""79 kg"", ""Jisoo"", ""3894 m""], [""10.7 m/s"", ""67.2 s"", ""74 kg"", ""Ava"", ""7583 m""]]}"
A-L5-0050,5,missing_value_from_average,Recover Sofia's hidden Test 4 value using the average.,"| Test 4 | Test 1 | Test 3 | Test 2 | Average | Student |
| --- | --- | --- | --- | --- | --- |
| ? | 89 | 64 | 83 | 84.00 | Sofia |
| 98 | 99 | 62 | 84 | 85.75 | Ryan |
| 69 | 41 | 86 | 73 | 67.25 | Lucas |
| 46 | 67 | 76 | 58 | 61.75 | Daniel |
| 46 | 71 | 87 | 94 | 74.50 | Oliver |
| 86 | 49 | 60 | 79 | 68.50 | Emma |","Answer the question using the table. Perform all required reasoning and return only the final answer.

Table:
| Test 4 | Test 1 | Test 3 | Test 2 | Average | Student |
| --- | --- | --- | --- | --- | --- |
| ? | 89 | 64 | 83 | 84.00 | Sofia |
| 98 | 99 | 62 | 84 | 85.75 | Ryan |
| 69 | 41 | 86 | 73 | 67.25 | Lucas |
| 46 | 67 | 76 | 58 | 61.75 | Daniel |
| 46 | 71 | 87 | 94 | 74.50 | Oliver |
| 86 | 49 | 60 | 79 | 68.50 | Emma |

Question: Recover Sofia's hidden Test 4 value using the average.",100,recover_from_average,"{""target_row"": ""Sofia"", ""missing_column"": ""Test 4"", ""known_average"": 84.0, ""visible_scores"": {""Test 1"": 89, ""Test 2"": 83, ""Test 3"": 64}}","{""num_scores"": 4, ""score_columns"": [""Test 1"", ""Test 2"", ""Test 3"", ""Test 4""]}","{""headers"": [""Test 4"", ""Test 1"", ""Test 3"", ""Test 2"", ""Average"", ""Student""], ""rows"": [[""?"", 89, 64, 83, ""84.00"", ""Sofia""], [98, 99, 62, 84, ""85.75"", ""Ryan""], [69, 41, 86, 73, ""67.25"", ""Lucas""], [46, 67, 76, 58, ""61.75"", ""Daniel""], [46, 71, 87, 94, ""74.50"", ""Oliver""], [86, 49, 60, 79, ""68.50"", ""Emma""]]}"
A-L5-0051,5,missing_value_from_average,The Test 3 score for Yuna is missing. What value belongs there?,"| Test 2 | Test 1 | Average | Student | Test 4 | Test 3 |
| --- | --- | --- | --- | --- | --- |
| 93 | 49 | 78.75 | Hana | 84 | 89 |
| 42 | 76 | 70.00 | Yuna | 96 | ? |
| 81 | 84 | 80.50 | Emma | 91 | 66 |
| 93 | 59 | 69.50 | Noah | 82 | 44 |","Answer the question using the table. Perform all required reasoning and return only the final answer.

Table:
| Test 2 | Test 1 | Average | Student | Test 4 | Test 3 |
| --- | --- | --- | --- | --- | --- |
| 93 | 49 | 78.75 | Hana | 84 | 89 |
| 42 | 76 | 70.00 | Yuna | 96 | ? |
| 81 | 84 | 80.50 | Emma | 91 | 66 |
| 93 | 59 | 69.50 | Noah | 82 | 44 |

Question: The Test 3 score for Yuna is missing. What value belongs there?",66,recover_from_average,"{""target_row"": ""Yuna"", ""missing_column"": ""Test 3"", ""known_average"": 70.0, ""visible_scores"": {""Test 1"": 76, ""Test 2"": 42, ""Test 4"": 96}}","{""num_scores"": 4, ""score_columns"": [""Test 1"", ""Test 2"", ""Test 3"", ""Test 4""]}","{""headers"": [""Test 2"", ""Test 1"", ""Average"", ""Student"", ""Test 4"", ""Test 3""], ""rows"": [[93, 49, ""78.75"", ""Hana"", 84, 89], [42, 76, ""70.00"", ""Yuna"", 96, ""?""], [81, 84, ""80.50"", ""Emma"", 91, 66], [93, 59, ""69.50"", ""Noah"", 82, 44]]}"
A-L5-0052,5,missing_value_from_average,Recover Oliver's hidden Test 4 value using the average.,"| Student | Test 1 | Test 3 | Test 4 | Average | Test 2 |
| --- | --- | --- | --- | --- | --- |
| Maya | 91 | 69 | 51 | 67.25 | 58 |
| Oliver | 87 | 44 | ? | 67.25 | 50 |
| Ethan | 41 | 94 | 80 | 72.00 | 73 |
| Daniel | 64 | 51 | 88 | 61.25 | 42 |","Answer the question using the table. Perform all required reasoning and return only the final answer.

Table:
| Student | Test 1 | Test 3 | Test 4 | Average | Test 2 |
| --- | --- | --- | --- | --- | --- |
| Maya | 91 | 69 | 51 | 67.25 | 58 |
| Oliver | 87 | 44 | ? | 67.25 | 50 |
| Ethan | 41 | 94 | 80 | 72.00 | 73 |
| Daniel | 64 | 51 | 88 | 61.25 | 42 |

Question: Recover Oliver's hidden Test 4 value using the average.",88,recover_from_average,"{""target_row"": ""Oliver"", ""missing_column"": ""Test 4"", ""known_average"": 67.25, ""visible_scores"": {""Test 1"": 87, ""Test 2"": 50, ""Test 3"": 44}}","{""num_scores"": 4, ""score_columns"": [""Test 1"", ""Test 2"", ""Test 3"", ""Test 4""]}","{""headers"": [""Student"", ""Test 1"", ""Test 3"", ""Test 4"", ""Average"", ""Test 2""], ""rows"": [[""Maya"", 91, 69, 51, ""67.25"", 58], [""Oliver"", 87, 44, ""?"", ""67.25"", 50], [""Ethan"", 41, 94, 80, ""72.00"", 73], [""Daniel"", 64, 51, 88, ""61.25"", 42]]}"
A-L5-0053,5,bayes_posterior,"Using Bayes' rule, what is P(condition | positive) for Group-H?","| False positive rate | Sensitivity | Prevalence | Population |
| --- | --- | --- | --- |
| 23.75% | 90.28% | 35.41% | Group-I |
| 24.13% | 64.12% | 33.73% | Group-E |
| 5.30% | 94.99% | 8.26% | Group-B |
| 12.73% | 93.25% | 38.77% | Group-H |
| 27.54% | 79.74% | 14.85% | Group-C |
| 27.07% | 84.47% | 44.74% | Group-J |
| 3.01% | 79.17% | 24.89% | Group-F |","Answer the question using the table. Perform all required reasoning and return only the final answer.

Table:
| False positive rate | Sensitivity | Prevalence | Population |
| --- | --- | --- | --- |
| 23.75% | 90.28% | 35.41% | Group-I |
| 24.13% | 64.12% | 33.73% | Group-E |
| 5.30% | 94.99% | 8.26% | Group-B |
| 12.73% | 93.25% | 38.77% | Group-H |
| 27.54% | 79.74% | 14.85% | Group-C |
| 27.07% | 84.47% | 44.74% | Group-J |
| 3.01% | 79.17% | 24.89% | Group-F |

Question: Using Bayes' rule, what is P(condition | positive) for Group-H?",82.27%,bayes_rule,"{""target_row"": ""Group-H"", ""prevalence"": 0.38771363368113243, ""sensitivity"": 0.9325104231576636, ""false_positive_rate"": 0.12727820490507086}","{""formula"": ""sens*prev / (sens*prev + fpr*(1-prev))"", ""answer_digits"": 2}","{""headers"": [""False positive rate"", ""Sensitivity"", ""Prevalence"", ""Population""], ""rows"": [[""23.75%"", ""90.28%"", ""35.41%"", ""Group-I""], [""24.13%"", ""64.12%"", ""33.73%"", ""Group-E""], [""5.30%"", ""94.99%"", ""8.26%"", ""Group-B""], [""12.73%"", ""93.25%"", ""38.77%"", ""Group-H""], [""27.54%"", ""79.74%"", ""14.85%"", ""Group-C""], [""27.07%"", ""84.47%"", ""44.74%"", ""Group-J""], [""3.01%"", ""79.17%"", ""24.89%"", ""Group-F""]]}"
A-L5-0054,5,bayes_posterior,"Using Bayes' rule, what is P(condition | positive) for Group-G?","| Sensitivity | Prevalence | False positive rate | Population |
| --- | --- | --- | --- |
| 97.37% | 16.90% | 23.52% | Group-F |
| 65.32% | 8.74% | 22.04% | Group-G |
| 78.15% | 29.50% | 17.03% | Group-A |
| 74.46% | 35.08% | 28.31% | Group-H |
| 95.23% | 13.15% | 3.18% | Group-J |","Answer the question using the table. Perform all required reasoning and return only the final answer.

Table:
| Sensitivity | Prevalence | False positive rate | Population |
| --- | --- | --- | --- |
| 97.37% | 16.90% | 23.52% | Group-F |
| 65.32% | 8.74% | 22.04% | Group-G |
| 78.15% | 29.50% | 17.03% | Group-A |
| 74.46% | 35.08% | 28.31% | Group-H |
| 95.23% | 13.15% | 3.18% | Group-J |

Question: Using Bayes' rule, what is P(condition | positive) for Group-G?",22.11%,bayes_rule,"{""target_row"": ""Group-G"", ""prevalence"": 0.08743845680458467, ""sensitivity"": 0.6531672349443328, ""false_positive_rate"": 0.22041584623358298}","{""formula"": ""sens*prev / (sens*prev + fpr*(1-prev))"", ""answer_digits"": 2}","{""headers"": [""Sensitivity"", ""Prevalence"", ""False positive rate"", ""Population""], ""rows"": [[""97.37%"", ""16.90%"", ""23.52%"", ""Group-F""], [""65.32%"", ""8.74%"", ""22.04%"", ""Group-G""], [""78.15%"", ""29.50%"", ""17.03%"", ""Group-A""], [""74.46%"", ""35.08%"", ""28.31%"", ""Group-H""], [""95.23%"", ""13.15%"", ""3.18%"", ""Group-J""]]}"
A-L5-0055,5,missing_value_from_total,What value is missing for Sample-A in Part B?,"| Part A | Part B | Total | Part D | Sample | Part C |
| --- | --- | --- | --- | --- | --- |
| 18 | 13 | 190 | 100 | Sample-J | 59 |
| 93 | 47 | 254 | 49 | Sample-D | 65 |
| 16 | 15 | 93 | 24 | Sample-I | 38 |
| 84 | 110 | 324 | 113 | Sample-C | 17 |
| 75 | ? | 191 | 42 | Sample-A | 57 |","Answer the question using the table. Perform all required reasoning and return only the final answer.

Table:
| Part A | Part B | Total | Part D | Sample | Part C |
| --- | --- | --- | --- | --- | --- |
| 18 | 13 | 190 | 100 | Sample-J | 59 |
| 93 | 47 | 254 | 49 | Sample-D | 65 |
| 16 | 15 | 93 | 24 | Sample-I | 38 |
| 84 | 110 | 324 | 113 | Sample-C | 17 |
| 75 | ? | 191 | 42 | Sample-A | 57 |

Question: What value is missing for Sample-A in Part B?",17,recover_from_total,"{""target_row"": ""Sample-A"", ""missing_column"": ""Part B"", ""known_total"": 191, ""visible_components"": {""Part A"": 75, ""Part C"": 57, ""Part D"": 42}}","{""component_columns"": [""Part A"", ""Part B"", ""Part C"", ""Part D""]}","{""headers"": [""Part A"", ""Part B"", ""Total"", ""Part D"", ""Sample"", ""Part C""], ""rows"": [[18, 13, 190, 100, ""Sample-J"", 59], [93, 47, 254, 49, ""Sample-D"", 65], [16, 15, 93, 24, ""Sample-I"", 38], [84, 110, 324, 113, ""Sample-C"", 17], [75, ""?"", 191, 42, ""Sample-A"", 57]]}"
A-L5-0056,5,confusion_matrix_metric,"According to the table, compute the Accuracy of model Aurora.","| TN | TP | Model | FN | FP |
| --- | --- | --- | --- | --- |
| 215 | 377 | Pulse | 29 | 20 |
| 138 | 301 | Helix | 146 | 113 |
| 167 | 329 | Zenith | 48 | 12 |
| 491 | 324 | Aurora | 123 | 43 |
| 253 | 213 | Sigma | 67 | 113 |
| 275 | 339 | Vertex | 139 | 61 |","Answer the question using the table. Perform all required reasoning and return only the final answer.

Table:
| TN | TP | Model | FN | FP |
| --- | --- | --- | --- | --- |
| 215 | 377 | Pulse | 29 | 20 |
| 138 | 301 | Helix | 146 | 113 |
| 167 | 329 | Zenith | 48 | 12 |
| 491 | 324 | Aurora | 123 | 43 |
| 253 | 213 | Sigma | 67 | 113 |
| 275 | 339 | Vertex | 139 | 61 |

Question: According to the table, compute the Accuracy of model Aurora.",0.8308,accuracy,"{""target_row"": ""Aurora"", ""TP"": 324, ""FP"": 43, ""FN"": 123, ""TN"": 491}","{""metric"": ""Accuracy"", ""answer_digits"": 4}","{""headers"": [""TN"", ""TP"", ""Model"", ""FN"", ""FP""], ""rows"": [[215, 377, ""Pulse"", 29, 20], [138, 301, ""Helix"", 146, 113], [167, 329, ""Zenith"", 48, 12], [491, 324, ""Aurora"", 123, 43], [253, 213, ""Sigma"", 67, 113], [275, 339, ""Vertex"", 139, 61]]}"
A-L5-0057,5,confusion_matrix_metric,"Using the confusion-matrix counts, calculate Vertex's Recall.","| Model | FN | TP | FP | TN |
| --- | --- | --- | --- | --- |
| Nimbus | 143 | 321 | 110 | 198 |
| Vertex | 28 | 150 | 134 | 219 |
| Sigma | 148 | 302 | 97 | 184 |
| Pulse | 8 | 369 | 19 | 272 |
| Helix | 59 | 189 | 69 | 304 |
| Aurora | 62 | 78 | 25 | 137 |
| Zenith | 145 | 329 | 107 | 62 |","Answer the question using the table. Perform all required reasoning and return only the final answer.

Table:
| Model | FN | TP | FP | TN |
| --- | --- | --- | --- | --- |
| Nimbus | 143 | 321 | 110 | 198 |
| Vertex | 28 | 150 | 134 | 219 |
| Sigma | 148 | 302 | 97 | 184 |
| Pulse | 8 | 369 | 19 | 272 |
| Helix | 59 | 189 | 69 | 304 |
| Aurora | 62 | 78 | 25 | 137 |
| Zenith | 145 | 329 | 107 | 62 |

Question: Using the confusion-matrix counts, calculate Vertex's Recall.",0.8427,recall,"{""target_row"": ""Vertex"", ""TP"": 150, ""FP"": 134, ""FN"": 28, ""TN"": 219}","{""metric"": ""Recall"", ""answer_digits"": 4}","{""headers"": [""Model"", ""FN"", ""TP"", ""FP"", ""TN""], ""rows"": [[""Nimbus"", 143, 321, 110, 198], [""Vertex"", 28, 150, 134, 219], [""Sigma"", 148, 302, 97, 184], [""Pulse"", 8, 369, 19, 272], [""Helix"", 59, 189, 69, 304], [""Aurora"", 62, 78, 25, 137], [""Zenith"", 145, 329, 107, 62]]}"
A-L5-0058,5,confusion_matrix_metric,"According to the table, compute the F1 score of model Sigma.","| TP | TN | Model | FP | FN |
| --- | --- | --- | --- | --- |
| 78 | 241 | Zenith | 59 | 16 |
| 188 | 334 | Sigma | 26 | 6 |
| 346 | 126 | Helix | 145 | 79 |
| 110 | 303 | Nimbus | 26 | 90 |","Answer the question using the table. Perform all required reasoning and return only the final answer.

Table:
| TP | TN | Model | FP | FN |
| --- | --- | --- | --- | --- |
| 78 | 241 | Zenith | 59 | 16 |
| 188 | 334 | Sigma | 26 | 6 |
| 346 | 126 | Helix | 145 | 79 |
| 110 | 303 | Nimbus | 26 | 90 |

Question: According to the table, compute the F1 score of model Sigma.",0.9216,f1_score,"{""target_row"": ""Sigma"", ""TP"": 188, ""FP"": 26, ""FN"": 6, ""TN"": 334}","{""metric"": ""F1 score"", ""answer_digits"": 4}","{""headers"": [""TP"", ""TN"", ""Model"", ""FP"", ""FN""], ""rows"": [[78, 241, ""Zenith"", 59, 16], [188, 334, ""Sigma"", 26, 6], [346, 126, ""Helix"", 145, 79], [110, 303, ""Nimbus"", 26, 90]]}"
A-L5-0059,5,bayes_posterior,"For Group-G, compute the posterior probability of having the condition after a positive test.","| Population | False positive rate | Sensitivity | Prevalence |
| --- | --- | --- | --- |
| Group-B | 7.09% | 73.36% | 11.21% |
| Group-G | 25.41% | 64.22% | 26.93% |
| Group-C | 11.98% | 85.60% | 22.37% |
| Group-K | 27.09% | 83.59% | 35.43% |
| Group-I | 27.91% | 79.05% | 10.54% |
| Group-E | 23.86% | 77.15% | 41.28% |","Answer the question using the table. Perform all required reasoning and return only the final answer.

Table:
| Population | False positive rate | Sensitivity | Prevalence |
| --- | --- | --- | --- |
| Group-B | 7.09% | 73.36% | 11.21% |
| Group-G | 25.41% | 64.22% | 26.93% |
| Group-C | 11.98% | 85.60% | 22.37% |
| Group-K | 27.09% | 83.59% | 35.43% |
| Group-I | 27.91% | 79.05% | 10.54% |
| Group-E | 23.86% | 77.15% | 41.28% |

Question: For Group-G, compute the posterior probability of having the condition after a positive test.",48.22%,bayes_rule,"{""target_row"": ""Group-G"", ""prevalence"": 0.26925674024577306, ""sensitivity"": 0.6421941509236307, ""false_positive_rate"": 0.25405739878411643}","{""formula"": ""sens*prev / (sens*prev + fpr*(1-prev))"", ""answer_digits"": 2}","{""headers"": [""Population"", ""False positive rate"", ""Sensitivity"", ""Prevalence""], ""rows"": [[""Group-B"", ""7.09%"", ""73.36%"", ""11.21%""], [""Group-G"", ""25.41%"", ""64.22%"", ""26.93%""], [""Group-C"", ""11.98%"", ""85.60%"", ""22.37%""], [""Group-K"", ""27.09%"", ""83.59%"", ""35.43%""], [""Group-I"", ""27.91%"", ""79.05%"", ""10.54%""], [""Group-E"", ""23.86%"", ""77.15%"", ""41.28%""]]}"
A-L5-0060,5,confusion_matrix_metric,What is the Accuracy for Nova?,"| TN | FN | TP | Model | FP |
| --- | --- | --- | --- | --- |
| 466 | 84 | 172 | Zenith | 84 |
| 356 | 97 | 170 | Nova | 74 |
| 440 | 77 | 142 | Quartz | 132 |
| 428 | 21 | 105 | Sigma | 53 |","Answer the question using the table. Perform all required reasoning and return only the final answer.

Table:
| TN | FN | TP | Model | FP |
| --- | --- | --- | --- | --- |
| 466 | 84 | 172 | Zenith | 84 |
| 356 | 97 | 170 | Nova | 74 |
| 440 | 77 | 142 | Quartz | 132 |
| 428 | 21 | 105 | Sigma | 53 |

Question: What is the Accuracy for Nova?",0.7547,accuracy,"{""target_row"": ""Nova"", ""TP"": 170, ""FP"": 74, ""FN"": 97, ""TN"": 356}","{""metric"": ""Accuracy"", ""answer_digits"": 4}","{""headers"": [""TN"", ""FN"", ""TP"", ""Model"", ""FP""], ""rows"": [[466, 84, 172, ""Zenith"", 84], [356, 97, 170, ""Nova"", 74], [440, 77, 142, ""Quartz"", 132], [428, 21, 105, ""Sigma"", 53]]}"
A-L5-0061,5,missing_value_from_average,The Test 1 score for Lena is missing. What value belongs there?,"| Test 4 | Average | Test 2 | Test 3 | Student | Test 1 |
| --- | --- | --- | --- | --- | --- |
| 43 | 65.75 | 82 | 57 | Oliver | 81 |
| 79 | 84.00 | 89 | 69 | Lena | ? |
| 96 | 72.75 | 41 | 87 | Leo | 67 |
| 55 | 51.75 | 54 | 53 | Iris | 45 |
| 97 | 88.00 | 87 | 94 | Yuna | 74 |
| 75 | 65.25 | 82 | 46 | Noah | 58 |","Answer the question using the table. Perform all required reasoning and return only the final answer.

Table:
| Test 4 | Average | Test 2 | Test 3 | Student | Test 1 |
| --- | --- | --- | --- | --- | --- |
| 43 | 65.75 | 82 | 57 | Oliver | 81 |
| 79 | 84.00 | 89 | 69 | Lena | ? |
| 96 | 72.75 | 41 | 87 | Leo | 67 |
| 55 | 51.75 | 54 | 53 | Iris | 45 |
| 97 | 88.00 | 87 | 94 | Yuna | 74 |
| 75 | 65.25 | 82 | 46 | Noah | 58 |

Question: The Test 1 score for Lena is missing. What value belongs there?",99,recover_from_average,"{""target_row"": ""Lena"", ""missing_column"": ""Test 1"", ""known_average"": 84.0, ""visible_scores"": {""Test 2"": 89, ""Test 3"": 69, ""Test 4"": 79}}","{""num_scores"": 4, ""score_columns"": [""Test 1"", ""Test 2"", ""Test 3"", ""Test 4""]}","{""headers"": [""Test 4"", ""Average"", ""Test 2"", ""Test 3"", ""Student"", ""Test 1""], ""rows"": [[43, ""65.75"", 82, 57, ""Oliver"", 81], [79, ""84.00"", 89, 69, ""Lena"", ""?""], [96, ""72.75"", 41, 87, ""Leo"", 67], [55, ""51.75"", 54, 53, ""Iris"", 45], [97, ""88.00"", 87, 94, ""Yuna"", 74], [75, ""65.25"", 82, 46, ""Noah"", 58]]}"
A-L5-0062,5,bayes_posterior,"For Group-B, what is the probability that a person actually has the condition given a positive test?","| Prevalence | Population | False positive rate | Sensitivity |
| --- | --- | --- | --- |
| 6.91% | Group-C | 7.85% | 74.83% |
| 29.20% | Group-K | 8.34% | 70.60% |
| 30.74% | Group-J | 1.33% | 60.47% |
| 21.61% | Group-L | 9.96% | 82.71% |
| 32.50% | Group-B | 10.67% | 61.05% |
| 12.21% | Group-I | 21.07% | 70.89% |
| 7.69% | Group-F | 22.01% | 70.37% |","Answer the question using the table. Perform all required reasoning and return only the final answer.

Table:
| Prevalence | Population | False positive rate | Sensitivity |
| --- | --- | --- | --- |
| 6.91% | Group-C | 7.85% | 74.83% |
| 29.20% | Group-K | 8.34% | 70.60% |
| 30.74% | Group-J | 1.33% | 60.47% |
| 21.61% | Group-L | 9.96% | 82.71% |
| 32.50% | Group-B | 10.67% | 61.05% |
| 12.21% | Group-I | 21.07% | 70.89% |
| 7.69% | Group-F | 22.01% | 70.37% |

Question: For Group-B, what is the probability that a person actually has the condition given a positive test?",73.37%,bayes_rule,"{""target_row"": ""Group-B"", ""prevalence"": 0.3249551185913929, ""sensitivity"": 0.6105258128162064, ""false_positive_rate"": 0.10668514088169562}","{""formula"": ""sens*prev / (sens*prev + fpr*(1-prev))"", ""answer_digits"": 2}","{""headers"": [""Prevalence"", ""Population"", ""False positive rate"", ""Sensitivity""], ""rows"": [[""6.91%"", ""Group-C"", ""7.85%"", ""74.83%""], [""29.20%"", ""Group-K"", ""8.34%"", ""70.60%""], [""30.74%"", ""Group-J"", ""1.33%"", ""60.47%""], [""21.61%"", ""Group-L"", ""9.96%"", ""82.71%""], [""32.50%"", ""Group-B"", ""10.67%"", ""61.05%""], [""12.21%"", ""Group-I"", ""21.07%"", ""70.89%""], [""7.69%"", ""Group-F"", ""22.01%"", ""70.37%""]]}"
A-L5-0063,5,missing_value_from_average,What is the missing Test 4 score for Alex?,"| Average | Test 1 | Test 3 | Student | Test 4 | Test 2 |
| --- | --- | --- | --- | --- | --- |
| 68.75 | 77 | 70 | Julia | 66 | 62 |
| 73.00 | 55 | 76 | Sam | 82 | 79 |
| 75.00 | 93 | 93 | Ethan | 54 | 60 |
| 76.25 | 99 | 52 | David | 78 | 76 |
| 73.25 | 94 | 62 | Iris | 57 | 80 |
| 81.00 | 93 | 80 | Lucas | 83 | 68 |
| 64.50 | 49 | 61 | Alex | ? | 65 |","Answer the question using the table. Perform all required reasoning and return only the final answer.

Table:
| Average | Test 1 | Test 3 | Student | Test 4 | Test 2 |
| --- | --- | --- | --- | --- | --- |
| 68.75 | 77 | 70 | Julia | 66 | 62 |
| 73.00 | 55 | 76 | Sam | 82 | 79 |
| 75.00 | 93 | 93 | Ethan | 54 | 60 |
| 76.25 | 99 | 52 | David | 78 | 76 |
| 73.25 | 94 | 62 | Iris | 57 | 80 |
| 81.00 | 93 | 80 | Lucas | 83 | 68 |
| 64.50 | 49 | 61 | Alex | ? | 65 |

Question: What is the missing Test 4 score for Alex?",83,recover_from_average,"{""target_row"": ""Alex"", ""missing_column"": ""Test 4"", ""known_average"": 64.5, ""visible_scores"": {""Test 1"": 49, ""Test 2"": 65, ""Test 3"": 61}}","{""num_scores"": 4, ""score_columns"": [""Test 1"", ""Test 2"", ""Test 3"", ""Test 4""]}","{""headers"": [""Average"", ""Test 1"", ""Test 3"", ""Student"", ""Test 4"", ""Test 2""], ""rows"": [[""68.75"", 77, 70, ""Julia"", 66, 62], [""73.00"", 55, 76, ""Sam"", 82, 79], [""75.00"", 93, 93, ""Ethan"", 54, 60], [""76.25"", 99, 52, ""David"", 78, 76], [""73.25"", 94, 62, ""Iris"", 57, 80], [""81.00"", 93, 80, ""Lucas"", 83, 68], [""64.50"", 49, 61, ""Alex"", ""?"", 65]]}"
A-L5-0064,5,missing_value_from_average,What is the missing Test 2 score for Yuna?,"| Test 3 | Average | Test 2 | Student | Test 4 | Test 1 |
| --- | --- | --- | --- | --- | --- |
| 92 | 77.00 | 83 | Sam | 61 | 72 |
| 86 | 79.00 | 84 | Oliver | 86 | 60 |
| 69 | 70.25 | 77 | Daniel | 92 | 43 |
| 94 | 80.50 | 95 | Ethan | 48 | 85 |
| 53 | 68.50 | 62 | David | 59 | 100 |
| 53 | 74.75 | ? | Yuna | 93 | 68 |","Answer the question using the table. Perform all required reasoning and return only the final answer.

Table:
| Test 3 | Average | Test 2 | Student | Test 4 | Test 1 |
| --- | --- | --- | --- | --- | --- |
| 92 | 77.00 | 83 | Sam | 61 | 72 |
| 86 | 79.00 | 84 | Oliver | 86 | 60 |
| 69 | 70.25 | 77 | Daniel | 92 | 43 |
| 94 | 80.50 | 95 | Ethan | 48 | 85 |
| 53 | 68.50 | 62 | David | 59 | 100 |
| 53 | 74.75 | ? | Yuna | 93 | 68 |

Question: What is the missing Test 2 score for Yuna?",85,recover_from_average,"{""target_row"": ""Yuna"", ""missing_column"": ""Test 2"", ""known_average"": 74.75, ""visible_scores"": {""Test 1"": 68, ""Test 3"": 53, ""Test 4"": 93}}","{""num_scores"": 4, ""score_columns"": [""Test 1"", ""Test 2"", ""Test 3"", ""Test 4""]}","{""headers"": [""Test 3"", ""Average"", ""Test 2"", ""Student"", ""Test 4"", ""Test 1""], ""rows"": [[92, ""77.00"", 83, ""Sam"", 61, 72], [86, ""79.00"", 84, ""Oliver"", 86, 60], [69, ""70.25"", 77, ""Daniel"", 92, 43], [94, ""80.50"", 95, ""Ethan"", 48, 85], [53, ""68.50"", 62, ""David"", 59, 100], [53, ""74.75"", ""?"", ""Yuna"", 93, 68]]}"
A-L5-0065,5,missing_value_from_total,The Part B entry for Sample-G is missing. What should it be?,"| Part B | Total | Part A | Part C | Part D | Sample |
| --- | --- | --- | --- | --- | --- |
| 68 | 406 | 120 | 111 | 107 | Sample-F |
| 89 | 312 | 24 | 113 | 86 | Sample-I |
| ? | 291 | 117 | 31 | 99 | Sample-G |
| 18 | 258 | 64 | 59 | 117 | Sample-H |
| 12 | 94 | 31 | 33 | 18 | Sample-L |
| 69 | 305 | 100 | 73 | 63 | Sample-J |
| 88 | 227 | 103 | 22 | 14 | Sample-C |","Answer the question using the table. Perform all required reasoning and return only the final answer.

Table:
| Part B | Total | Part A | Part C | Part D | Sample |
| --- | --- | --- | --- | --- | --- |
| 68 | 406 | 120 | 111 | 107 | Sample-F |
| 89 | 312 | 24 | 113 | 86 | Sample-I |
| ? | 291 | 117 | 31 | 99 | Sample-G |
| 18 | 258 | 64 | 59 | 117 | Sample-H |
| 12 | 94 | 31 | 33 | 18 | Sample-L |
| 69 | 305 | 100 | 73 | 63 | Sample-J |
| 88 | 227 | 103 | 22 | 14 | Sample-C |

Question: The Part B entry for Sample-G is missing. What should it be?",44,recover_from_total,"{""target_row"": ""Sample-G"", ""missing_column"": ""Part B"", ""known_total"": 291, ""visible_components"": {""Part A"": 117, ""Part C"": 31, ""Part D"": 99}}","{""component_columns"": [""Part A"", ""Part B"", ""Part C"", ""Part D""]}","{""headers"": [""Part B"", ""Total"", ""Part A"", ""Part C"", ""Part D"", ""Sample""], ""rows"": [[68, 406, 120, 111, 107, ""Sample-F""], [89, 312, 24, 113, 86, ""Sample-I""], [""?"", 291, 117, 31, 99, ""Sample-G""], [18, 258, 64, 59, 117, ""Sample-H""], [12, 94, 31, 33, 18, ""Sample-L""], [69, 305, 100, 73, 63, ""Sample-J""], [88, 227, 103, 22, 14, ""Sample-C""]]}"
A-L5-0066,5,confusion_matrix_metric,What is the Recall for Quartz?,"| TP | FP | TN | FN | Model |
| --- | --- | --- | --- | --- |
| 370 | 9 | 283 | 116 | Aurora |
| 385 | 85 | 343 | 34 | Echo |
| 162 | 134 | 169 | 133 | Delta |
| 253 | 133 | 231 | 5 | Nova |
| 170 | 117 | 264 | 52 | Quartz |","Answer the question using the table. Perform all required reasoning and return only the final answer.

Table:
| TP | FP | TN | FN | Model |
| --- | --- | --- | --- | --- |
| 370 | 9 | 283 | 116 | Aurora |
| 385 | 85 | 343 | 34 | Echo |
| 162 | 134 | 169 | 133 | Delta |
| 253 | 133 | 231 | 5 | Nova |
| 170 | 117 | 264 | 52 | Quartz |

Question: What is the Recall for Quartz?",0.7658,recall,"{""target_row"": ""Quartz"", ""TP"": 170, ""FP"": 117, ""FN"": 52, ""TN"": 264}","{""metric"": ""Recall"", ""answer_digits"": 4}","{""headers"": [""TP"", ""FP"", ""TN"", ""FN"", ""Model""], ""rows"": [[370, 9, 283, 116, ""Aurora""], [385, 85, 343, 34, ""Echo""], [162, 134, 169, 133, ""Delta""], [253, 133, 231, 5, ""Nova""], [170, 117, 264, 52, ""Quartz""]]}"
A-L5-0067,5,missing_value_from_average,What is the missing Test 3 score for Maya?,"| Student | Test 4 | Test 2 | Test 1 | Test 3 | Average |
| --- | --- | --- | --- | --- | --- |
| Leo | 71 | 49 | 50 | 75 | 61.25 |
| Chris | 50 | 79 | 79 | 64 | 68.00 |
| Maya | 73 | 75 | 97 | ? | 81.50 |
| Hana | 92 | 73 | 63 | 77 | 76.25 |","Answer the question using the table. Perform all required reasoning and return only the final answer.

Table:
| Student | Test 4 | Test 2 | Test 1 | Test 3 | Average |
| --- | --- | --- | --- | --- | --- |
| Leo | 71 | 49 | 50 | 75 | 61.25 |
| Chris | 50 | 79 | 79 | 64 | 68.00 |
| Maya | 73 | 75 | 97 | ? | 81.50 |
| Hana | 92 | 73 | 63 | 77 | 76.25 |

Question: What is the missing Test 3 score for Maya?",81,recover_from_average,"{""target_row"": ""Maya"", ""missing_column"": ""Test 3"", ""known_average"": 81.5, ""visible_scores"": {""Test 1"": 97, ""Test 2"": 75, ""Test 4"": 73}}","{""num_scores"": 4, ""score_columns"": [""Test 1"", ""Test 2"", ""Test 3"", ""Test 4""]}","{""headers"": [""Student"", ""Test 4"", ""Test 2"", ""Test 1"", ""Test 3"", ""Average""], ""rows"": [[""Leo"", 71, 49, 50, 75, ""61.25""], [""Chris"", 50, 79, 79, 64, ""68.00""], [""Maya"", 73, 75, 97, ""?"", ""81.50""], [""Hana"", 92, 73, 63, 77, ""76.25""]]}"
A-L5-0068,5,physics_derived_quantity,"According to the table, what is the momentum for Iris?","| Person | Speed | Altitude | Elapsed time | Mass |
| --- | --- | --- | --- | --- |
| Hana | 51.6 m/s | 6940 m | 89.3 s | 80 kg |
| Iris | 12.6 m/s | 7398 m | 8.7 s | 78 kg |
| Theo | 79.0 m/s | 1422 m | 107.6 s | 70 kg |
| Sofia | 17.6 m/s | 4546 m | 16.9 s | 52 kg |","Answer the question using the table. Perform all required reasoning and return only the final answer.

Table:
| Person | Speed | Altitude | Elapsed time | Mass |
| --- | --- | --- | --- | --- |
| Hana | 51.6 m/s | 6940 m | 89.3 s | 80 kg |
| Iris | 12.6 m/s | 7398 m | 8.7 s | 78 kg |
| Theo | 79.0 m/s | 1422 m | 107.6 s | 70 kg |
| Sofia | 17.6 m/s | 4546 m | 16.9 s | 52 kg |

Question: According to the table, what is the momentum for Iris?",982.80 kg·m/s,momentum,"{""target_row"": ""Iris"", ""mass_kg"": 78, ""speed_m_s"": 12.6}","{""quantity"": ""Momentum"", ""answer_digits"": 2}","{""headers"": [""Person"", ""Speed"", ""Altitude"", ""Elapsed time"", ""Mass""], ""rows"": [[""Hana"", ""51.6 m/s"", ""6940 m"", ""89.3 s"", ""80 kg""], [""Iris"", ""12.6 m/s"", ""7398 m"", ""8.7 s"", ""78 kg""], [""Theo"", ""79.0 m/s"", ""1422 m"", ""107.6 s"", ""70 kg""], [""Sofia"", ""17.6 m/s"", ""4546 m"", ""16.9 s"", ""52 kg""]]}"
A-L5-0069,5,missing_value_from_total,What value is missing for Sample-F in Part A?,"| Sample | Part A | Part B | Part D | Part C | Total |
| --- | --- | --- | --- | --- | --- |
| Sample-G | 16 | 11 | 21 | 109 | 157 |
| Sample-C | 35 | 109 | 84 | 98 | 326 |
| Sample-F | ? | 81 | 54 | 39 | 281 |
| Sample-E | 49 | 70 | 80 | 16 | 215 |
| Sample-J | 116 | 76 | 54 | 81 | 327 |
| Sample-B | 61 | 85 | 16 | 61 | 223 |
| Sample-L | 68 | 94 | 26 | 71 | 259 |","Answer the question using the table. Perform all required reasoning and return only the final answer.

Table:
| Sample | Part A | Part B | Part D | Part C | Total |
| --- | --- | --- | --- | --- | --- |
| Sample-G | 16 | 11 | 21 | 109 | 157 |
| Sample-C | 35 | 109 | 84 | 98 | 326 |
| Sample-F | ? | 81 | 54 | 39 | 281 |
| Sample-E | 49 | 70 | 80 | 16 | 215 |
| Sample-J | 116 | 76 | 54 | 81 | 327 |
| Sample-B | 61 | 85 | 16 | 61 | 223 |
| Sample-L | 68 | 94 | 26 | 71 | 259 |

Question: What value is missing for Sample-F in Part A?",107,recover_from_total,"{""target_row"": ""Sample-F"", ""missing_column"": ""Part A"", ""known_total"": 281, ""visible_components"": {""Part B"": 81, ""Part C"": 39, ""Part D"": 54}}","{""component_columns"": [""Part A"", ""Part B"", ""Part C"", ""Part D""]}","{""headers"": [""Sample"", ""Part A"", ""Part B"", ""Part D"", ""Part C"", ""Total""], ""rows"": [[""Sample-G"", 16, 11, 21, 109, 157], [""Sample-C"", 35, 109, 84, 98, 326], [""Sample-F"", ""?"", 81, 54, 39, 281], [""Sample-E"", 49, 70, 80, 16, 215], [""Sample-J"", 116, 76, 54, 81, 327], [""Sample-B"", 61, 85, 16, 61, 223], [""Sample-L"", 68, 94, 26, 71, 259]]}"
A-L5-0070,5,bayes_posterior,"For Group-G, what is the probability that a person actually has the condition given a positive test?","| Sensitivity | False positive rate | Population | Prevalence |
| --- | --- | --- | --- |
| 74.83% | 28.45% | Group-A | 23.20% |
| 70.39% | 2.00% | Group-G | 38.09% |
| 76.51% | 11.21% | Group-F | 5.88% |
| 62.99% | 11.16% | Group-L | 16.94% |
| 92.13% | 25.44% | Group-D | 8.71% |
| 66.29% | 10.04% | Group-H | 26.59% |
| 89.16% | 23.60% | Group-C | 6.09% |","Answer the question using the table. Perform all required reasoning and return only the final answer.

Table:
| Sensitivity | False positive rate | Population | Prevalence |
| --- | --- | --- | --- |
| 74.83% | 28.45% | Group-A | 23.20% |
| 70.39% | 2.00% | Group-G | 38.09% |
| 76.51% | 11.21% | Group-F | 5.88% |
| 62.99% | 11.16% | Group-L | 16.94% |
| 92.13% | 25.44% | Group-D | 8.71% |
| 66.29% | 10.04% | Group-H | 26.59% |
| 89.16% | 23.60% | Group-C | 6.09% |

Question: For Group-G, what is the probability that a person actually has the condition given a positive test?",95.59%,bayes_rule,"{""target_row"": ""Group-G"", ""prevalence"": 0.3808734990743582, ""sensitivity"": 0.7038711617173055, ""false_positive_rate"": 0.019985151229636094}","{""formula"": ""sens*prev / (sens*prev + fpr*(1-prev))"", ""answer_digits"": 2}","{""headers"": [""Sensitivity"", ""False positive rate"", ""Population"", ""Prevalence""], ""rows"": [[""74.83%"", ""28.45%"", ""Group-A"", ""23.20%""], [""70.39%"", ""2.00%"", ""Group-G"", ""38.09%""], [""76.51%"", ""11.21%"", ""Group-F"", ""5.88%""], [""62.99%"", ""11.16%"", ""Group-L"", ""16.94%""], [""92.13%"", ""25.44%"", ""Group-D"", ""8.71%""], [""66.29%"", ""10.04%"", ""Group-H"", ""26.59%""], [""89.16%"", ""23.60%"", ""Group-C"", ""6.09%""]]}"
A-L5-0071,5,missing_value_from_average,What is the missing Test 3 score for Ryan?,"| Student | Average | Test 3 | Test 1 | Test 4 | Test 2 |
| --- | --- | --- | --- | --- | --- |
| Oliver | 81.25 | 82 | 86 | 61 | 96 |
| Lucas | 68.25 | 81 | 81 | 54 | 57 |
| Ryan | 90.75 | ? | 100 | 97 | 95 |
| Leo | 68.25 | 74 | 53 | 78 | 68 |
| Sofia | 73.50 | 91 | 71 | 62 | 70 |","Answer the question using the table. Perform all required reasoning and return only the final answer.

Table:
| Student | Average | Test 3 | Test 1 | Test 4 | Test 2 |
| --- | --- | --- | --- | --- | --- |
| Oliver | 81.25 | 82 | 86 | 61 | 96 |
| Lucas | 68.25 | 81 | 81 | 54 | 57 |
| Ryan | 90.75 | ? | 100 | 97 | 95 |
| Leo | 68.25 | 74 | 53 | 78 | 68 |
| Sofia | 73.50 | 91 | 71 | 62 | 70 |

Question: What is the missing Test 3 score for Ryan?",71,recover_from_average,"{""target_row"": ""Ryan"", ""missing_column"": ""Test 3"", ""known_average"": 90.75, ""visible_scores"": {""Test 1"": 100, ""Test 2"": 95, ""Test 4"": 97}}","{""num_scores"": 4, ""score_columns"": [""Test 1"", ""Test 2"", ""Test 3"", ""Test 4""]}","{""headers"": [""Student"", ""Average"", ""Test 3"", ""Test 1"", ""Test 4"", ""Test 2""], ""rows"": [[""Oliver"", ""81.25"", 82, 86, 61, 96], [""Lucas"", ""68.25"", 81, 81, 54, 57], [""Ryan"", ""90.75"", ""?"", 100, 97, 95], [""Leo"", ""68.25"", 74, 53, 78, 68], [""Sofia"", ""73.50"", 91, 71, 62, 70]]}"
A-L5-0072,5,missing_value_from_average,The Test 1 score for Oliver is missing. What value belongs there?,"| Test 1 | Test 3 | Student | Test 4 | Test 2 | Average |
| --- | --- | --- | --- | --- | --- |
| 83 | 66 | Sofia | 81 | 42 | 68.00 |
| ? | 96 | Oliver | 43 | 49 | 66.00 |
| 63 | 42 | Noah | 61 | 49 | 53.75 |
| 61 | 87 | David | 100 | 43 | 72.75 |
| 83 | 81 | Chris | 99 | 76 | 84.75 |","Answer the question using the table. Perform all required reasoning and return only the final answer.

Table:
| Test 1 | Test 3 | Student | Test 4 | Test 2 | Average |
| --- | --- | --- | --- | --- | --- |
| 83 | 66 | Sofia | 81 | 42 | 68.00 |
| ? | 96 | Oliver | 43 | 49 | 66.00 |
| 63 | 42 | Noah | 61 | 49 | 53.75 |
| 61 | 87 | David | 100 | 43 | 72.75 |
| 83 | 81 | Chris | 99 | 76 | 84.75 |

Question: The Test 1 score for Oliver is missing. What value belongs there?",76,recover_from_average,"{""target_row"": ""Oliver"", ""missing_column"": ""Test 1"", ""known_average"": 66.0, ""visible_scores"": {""Test 2"": 49, ""Test 3"": 96, ""Test 4"": 43}}","{""num_scores"": 4, ""score_columns"": [""Test 1"", ""Test 2"", ""Test 3"", ""Test 4""]}","{""headers"": [""Test 1"", ""Test 3"", ""Student"", ""Test 4"", ""Test 2"", ""Average""], ""rows"": [[83, 66, ""Sofia"", 81, 42, ""68.00""], [""?"", 96, ""Oliver"", 43, 49, ""66.00""], [63, 42, ""Noah"", 61, 49, ""53.75""], [61, 87, ""David"", 100, 43, ""72.75""], [83, 81, ""Chris"", 99, 76, ""84.75""]]}"
A-L5-0073,5,physics_derived_quantity,What is Sofia's momentum?,"| Elapsed time | Speed | Person | Altitude | Mass |
| --- | --- | --- | --- | --- |
| 23.5 s | 59.3 m/s | Yuna | 4986 m | 107 kg |
| 102.8 s | 54.8 m/s | David | 1246 m | 95 kg |
| 54.5 s | 68.2 m/s | Chris | 9485 m | 59 kg |
| 47.6 s | 76.8 m/s | Ethan | 1322 m | 105 kg |
| 82.4 s | 13.1 m/s | Sofia | 582 m | 53 kg |","Answer the question using the table. Perform all required reasoning and return only the final answer.

Table:
| Elapsed time | Speed | Person | Altitude | Mass |
| --- | --- | --- | --- | --- |
| 23.5 s | 59.3 m/s | Yuna | 4986 m | 107 kg |
| 102.8 s | 54.8 m/s | David | 1246 m | 95 kg |
| 54.5 s | 68.2 m/s | Chris | 9485 m | 59 kg |
| 47.6 s | 76.8 m/s | Ethan | 1322 m | 105 kg |
| 82.4 s | 13.1 m/s | Sofia | 582 m | 53 kg |

Question: What is Sofia's momentum?",694.30 kg·m/s,momentum,"{""target_row"": ""Sofia"", ""mass_kg"": 53, ""speed_m_s"": 13.1}","{""quantity"": ""Momentum"", ""answer_digits"": 2}","{""headers"": [""Elapsed time"", ""Speed"", ""Person"", ""Altitude"", ""Mass""], ""rows"": [[""23.5 s"", ""59.3 m/s"", ""Yuna"", ""4986 m"", ""107 kg""], [""102.8 s"", ""54.8 m/s"", ""David"", ""1246 m"", ""95 kg""], [""54.5 s"", ""68.2 m/s"", ""Chris"", ""9485 m"", ""59 kg""], [""47.6 s"", ""76.8 m/s"", ""Ethan"", ""1322 m"", ""105 kg""], [""82.4 s"", ""13.1 m/s"", ""Sofia"", ""582 m"", ""53 kg""]]}"
A-L5-0074,5,physics_derived_quantity,"Using the table values, calculate the momentum of Daniel.","| Elapsed time | Speed | Person | Altitude | Mass |
| --- | --- | --- | --- | --- |
| 80.6 s | 45.8 m/s | Nora | 996 m | 78 kg |
| 75.9 s | 62.0 m/s | Chris | 4254 m | 91 kg |
| 7.1 s | 66.1 m/s | Daniel | 3001 m | 54 kg |
| 16.3 s | 57.1 m/s | Jisoo | 2125 m | 59 kg |","Answer the question using the table. Perform all required reasoning and return only the final answer.

Table:
| Elapsed time | Speed | Person | Altitude | Mass |
| --- | --- | --- | --- | --- |
| 80.6 s | 45.8 m/s | Nora | 996 m | 78 kg |
| 75.9 s | 62.0 m/s | Chris | 4254 m | 91 kg |
| 7.1 s | 66.1 m/s | Daniel | 3001 m | 54 kg |
| 16.3 s | 57.1 m/s | Jisoo | 2125 m | 59 kg |

Question: Using the table values, calculate the momentum of Daniel.",3569.40 kg·m/s,momentum,"{""target_row"": ""Daniel"", ""mass_kg"": 54, ""speed_m_s"": 66.1}","{""quantity"": ""Momentum"", ""answer_digits"": 2}","{""headers"": [""Elapsed time"", ""Speed"", ""Person"", ""Altitude"", ""Mass""], ""rows"": [[""80.6 s"", ""45.8 m/s"", ""Nora"", ""996 m"", ""78 kg""], [""75.9 s"", ""62.0 m/s"", ""Chris"", ""4254 m"", ""91 kg""], [""7.1 s"", ""66.1 m/s"", ""Daniel"", ""3001 m"", ""54 kg""], [""16.3 s"", ""57.1 m/s"", ""Jisoo"", ""2125 m"", ""59 kg""]]}"
A-L5-0075,5,bayes_posterior,"For Group-I, compute the posterior probability of having the condition after a positive test.","| Prevalence | Population | Sensitivity | False positive rate |
| --- | --- | --- | --- |
| 37.83% | Group-A | 95.64% | 24.25% |
| 32.45% | Group-C | 79.58% | 5.32% |
| 22.94% | Group-D | 73.49% | 10.19% |
| 3.14% | Group-K | 68.04% | 27.67% |
| 16.83% | Group-I | 89.44% | 7.12% |","Answer the question using the table. Perform all required reasoning and return only the final answer.

Table:
| Prevalence | Population | Sensitivity | False positive rate |
| --- | --- | --- | --- |
| 37.83% | Group-A | 95.64% | 24.25% |
| 32.45% | Group-C | 79.58% | 5.32% |
| 22.94% | Group-D | 73.49% | 10.19% |
| 3.14% | Group-K | 68.04% | 27.67% |
| 16.83% | Group-I | 89.44% | 7.12% |

Question: For Group-I, compute the posterior probability of having the condition after a positive test.",71.79%,bayes_rule,"{""target_row"": ""Group-I"", ""prevalence"": 0.16833301731024525, ""sensitivity"": 0.894396396939586, ""false_positive_rate"": 0.07115048399391288}","{""formula"": ""sens*prev / (sens*prev + fpr*(1-prev))"", ""answer_digits"": 2}","{""headers"": [""Prevalence"", ""Population"", ""Sensitivity"", ""False positive rate""], ""rows"": [[""37.83%"", ""Group-A"", ""95.64%"", ""24.25%""], [""32.45%"", ""Group-C"", ""79.58%"", ""5.32%""], [""22.94%"", ""Group-D"", ""73.49%"", ""10.19%""], [""3.14%"", ""Group-K"", ""68.04%"", ""27.67%""], [""16.83%"", ""Group-I"", ""89.44%"", ""7.12%""]]}"
A-L5-0076,5,missing_value_from_average,What is the missing Test 2 score for Maya?,"| Test 3 | Test 2 | Test 1 | Test 4 | Student | Average |
| --- | --- | --- | --- | --- | --- |
| 57 | 44 | 100 | 89 | Lena | 72.50 |
| 97 | 63 | 68 | 60 | Ethan | 72.00 |
| 78 | 85 | 71 | 45 | Leo | 69.75 |
| 77 | 97 | 80 | 59 | Theo | 78.25 |
| 100 | 49 | 48 | 63 | Iris | 65.00 |
| 67 | 60 | 44 | 42 | Alex | 53.25 |
| 75 | ? | 91 | 64 | Maya | 77.25 |","Answer the question using the table. Perform all required reasoning and return only the final answer.

Table:
| Test 3 | Test 2 | Test 1 | Test 4 | Student | Average |
| --- | --- | --- | --- | --- | --- |
| 57 | 44 | 100 | 89 | Lena | 72.50 |
| 97 | 63 | 68 | 60 | Ethan | 72.00 |
| 78 | 85 | 71 | 45 | Leo | 69.75 |
| 77 | 97 | 80 | 59 | Theo | 78.25 |
| 100 | 49 | 48 | 63 | Iris | 65.00 |
| 67 | 60 | 44 | 42 | Alex | 53.25 |
| 75 | ? | 91 | 64 | Maya | 77.25 |

Question: What is the missing Test 2 score for Maya?",79,recover_from_average,"{""target_row"": ""Maya"", ""missing_column"": ""Test 2"", ""known_average"": 77.25, ""visible_scores"": {""Test 1"": 91, ""Test 3"": 75, ""Test 4"": 64}}","{""num_scores"": 4, ""score_columns"": [""Test 1"", ""Test 2"", ""Test 3"", ""Test 4""]}","{""headers"": [""Test 3"", ""Test 2"", ""Test 1"", ""Test 4"", ""Student"", ""Average""], ""rows"": [[57, 44, 100, 89, ""Lena"", ""72.50""], [97, 63, 68, 60, ""Ethan"", ""72.00""], [78, 85, 71, 45, ""Leo"", ""69.75""], [77, 97, 80, 59, ""Theo"", ""78.25""], [100, 49, 48, 63, ""Iris"", ""65.00""], [67, 60, 44, 42, ""Alex"", ""53.25""], [75, ""?"", 91, 64, ""Maya"", ""77.25""]]}"
A-L5-0077,5,physics_derived_quantity,"According to the table, what is the kinetic energy for Hana?","| Person | Mass | Elapsed time | Altitude | Speed |
| --- | --- | --- | --- | --- |
| Leo | 93 kg | 66.1 s | 2769 m | 58.2 m/s |
| Hana | 52 kg | 93.2 s | 684 m | 22.4 m/s |
| Julia | 97 kg | 36.3 s | 1362 m | 77.2 m/s |
| Yuna | 62 kg | 49.0 s | 7768 m | 18.0 m/s |","Answer the question using the table. Perform all required reasoning and return only the final answer.

Table:
| Person | Mass | Elapsed time | Altitude | Speed |
| --- | --- | --- | --- | --- |
| Leo | 93 kg | 66.1 s | 2769 m | 58.2 m/s |
| Hana | 52 kg | 93.2 s | 684 m | 22.4 m/s |
| Julia | 97 kg | 36.3 s | 1362 m | 77.2 m/s |
| Yuna | 62 kg | 49.0 s | 7768 m | 18.0 m/s |

Question: According to the table, what is the kinetic energy for Hana?",13045.76 J,kinetic_energy,"{""target_row"": ""Hana"", ""mass_kg"": 52, ""speed_m_s"": 22.4}","{""quantity"": ""Kinetic energy"", ""answer_digits"": 2}","{""headers"": [""Person"", ""Mass"", ""Elapsed time"", ""Altitude"", ""Speed""], ""rows"": [[""Leo"", ""93 kg"", ""66.1 s"", ""2769 m"", ""58.2 m/s""], [""Hana"", ""52 kg"", ""93.2 s"", ""684 m"", ""22.4 m/s""], [""Julia"", ""97 kg"", ""36.3 s"", ""1362 m"", ""77.2 m/s""], [""Yuna"", ""62 kg"", ""49.0 s"", ""7768 m"", ""18.0 m/s""]]}"
A-L5-0078,5,physics_derived_quantity,"According to the table, what is the momentum for Ava?","| Person | Mass | Elapsed time | Altitude | Speed |
| --- | --- | --- | --- | --- |
| Alex | 83 kg | 100.2 s | 8473 m | 32.1 m/s |
| Theo | 103 kg | 66.3 s | 4353 m | 44.2 m/s |
| Ethan | 50 kg | 52.9 s | 3031 m | 25.7 m/s |
| Daniel | 109 kg | 3.9 s | 834 m | 63.1 m/s |
| Lucas | 60 kg | 77.6 s | 9855 m | 43.0 m/s |
| Yuna | 80 kg | 72.9 s | 9274 m | 45.7 m/s |
| Ava | 56 kg | 29.4 s | 8322 m | 8.4 m/s |","Answer the question using the table. Perform all required reasoning and return only the final answer.

Table:
| Person | Mass | Elapsed time | Altitude | Speed |
| --- | --- | --- | --- | --- |
| Alex | 83 kg | 100.2 s | 8473 m | 32.1 m/s |
| Theo | 103 kg | 66.3 s | 4353 m | 44.2 m/s |
| Ethan | 50 kg | 52.9 s | 3031 m | 25.7 m/s |
| Daniel | 109 kg | 3.9 s | 834 m | 63.1 m/s |
| Lucas | 60 kg | 77.6 s | 9855 m | 43.0 m/s |
| Yuna | 80 kg | 72.9 s | 9274 m | 45.7 m/s |
| Ava | 56 kg | 29.4 s | 8322 m | 8.4 m/s |

Question: According to the table, what is the momentum for Ava?",470.40 kg·m/s,momentum,"{""target_row"": ""Ava"", ""mass_kg"": 56, ""speed_m_s"": 8.4}","{""quantity"": ""Momentum"", ""answer_digits"": 2}","{""headers"": [""Person"", ""Mass"", ""Elapsed time"", ""Altitude"", ""Speed""], ""rows"": [[""Alex"", ""83 kg"", ""100.2 s"", ""8473 m"", ""32.1 m/s""], [""Theo"", ""103 kg"", ""66.3 s"", ""4353 m"", ""44.2 m/s""], [""Ethan"", ""50 kg"", ""52.9 s"", ""3031 m"", ""25.7 m/s""], [""Daniel"", ""109 kg"", ""3.9 s"", ""834 m"", ""63.1 m/s""], [""Lucas"", ""60 kg"", ""77.6 s"", ""9855 m"", ""43.0 m/s""], [""Yuna"", ""80 kg"", ""72.9 s"", ""9274 m"", ""45.7 m/s""], [""Ava"", ""56 kg"", ""29.4 s"", ""8322 m"", ""8.4 m/s""]]}"
A-L5-0079,5,confusion_matrix_metric,What is the Recall for Echo?,"| TP | FN | Model | TN | FP |
| --- | --- | --- | --- | --- |
| 109 | 103 | Echo | 71 | 9 |
| 365 | 12 | Atlas | 139 | 54 |
| 57 | 86 | Pulse | 415 | 71 |
| 52 | 20 | Sigma | 276 | 47 |","Answer the question using the table. Perform all required reasoning and return only the final answer.

Table:
| TP | FN | Model | TN | FP |
| --- | --- | --- | --- | --- |
| 109 | 103 | Echo | 71 | 9 |
| 365 | 12 | Atlas | 139 | 54 |
| 57 | 86 | Pulse | 415 | 71 |
| 52 | 20 | Sigma | 276 | 47 |

Question: What is the Recall for Echo?",0.5142,recall,"{""target_row"": ""Echo"", ""TP"": 109, ""FP"": 9, ""FN"": 103, ""TN"": 71}","{""metric"": ""Recall"", ""answer_digits"": 4}","{""headers"": [""TP"", ""FN"", ""Model"", ""TN"", ""FP""], ""rows"": [[109, 103, ""Echo"", 71, 9], [365, 12, ""Atlas"", 139, 54], [57, 86, ""Pulse"", 415, 71], [52, 20, ""Sigma"", 276, 47]]}"
A-L5-0080,5,confusion_matrix_metric,"According to the table, compute the F1 score of model Nova.","| FP | Model | TP | TN | FN |
| --- | --- | --- | --- | --- |
| 92 | Atlas | 188 | 346 | 128 |
| 134 | Delta | 364 | 226 | 45 |
| 67 | Nova | 194 | 452 | 146 |
| 112 | Pulse | 132 | 243 | 133 |","Answer the question using the table. Perform all required reasoning and return only the final answer.

Table:
| FP | Model | TP | TN | FN |
| --- | --- | --- | --- | --- |
| 92 | Atlas | 188 | 346 | 128 |
| 134 | Delta | 364 | 226 | 45 |
| 67 | Nova | 194 | 452 | 146 |
| 112 | Pulse | 132 | 243 | 133 |

Question: According to the table, compute the F1 score of model Nova.",0.6456,f1_score,"{""target_row"": ""Nova"", ""TP"": 194, ""FP"": 67, ""FN"": 146, ""TN"": 452}","{""metric"": ""F1 score"", ""answer_digits"": 4}","{""headers"": [""FP"", ""Model"", ""TP"", ""TN"", ""FN""], ""rows"": [[92, ""Atlas"", 188, 346, 128], [134, ""Delta"", 364, 226, 45], [67, ""Nova"", 194, 452, 146], [112, ""Pulse"", 132, 243, 133]]}"
A-L5-0081,5,physics_derived_quantity,"Using the table values, calculate the kinetic energy of Sofia.","| Speed | Altitude | Elapsed time | Mass | Person |
| --- | --- | --- | --- | --- |
| 18.9 m/s | 3698 m | 43.5 s | 96 kg | Nora |
| 51.1 m/s | 1816 m | 22.0 s | 104 kg | Daniel |
| 41.0 m/s | 1274 m | 29.5 s | 83 kg | Emma |
| 22.9 m/s | 2179 m | 5.6 s | 75 kg | Sofia |","Answer the question using the table. Perform all required reasoning and return only the final answer.

Table:
| Speed | Altitude | Elapsed time | Mass | Person |
| --- | --- | --- | --- | --- |
| 18.9 m/s | 3698 m | 43.5 s | 96 kg | Nora |
| 51.1 m/s | 1816 m | 22.0 s | 104 kg | Daniel |
| 41.0 m/s | 1274 m | 29.5 s | 83 kg | Emma |
| 22.9 m/s | 2179 m | 5.6 s | 75 kg | Sofia |

Question: Using the table values, calculate the kinetic energy of Sofia.",19665.38 J,kinetic_energy,"{""target_row"": ""Sofia"", ""mass_kg"": 75, ""speed_m_s"": 22.9}","{""quantity"": ""Kinetic energy"", ""answer_digits"": 2}","{""headers"": [""Speed"", ""Altitude"", ""Elapsed time"", ""Mass"", ""Person""], ""rows"": [[""18.9 m/s"", ""3698 m"", ""43.5 s"", ""96 kg"", ""Nora""], [""51.1 m/s"", ""1816 m"", ""22.0 s"", ""104 kg"", ""Daniel""], [""41.0 m/s"", ""1274 m"", ""29.5 s"", ""83 kg"", ""Emma""], [""22.9 m/s"", ""2179 m"", ""5.6 s"", ""75 kg"", ""Sofia""]]}"
A-L5-0082,5,confusion_matrix_metric,"Using the confusion-matrix counts, calculate Quartz's Accuracy.","| FP | TP | TN | FN | Model |
| --- | --- | --- | --- | --- |
| 129 | 120 | 477 | 141 | Quartz |
| 22 | 106 | 465 | 23 | Helix |
| 52 | 75 | 431 | 103 | Sigma |
| 110 | 277 | 333 | 14 | Pulse |
| 29 | 71 | 250 | 56 | Vertex |","Answer the question using the table. Perform all required reasoning and return only the final answer.

Table:
| FP | TP | TN | FN | Model |
| --- | --- | --- | --- | --- |
| 129 | 120 | 477 | 141 | Quartz |
| 22 | 106 | 465 | 23 | Helix |
| 52 | 75 | 431 | 103 | Sigma |
| 110 | 277 | 333 | 14 | Pulse |
| 29 | 71 | 250 | 56 | Vertex |

Question: Using the confusion-matrix counts, calculate Quartz's Accuracy.",0.6886,accuracy,"{""target_row"": ""Quartz"", ""TP"": 120, ""FP"": 129, ""FN"": 141, ""TN"": 477}","{""metric"": ""Accuracy"", ""answer_digits"": 4}","{""headers"": [""FP"", ""TP"", ""TN"", ""FN"", ""Model""], ""rows"": [[129, 120, 477, 141, ""Quartz""], [22, 106, 465, 23, ""Helix""], [52, 75, 431, 103, ""Sigma""], [110, 277, 333, 14, ""Pulse""], [29, 71, 250, 56, ""Vertex""]]}"
A-L5-0083,5,missing_value_from_total,What value is missing for Sample-A in Part B?,"| Total | Part D | Part C | Part A | Part B | Sample |
| --- | --- | --- | --- | --- | --- |
| 314 | 62 | 49 | 108 | 95 | Sample-E |
| 238 | 81 | 90 | 15 | 52 | Sample-G |
| 297 | 101 | 34 | 99 | 63 | Sample-J |
| 261 | 31 | 106 | 66 | ? | Sample-A |
| 341 | 116 | 108 | 71 | 46 | Sample-H |
| 321 | 78 | 83 | 113 | 47 | Sample-K |
| 210 | 23 | 11 | 104 | 72 | Sample-I |","Answer the question using the table. Perform all required reasoning and return only the final answer.

Table:
| Total | Part D | Part C | Part A | Part B | Sample |
| --- | --- | --- | --- | --- | --- |
| 314 | 62 | 49 | 108 | 95 | Sample-E |
| 238 | 81 | 90 | 15 | 52 | Sample-G |
| 297 | 101 | 34 | 99 | 63 | Sample-J |
| 261 | 31 | 106 | 66 | ? | Sample-A |
| 341 | 116 | 108 | 71 | 46 | Sample-H |
| 321 | 78 | 83 | 113 | 47 | Sample-K |
| 210 | 23 | 11 | 104 | 72 | Sample-I |

Question: What value is missing for Sample-A in Part B?",58,recover_from_total,"{""target_row"": ""Sample-A"", ""missing_column"": ""Part B"", ""known_total"": 261, ""visible_components"": {""Part A"": 66, ""Part C"": 106, ""Part D"": 31}}","{""component_columns"": [""Part A"", ""Part B"", ""Part C"", ""Part D""]}","{""headers"": [""Total"", ""Part D"", ""Part C"", ""Part A"", ""Part B"", ""Sample""], ""rows"": [[314, 62, 49, 108, 95, ""Sample-E""], [238, 81, 90, 15, 52, ""Sample-G""], [297, 101, 34, 99, 63, ""Sample-J""], [261, 31, 106, 66, ""?"", ""Sample-A""], [341, 116, 108, 71, 46, ""Sample-H""], [321, 78, 83, 113, 47, ""Sample-K""], [210, 23, 11, 104, 72, ""Sample-I""]]}"
A-L5-0084,5,bayes_posterior,"For Group-K, compute the posterior probability of having the condition after a positive test.","| Sensitivity | Population | Prevalence | False positive rate |
| --- | --- | --- | --- |
| 71.35% | Group-A | 32.76% | 22.83% |
| 91.86% | Group-L | 38.81% | 17.74% |
| 90.48% | Group-I | 38.01% | 2.92% |
| 72.09% | Group-K | 20.65% | 26.35% |","Answer the question using the table. Perform all required reasoning and return only the final answer.

Table:
| Sensitivity | Population | Prevalence | False positive rate |
| --- | --- | --- | --- |
| 71.35% | Group-A | 32.76% | 22.83% |
| 91.86% | Group-L | 38.81% | 17.74% |
| 90.48% | Group-I | 38.01% | 2.92% |
| 72.09% | Group-K | 20.65% | 26.35% |

Question: For Group-K, compute the posterior probability of having the condition after a positive test.",41.59%,bayes_rule,"{""target_row"": ""Group-K"", ""prevalence"": 0.2064891657805554, ""sensitivity"": 0.7209150170732334, ""false_positive_rate"": 0.263458929861896}","{""formula"": ""sens*prev / (sens*prev + fpr*(1-prev))"", ""answer_digits"": 2}","{""headers"": [""Sensitivity"", ""Population"", ""Prevalence"", ""False positive rate""], ""rows"": [[""71.35%"", ""Group-A"", ""32.76%"", ""22.83%""], [""91.86%"", ""Group-L"", ""38.81%"", ""17.74%""], [""90.48%"", ""Group-I"", ""38.01%"", ""2.92%""], [""72.09%"", ""Group-K"", ""20.65%"", ""26.35%""]]}"
A-L5-0085,5,missing_value_from_total,The Part C entry for Sample-C is missing. What should it be?,"| Part A | Part D | Total | Part C | Part B | Sample |
| --- | --- | --- | --- | --- | --- |
| 106 | 115 | 330 | 20 | 89 | Sample-B |
| 35 | 65 | 199 | 20 | 79 | Sample-J |
| 19 | 93 | 284 | 109 | 63 | Sample-G |
| 116 | 30 | 324 | 85 | 93 | Sample-L |
| 43 | 120 | 264 | 72 | 29 | Sample-I |
| 107 | 60 | 361 | ? | 101 | Sample-C |
| 107 | 75 | 247 | 15 | 50 | Sample-D |","Answer the question using the table. Perform all required reasoning and return only the final answer.

Table:
| Part A | Part D | Total | Part C | Part B | Sample |
| --- | --- | --- | --- | --- | --- |
| 106 | 115 | 330 | 20 | 89 | Sample-B |
| 35 | 65 | 199 | 20 | 79 | Sample-J |
| 19 | 93 | 284 | 109 | 63 | Sample-G |
| 116 | 30 | 324 | 85 | 93 | Sample-L |
| 43 | 120 | 264 | 72 | 29 | Sample-I |
| 107 | 60 | 361 | ? | 101 | Sample-C |
| 107 | 75 | 247 | 15 | 50 | Sample-D |

Question: The Part C entry for Sample-C is missing. What should it be?",93,recover_from_total,"{""target_row"": ""Sample-C"", ""missing_column"": ""Part C"", ""known_total"": 361, ""visible_components"": {""Part A"": 107, ""Part B"": 101, ""Part D"": 60}}","{""component_columns"": [""Part A"", ""Part B"", ""Part C"", ""Part D""]}","{""headers"": [""Part A"", ""Part D"", ""Total"", ""Part C"", ""Part B"", ""Sample""], ""rows"": [[106, 115, 330, 20, 89, ""Sample-B""], [35, 65, 199, 20, 79, ""Sample-J""], [19, 93, 284, 109, 63, ""Sample-G""], [116, 30, 324, 85, 93, ""Sample-L""], [43, 120, 264, 72, 29, ""Sample-I""], [107, 60, 361, ""?"", 101, ""Sample-C""], [107, 75, 247, 15, 50, ""Sample-D""]]}"
A-L5-0086,5,bayes_posterior,"Using Bayes' rule, what is P(condition | positive) for Group-A?","| Sensitivity | Prevalence | False positive rate | Population |
| --- | --- | --- | --- |
| 64.03% | 10.89% | 28.86% | Group-G |
| 82.60% | 39.05% | 12.17% | Group-K |
| 97.59% | 21.55% | 13.91% | Group-A |
| 95.26% | 32.86% | 5.79% | Group-H |
| 93.82% | 13.74% | 4.38% | Group-E |","Answer the question using the table. Perform all required reasoning and return only the final answer.

Table:
| Sensitivity | Prevalence | False positive rate | Population |
| --- | --- | --- | --- |
| 64.03% | 10.89% | 28.86% | Group-G |
| 82.60% | 39.05% | 12.17% | Group-K |
| 97.59% | 21.55% | 13.91% | Group-A |
| 95.26% | 32.86% | 5.79% | Group-H |
| 93.82% | 13.74% | 4.38% | Group-E |

Question: Using Bayes' rule, what is P(condition | positive) for Group-A?",65.83%,bayes_rule,"{""target_row"": ""Group-A"", ""prevalence"": 0.21545717472488554, ""sensitivity"": 0.9759431843858654, ""false_positive_rate"": 0.1391156268763282}","{""formula"": ""sens*prev / (sens*prev + fpr*(1-prev))"", ""answer_digits"": 2}","{""headers"": [""Sensitivity"", ""Prevalence"", ""False positive rate"", ""Population""], ""rows"": [[""64.03%"", ""10.89%"", ""28.86%"", ""Group-G""], [""82.60%"", ""39.05%"", ""12.17%"", ""Group-K""], [""97.59%"", ""21.55%"", ""13.91%"", ""Group-A""], [""95.26%"", ""32.86%"", ""5.79%"", ""Group-H""], [""93.82%"", ""13.74%"", ""4.38%"", ""Group-E""]]}"
A-L5-0087,5,physics_derived_quantity,"Using the table values, calculate the momentum of Lucas.","| Altitude | Person | Mass | Elapsed time | Speed |
| --- | --- | --- | --- | --- |
| 9312 m | Theo | 87 kg | 41.9 s | 62.4 m/s |
| 5650 m | Lucas | 92 kg | 16.0 s | 10.6 m/s |
| 3255 m | Noah | 90 kg | 76.1 s | 32.7 m/s |
| 1011 m | Chris | 74 kg | 57.0 s | 5.8 m/s |","Answer the question using the table. Perform all required reasoning and return only the final answer.

Table:
| Altitude | Person | Mass | Elapsed time | Speed |
| --- | --- | --- | --- | --- |
| 9312 m | Theo | 87 kg | 41.9 s | 62.4 m/s |
| 5650 m | Lucas | 92 kg | 16.0 s | 10.6 m/s |
| 3255 m | Noah | 90 kg | 76.1 s | 32.7 m/s |
| 1011 m | Chris | 74 kg | 57.0 s | 5.8 m/s |

Question: Using the table values, calculate the momentum of Lucas.",975.20 kg·m/s,momentum,"{""target_row"": ""Lucas"", ""mass_kg"": 92, ""speed_m_s"": 10.6}","{""quantity"": ""Momentum"", ""answer_digits"": 2}","{""headers"": [""Altitude"", ""Person"", ""Mass"", ""Elapsed time"", ""Speed""], ""rows"": [[""9312 m"", ""Theo"", ""87 kg"", ""41.9 s"", ""62.4 m/s""], [""5650 m"", ""Lucas"", ""92 kg"", ""16.0 s"", ""10.6 m/s""], [""3255 m"", ""Noah"", ""90 kg"", ""76.1 s"", ""32.7 m/s""], [""1011 m"", ""Chris"", ""74 kg"", ""57.0 s"", ""5.8 m/s""]]}"
A-L5-0088,5,bayes_posterior,"Using Bayes' rule, what is P(condition | positive) for Group-E?","| Sensitivity | False positive rate | Prevalence | Population |
| --- | --- | --- | --- |
| 61.26% | 29.13% | 15.90% | Group-B |
| 86.26% | 6.72% | 27.34% | Group-F |
| 80.89% | 28.05% | 43.81% | Group-E |
| 63.30% | 14.72% | 40.63% | Group-J |
| 85.38% | 19.55% | 20.48% | Group-L |","Answer the question using the table. Perform all required reasoning and return only the final answer.

Table:
| Sensitivity | False positive rate | Prevalence | Population |
| --- | --- | --- | --- |
| 61.26% | 29.13% | 15.90% | Group-B |
| 86.26% | 6.72% | 27.34% | Group-F |
| 80.89% | 28.05% | 43.81% | Group-E |
| 63.30% | 14.72% | 40.63% | Group-J |
| 85.38% | 19.55% | 20.48% | Group-L |

Question: Using Bayes' rule, what is P(condition | positive) for Group-E?",69.21%,bayes_rule,"{""target_row"": ""Group-E"", ""prevalence"": 0.4380783067075531, ""sensitivity"": 0.8088553555909065, ""false_positive_rate"": 0.2805460244096918}","{""formula"": ""sens*prev / (sens*prev + fpr*(1-prev))"", ""answer_digits"": 2}","{""headers"": [""Sensitivity"", ""False positive rate"", ""Prevalence"", ""Population""], ""rows"": [[""61.26%"", ""29.13%"", ""15.90%"", ""Group-B""], [""86.26%"", ""6.72%"", ""27.34%"", ""Group-F""], [""80.89%"", ""28.05%"", ""43.81%"", ""Group-E""], [""63.30%"", ""14.72%"", ""40.63%"", ""Group-J""], [""85.38%"", ""19.55%"", ""20.48%"", ""Group-L""]]}"
A-L5-0089,5,missing_value_from_total,What value is missing for Sample-G in Part A?,"| Part A | Part D | Part C | Total | Sample | Part B |
| --- | --- | --- | --- | --- | --- |
| 65 | 91 | 29 | 302 | Sample-K | 117 |
| 89 | 22 | 50 | 219 | Sample-E | 58 |
| 40 | 115 | 66 | 269 | Sample-A | 48 |
| 89 | 13 | 20 | 166 | Sample-H | 44 |
| ? | 100 | 101 | 431 | Sample-G | 110 |
| 111 | 67 | 106 | 306 | Sample-L | 22 |
| 35 | 10 | 106 | 222 | Sample-D | 71 |","Answer the question using the table. Perform all required reasoning and return only the final answer.

Table:
| Part A | Part D | Part C | Total | Sample | Part B |
| --- | --- | --- | --- | --- | --- |
| 65 | 91 | 29 | 302 | Sample-K | 117 |
| 89 | 22 | 50 | 219 | Sample-E | 58 |
| 40 | 115 | 66 | 269 | Sample-A | 48 |
| 89 | 13 | 20 | 166 | Sample-H | 44 |
| ? | 100 | 101 | 431 | Sample-G | 110 |
| 111 | 67 | 106 | 306 | Sample-L | 22 |
| 35 | 10 | 106 | 222 | Sample-D | 71 |

Question: What value is missing for Sample-G in Part A?",120,recover_from_total,"{""target_row"": ""Sample-G"", ""missing_column"": ""Part A"", ""known_total"": 431, ""visible_components"": {""Part B"": 110, ""Part C"": 101, ""Part D"": 100}}","{""component_columns"": [""Part A"", ""Part B"", ""Part C"", ""Part D""]}","{""headers"": [""Part A"", ""Part D"", ""Part C"", ""Total"", ""Sample"", ""Part B""], ""rows"": [[65, 91, 29, 302, ""Sample-K"", 117], [89, 22, 50, 219, ""Sample-E"", 58], [40, 115, 66, 269, ""Sample-A"", 48], [89, 13, 20, 166, ""Sample-H"", 44], [""?"", 100, 101, 431, ""Sample-G"", 110], [111, 67, 106, 306, ""Sample-L"", 22], [35, 10, 106, 222, ""Sample-D"", 71]]}"
A-L5-0090,5,missing_value_from_average,The Test 2 score for Sam is missing. What value belongs there?,"| Test 3 | Test 2 | Test 4 | Test 1 | Student | Average |
| --- | --- | --- | --- | --- | --- |
| 84 | ? | 76 | 48 | Sam | 76.25 |
| 59 | 68 | 45 | 95 | Maya | 66.75 |
| 69 | 56 | 80 | 40 | Sofia | 61.25 |
| 41 | 71 | 99 | 63 | Hana | 68.50 |
| 56 | 46 | 61 | 78 | Ava | 60.25 |
| 47 | 67 | 58 | 54 | Iris | 56.50 |
| 59 | 41 | 100 | 92 | Emma | 73.00 |","Answer the question using the table. Perform all required reasoning and return only the final answer.

Table:
| Test 3 | Test 2 | Test 4 | Test 1 | Student | Average |
| --- | --- | --- | --- | --- | --- |
| 84 | ? | 76 | 48 | Sam | 76.25 |
| 59 | 68 | 45 | 95 | Maya | 66.75 |
| 69 | 56 | 80 | 40 | Sofia | 61.25 |
| 41 | 71 | 99 | 63 | Hana | 68.50 |
| 56 | 46 | 61 | 78 | Ava | 60.25 |
| 47 | 67 | 58 | 54 | Iris | 56.50 |
| 59 | 41 | 100 | 92 | Emma | 73.00 |

Question: The Test 2 score for Sam is missing. What value belongs there?",97,recover_from_average,"{""target_row"": ""Sam"", ""missing_column"": ""Test 2"", ""known_average"": 76.25, ""visible_scores"": {""Test 1"": 48, ""Test 3"": 84, ""Test 4"": 76}}","{""num_scores"": 4, ""score_columns"": [""Test 1"", ""Test 2"", ""Test 3"", ""Test 4""]}","{""headers"": [""Test 3"", ""Test 2"", ""Test 4"", ""Test 1"", ""Student"", ""Average""], ""rows"": [[84, ""?"", 76, 48, ""Sam"", ""76.25""], [59, 68, 45, 95, ""Maya"", ""66.75""], [69, 56, 80, 40, ""Sofia"", ""61.25""], [41, 71, 99, 63, ""Hana"", ""68.50""], [56, 46, 61, 78, ""Ava"", ""60.25""], [47, 67, 58, 54, ""Iris"", ""56.50""], [59, 41, 100, 92, ""Emma"", ""73.00""]]}"
A-L5-0091,5,missing_value_from_total,The Part C entry for Sample-L is missing. What should it be?,"| Part B | Part A | Total | Part C | Part D | Sample |
| --- | --- | --- | --- | --- | --- |
| 40 | 96 | 267 | 106 | 25 | Sample-B |
| 72 | 28 | 242 | 93 | 49 | Sample-F |
| 50 | 17 | 247 | 74 | 106 | Sample-A |
| 87 | 83 | 294 | ? | 40 | Sample-L |","Answer the question using the table. Perform all required reasoning and return only the final answer.

Table:
| Part B | Part A | Total | Part C | Part D | Sample |
| --- | --- | --- | --- | --- | --- |
| 40 | 96 | 267 | 106 | 25 | Sample-B |
| 72 | 28 | 242 | 93 | 49 | Sample-F |
| 50 | 17 | 247 | 74 | 106 | Sample-A |
| 87 | 83 | 294 | ? | 40 | Sample-L |

Question: The Part C entry for Sample-L is missing. What should it be?",84,recover_from_total,"{""target_row"": ""Sample-L"", ""missing_column"": ""Part C"", ""known_total"": 294, ""visible_components"": {""Part A"": 83, ""Part B"": 87, ""Part D"": 40}}","{""component_columns"": [""Part A"", ""Part B"", ""Part C"", ""Part D""]}","{""headers"": [""Part B"", ""Part A"", ""Total"", ""Part C"", ""Part D"", ""Sample""], ""rows"": [[40, 96, 267, 106, 25, ""Sample-B""], [72, 28, 242, 93, 49, ""Sample-F""], [50, 17, 247, 74, 106, ""Sample-A""], [87, 83, 294, ""?"", 40, ""Sample-L""]]}"
A-L5-0092,5,physics_derived_quantity,"According to the table, what is the kinetic energy for Ethan?","| Elapsed time | Altitude | Person | Mass | Speed |
| --- | --- | --- | --- | --- |
| 41.4 s | 5003 m | Maya | 107 kg | 7.8 m/s |
| 69.1 s | 7224 m | Ethan | 69 kg | 63.2 m/s |
| 70.2 s | 5026 m | Sam | 50 kg | 68.5 m/s |
| 117.1 s | 1328 m | Lucas | 97 kg | 42.5 m/s |
| 64.2 s | 5325 m | Iris | 83 kg | 47.0 m/s |","Answer the question using the table. Perform all required reasoning and return only the final answer.

Table:
| Elapsed time | Altitude | Person | Mass | Speed |
| --- | --- | --- | --- | --- |
| 41.4 s | 5003 m | Maya | 107 kg | 7.8 m/s |
| 69.1 s | 7224 m | Ethan | 69 kg | 63.2 m/s |
| 70.2 s | 5026 m | Sam | 50 kg | 68.5 m/s |
| 117.1 s | 1328 m | Lucas | 97 kg | 42.5 m/s |
| 64.2 s | 5325 m | Iris | 83 kg | 47.0 m/s |

Question: According to the table, what is the kinetic energy for Ethan?",137801.28 J,kinetic_energy,"{""target_row"": ""Ethan"", ""mass_kg"": 69, ""speed_m_s"": 63.2}","{""quantity"": ""Kinetic energy"", ""answer_digits"": 2}","{""headers"": [""Elapsed time"", ""Altitude"", ""Person"", ""Mass"", ""Speed""], ""rows"": [[""41.4 s"", ""5003 m"", ""Maya"", ""107 kg"", ""7.8 m/s""], [""69.1 s"", ""7224 m"", ""Ethan"", ""69 kg"", ""63.2 m/s""], [""70.2 s"", ""5026 m"", ""Sam"", ""50 kg"", ""68.5 m/s""], [""117.1 s"", ""1328 m"", ""Lucas"", ""97 kg"", ""42.5 m/s""], [""64.2 s"", ""5325 m"", ""Iris"", ""83 kg"", ""47.0 m/s""]]}"
A-L5-0093,5,physics_derived_quantity,"Using the table values, calculate the momentum of Jisoo.","| Speed | Person | Mass | Elapsed time | Altitude |
| --- | --- | --- | --- | --- |
| 21.5 m/s | Jisoo | 102 kg | 110.5 s | 3273 m |
| 67.4 m/s | Sofia | 107 kg | 26.4 s | 6889 m |
| 74.8 m/s | Noah | 58 kg | 96.7 s | 2602 m |
| 12.3 m/s | Ethan | 89 kg | 42.5 s | 8970 m |
| 69.0 m/s | Mina | 80 kg | 103.7 s | 830 m |
| 67.1 m/s | Ava | 54 kg | 77.8 s | 1396 m |","Answer the question using the table. Perform all required reasoning and return only the final answer.

Table:
| Speed | Person | Mass | Elapsed time | Altitude |
| --- | --- | --- | --- | --- |
| 21.5 m/s | Jisoo | 102 kg | 110.5 s | 3273 m |
| 67.4 m/s | Sofia | 107 kg | 26.4 s | 6889 m |
| 74.8 m/s | Noah | 58 kg | 96.7 s | 2602 m |
| 12.3 m/s | Ethan | 89 kg | 42.5 s | 8970 m |
| 69.0 m/s | Mina | 80 kg | 103.7 s | 830 m |
| 67.1 m/s | Ava | 54 kg | 77.8 s | 1396 m |

Question: Using the table values, calculate the momentum of Jisoo.",2193.00 kg·m/s,momentum,"{""target_row"": ""Jisoo"", ""mass_kg"": 102, ""speed_m_s"": 21.5}","{""quantity"": ""Momentum"", ""answer_digits"": 2}","{""headers"": [""Speed"", ""Person"", ""Mass"", ""Elapsed time"", ""Altitude""], ""rows"": [[""21.5 m/s"", ""Jisoo"", ""102 kg"", ""110.5 s"", ""3273 m""], [""67.4 m/s"", ""Sofia"", ""107 kg"", ""26.4 s"", ""6889 m""], [""74.8 m/s"", ""Noah"", ""58 kg"", ""96.7 s"", ""2602 m""], [""12.3 m/s"", ""Ethan"", ""89 kg"", ""42.5 s"", ""8970 m""], [""69.0 m/s"", ""Mina"", ""80 kg"", ""103.7 s"", ""830 m""], [""67.1 m/s"", ""Ava"", ""54 kg"", ""77.8 s"", ""1396 m""]]}"
A-L5-0094,5,confusion_matrix_metric,"According to the table, compute the Recall of model Nova.","| TN | TP | FP | FN | Model |
| --- | --- | --- | --- | --- |
| 220 | 55 | 87 | 116 | Nova |
| 58 | 334 | 87 | 117 | Vertex |
| 211 | 226 | 125 | 137 | Nimbus |
| 422 | 370 | 42 | 55 | Aurora |
| 95 | 178 | 96 | 20 | Delta |
| 150 | 134 | 142 | 39 | Quartz |","Answer the question using the table. Perform all required reasoning and return only the final answer.

Table:
| TN | TP | FP | FN | Model |
| --- | --- | --- | --- | --- |
| 220 | 55 | 87 | 116 | Nova |
| 58 | 334 | 87 | 117 | Vertex |
| 211 | 226 | 125 | 137 | Nimbus |
| 422 | 370 | 42 | 55 | Aurora |
| 95 | 178 | 96 | 20 | Delta |
| 150 | 134 | 142 | 39 | Quartz |

Question: According to the table, compute the Recall of model Nova.",0.3216,recall,"{""target_row"": ""Nova"", ""TP"": 55, ""FP"": 87, ""FN"": 116, ""TN"": 220}","{""metric"": ""Recall"", ""answer_digits"": 4}","{""headers"": [""TN"", ""TP"", ""FP"", ""FN"", ""Model""], ""rows"": [[220, 55, 87, 116, ""Nova""], [58, 334, 87, 117, ""Vertex""], [211, 226, 125, 137, ""Nimbus""], [422, 370, 42, 55, ""Aurora""], [95, 178, 96, 20, ""Delta""], [150, 134, 142, 39, ""Quartz""]]}"
A-L5-0095,5,physics_derived_quantity,What is Ethan's momentum?,"| Mass | Altitude | Speed | Person | Elapsed time |
| --- | --- | --- | --- | --- |
| 74 kg | 2031 m | 50.3 m/s | Ethan | 14.3 s |
| 109 kg | 747 m | 18.1 m/s | Ava | 10.1 s |
| 107 kg | 354 m | 20.8 m/s | Hana | 85.0 s |
| 54 kg | 5526 m | 13.7 m/s | Sofia | 31.2 s |","Answer the question using the table. Perform all required reasoning and return only the final answer.

Table:
| Mass | Altitude | Speed | Person | Elapsed time |
| --- | --- | --- | --- | --- |
| 74 kg | 2031 m | 50.3 m/s | Ethan | 14.3 s |
| 109 kg | 747 m | 18.1 m/s | Ava | 10.1 s |
| 107 kg | 354 m | 20.8 m/s | Hana | 85.0 s |
| 54 kg | 5526 m | 13.7 m/s | Sofia | 31.2 s |

Question: What is Ethan's momentum?",3722.20 kg·m/s,momentum,"{""target_row"": ""Ethan"", ""mass_kg"": 74, ""speed_m_s"": 50.3}","{""quantity"": ""Momentum"", ""answer_digits"": 2}","{""headers"": [""Mass"", ""Altitude"", ""Speed"", ""Person"", ""Elapsed time""], ""rows"": [[""74 kg"", ""2031 m"", ""50.3 m/s"", ""Ethan"", ""14.3 s""], [""109 kg"", ""747 m"", ""18.1 m/s"", ""Ava"", ""10.1 s""], [""107 kg"", ""354 m"", ""20.8 m/s"", ""Hana"", ""85.0 s""], [""54 kg"", ""5526 m"", ""13.7 m/s"", ""Sofia"", ""31.2 s""]]}"
A-L5-0096,5,missing_value_from_average,What is the missing Test 2 score for Chris?,"| Test 4 | Test 2 | Student | Average | Test 1 | Test 3 |
| --- | --- | --- | --- | --- | --- |
| 53 | 87 | Oliver | 70.25 | 65 | 76 |
| 50 | 48 | Daniel | 72.50 | 92 | 100 |
| 83 | ? | Chris | 73.75 | 70 | 52 |
| 98 | 52 | Lena | 60.75 | 47 | 46 |","Answer the question using the table. Perform all required reasoning and return only the final answer.

Table:
| Test 4 | Test 2 | Student | Average | Test 1 | Test 3 |
| --- | --- | --- | --- | --- | --- |
| 53 | 87 | Oliver | 70.25 | 65 | 76 |
| 50 | 48 | Daniel | 72.50 | 92 | 100 |
| 83 | ? | Chris | 73.75 | 70 | 52 |
| 98 | 52 | Lena | 60.75 | 47 | 46 |

Question: What is the missing Test 2 score for Chris?",90,recover_from_average,"{""target_row"": ""Chris"", ""missing_column"": ""Test 2"", ""known_average"": 73.75, ""visible_scores"": {""Test 1"": 70, ""Test 3"": 52, ""Test 4"": 83}}","{""num_scores"": 4, ""score_columns"": [""Test 1"", ""Test 2"", ""Test 3"", ""Test 4""]}","{""headers"": [""Test 4"", ""Test 2"", ""Student"", ""Average"", ""Test 1"", ""Test 3""], ""rows"": [[53, 87, ""Oliver"", ""70.25"", 65, 76], [50, 48, ""Daniel"", ""72.50"", 92, 100], [83, ""?"", ""Chris"", ""73.75"", 70, 52], [98, 52, ""Lena"", ""60.75"", 47, 46]]}"
A-L5-0097,5,missing_value_from_average,Recover Lucas's hidden Test 4 value using the average.,"| Student | Test 2 | Test 1 | Test 4 | Test 3 | Average |
| --- | --- | --- | --- | --- | --- |
| Maya | 67 | 87 | 83 | 66 | 75.75 |
| Lucas | 92 | 73 | ? | 51 | 76.50 |
| Chris | 98 | 88 | 86 | 78 | 87.50 |
| Yuna | 44 | 66 | 46 | 81 | 59.25 |
| Alex | 89 | 77 | 50 | 68 | 71.00 |","Answer the question using the table. Perform all required reasoning and return only the final answer.

Table:
| Student | Test 2 | Test 1 | Test 4 | Test 3 | Average |
| --- | --- | --- | --- | --- | --- |
| Maya | 67 | 87 | 83 | 66 | 75.75 |
| Lucas | 92 | 73 | ? | 51 | 76.50 |
| Chris | 98 | 88 | 86 | 78 | 87.50 |
| Yuna | 44 | 66 | 46 | 81 | 59.25 |
| Alex | 89 | 77 | 50 | 68 | 71.00 |

Question: Recover Lucas's hidden Test 4 value using the average.",90,recover_from_average,"{""target_row"": ""Lucas"", ""missing_column"": ""Test 4"", ""known_average"": 76.5, ""visible_scores"": {""Test 1"": 73, ""Test 2"": 92, ""Test 3"": 51}}","{""num_scores"": 4, ""score_columns"": [""Test 1"", ""Test 2"", ""Test 3"", ""Test 4""]}","{""headers"": [""Student"", ""Test 2"", ""Test 1"", ""Test 4"", ""Test 3"", ""Average""], ""rows"": [[""Maya"", 67, 87, 83, 66, ""75.75""], [""Lucas"", 92, 73, ""?"", 51, ""76.50""], [""Chris"", 98, 88, 86, 78, ""87.50""], [""Yuna"", 44, 66, 46, 81, ""59.25""], [""Alex"", 89, 77, 50, 68, ""71.00""]]}"
A-L5-0098,5,confusion_matrix_metric,"Using the confusion-matrix counts, calculate Delta's F1 score.","| FN | Model | TP | TN | FP |
| --- | --- | --- | --- | --- |
| 35 | Helix | 154 | 263 | 101 |
| 73 | Quartz | 77 | 230 | 107 |
| 87 | Delta | 206 | 333 | 115 |
| 25 | Echo | 247 | 130 | 97 |","Answer the question using the table. Perform all required reasoning and return only the final answer.

Table:
| FN | Model | TP | TN | FP |
| --- | --- | --- | --- | --- |
| 35 | Helix | 154 | 263 | 101 |
| 73 | Quartz | 77 | 230 | 107 |
| 87 | Delta | 206 | 333 | 115 |
| 25 | Echo | 247 | 130 | 97 |

Question: Using the confusion-matrix counts, calculate Delta's F1 score.",0.6710,f1_score,"{""target_row"": ""Delta"", ""TP"": 206, ""FP"": 115, ""FN"": 87, ""TN"": 333}","{""metric"": ""F1 score"", ""answer_digits"": 4}","{""headers"": [""FN"", ""Model"", ""TP"", ""TN"", ""FP""], ""rows"": [[35, ""Helix"", 154, 263, 101], [73, ""Quartz"", 77, 230, 107], [87, ""Delta"", 206, 333, 115], [25, ""Echo"", 247, 130, 97]]}"
A-L5-0099,5,physics_derived_quantity,"Using the table values, calculate the kinetic energy of Jisoo.","| Elapsed time | Mass | Person | Altitude | Speed |
| --- | --- | --- | --- | --- |
| 73.6 s | 52 kg | Ryan | 4544 m | 76.9 m/s |
| 119.7 s | 63 kg | Noah | 5020 m | 62.0 m/s |
| 98.2 s | 51 kg | Julia | 4760 m | 42.2 m/s |
| 88.0 s | 98 kg | Jisoo | 8306 m | 14.1 m/s |
| 59.1 s | 57 kg | Hana | 2781 m | 30.2 m/s |
| 84.0 s | 64 kg | Mina | 9272 m | 50.2 m/s |
| 91.0 s | 107 kg | Lucas | 3267 m | 59.1 m/s |","Answer the question using the table. Perform all required reasoning and return only the final answer.

Table:
| Elapsed time | Mass | Person | Altitude | Speed |
| --- | --- | --- | --- | --- |
| 73.6 s | 52 kg | Ryan | 4544 m | 76.9 m/s |
| 119.7 s | 63 kg | Noah | 5020 m | 62.0 m/s |
| 98.2 s | 51 kg | Julia | 4760 m | 42.2 m/s |
| 88.0 s | 98 kg | Jisoo | 8306 m | 14.1 m/s |
| 59.1 s | 57 kg | Hana | 2781 m | 30.2 m/s |
| 84.0 s | 64 kg | Mina | 9272 m | 50.2 m/s |
| 91.0 s | 107 kg | Lucas | 3267 m | 59.1 m/s |

Question: Using the table values, calculate the kinetic energy of Jisoo.",9741.69 J,kinetic_energy,"{""target_row"": ""Jisoo"", ""mass_kg"": 98, ""speed_m_s"": 14.1}","{""quantity"": ""Kinetic energy"", ""answer_digits"": 2}","{""headers"": [""Elapsed time"", ""Mass"", ""Person"", ""Altitude"", ""Speed""], ""rows"": [[""73.6 s"", ""52 kg"", ""Ryan"", ""4544 m"", ""76.9 m/s""], [""119.7 s"", ""63 kg"", ""Noah"", ""5020 m"", ""62.0 m/s""], [""98.2 s"", ""51 kg"", ""Julia"", ""4760 m"", ""42.2 m/s""], [""88.0 s"", ""98 kg"", ""Jisoo"", ""8306 m"", ""14.1 m/s""], [""59.1 s"", ""57 kg"", ""Hana"", ""2781 m"", ""30.2 m/s""], [""84.0 s"", ""64 kg"", ""Mina"", ""9272 m"", ""50.2 m/s""], [""91.0 s"", ""107 kg"", ""Lucas"", ""3267 m"", ""59.1 m/s""]]}"
A-L5-0100,5,missing_value_from_average,What is the missing Test 2 score for Alex?,"| Average | Test 4 | Test 3 | Test 2 | Student | Test 1 |
| --- | --- | --- | --- | --- | --- |
| 57.25 | 59 | 46 | 84 | Theo | 40 |
| 72.50 | 100 | 94 | 51 | Ethan | 45 |
| 56.50 | 45 | 58 | 78 | Sam | 45 |
| 80.25 | 69 | 87 | ? | Alex | 98 |
| 61.25 | 88 | 54 | 53 | Emma | 50 |","Answer the question using the table. Perform all required reasoning and return only the final answer.

Table:
| Average | Test 4 | Test 3 | Test 2 | Student | Test 1 |
| --- | --- | --- | --- | --- | --- |
| 57.25 | 59 | 46 | 84 | Theo | 40 |
| 72.50 | 100 | 94 | 51 | Ethan | 45 |
| 56.50 | 45 | 58 | 78 | Sam | 45 |
| 80.25 | 69 | 87 | ? | Alex | 98 |
| 61.25 | 88 | 54 | 53 | Emma | 50 |

Question: What is the missing Test 2 score for Alex?",67,recover_from_average,"{""target_row"": ""Alex"", ""missing_column"": ""Test 2"", ""known_average"": 80.25, ""visible_scores"": {""Test 1"": 98, ""Test 3"": 87, ""Test 4"": 69}}","{""num_scores"": 4, ""score_columns"": [""Test 1"", ""Test 2"", ""Test 3"", ""Test 4""]}","{""headers"": [""Average"", ""Test 4"", ""Test 3"", ""Test 2"", ""Student"", ""Test 1""], ""rows"": [[""57.25"", 59, 46, 84, ""Theo"", 40], [""72.50"", 100, 94, 51, ""Ethan"", 45], [""56.50"", 45, 58, 78, ""Sam"", 45], [""80.25"", 69, 87, ""?"", ""Alex"", 98], [""61.25"", 88, 54, 53, ""Emma"", 50]]}"
A-L5-0101,5,bayes_posterior,"For Group-F, what is the probability that a person actually has the condition given a positive test?","| Sensitivity | False positive rate | Population | Prevalence |
| --- | --- | --- | --- |
| 87.25% | 23.02% | Group-A | 21.48% |
| 79.21% | 17.84% | Group-J | 27.63% |
| 75.02% | 12.34% | Group-F | 20.30% |
| 79.56% | 18.28% | Group-B | 10.51% |
| 83.81% | 8.16% | Group-L | 24.57% |
| 72.01% | 14.64% | Group-E | 10.27% |","Answer the question using the table. Perform all required reasoning and return only the final answer.

Table:
| Sensitivity | False positive rate | Population | Prevalence |
| --- | --- | --- | --- |
| 87.25% | 23.02% | Group-A | 21.48% |
| 79.21% | 17.84% | Group-J | 27.63% |
| 75.02% | 12.34% | Group-F | 20.30% |
| 79.56% | 18.28% | Group-B | 10.51% |
| 83.81% | 8.16% | Group-L | 24.57% |
| 72.01% | 14.64% | Group-E | 10.27% |

Question: For Group-F, what is the probability that a person actually has the condition given a positive test?",60.76%,bayes_rule,"{""target_row"": ""Group-F"", ""prevalence"": 0.20304010532375913, ""sensitivity"": 0.7502401684852997, ""false_positive_rate"": 0.12342462706194607}","{""formula"": ""sens*prev / (sens*prev + fpr*(1-prev))"", ""answer_digits"": 2}","{""headers"": [""Sensitivity"", ""False positive rate"", ""Population"", ""Prevalence""], ""rows"": [[""87.25%"", ""23.02%"", ""Group-A"", ""21.48%""], [""79.21%"", ""17.84%"", ""Group-J"", ""27.63%""], [""75.02%"", ""12.34%"", ""Group-F"", ""20.30%""], [""79.56%"", ""18.28%"", ""Group-B"", ""10.51%""], [""83.81%"", ""8.16%"", ""Group-L"", ""24.57%""], [""72.01%"", ""14.64%"", ""Group-E"", ""10.27%""]]}"
A-L5-0102,5,missing_value_from_total,Recover the hidden Part D value for Sample-F.,"| Sample | Part C | Part B | Total | Part D | Part A |
| --- | --- | --- | --- | --- | --- |
| Sample-F | 106 | 115 | 292 | ? | 19 |
| Sample-A | 95 | 13 | 331 | 110 | 113 |
| Sample-D | 29 | 12 | 270 | 114 | 115 |
| Sample-H | 77 | 105 | 357 | 91 | 84 |
| Sample-I | 25 | 34 | 171 | 92 | 20 |","Answer the question using the table. Perform all required reasoning and return only the final answer.

Table:
| Sample | Part C | Part B | Total | Part D | Part A |
| --- | --- | --- | --- | --- | --- |
| Sample-F | 106 | 115 | 292 | ? | 19 |
| Sample-A | 95 | 13 | 331 | 110 | 113 |
| Sample-D | 29 | 12 | 270 | 114 | 115 |
| Sample-H | 77 | 105 | 357 | 91 | 84 |
| Sample-I | 25 | 34 | 171 | 92 | 20 |

Question: Recover the hidden Part D value for Sample-F.",52,recover_from_total,"{""target_row"": ""Sample-F"", ""missing_column"": ""Part D"", ""known_total"": 292, ""visible_components"": {""Part A"": 19, ""Part B"": 115, ""Part C"": 106}}","{""component_columns"": [""Part A"", ""Part B"", ""Part C"", ""Part D""]}","{""headers"": [""Sample"", ""Part C"", ""Part B"", ""Total"", ""Part D"", ""Part A""], ""rows"": [[""Sample-F"", 106, 115, 292, ""?"", 19], [""Sample-A"", 95, 13, 331, 110, 113], [""Sample-D"", 29, 12, 270, 114, 115], [""Sample-H"", 77, 105, 357, 91, 84], [""Sample-I"", 25, 34, 171, 92, 20]]}"
A-L5-0103,5,confusion_matrix_metric,What is the Recall for Echo?,"| Model | TN | FN | FP | TP |
| --- | --- | --- | --- | --- |
| Pulse | 46 | 150 | 71 | 288 |
| Helix | 54 | 137 | 122 | 59 |
| Quartz | 427 | 76 | 47 | 164 |
| Echo | 344 | 5 | 82 | 47 |","Answer the question using the table. Perform all required reasoning and return only the final answer.

Table:
| Model | TN | FN | FP | TP |
| --- | --- | --- | --- | --- |
| Pulse | 46 | 150 | 71 | 288 |
| Helix | 54 | 137 | 122 | 59 |
| Quartz | 427 | 76 | 47 | 164 |
| Echo | 344 | 5 | 82 | 47 |

Question: What is the Recall for Echo?",0.9038,recall,"{""target_row"": ""Echo"", ""TP"": 47, ""FP"": 82, ""FN"": 5, ""TN"": 344}","{""metric"": ""Recall"", ""answer_digits"": 4}","{""headers"": [""Model"", ""TN"", ""FN"", ""FP"", ""TP""], ""rows"": [[""Pulse"", 46, 150, 71, 288], [""Helix"", 54, 137, 122, 59], [""Quartz"", 427, 76, 47, 164], [""Echo"", 344, 5, 82, 47]]}"
A-L5-0104,5,missing_value_from_average,What is the missing Test 4 score for Sofia?,"| Student | Test 1 | Average | Test 2 | Test 3 | Test 4 |
| --- | --- | --- | --- | --- | --- |
| Sofia | 58 | 58.50 | 40 | 70 | ? |
| Leo | 57 | 78.50 | 84 | 95 | 78 |
| Yuna | 58 | 68.75 | 60 | 89 | 68 |
| Emma | 88 | 80.50 | 73 | 70 | 91 |
| Chris | 94 | 65.50 | 52 | 72 | 44 |
| Noah | 58 | 57.50 | 69 | 48 | 55 |","Answer the question using the table. Perform all required reasoning and return only the final answer.

Table:
| Student | Test 1 | Average | Test 2 | Test 3 | Test 4 |
| --- | --- | --- | --- | --- | --- |
| Sofia | 58 | 58.50 | 40 | 70 | ? |
| Leo | 57 | 78.50 | 84 | 95 | 78 |
| Yuna | 58 | 68.75 | 60 | 89 | 68 |
| Emma | 88 | 80.50 | 73 | 70 | 91 |
| Chris | 94 | 65.50 | 52 | 72 | 44 |
| Noah | 58 | 57.50 | 69 | 48 | 55 |

Question: What is the missing Test 4 score for Sofia?",66,recover_from_average,"{""target_row"": ""Sofia"", ""missing_column"": ""Test 4"", ""known_average"": 58.5, ""visible_scores"": {""Test 1"": 58, ""Test 2"": 40, ""Test 3"": 70}}","{""num_scores"": 4, ""score_columns"": [""Test 1"", ""Test 2"", ""Test 3"", ""Test 4""]}","{""headers"": [""Student"", ""Test 1"", ""Average"", ""Test 2"", ""Test 3"", ""Test 4""], ""rows"": [[""Sofia"", 58, ""58.50"", 40, 70, ""?""], [""Leo"", 57, ""78.50"", 84, 95, 78], [""Yuna"", 58, ""68.75"", 60, 89, 68], [""Emma"", 88, ""80.50"", 73, 70, 91], [""Chris"", 94, ""65.50"", 52, 72, 44], [""Noah"", 58, ""57.50"", 69, 48, 55]]}"
A-L5-0105,5,missing_value_from_total,What value is missing for Sample-I in Part D?,"| Part D | Part A | Part B | Sample | Total | Part C |
| --- | --- | --- | --- | --- | --- |
| 104 | 86 | 110 | Sample-F | 319 | 19 |
| 47 | 103 | 42 | Sample-J | 280 | 88 |
| 60 | 35 | 65 | Sample-K | 205 | 45 |
| ? | 36 | 26 | Sample-I | 153 | 79 |
| 109 | 34 | 17 | Sample-C | 269 | 109 |","Answer the question using the table. Perform all required reasoning and return only the final answer.

Table:
| Part D | Part A | Part B | Sample | Total | Part C |
| --- | --- | --- | --- | --- | --- |
| 104 | 86 | 110 | Sample-F | 319 | 19 |
| 47 | 103 | 42 | Sample-J | 280 | 88 |
| 60 | 35 | 65 | Sample-K | 205 | 45 |
| ? | 36 | 26 | Sample-I | 153 | 79 |
| 109 | 34 | 17 | Sample-C | 269 | 109 |

Question: What value is missing for Sample-I in Part D?",12,recover_from_total,"{""target_row"": ""Sample-I"", ""missing_column"": ""Part D"", ""known_total"": 153, ""visible_components"": {""Part A"": 36, ""Part B"": 26, ""Part C"": 79}}","{""component_columns"": [""Part A"", ""Part B"", ""Part C"", ""Part D""]}","{""headers"": [""Part D"", ""Part A"", ""Part B"", ""Sample"", ""Total"", ""Part C""], ""rows"": [[104, 86, 110, ""Sample-F"", 319, 19], [47, 103, 42, ""Sample-J"", 280, 88], [60, 35, 65, ""Sample-K"", 205, 45], [""?"", 36, 26, ""Sample-I"", 153, 79], [109, 34, 17, ""Sample-C"", 269, 109]]}"
A-L5-0106,5,missing_value_from_average,The Test 2 score for Hana is missing. What value belongs there?,"| Test 1 | Test 3 | Test 2 | Average | Student | Test 4 |
| --- | --- | --- | --- | --- | --- |
| 93 | 57 | 76 | 67.50 | Lucas | 44 |
| 62 | 76 | 51 | 71.00 | Leo | 95 |
| 87 | 80 | ? | 79.00 | Hana | 60 |
| 63 | 66 | 96 | 78.25 | Mina | 88 |
| 61 | 63 | 98 | 70.25 | Emma | 59 |
| 79 | 85 | 80 | 75.00 | Chris | 56 |","Answer the question using the table. Perform all required reasoning and return only the final answer.

Table:
| Test 1 | Test 3 | Test 2 | Average | Student | Test 4 |
| --- | --- | --- | --- | --- | --- |
| 93 | 57 | 76 | 67.50 | Lucas | 44 |
| 62 | 76 | 51 | 71.00 | Leo | 95 |
| 87 | 80 | ? | 79.00 | Hana | 60 |
| 63 | 66 | 96 | 78.25 | Mina | 88 |
| 61 | 63 | 98 | 70.25 | Emma | 59 |
| 79 | 85 | 80 | 75.00 | Chris | 56 |

Question: The Test 2 score for Hana is missing. What value belongs there?",89,recover_from_average,"{""target_row"": ""Hana"", ""missing_column"": ""Test 2"", ""known_average"": 79.0, ""visible_scores"": {""Test 1"": 87, ""Test 3"": 80, ""Test 4"": 60}}","{""num_scores"": 4, ""score_columns"": [""Test 1"", ""Test 2"", ""Test 3"", ""Test 4""]}","{""headers"": [""Test 1"", ""Test 3"", ""Test 2"", ""Average"", ""Student"", ""Test 4""], ""rows"": [[93, 57, 76, ""67.50"", ""Lucas"", 44], [62, 76, 51, ""71.00"", ""Leo"", 95], [87, 80, ""?"", ""79.00"", ""Hana"", 60], [63, 66, 96, ""78.25"", ""Mina"", 88], [61, 63, 98, ""70.25"", ""Emma"", 59], [79, 85, 80, ""75.00"", ""Chris"", 56]]}"
A-L5-0107,5,bayes_posterior,"For Group-J, what is the probability that a person actually has the condition given a positive test?","| Prevalence | Sensitivity | Population | False positive rate |
| --- | --- | --- | --- |
| 30.01% | 96.98% | Group-A | 28.91% |
| 16.07% | 65.03% | Group-J | 12.26% |
| 38.97% | 82.00% | Group-K | 3.34% |
| 16.28% | 87.54% | Group-I | 26.25% |
| 29.24% | 90.80% | Group-H | 12.24% |
| 8.39% | 70.60% | Group-L | 17.23% |","Answer the question using the table. Perform all required reasoning and return only the final answer.

Table:
| Prevalence | Sensitivity | Population | False positive rate |
| --- | --- | --- | --- |
| 30.01% | 96.98% | Group-A | 28.91% |
| 16.07% | 65.03% | Group-J | 12.26% |
| 38.97% | 82.00% | Group-K | 3.34% |
| 16.28% | 87.54% | Group-I | 26.25% |
| 29.24% | 90.80% | Group-H | 12.24% |
| 8.39% | 70.60% | Group-L | 17.23% |

Question: For Group-J, what is the probability that a person actually has the condition given a positive test?",50.38%,bayes_rule,"{""target_row"": ""Group-J"", ""prevalence"": 0.1607174179066725, ""sensitivity"": 0.6503152701784917, ""false_positive_rate"": 0.1226404531326086}","{""formula"": ""sens*prev / (sens*prev + fpr*(1-prev))"", ""answer_digits"": 2}","{""headers"": [""Prevalence"", ""Sensitivity"", ""Population"", ""False positive rate""], ""rows"": [[""30.01%"", ""96.98%"", ""Group-A"", ""28.91%""], [""16.07%"", ""65.03%"", ""Group-J"", ""12.26%""], [""38.97%"", ""82.00%"", ""Group-K"", ""3.34%""], [""16.28%"", ""87.54%"", ""Group-I"", ""26.25%""], [""29.24%"", ""90.80%"", ""Group-H"", ""12.24%""], [""8.39%"", ""70.60%"", ""Group-L"", ""17.23%""]]}"
A-L5-0108,5,missing_value_from_total,The Part A entry for Sample-H is missing. What should it be?,"| Total | Sample | Part D | Part B | Part A | Part C |
| --- | --- | --- | --- | --- | --- |
| 289 | Sample-H | 110 | 47 | ? | 67 |
| 251 | Sample-K | 41 | 91 | 39 | 80 |
| 189 | Sample-I | 24 | 33 | 32 | 100 |
| 250 | Sample-G | 112 | 12 | 25 | 101 |
| 206 | Sample-J | 60 | 98 | 11 | 37 |","Answer the question using the table. Perform all required reasoning and return only the final answer.

Table:
| Total | Sample | Part D | Part B | Part A | Part C |
| --- | --- | --- | --- | --- | --- |
| 289 | Sample-H | 110 | 47 | ? | 67 |
| 251 | Sample-K | 41 | 91 | 39 | 80 |
| 189 | Sample-I | 24 | 33 | 32 | 100 |
| 250 | Sample-G | 112 | 12 | 25 | 101 |
| 206 | Sample-J | 60 | 98 | 11 | 37 |

Question: The Part A entry for Sample-H is missing. What should it be?",65,recover_from_total,"{""target_row"": ""Sample-H"", ""missing_column"": ""Part A"", ""known_total"": 289, ""visible_components"": {""Part B"": 47, ""Part C"": 67, ""Part D"": 110}}","{""component_columns"": [""Part A"", ""Part B"", ""Part C"", ""Part D""]}","{""headers"": [""Total"", ""Sample"", ""Part D"", ""Part B"", ""Part A"", ""Part C""], ""rows"": [[289, ""Sample-H"", 110, 47, ""?"", 67], [251, ""Sample-K"", 41, 91, 39, 80], [189, ""Sample-I"", 24, 33, 32, 100], [250, ""Sample-G"", 112, 12, 25, 101], [206, ""Sample-J"", 60, 98, 11, 37]]}"
A-L5-0109,5,confusion_matrix_metric,What is the F1 score for Vertex?,"| TP | FN | Model | FP | TN |
| --- | --- | --- | --- | --- |
| 57 | 142 | Echo | 18 | 123 |
| 223 | 149 | Vertex | 90 | 170 |
| 44 | 56 | Aurora | 109 | 430 |
| 274 | 118 | Nova | 108 | 402 |","Answer the question using the table. Perform all required reasoning and return only the final answer.

Table:
| TP | FN | Model | FP | TN |
| --- | --- | --- | --- | --- |
| 57 | 142 | Echo | 18 | 123 |
| 223 | 149 | Vertex | 90 | 170 |
| 44 | 56 | Aurora | 109 | 430 |
| 274 | 118 | Nova | 108 | 402 |

Question: What is the F1 score for Vertex?",0.6511,f1_score,"{""target_row"": ""Vertex"", ""TP"": 223, ""FP"": 90, ""FN"": 149, ""TN"": 170}","{""metric"": ""F1 score"", ""answer_digits"": 4}","{""headers"": [""TP"", ""FN"", ""Model"", ""FP"", ""TN""], ""rows"": [[57, 142, ""Echo"", 18, 123], [223, 149, ""Vertex"", 90, 170], [44, 56, ""Aurora"", 109, 430], [274, 118, ""Nova"", 108, 402]]}"
A-L5-0110,5,confusion_matrix_metric,What is the Recall for Zenith?,"| FN | TN | FP | Model | TP |
| --- | --- | --- | --- | --- |
| 43 | 379 | 31 | Atlas | 324 |
| 24 | 177 | 131 | Delta | 207 |
| 80 | 330 | 30 | Nimbus | 297 |
| 78 | 76 | 75 | Echo | 216 |
| 142 | 170 | 144 | Nova | 326 |
| 134 | 427 | 9 | Zenith | 138 |","Answer the question using the table. Perform all required reasoning and return only the final answer.

Table:
| FN | TN | FP | Model | TP |
| --- | --- | --- | --- | --- |
| 43 | 379 | 31 | Atlas | 324 |
| 24 | 177 | 131 | Delta | 207 |
| 80 | 330 | 30 | Nimbus | 297 |
| 78 | 76 | 75 | Echo | 216 |
| 142 | 170 | 144 | Nova | 326 |
| 134 | 427 | 9 | Zenith | 138 |

Question: What is the Recall for Zenith?",0.5074,recall,"{""target_row"": ""Zenith"", ""TP"": 138, ""FP"": 9, ""FN"": 134, ""TN"": 427}","{""metric"": ""Recall"", ""answer_digits"": 4}","{""headers"": [""FN"", ""TN"", ""FP"", ""Model"", ""TP""], ""rows"": [[43, 379, 31, ""Atlas"", 324], [24, 177, 131, ""Delta"", 207], [80, 330, 30, ""Nimbus"", 297], [78, 76, 75, ""Echo"", 216], [142, 170, 144, ""Nova"", 326], [134, 427, 9, ""Zenith"", 138]]}"
A-L5-0111,5,bayes_posterior,"For Group-G, compute the posterior probability of having the condition after a positive test.","| False positive rate | Population | Prevalence | Sensitivity |
| --- | --- | --- | --- |
| 8.53% | Group-F | 27.60% | 89.51% |
| 4.53% | Group-D | 29.44% | 95.98% |
| 24.90% | Group-C | 43.40% | 70.65% |
| 29.32% | Group-H | 43.12% | 71.82% |
| 25.91% | Group-J | 25.93% | 75.29% |
| 21.65% | Group-G | 39.64% | 97.41% |","Answer the question using the table. Perform all required reasoning and return only the final answer.

Table:
| False positive rate | Population | Prevalence | Sensitivity |
| --- | --- | --- | --- |
| 8.53% | Group-F | 27.60% | 89.51% |
| 4.53% | Group-D | 29.44% | 95.98% |
| 24.90% | Group-C | 43.40% | 70.65% |
| 29.32% | Group-H | 43.12% | 71.82% |
| 25.91% | Group-J | 25.93% | 75.29% |
| 21.65% | Group-G | 39.64% | 97.41% |

Question: For Group-G, compute the posterior probability of having the condition after a positive test.",74.71%,bayes_rule,"{""target_row"": ""Group-G"", ""prevalence"": 0.39640028685497275, ""sensitivity"": 0.9740782806938142, ""false_positive_rate"": 0.21649833488825687}","{""formula"": ""sens*prev / (sens*prev + fpr*(1-prev))"", ""answer_digits"": 2}","{""headers"": [""False positive rate"", ""Population"", ""Prevalence"", ""Sensitivity""], ""rows"": [[""8.53%"", ""Group-F"", ""27.60%"", ""89.51%""], [""4.53%"", ""Group-D"", ""29.44%"", ""95.98%""], [""24.90%"", ""Group-C"", ""43.40%"", ""70.65%""], [""29.32%"", ""Group-H"", ""43.12%"", ""71.82%""], [""25.91%"", ""Group-J"", ""25.93%"", ""75.29%""], [""21.65%"", ""Group-G"", ""39.64%"", ""97.41%""]]}"
A-L5-0112,5,physics_derived_quantity,"Using the table values, calculate the kinetic energy of Alex.","| Person | Speed | Mass | Elapsed time | Altitude |
| --- | --- | --- | --- | --- |
| Mina | 31.9 m/s | 78 kg | 47.4 s | 5574 m |
| Sam | 22.1 m/s | 99 kg | 107.2 s | 3407 m |
| Alex | 57.5 m/s | 80 kg | 94.8 s | 5753 m |
| Daniel | 76.2 m/s | 85 kg | 46.0 s | 1517 m |
| Lena | 17.5 m/s | 59 kg | 66.8 s | 7492 m |","Answer the question using the table. Perform all required reasoning and return only the final answer.

Table:
| Person | Speed | Mass | Elapsed time | Altitude |
| --- | --- | --- | --- | --- |
| Mina | 31.9 m/s | 78 kg | 47.4 s | 5574 m |
| Sam | 22.1 m/s | 99 kg | 107.2 s | 3407 m |
| Alex | 57.5 m/s | 80 kg | 94.8 s | 5753 m |
| Daniel | 76.2 m/s | 85 kg | 46.0 s | 1517 m |
| Lena | 17.5 m/s | 59 kg | 66.8 s | 7492 m |

Question: Using the table values, calculate the kinetic energy of Alex.",132250.00 J,kinetic_energy,"{""target_row"": ""Alex"", ""mass_kg"": 80, ""speed_m_s"": 57.5}","{""quantity"": ""Kinetic energy"", ""answer_digits"": 2}","{""headers"": [""Person"", ""Speed"", ""Mass"", ""Elapsed time"", ""Altitude""], ""rows"": [[""Mina"", ""31.9 m/s"", ""78 kg"", ""47.4 s"", ""5574 m""], [""Sam"", ""22.1 m/s"", ""99 kg"", ""107.2 s"", ""3407 m""], [""Alex"", ""57.5 m/s"", ""80 kg"", ""94.8 s"", ""5753 m""], [""Daniel"", ""76.2 m/s"", ""85 kg"", ""46.0 s"", ""1517 m""], [""Lena"", ""17.5 m/s"", ""59 kg"", ""66.8 s"", ""7492 m""]]}"
A-L5-0113,5,missing_value_from_average,What is the missing Test 4 score for Nora?,"| Test 4 | Test 1 | Test 3 | Average | Test 2 | Student |
| --- | --- | --- | --- | --- | --- |
| 42 | 72 | 98 | 71.25 | 73 | Ava |
| ? | 55 | 75 | 81.50 | 98 | Nora |
| 64 | 77 | 100 | 72.75 | 50 | Noah |
| 89 | 84 | 67 | 81.75 | 87 | Yuna |
| 93 | 99 | 91 | 94.75 | 96 | Ethan |
| 74 | 42 | 45 | 64.75 | 98 | Jisoo |","Answer the question using the table. Perform all required reasoning and return only the final answer.

Table:
| Test 4 | Test 1 | Test 3 | Average | Test 2 | Student |
| --- | --- | --- | --- | --- | --- |
| 42 | 72 | 98 | 71.25 | 73 | Ava |
| ? | 55 | 75 | 81.50 | 98 | Nora |
| 64 | 77 | 100 | 72.75 | 50 | Noah |
| 89 | 84 | 67 | 81.75 | 87 | Yuna |
| 93 | 99 | 91 | 94.75 | 96 | Ethan |
| 74 | 42 | 45 | 64.75 | 98 | Jisoo |

Question: What is the missing Test 4 score for Nora?",98,recover_from_average,"{""target_row"": ""Nora"", ""missing_column"": ""Test 4"", ""known_average"": 81.5, ""visible_scores"": {""Test 1"": 55, ""Test 2"": 98, ""Test 3"": 75}}","{""num_scores"": 4, ""score_columns"": [""Test 1"", ""Test 2"", ""Test 3"", ""Test 4""]}","{""headers"": [""Test 4"", ""Test 1"", ""Test 3"", ""Average"", ""Test 2"", ""Student""], ""rows"": [[42, 72, 98, ""71.25"", 73, ""Ava""], [""?"", 55, 75, ""81.50"", 98, ""Nora""], [64, 77, 100, ""72.75"", 50, ""Noah""], [89, 84, 67, ""81.75"", 87, ""Yuna""], [93, 99, 91, ""94.75"", 96, ""Ethan""], [74, 42, 45, ""64.75"", 98, ""Jisoo""]]}"
A-L5-0114,5,bayes_posterior,"Using Bayes' rule, what is P(condition | positive) for Group-K?","| Prevalence | Sensitivity | Population | False positive rate |
| --- | --- | --- | --- |
| 43.42% | 67.99% | Group-L | 9.16% |
| 14.88% | 83.65% | Group-F | 9.65% |
| 25.22% | 85.80% | Group-K | 23.62% |
| 36.99% | 67.15% | Group-E | 5.84% |","Answer the question using the table. Perform all required reasoning and return only the final answer.

Table:
| Prevalence | Sensitivity | Population | False positive rate |
| --- | --- | --- | --- |
| 43.42% | 67.99% | Group-L | 9.16% |
| 14.88% | 83.65% | Group-F | 9.65% |
| 25.22% | 85.80% | Group-K | 23.62% |
| 36.99% | 67.15% | Group-E | 5.84% |

Question: Using Bayes' rule, what is P(condition | positive) for Group-K?",55.06%,bayes_rule,"{""target_row"": ""Group-K"", ""prevalence"": 0.25215604500805183, ""sensitivity"": 0.8579502872045666, ""false_positive_rate"": 0.23615466446487693}","{""formula"": ""sens*prev / (sens*prev + fpr*(1-prev))"", ""answer_digits"": 2}","{""headers"": [""Prevalence"", ""Sensitivity"", ""Population"", ""False positive rate""], ""rows"": [[""43.42%"", ""67.99%"", ""Group-L"", ""9.16%""], [""14.88%"", ""83.65%"", ""Group-F"", ""9.65%""], [""25.22%"", ""85.80%"", ""Group-K"", ""23.62%""], [""36.99%"", ""67.15%"", ""Group-E"", ""5.84%""]]}"
A-L5-0115,5,missing_value_from_total,Recover the hidden Part A value for Sample-K.,"| Sample | Total | Part A | Part D | Part C | Part B |
| --- | --- | --- | --- | --- | --- |
| Sample-E | 296 | 59 | 73 | 114 | 50 |
| Sample-K | 315 | ? | 13 | 116 | 120 |
| Sample-J | 277 | 90 | 75 | 29 | 83 |
| Sample-F | 311 | 117 | 104 | 52 | 38 |
| Sample-C | 223 | 19 | 45 | 109 | 50 |","Answer the question using the table. Perform all required reasoning and return only the final answer.

Table:
| Sample | Total | Part A | Part D | Part C | Part B |
| --- | --- | --- | --- | --- | --- |
| Sample-E | 296 | 59 | 73 | 114 | 50 |
| Sample-K | 315 | ? | 13 | 116 | 120 |
| Sample-J | 277 | 90 | 75 | 29 | 83 |
| Sample-F | 311 | 117 | 104 | 52 | 38 |
| Sample-C | 223 | 19 | 45 | 109 | 50 |

Question: Recover the hidden Part A value for Sample-K.",66,recover_from_total,"{""target_row"": ""Sample-K"", ""missing_column"": ""Part A"", ""known_total"": 315, ""visible_components"": {""Part B"": 120, ""Part C"": 116, ""Part D"": 13}}","{""component_columns"": [""Part A"", ""Part B"", ""Part C"", ""Part D""]}","{""headers"": [""Sample"", ""Total"", ""Part A"", ""Part D"", ""Part C"", ""Part B""], ""rows"": [[""Sample-E"", 296, 59, 73, 114, 50], [""Sample-K"", 315, ""?"", 13, 116, 120], [""Sample-J"", 277, 90, 75, 29, 83], [""Sample-F"", 311, 117, 104, 52, 38], [""Sample-C"", 223, 19, 45, 109, 50]]}"
A-L5-0116,5,missing_value_from_average,What is the missing Test 2 score for Ava?,"| Test 4 | Student | Test 2 | Test 1 | Test 3 | Average |
| --- | --- | --- | --- | --- | --- |
| 94 | Ava | ? | 90 | 81 | 77.75 |
| 48 | Ryan | 71 | 91 | 54 | 66.00 |
| 85 | Julia | 50 | 42 | 58 | 58.75 |
| 64 | Lucas | 86 | 78 | 64 | 73.00 |","Answer the question using the table. Perform all required reasoning and return only the final answer.

Table:
| Test 4 | Student | Test 2 | Test 1 | Test 3 | Average |
| --- | --- | --- | --- | --- | --- |
| 94 | Ava | ? | 90 | 81 | 77.75 |
| 48 | Ryan | 71 | 91 | 54 | 66.00 |
| 85 | Julia | 50 | 42 | 58 | 58.75 |
| 64 | Lucas | 86 | 78 | 64 | 73.00 |

Question: What is the missing Test 2 score for Ava?",46,recover_from_average,"{""target_row"": ""Ava"", ""missing_column"": ""Test 2"", ""known_average"": 77.75, ""visible_scores"": {""Test 1"": 90, ""Test 3"": 81, ""Test 4"": 94}}","{""num_scores"": 4, ""score_columns"": [""Test 1"", ""Test 2"", ""Test 3"", ""Test 4""]}","{""headers"": [""Test 4"", ""Student"", ""Test 2"", ""Test 1"", ""Test 3"", ""Average""], ""rows"": [[94, ""Ava"", ""?"", 90, 81, ""77.75""], [48, ""Ryan"", 71, 91, 54, ""66.00""], [85, ""Julia"", 50, 42, 58, ""58.75""], [64, ""Lucas"", 86, 78, 64, ""73.00""]]}"
A-L5-0117,5,bayes_posterior,"For Group-F, compute the posterior probability of having the condition after a positive test.","| Prevalence | False positive rate | Sensitivity | Population |
| --- | --- | --- | --- |
| 17.27% | 4.12% | 83.57% | Group-L |
| 14.77% | 26.91% | 61.59% | Group-F |
| 14.40% | 17.21% | 63.13% | Group-D |
| 18.76% | 27.79% | 77.17% | Group-I |","Answer the question using the table. Perform all required reasoning and return only the final answer.

Table:
| Prevalence | False positive rate | Sensitivity | Population |
| --- | --- | --- | --- |
| 17.27% | 4.12% | 83.57% | Group-L |
| 14.77% | 26.91% | 61.59% | Group-F |
| 14.40% | 17.21% | 63.13% | Group-D |
| 18.76% | 27.79% | 77.17% | Group-I |

Question: For Group-F, compute the posterior probability of having the condition after a positive test.",28.40%,bayes_rule,"{""target_row"": ""Group-F"", ""prevalence"": 0.14766717591041545, ""sensitivity"": 0.6159415084180129, ""false_positive_rate"": 0.2690850358187057}","{""formula"": ""sens*prev / (sens*prev + fpr*(1-prev))"", ""answer_digits"": 2}","{""headers"": [""Prevalence"", ""False positive rate"", ""Sensitivity"", ""Population""], ""rows"": [[""17.27%"", ""4.12%"", ""83.57%"", ""Group-L""], [""14.77%"", ""26.91%"", ""61.59%"", ""Group-F""], [""14.40%"", ""17.21%"", ""63.13%"", ""Group-D""], [""18.76%"", ""27.79%"", ""77.17%"", ""Group-I""]]}"
A-L5-0118,5,physics_derived_quantity,What is Iris's kinetic energy?,"| Mass | Altitude | Person | Elapsed time | Speed |
| --- | --- | --- | --- | --- |
| 103 kg | 507 m | Iris | 109.9 s | 23.2 m/s |
| 95 kg | 2059 m | Julia | 24.7 s | 42.3 m/s |
| 92 kg | 7665 m | Emma | 115.6 s | 32.5 m/s |
| 89 kg | 6079 m | Daniel | 16.1 s | 64.1 m/s |
| 56 kg | 918 m | Noah | 103.5 s | 19.3 m/s |
| 66 kg | 9838 m | Mina | 85.6 s | 27.7 m/s |","Answer the question using the table. Perform all required reasoning and return only the final answer.

Table:
| Mass | Altitude | Person | Elapsed time | Speed |
| --- | --- | --- | --- | --- |
| 103 kg | 507 m | Iris | 109.9 s | 23.2 m/s |
| 95 kg | 2059 m | Julia | 24.7 s | 42.3 m/s |
| 92 kg | 7665 m | Emma | 115.6 s | 32.5 m/s |
| 89 kg | 6079 m | Daniel | 16.1 s | 64.1 m/s |
| 56 kg | 918 m | Noah | 103.5 s | 19.3 m/s |
| 66 kg | 9838 m | Mina | 85.6 s | 27.7 m/s |

Question: What is Iris's kinetic energy?",27719.36 J,kinetic_energy,"{""target_row"": ""Iris"", ""mass_kg"": 103, ""speed_m_s"": 23.2}","{""quantity"": ""Kinetic energy"", ""answer_digits"": 2}","{""headers"": [""Mass"", ""Altitude"", ""Person"", ""Elapsed time"", ""Speed""], ""rows"": [[""103 kg"", ""507 m"", ""Iris"", ""109.9 s"", ""23.2 m/s""], [""95 kg"", ""2059 m"", ""Julia"", ""24.7 s"", ""42.3 m/s""], [""92 kg"", ""7665 m"", ""Emma"", ""115.6 s"", ""32.5 m/s""], [""89 kg"", ""6079 m"", ""Daniel"", ""16.1 s"", ""64.1 m/s""], [""56 kg"", ""918 m"", ""Noah"", ""103.5 s"", ""19.3 m/s""], [""66 kg"", ""9838 m"", ""Mina"", ""85.6 s"", ""27.7 m/s""]]}"
A-L5-0119,5,missing_value_from_total,The Part B entry for Sample-K is missing. What should it be?,"| Part A | Sample | Part B | Part D | Part C | Total |
| --- | --- | --- | --- | --- | --- |
| 13 | Sample-C | 31 | 11 | 108 | 163 |
| 66 | Sample-B | 88 | 95 | 53 | 302 |
| 68 | Sample-G | 87 | 82 | 91 | 328 |
| 75 | Sample-D | 49 | 101 | 36 | 261 |
| 60 | Sample-K | ? | 110 | 63 | 249 |
| 27 | Sample-A | 62 | 117 | 54 | 260 |
| 90 | Sample-I | 22 | 50 | 116 | 278 |","Answer the question using the table. Perform all required reasoning and return only the final answer.

Table:
| Part A | Sample | Part B | Part D | Part C | Total |
| --- | --- | --- | --- | --- | --- |
| 13 | Sample-C | 31 | 11 | 108 | 163 |
| 66 | Sample-B | 88 | 95 | 53 | 302 |
| 68 | Sample-G | 87 | 82 | 91 | 328 |
| 75 | Sample-D | 49 | 101 | 36 | 261 |
| 60 | Sample-K | ? | 110 | 63 | 249 |
| 27 | Sample-A | 62 | 117 | 54 | 260 |
| 90 | Sample-I | 22 | 50 | 116 | 278 |

Question: The Part B entry for Sample-K is missing. What should it be?",16,recover_from_total,"{""target_row"": ""Sample-K"", ""missing_column"": ""Part B"", ""known_total"": 249, ""visible_components"": {""Part A"": 60, ""Part C"": 63, ""Part D"": 110}}","{""component_columns"": [""Part A"", ""Part B"", ""Part C"", ""Part D""]}","{""headers"": [""Part A"", ""Sample"", ""Part B"", ""Part D"", ""Part C"", ""Total""], ""rows"": [[13, ""Sample-C"", 31, 11, 108, 163], [66, ""Sample-B"", 88, 95, 53, 302], [68, ""Sample-G"", 87, 82, 91, 328], [75, ""Sample-D"", 49, 101, 36, 261], [60, ""Sample-K"", ""?"", 110, 63, 249], [27, ""Sample-A"", 62, 117, 54, 260], [90, ""Sample-I"", 22, 50, 116, 278]]}"
A-L5-0120,5,confusion_matrix_metric,What is the Recall for Zenith?,"| TP | TN | FP | Model | FN |
| --- | --- | --- | --- | --- |
| 320 | 106 | 13 | Zenith | 130 |
| 69 | 340 | 35 | Nimbus | 118 |
| 396 | 496 | 120 | Echo | 144 |
| 187 | 201 | 140 | Atlas | 68 |
| 41 | 250 | 64 | Delta | 106 |
| 133 | 75 | 104 | Nova | 5 |","Answer the question using the table. Perform all required reasoning and return only the final answer.

Table:
| TP | TN | FP | Model | FN |
| --- | --- | --- | --- | --- |
| 320 | 106 | 13 | Zenith | 130 |
| 69 | 340 | 35 | Nimbus | 118 |
| 396 | 496 | 120 | Echo | 144 |
| 187 | 201 | 140 | Atlas | 68 |
| 41 | 250 | 64 | Delta | 106 |
| 133 | 75 | 104 | Nova | 5 |

Question: What is the Recall for Zenith?",0.7111,recall,"{""target_row"": ""Zenith"", ""TP"": 320, ""FP"": 13, ""FN"": 130, ""TN"": 106}","{""metric"": ""Recall"", ""answer_digits"": 4}","{""headers"": [""TP"", ""TN"", ""FP"", ""Model"", ""FN""], ""rows"": [[320, 106, 13, ""Zenith"", 130], [69, 340, 35, ""Nimbus"", 118], [396, 496, 120, ""Echo"", 144], [187, 201, 140, ""Atlas"", 68], [41, 250, 64, ""Delta"", 106], [133, 75, 104, ""Nova"", 5]]}"
A-L5-0121,5,bayes_posterior,"For Group-B, compute the posterior probability of having the condition after a positive test.","| Prevalence | Population | Sensitivity | False positive rate |
| --- | --- | --- | --- |
| 24.31% | Group-C | 82.19% | 7.92% |
| 12.07% | Group-L | 78.22% | 27.21% |
| 11.34% | Group-K | 79.76% | 12.83% |
| 27.00% | Group-B | 96.19% | 11.14% |","Answer the question using the table. Perform all required reasoning and return only the final answer.

Table:
| Prevalence | Population | Sensitivity | False positive rate |
| --- | --- | --- | --- |
| 24.31% | Group-C | 82.19% | 7.92% |
| 12.07% | Group-L | 78.22% | 27.21% |
| 11.34% | Group-K | 79.76% | 12.83% |
| 27.00% | Group-B | 96.19% | 11.14% |

Question: For Group-B, compute the posterior probability of having the condition after a positive test.",76.15%,bayes_rule,"{""target_row"": ""Group-B"", ""prevalence"": 0.2700395732829677, ""sensitivity"": 0.9618588276131061, ""false_positive_rate"": 0.11142457717733843}","{""formula"": ""sens*prev / (sens*prev + fpr*(1-prev))"", ""answer_digits"": 2}","{""headers"": [""Prevalence"", ""Population"", ""Sensitivity"", ""False positive rate""], ""rows"": [[""24.31%"", ""Group-C"", ""82.19%"", ""7.92%""], [""12.07%"", ""Group-L"", ""78.22%"", ""27.21%""], [""11.34%"", ""Group-K"", ""79.76%"", ""12.83%""], [""27.00%"", ""Group-B"", ""96.19%"", ""11.14%""]]}"
A-L5-0122,5,physics_derived_quantity,"Using the table values, calculate the kinetic energy of Chris.","| Person | Altitude | Mass | Speed | Elapsed time |
| --- | --- | --- | --- | --- |
| Chris | 9233 m | 84 kg | 69.6 m/s | 92.3 s |
| Lena | 6095 m | 105 kg | 26.7 m/s | 116.6 s |
| Ethan | 4674 m | 91 kg | 76.4 m/s | 106.9 s |
| Iris | 7313 m | 65 kg | 56.4 m/s | 29.5 s |
| David | 8462 m | 57 kg | 74.0 m/s | 52.5 s |
| Alex | 2027 m | 101 kg | 24.3 m/s | 38.0 s |
| Ava | 2540 m | 77 kg | 39.9 m/s | 29.7 s |","Answer the question using the table. Perform all required reasoning and return only the final answer.

Table:
| Person | Altitude | Mass | Speed | Elapsed time |
| --- | --- | --- | --- | --- |
| Chris | 9233 m | 84 kg | 69.6 m/s | 92.3 s |
| Lena | 6095 m | 105 kg | 26.7 m/s | 116.6 s |
| Ethan | 4674 m | 91 kg | 76.4 m/s | 106.9 s |
| Iris | 7313 m | 65 kg | 56.4 m/s | 29.5 s |
| David | 8462 m | 57 kg | 74.0 m/s | 52.5 s |
| Alex | 2027 m | 101 kg | 24.3 m/s | 38.0 s |
| Ava | 2540 m | 77 kg | 39.9 m/s | 29.7 s |

Question: Using the table values, calculate the kinetic energy of Chris.",203454.72 J,kinetic_energy,"{""target_row"": ""Chris"", ""mass_kg"": 84, ""speed_m_s"": 69.6}","{""quantity"": ""Kinetic energy"", ""answer_digits"": 2}","{""headers"": [""Person"", ""Altitude"", ""Mass"", ""Speed"", ""Elapsed time""], ""rows"": [[""Chris"", ""9233 m"", ""84 kg"", ""69.6 m/s"", ""92.3 s""], [""Lena"", ""6095 m"", ""105 kg"", ""26.7 m/s"", ""116.6 s""], [""Ethan"", ""4674 m"", ""91 kg"", ""76.4 m/s"", ""106.9 s""], [""Iris"", ""7313 m"", ""65 kg"", ""56.4 m/s"", ""29.5 s""], [""David"", ""8462 m"", ""57 kg"", ""74.0 m/s"", ""52.5 s""], [""Alex"", ""2027 m"", ""101 kg"", ""24.3 m/s"", ""38.0 s""], [""Ava"", ""2540 m"", ""77 kg"", ""39.9 m/s"", ""29.7 s""]]}"
A-L5-0123,5,physics_derived_quantity,What is David's kinetic energy?,"| Altitude | Mass | Person | Speed | Elapsed time |
| --- | --- | --- | --- | --- |
| 6978 m | 48 kg | Ethan | 77.4 m/s | 8.7 s |
| 7838 m | 103 kg | Noah | 12.4 m/s | 111.2 s |
| 1925 m | 94 kg | Lena | 24.8 m/s | 64.8 s |
| 8536 m | 91 kg | David | 54.0 m/s | 105.5 s |
| 8175 m | 48 kg | Sam | 73.5 m/s | 21.4 s |
| 821 m | 77 kg | Iris | 34.7 m/s | 36.6 s |","Answer the question using the table. Perform all required reasoning and return only the final answer.

Table:
| Altitude | Mass | Person | Speed | Elapsed time |
| --- | --- | --- | --- | --- |
| 6978 m | 48 kg | Ethan | 77.4 m/s | 8.7 s |
| 7838 m | 103 kg | Noah | 12.4 m/s | 111.2 s |
| 1925 m | 94 kg | Lena | 24.8 m/s | 64.8 s |
| 8536 m | 91 kg | David | 54.0 m/s | 105.5 s |
| 8175 m | 48 kg | Sam | 73.5 m/s | 21.4 s |
| 821 m | 77 kg | Iris | 34.7 m/s | 36.6 s |

Question: What is David's kinetic energy?",132678.00 J,kinetic_energy,"{""target_row"": ""David"", ""mass_kg"": 91, ""speed_m_s"": 54.0}","{""quantity"": ""Kinetic energy"", ""answer_digits"": 2}","{""headers"": [""Altitude"", ""Mass"", ""Person"", ""Speed"", ""Elapsed time""], ""rows"": [[""6978 m"", ""48 kg"", ""Ethan"", ""77.4 m/s"", ""8.7 s""], [""7838 m"", ""103 kg"", ""Noah"", ""12.4 m/s"", ""111.2 s""], [""1925 m"", ""94 kg"", ""Lena"", ""24.8 m/s"", ""64.8 s""], [""8536 m"", ""91 kg"", ""David"", ""54.0 m/s"", ""105.5 s""], [""8175 m"", ""48 kg"", ""Sam"", ""73.5 m/s"", ""21.4 s""], [""821 m"", ""77 kg"", ""Iris"", ""34.7 m/s"", ""36.6 s""]]}"
A-L5-0124,5,confusion_matrix_metric,"Using the confusion-matrix counts, calculate Quartz's Accuracy.","| TP | FN | TN | Model | FP |
| --- | --- | --- | --- | --- |
| 117 | 69 | 85 | Delta | 26 |
| 305 | 98 | 308 | Vertex | 148 |
| 352 | 82 | 77 | Zenith | 27 |
| 386 | 136 | 185 | Nova | 50 |
| 87 | 100 | 146 | Nimbus | 116 |
| 332 | 37 | 440 | Quartz | 100 |
| 67 | 34 | 147 | Atlas | 8 |","Answer the question using the table. Perform all required reasoning and return only the final answer.

Table:
| TP | FN | TN | Model | FP |
| --- | --- | --- | --- | --- |
| 117 | 69 | 85 | Delta | 26 |
| 305 | 98 | 308 | Vertex | 148 |
| 352 | 82 | 77 | Zenith | 27 |
| 386 | 136 | 185 | Nova | 50 |
| 87 | 100 | 146 | Nimbus | 116 |
| 332 | 37 | 440 | Quartz | 100 |
| 67 | 34 | 147 | Atlas | 8 |

Question: Using the confusion-matrix counts, calculate Quartz's Accuracy.",0.8493,accuracy,"{""target_row"": ""Quartz"", ""TP"": 332, ""FP"": 100, ""FN"": 37, ""TN"": 440}","{""metric"": ""Accuracy"", ""answer_digits"": 4}","{""headers"": [""TP"", ""FN"", ""TN"", ""Model"", ""FP""], ""rows"": [[117, 69, 85, ""Delta"", 26], [305, 98, 308, ""Vertex"", 148], [352, 82, 77, ""Zenith"", 27], [386, 136, 185, ""Nova"", 50], [87, 100, 146, ""Nimbus"", 116], [332, 37, 440, ""Quartz"", 100], [67, 34, 147, ""Atlas"", 8]]}"
A-L5-0125,5,confusion_matrix_metric,What is the F1 score for Pulse?,"| TP | FN | FP | Model | TN |
| --- | --- | --- | --- | --- |
| 64 | 99 | 69 | Delta | 342 |
| 308 | 112 | 57 | Sigma | 85 |
| 374 | 44 | 54 | Nimbus | 168 |
| 284 | 125 | 26 | Pulse | 490 |","Answer the question using the table. Perform all required reasoning and return only the final answer.

Table:
| TP | FN | FP | Model | TN |
| --- | --- | --- | --- | --- |
| 64 | 99 | 69 | Delta | 342 |
| 308 | 112 | 57 | Sigma | 85 |
| 374 | 44 | 54 | Nimbus | 168 |
| 284 | 125 | 26 | Pulse | 490 |

Question: What is the F1 score for Pulse?",0.7900,f1_score,"{""target_row"": ""Pulse"", ""TP"": 284, ""FP"": 26, ""FN"": 125, ""TN"": 490}","{""metric"": ""F1 score"", ""answer_digits"": 4}","{""headers"": [""TP"", ""FN"", ""FP"", ""Model"", ""TN""], ""rows"": [[64, 99, 69, ""Delta"", 342], [308, 112, 57, ""Sigma"", 85], [374, 44, 54, ""Nimbus"", 168], [284, 125, 26, ""Pulse"", 490]]}"
A-L5-0126,5,physics_derived_quantity,What is Iris's kinetic energy?,"| Mass | Speed | Elapsed time | Altitude | Person |
| --- | --- | --- | --- | --- |
| 99 kg | 10.5 m/s | 35.5 s | 324 m | Sofia |
| 73 kg | 9.1 m/s | 36.5 s | 8350 m | Julia |
| 52 kg | 40.2 m/s | 83.0 s | 8283 m | Iris |
| 99 kg | 49.9 m/s | 18.2 s | 9664 m | Alex |
| 98 kg | 79.2 m/s | 47.3 s | 4505 m | Ethan |
| 98 kg | 30.8 m/s | 117.5 s | 623 m | Sam |
| 98 kg | 16.1 m/s | 96.9 s | 2479 m | Noah |","Answer the question using the table. Perform all required reasoning and return only the final answer.

Table:
| Mass | Speed | Elapsed time | Altitude | Person |
| --- | --- | --- | --- | --- |
| 99 kg | 10.5 m/s | 35.5 s | 324 m | Sofia |
| 73 kg | 9.1 m/s | 36.5 s | 8350 m | Julia |
| 52 kg | 40.2 m/s | 83.0 s | 8283 m | Iris |
| 99 kg | 49.9 m/s | 18.2 s | 9664 m | Alex |
| 98 kg | 79.2 m/s | 47.3 s | 4505 m | Ethan |
| 98 kg | 30.8 m/s | 117.5 s | 623 m | Sam |
| 98 kg | 16.1 m/s | 96.9 s | 2479 m | Noah |

Question: What is Iris's kinetic energy?",42017.04 J,kinetic_energy,"{""target_row"": ""Iris"", ""mass_kg"": 52, ""speed_m_s"": 40.2}","{""quantity"": ""Kinetic energy"", ""answer_digits"": 2}","{""headers"": [""Mass"", ""Speed"", ""Elapsed time"", ""Altitude"", ""Person""], ""rows"": [[""99 kg"", ""10.5 m/s"", ""35.5 s"", ""324 m"", ""Sofia""], [""73 kg"", ""9.1 m/s"", ""36.5 s"", ""8350 m"", ""Julia""], [""52 kg"", ""40.2 m/s"", ""83.0 s"", ""8283 m"", ""Iris""], [""99 kg"", ""49.9 m/s"", ""18.2 s"", ""9664 m"", ""Alex""], [""98 kg"", ""79.2 m/s"", ""47.3 s"", ""4505 m"", ""Ethan""], [""98 kg"", ""30.8 m/s"", ""117.5 s"", ""623 m"", ""Sam""], [""98 kg"", ""16.1 m/s"", ""96.9 s"", ""2479 m"", ""Noah""]]}"
A-L5-0127,5,missing_value_from_total,What value is missing for Sample-D in Part A?,"| Part D | Part B | Sample | Part C | Part A | Total |
| --- | --- | --- | --- | --- | --- |
| 38 | 61 | Sample-D | 107 | ? | 293 |
| 58 | 14 | Sample-F | 102 | 27 | 201 |
| 11 | 73 | Sample-A | 63 | 28 | 175 |
| 75 | 82 | Sample-H | 22 | 51 | 230 |
| 18 | 61 | Sample-C | 47 | 105 | 231 |
| 19 | 51 | Sample-L | 35 | 70 | 175 |","Answer the question using the table. Perform all required reasoning and return only the final answer.

Table:
| Part D | Part B | Sample | Part C | Part A | Total |
| --- | --- | --- | --- | --- | --- |
| 38 | 61 | Sample-D | 107 | ? | 293 |
| 58 | 14 | Sample-F | 102 | 27 | 201 |
| 11 | 73 | Sample-A | 63 | 28 | 175 |
| 75 | 82 | Sample-H | 22 | 51 | 230 |
| 18 | 61 | Sample-C | 47 | 105 | 231 |
| 19 | 51 | Sample-L | 35 | 70 | 175 |

Question: What value is missing for Sample-D in Part A?",87,recover_from_total,"{""target_row"": ""Sample-D"", ""missing_column"": ""Part A"", ""known_total"": 293, ""visible_components"": {""Part B"": 61, ""Part C"": 107, ""Part D"": 38}}","{""component_columns"": [""Part A"", ""Part B"", ""Part C"", ""Part D""]}","{""headers"": [""Part D"", ""Part B"", ""Sample"", ""Part C"", ""Part A"", ""Total""], ""rows"": [[38, 61, ""Sample-D"", 107, ""?"", 293], [58, 14, ""Sample-F"", 102, 27, 201], [11, 73, ""Sample-A"", 63, 28, 175], [75, 82, ""Sample-H"", 22, 51, 230], [18, 61, ""Sample-C"", 47, 105, 231], [19, 51, ""Sample-L"", 35, 70, 175]]}"
A-L5-0128,5,physics_derived_quantity,"According to the table, what is the momentum for Sam?","| Altitude | Person | Speed | Mass | Elapsed time |
| --- | --- | --- | --- | --- |
| 4851 m | Noah | 41.1 m/s | 87 kg | 9.5 s |
| 1626 m | Mina | 53.7 m/s | 45 kg | 32.9 s |
| 4742 m | Sam | 66.4 m/s | 82 kg | 25.4 s |
| 4119 m | Lena | 61.9 m/s | 53 kg | 66.5 s |","Answer the question using the table. Perform all required reasoning and return only the final answer.

Table:
| Altitude | Person | Speed | Mass | Elapsed time |
| --- | --- | --- | --- | --- |
| 4851 m | Noah | 41.1 m/s | 87 kg | 9.5 s |
| 1626 m | Mina | 53.7 m/s | 45 kg | 32.9 s |
| 4742 m | Sam | 66.4 m/s | 82 kg | 25.4 s |
| 4119 m | Lena | 61.9 m/s | 53 kg | 66.5 s |

Question: According to the table, what is the momentum for Sam?",5444.80 kg·m/s,momentum,"{""target_row"": ""Sam"", ""mass_kg"": 82, ""speed_m_s"": 66.4}","{""quantity"": ""Momentum"", ""answer_digits"": 2}","{""headers"": [""Altitude"", ""Person"", ""Speed"", ""Mass"", ""Elapsed time""], ""rows"": [[""4851 m"", ""Noah"", ""41.1 m/s"", ""87 kg"", ""9.5 s""], [""1626 m"", ""Mina"", ""53.7 m/s"", ""45 kg"", ""32.9 s""], [""4742 m"", ""Sam"", ""66.4 m/s"", ""82 kg"", ""25.4 s""], [""4119 m"", ""Lena"", ""61.9 m/s"", ""53 kg"", ""66.5 s""]]}"
A-L5-0129,5,bayes_posterior,"For Group-A, what is the probability that a person actually has the condition given a positive test?","| Prevalence | False positive rate | Population | Sensitivity |
| --- | --- | --- | --- |
| 25.05% | 12.15% | Group-G | 66.74% |
| 17.37% | 17.75% | Group-B | 91.84% |
| 10.72% | 29.15% | Group-F | 68.43% |
| 42.47% | 20.23% | Group-L | 72.00% |
| 44.39% | 27.23% | Group-A | 70.78% |
| 19.83% | 8.74% | Group-E | 88.05% |
| 20.10% | 22.79% | Group-K | 87.88% |","Answer the question using the table. Perform all required reasoning and return only the final answer.

Table:
| Prevalence | False positive rate | Population | Sensitivity |
| --- | --- | --- | --- |
| 25.05% | 12.15% | Group-G | 66.74% |
| 17.37% | 17.75% | Group-B | 91.84% |
| 10.72% | 29.15% | Group-F | 68.43% |
| 42.47% | 20.23% | Group-L | 72.00% |
| 44.39% | 27.23% | Group-A | 70.78% |
| 19.83% | 8.74% | Group-E | 88.05% |
| 20.10% | 22.79% | Group-K | 87.88% |

Question: For Group-A, what is the probability that a person actually has the condition given a positive test?",67.47%,bayes_rule,"{""target_row"": ""Group-A"", ""prevalence"": 0.4438762672227635, ""sensitivity"": 0.7077807455199001, ""false_positive_rate"": 0.27232342599392595}","{""formula"": ""sens*prev / (sens*prev + fpr*(1-prev))"", ""answer_digits"": 2}","{""headers"": [""Prevalence"", ""False positive rate"", ""Population"", ""Sensitivity""], ""rows"": [[""25.05%"", ""12.15%"", ""Group-G"", ""66.74%""], [""17.37%"", ""17.75%"", ""Group-B"", ""91.84%""], [""10.72%"", ""29.15%"", ""Group-F"", ""68.43%""], [""42.47%"", ""20.23%"", ""Group-L"", ""72.00%""], [""44.39%"", ""27.23%"", ""Group-A"", ""70.78%""], [""19.83%"", ""8.74%"", ""Group-E"", ""88.05%""], [""20.10%"", ""22.79%"", ""Group-K"", ""87.88%""]]}"
A-L5-0130,5,confusion_matrix_metric,"Using the confusion-matrix counts, calculate Zenith's F1 score.","| TP | Model | FP | TN | FN |
| --- | --- | --- | --- | --- |
| 108 | Quartz | 84 | 118 | 58 |
| 185 | Vertex | 33 | 476 | 140 |
| 175 | Helix | 25 | 358 | 39 |
| 188 | Pulse | 52 | 210 | 7 |
| 255 | Delta | 106 | 50 | 55 |
| 210 | Zenith | 12 | 468 | 63 |","Answer the question using the table. Perform all required reasoning and return only the final answer.

Table:
| TP | Model | FP | TN | FN |
| --- | --- | --- | --- | --- |
| 108 | Quartz | 84 | 118 | 58 |
| 185 | Vertex | 33 | 476 | 140 |
| 175 | Helix | 25 | 358 | 39 |
| 188 | Pulse | 52 | 210 | 7 |
| 255 | Delta | 106 | 50 | 55 |
| 210 | Zenith | 12 | 468 | 63 |

Question: Using the confusion-matrix counts, calculate Zenith's F1 score.",0.8485,f1_score,"{""target_row"": ""Zenith"", ""TP"": 210, ""FP"": 12, ""FN"": 63, ""TN"": 468}","{""metric"": ""F1 score"", ""answer_digits"": 4}","{""headers"": [""TP"", ""Model"", ""FP"", ""TN"", ""FN""], ""rows"": [[108, ""Quartz"", 84, 118, 58], [185, ""Vertex"", 33, 476, 140], [175, ""Helix"", 25, 358, 39], [188, ""Pulse"", 52, 210, 7], [255, ""Delta"", 106, 50, 55], [210, ""Zenith"", 12, 468, 63]]}"
A-L5-0131,5,physics_derived_quantity,What is Ryan's kinetic energy?,"| Person | Altitude | Speed | Elapsed time | Mass |
| --- | --- | --- | --- | --- |
| Oliver | 1884 m | 63.7 m/s | 33.5 s | 74 kg |
| Mina | 1406 m | 32.8 m/s | 74.9 s | 73 kg |
| Ryan | 336 m | 79.1 m/s | 96.0 s | 102 kg |
| Sofia | 5282 m | 39.3 m/s | 8.3 s | 60 kg |
| Lucas | 2217 m | 63.5 m/s | 47.8 s | 95 kg |
| Emma | 9279 m | 72.2 m/s | 94.0 s | 70 kg |
| Noah | 1428 m | 21.0 m/s | 87.6 s | 59 kg |","Answer the question using the table. Perform all required reasoning and return only the final answer.

Table:
| Person | Altitude | Speed | Elapsed time | Mass |
| --- | --- | --- | --- | --- |
| Oliver | 1884 m | 63.7 m/s | 33.5 s | 74 kg |
| Mina | 1406 m | 32.8 m/s | 74.9 s | 73 kg |
| Ryan | 336 m | 79.1 m/s | 96.0 s | 102 kg |
| Sofia | 5282 m | 39.3 m/s | 8.3 s | 60 kg |
| Lucas | 2217 m | 63.5 m/s | 47.8 s | 95 kg |
| Emma | 9279 m | 72.2 m/s | 94.0 s | 70 kg |
| Noah | 1428 m | 21.0 m/s | 87.6 s | 59 kg |

Question: What is Ryan's kinetic energy?",319097.31 J,kinetic_energy,"{""target_row"": ""Ryan"", ""mass_kg"": 102, ""speed_m_s"": 79.1}","{""quantity"": ""Kinetic energy"", ""answer_digits"": 2}","{""headers"": [""Person"", ""Altitude"", ""Speed"", ""Elapsed time"", ""Mass""], ""rows"": [[""Oliver"", ""1884 m"", ""63.7 m/s"", ""33.5 s"", ""74 kg""], [""Mina"", ""1406 m"", ""32.8 m/s"", ""74.9 s"", ""73 kg""], [""Ryan"", ""336 m"", ""79.1 m/s"", ""96.0 s"", ""102 kg""], [""Sofia"", ""5282 m"", ""39.3 m/s"", ""8.3 s"", ""60 kg""], [""Lucas"", ""2217 m"", ""63.5 m/s"", ""47.8 s"", ""95 kg""], [""Emma"", ""9279 m"", ""72.2 m/s"", ""94.0 s"", ""70 kg""], [""Noah"", ""1428 m"", ""21.0 m/s"", ""87.6 s"", ""59 kg""]]}"
A-L5-0132,5,bayes_posterior,"Using Bayes' rule, what is P(condition | positive) for Group-B?","| False positive rate | Prevalence | Sensitivity | Population |
| --- | --- | --- | --- |
| 14.09% | 36.01% | 88.56% | Group-B |
| 16.34% | 14.06% | 92.86% | Group-G |
| 3.58% | 28.51% | 85.43% | Group-K |
| 15.23% | 39.81% | 75.91% | Group-E |
| 18.66% | 43.70% | 62.98% | Group-C |
| 21.33% | 23.23% | 75.08% | Group-A |","Answer the question using the table. Perform all required reasoning and return only the final answer.

Table:
| False positive rate | Prevalence | Sensitivity | Population |
| --- | --- | --- | --- |
| 14.09% | 36.01% | 88.56% | Group-B |
| 16.34% | 14.06% | 92.86% | Group-G |
| 3.58% | 28.51% | 85.43% | Group-K |
| 15.23% | 39.81% | 75.91% | Group-E |
| 18.66% | 43.70% | 62.98% | Group-C |
| 21.33% | 23.23% | 75.08% | Group-A |

Question: Using Bayes' rule, what is P(condition | positive) for Group-B?",77.96%,bayes_rule,"{""target_row"": ""Group-B"", ""prevalence"": 0.36008573727266757, ""sensitivity"": 0.8856131535347059, ""false_positive_rate"": 0.1409014344370506}","{""formula"": ""sens*prev / (sens*prev + fpr*(1-prev))"", ""answer_digits"": 2}","{""headers"": [""False positive rate"", ""Prevalence"", ""Sensitivity"", ""Population""], ""rows"": [[""14.09%"", ""36.01%"", ""88.56%"", ""Group-B""], [""16.34%"", ""14.06%"", ""92.86%"", ""Group-G""], [""3.58%"", ""28.51%"", ""85.43%"", ""Group-K""], [""15.23%"", ""39.81%"", ""75.91%"", ""Group-E""], [""18.66%"", ""43.70%"", ""62.98%"", ""Group-C""], [""21.33%"", ""23.23%"", ""75.08%"", ""Group-A""]]}"
A-L5-0133,5,missing_value_from_total,What value is missing for Sample-J in Part C?,"| Sample | Part D | Total | Part C | Part B | Part A |
| --- | --- | --- | --- | --- | --- |
| Sample-G | 37 | 220 | 29 | 38 | 116 |
| Sample-E | 21 | 223 | 57 | 45 | 100 |
| Sample-F | 40 | 275 | 105 | 88 | 42 |
| Sample-J | 61 | 219 | ? | 32 | 33 |
| Sample-H | 35 | 187 | 50 | 70 | 32 |","Answer the question using the table. Perform all required reasoning and return only the final answer.

Table:
| Sample | Part D | Total | Part C | Part B | Part A |
| --- | --- | --- | --- | --- | --- |
| Sample-G | 37 | 220 | 29 | 38 | 116 |
| Sample-E | 21 | 223 | 57 | 45 | 100 |
| Sample-F | 40 | 275 | 105 | 88 | 42 |
| Sample-J | 61 | 219 | ? | 32 | 33 |
| Sample-H | 35 | 187 | 50 | 70 | 32 |

Question: What value is missing for Sample-J in Part C?",93,recover_from_total,"{""target_row"": ""Sample-J"", ""missing_column"": ""Part C"", ""known_total"": 219, ""visible_components"": {""Part A"": 33, ""Part B"": 32, ""Part D"": 61}}","{""component_columns"": [""Part A"", ""Part B"", ""Part C"", ""Part D""]}","{""headers"": [""Sample"", ""Part D"", ""Total"", ""Part C"", ""Part B"", ""Part A""], ""rows"": [[""Sample-G"", 37, 220, 29, 38, 116], [""Sample-E"", 21, 223, 57, 45, 100], [""Sample-F"", 40, 275, 105, 88, 42], [""Sample-J"", 61, 219, ""?"", 32, 33], [""Sample-H"", 35, 187, 50, 70, 32]]}"
A-L5-0134,5,missing_value_from_average,The Test 1 score for Daniel is missing. What value belongs there?,"| Student | Test 3 | Test 1 | Test 4 | Test 2 | Average |
| --- | --- | --- | --- | --- | --- |
| Maya | 74 | 91 | 73 | 62 | 75.00 |
| Sofia | 74 | 97 | 54 | 67 | 73.00 |
| Iris | 61 | 66 | 91 | 70 | 72.00 |
| Theo | 47 | 64 | 74 | 79 | 66.00 |
| Daniel | 60 | ? | 96 | 61 | 74.25 |
| Nora | 62 | 63 | 49 | 53 | 56.75 |
| Julia | 90 | 67 | 59 | 99 | 78.75 |","Answer the question using the table. Perform all required reasoning and return only the final answer.

Table:
| Student | Test 3 | Test 1 | Test 4 | Test 2 | Average |
| --- | --- | --- | --- | --- | --- |
| Maya | 74 | 91 | 73 | 62 | 75.00 |
| Sofia | 74 | 97 | 54 | 67 | 73.00 |
| Iris | 61 | 66 | 91 | 70 | 72.00 |
| Theo | 47 | 64 | 74 | 79 | 66.00 |
| Daniel | 60 | ? | 96 | 61 | 74.25 |
| Nora | 62 | 63 | 49 | 53 | 56.75 |
| Julia | 90 | 67 | 59 | 99 | 78.75 |

Question: The Test 1 score for Daniel is missing. What value belongs there?",80,recover_from_average,"{""target_row"": ""Daniel"", ""missing_column"": ""Test 1"", ""known_average"": 74.25, ""visible_scores"": {""Test 2"": 61, ""Test 3"": 60, ""Test 4"": 96}}","{""num_scores"": 4, ""score_columns"": [""Test 1"", ""Test 2"", ""Test 3"", ""Test 4""]}","{""headers"": [""Student"", ""Test 3"", ""Test 1"", ""Test 4"", ""Test 2"", ""Average""], ""rows"": [[""Maya"", 74, 91, 73, 62, ""75.00""], [""Sofia"", 74, 97, 54, 67, ""73.00""], [""Iris"", 61, 66, 91, 70, ""72.00""], [""Theo"", 47, 64, 74, 79, ""66.00""], [""Daniel"", 60, ""?"", 96, 61, ""74.25""], [""Nora"", 62, 63, 49, 53, ""56.75""], [""Julia"", 90, 67, 59, 99, ""78.75""]]}"
A-L5-0135,5,confusion_matrix_metric,What is the Precision for Nimbus?,"| TP | Model | FN | FP | TN |
| --- | --- | --- | --- | --- |
| 260 | Nova | 51 | 49 | 332 |
| 101 | Delta | 11 | 137 | 228 |
| 323 | Nimbus | 137 | 95 | 485 |
| 47 | Zenith | 126 | 112 | 127 |
| 129 | Aurora | 36 | 113 | 338 |","Answer the question using the table. Perform all required reasoning and return only the final answer.

Table:
| TP | Model | FN | FP | TN |
| --- | --- | --- | --- | --- |
| 260 | Nova | 51 | 49 | 332 |
| 101 | Delta | 11 | 137 | 228 |
| 323 | Nimbus | 137 | 95 | 485 |
| 47 | Zenith | 126 | 112 | 127 |
| 129 | Aurora | 36 | 113 | 338 |

Question: What is the Precision for Nimbus?",0.7727,precision,"{""target_row"": ""Nimbus"", ""TP"": 323, ""FP"": 95, ""FN"": 137, ""TN"": 485}","{""metric"": ""Precision"", ""answer_digits"": 4}","{""headers"": [""TP"", ""Model"", ""FN"", ""FP"", ""TN""], ""rows"": [[260, ""Nova"", 51, 49, 332], [101, ""Delta"", 11, 137, 228], [323, ""Nimbus"", 137, 95, 485], [47, ""Zenith"", 126, 112, 127], [129, ""Aurora"", 36, 113, 338]]}"
A-L5-0136,5,confusion_matrix_metric,"Using the confusion-matrix counts, calculate Nimbus's F1 score.","| FN | Model | TN | TP | FP |
| --- | --- | --- | --- | --- |
| 39 | Nova | 186 | 395 | 137 |
| 68 | Helix | 482 | 140 | 19 |
| 104 | Nimbus | 298 | 282 | 136 |
| 71 | Delta | 221 | 186 | 143 |
| 27 | Quartz | 186 | 301 | 10 |
| 8 | Zenith | 363 | 344 | 126 |
| 22 | Vertex | 144 | 126 | 6 |","Answer the question using the table. Perform all required reasoning and return only the final answer.

Table:
| FN | Model | TN | TP | FP |
| --- | --- | --- | --- | --- |
| 39 | Nova | 186 | 395 | 137 |
| 68 | Helix | 482 | 140 | 19 |
| 104 | Nimbus | 298 | 282 | 136 |
| 71 | Delta | 221 | 186 | 143 |
| 27 | Quartz | 186 | 301 | 10 |
| 8 | Zenith | 363 | 344 | 126 |
| 22 | Vertex | 144 | 126 | 6 |

Question: Using the confusion-matrix counts, calculate Nimbus's F1 score.",0.7015,f1_score,"{""target_row"": ""Nimbus"", ""TP"": 282, ""FP"": 136, ""FN"": 104, ""TN"": 298}","{""metric"": ""F1 score"", ""answer_digits"": 4}","{""headers"": [""FN"", ""Model"", ""TN"", ""TP"", ""FP""], ""rows"": [[39, ""Nova"", 186, 395, 137], [68, ""Helix"", 482, 140, 19], [104, ""Nimbus"", 298, 282, 136], [71, ""Delta"", 221, 186, 143], [27, ""Quartz"", 186, 301, 10], [8, ""Zenith"", 363, 344, 126], [22, ""Vertex"", 144, 126, 6]]}"
A-L5-0137,5,physics_derived_quantity,"Using the table values, calculate the momentum of Jisoo.","| Altitude | Person | Elapsed time | Speed | Mass |
| --- | --- | --- | --- | --- |
| 791 m | Oliver | 68.6 s | 17.8 m/s | 97 kg |
| 504 m | Ethan | 51.2 s | 23.3 m/s | 54 kg |
| 9858 m | Hana | 8.9 s | 37.0 m/s | 108 kg |
| 797 m | Jisoo | 46.2 s | 20.7 m/s | 59 kg |
| 5548 m | Chris | 65.0 s | 54.3 m/s | 91 kg |
| 3106 m | Ava | 27.9 s | 21.4 m/s | 104 kg |
| 1220 m | Lena | 68.7 s | 6.3 m/s | 59 kg |","Answer the question using the table. Perform all required reasoning and return only the final answer.

Table:
| Altitude | Person | Elapsed time | Speed | Mass |
| --- | --- | --- | --- | --- |
| 791 m | Oliver | 68.6 s | 17.8 m/s | 97 kg |
| 504 m | Ethan | 51.2 s | 23.3 m/s | 54 kg |
| 9858 m | Hana | 8.9 s | 37.0 m/s | 108 kg |
| 797 m | Jisoo | 46.2 s | 20.7 m/s | 59 kg |
| 5548 m | Chris | 65.0 s | 54.3 m/s | 91 kg |
| 3106 m | Ava | 27.9 s | 21.4 m/s | 104 kg |
| 1220 m | Lena | 68.7 s | 6.3 m/s | 59 kg |

Question: Using the table values, calculate the momentum of Jisoo.",1221.30 kg·m/s,momentum,"{""target_row"": ""Jisoo"", ""mass_kg"": 59, ""speed_m_s"": 20.7}","{""quantity"": ""Momentum"", ""answer_digits"": 2}","{""headers"": [""Altitude"", ""Person"", ""Elapsed time"", ""Speed"", ""Mass""], ""rows"": [[""791 m"", ""Oliver"", ""68.6 s"", ""17.8 m/s"", ""97 kg""], [""504 m"", ""Ethan"", ""51.2 s"", ""23.3 m/s"", ""54 kg""], [""9858 m"", ""Hana"", ""8.9 s"", ""37.0 m/s"", ""108 kg""], [""797 m"", ""Jisoo"", ""46.2 s"", ""20.7 m/s"", ""59 kg""], [""5548 m"", ""Chris"", ""65.0 s"", ""54.3 m/s"", ""91 kg""], [""3106 m"", ""Ava"", ""27.9 s"", ""21.4 m/s"", ""104 kg""], [""1220 m"", ""Lena"", ""68.7 s"", ""6.3 m/s"", ""59 kg""]]}"
A-L5-0138,5,missing_value_from_total,Recover the hidden Part B value for Sample-A.,"| Part D | Part C | Part B | Part A | Sample | Total |
| --- | --- | --- | --- | --- | --- |
| 24 | 16 | ? | 86 | Sample-A | 172 |
| 72 | 89 | 103 | 26 | Sample-B | 290 |
| 74 | 67 | 76 | 35 | Sample-I | 252 |
| 53 | 49 | 116 | 22 | Sample-J | 240 |
| 81 | 109 | 45 | 98 | Sample-L | 333 |
| 40 | 106 | 65 | 99 | Sample-K | 310 |
| 82 | 81 | 34 | 71 | Sample-H | 268 |","Answer the question using the table. Perform all required reasoning and return only the final answer.

Table:
| Part D | Part C | Part B | Part A | Sample | Total |
| --- | --- | --- | --- | --- | --- |
| 24 | 16 | ? | 86 | Sample-A | 172 |
| 72 | 89 | 103 | 26 | Sample-B | 290 |
| 74 | 67 | 76 | 35 | Sample-I | 252 |
| 53 | 49 | 116 | 22 | Sample-J | 240 |
| 81 | 109 | 45 | 98 | Sample-L | 333 |
| 40 | 106 | 65 | 99 | Sample-K | 310 |
| 82 | 81 | 34 | 71 | Sample-H | 268 |

Question: Recover the hidden Part B value for Sample-A.",46,recover_from_total,"{""target_row"": ""Sample-A"", ""missing_column"": ""Part B"", ""known_total"": 172, ""visible_components"": {""Part A"": 86, ""Part C"": 16, ""Part D"": 24}}","{""component_columns"": [""Part A"", ""Part B"", ""Part C"", ""Part D""]}","{""headers"": [""Part D"", ""Part C"", ""Part B"", ""Part A"", ""Sample"", ""Total""], ""rows"": [[24, 16, ""?"", 86, ""Sample-A"", 172], [72, 89, 103, 26, ""Sample-B"", 290], [74, 67, 76, 35, ""Sample-I"", 252], [53, 49, 116, 22, ""Sample-J"", 240], [81, 109, 45, 98, ""Sample-L"", 333], [40, 106, 65, 99, ""Sample-K"", 310], [82, 81, 34, 71, ""Sample-H"", 268]]}"
A-L5-0139,5,confusion_matrix_metric,"Using the confusion-matrix counts, calculate Quartz's Recall.","| FN | TN | FP | Model | TP |
| --- | --- | --- | --- | --- |
| 28 | 232 | 78 | Quartz | 121 |
| 103 | 175 | 129 | Nova | 316 |
| 97 | 251 | 102 | Delta | 341 |
| 126 | 210 | 98 | Sigma | 346 |
| 129 | 269 | 108 | Pulse | 146 |
| 85 | 381 | 61 | Vertex | 50 |","Answer the question using the table. Perform all required reasoning and return only the final answer.

Table:
| FN | TN | FP | Model | TP |
| --- | --- | --- | --- | --- |
| 28 | 232 | 78 | Quartz | 121 |
| 103 | 175 | 129 | Nova | 316 |
| 97 | 251 | 102 | Delta | 341 |
| 126 | 210 | 98 | Sigma | 346 |
| 129 | 269 | 108 | Pulse | 146 |
| 85 | 381 | 61 | Vertex | 50 |

Question: Using the confusion-matrix counts, calculate Quartz's Recall.",0.8121,recall,"{""target_row"": ""Quartz"", ""TP"": 121, ""FP"": 78, ""FN"": 28, ""TN"": 232}","{""metric"": ""Recall"", ""answer_digits"": 4}","{""headers"": [""FN"", ""TN"", ""FP"", ""Model"", ""TP""], ""rows"": [[28, 232, 78, ""Quartz"", 121], [103, 175, 129, ""Nova"", 316], [97, 251, 102, ""Delta"", 341], [126, 210, 98, ""Sigma"", 346], [129, 269, 108, ""Pulse"", 146], [85, 381, 61, ""Vertex"", 50]]}"
A-L5-0140,5,missing_value_from_total,What value is missing for Sample-E in Part B?,"| Part D | Total | Part B | Part A | Sample | Part C |
| --- | --- | --- | --- | --- | --- |
| 48 | 287 | ? | 115 | Sample-E | 56 |
| 119 | 240 | 28 | 75 | Sample-J | 18 |
| 99 | 373 | 116 | 115 | Sample-L | 43 |
| 56 | 230 | 48 | 111 | Sample-H | 15 |","Answer the question using the table. Perform all required reasoning and return only the final answer.

Table:
| Part D | Total | Part B | Part A | Sample | Part C |
| --- | --- | --- | --- | --- | --- |
| 48 | 287 | ? | 115 | Sample-E | 56 |
| 119 | 240 | 28 | 75 | Sample-J | 18 |
| 99 | 373 | 116 | 115 | Sample-L | 43 |
| 56 | 230 | 48 | 111 | Sample-H | 15 |

Question: What value is missing for Sample-E in Part B?",68,recover_from_total,"{""target_row"": ""Sample-E"", ""missing_column"": ""Part B"", ""known_total"": 287, ""visible_components"": {""Part A"": 115, ""Part C"": 56, ""Part D"": 48}}","{""component_columns"": [""Part A"", ""Part B"", ""Part C"", ""Part D""]}","{""headers"": [""Part D"", ""Total"", ""Part B"", ""Part A"", ""Sample"", ""Part C""], ""rows"": [[48, 287, ""?"", 115, ""Sample-E"", 56], [119, 240, 28, 75, ""Sample-J"", 18], [99, 373, 116, 115, ""Sample-L"", 43], [56, 230, 48, 111, ""Sample-H"", 15]]}"
A-L5-0141,5,missing_value_from_average,Recover Ethan's hidden Test 3 value using the average.,"| Test 4 | Average | Test 3 | Test 2 | Test 1 | Student |
| --- | --- | --- | --- | --- | --- |
| 90 | 79.25 | 53 | 100 | 74 | Theo |
| 97 | 66.50 | ? | 43 | 64 | Ethan |
| 87 | 72.50 | 75 | 48 | 80 | Mina |
| 77 | 64.50 | 91 | 41 | 49 | Emma |","Answer the question using the table. Perform all required reasoning and return only the final answer.

Table:
| Test 4 | Average | Test 3 | Test 2 | Test 1 | Student |
| --- | --- | --- | --- | --- | --- |
| 90 | 79.25 | 53 | 100 | 74 | Theo |
| 97 | 66.50 | ? | 43 | 64 | Ethan |
| 87 | 72.50 | 75 | 48 | 80 | Mina |
| 77 | 64.50 | 91 | 41 | 49 | Emma |

Question: Recover Ethan's hidden Test 3 value using the average.",62,recover_from_average,"{""target_row"": ""Ethan"", ""missing_column"": ""Test 3"", ""known_average"": 66.5, ""visible_scores"": {""Test 1"": 64, ""Test 2"": 43, ""Test 4"": 97}}","{""num_scores"": 4, ""score_columns"": [""Test 1"", ""Test 2"", ""Test 3"", ""Test 4""]}","{""headers"": [""Test 4"", ""Average"", ""Test 3"", ""Test 2"", ""Test 1"", ""Student""], ""rows"": [[90, ""79.25"", 53, 100, 74, ""Theo""], [97, ""66.50"", ""?"", 43, 64, ""Ethan""], [87, ""72.50"", 75, 48, 80, ""Mina""], [77, ""64.50"", 91, 41, 49, ""Emma""]]}"
A-L5-0142,5,confusion_matrix_metric,What is the F1 score for Aurora?,"| Model | FN | FP | TN | TP |
| --- | --- | --- | --- | --- |
| Aurora | 83 | 129 | 144 | 103 |
| Atlas | 140 | 7 | 383 | 307 |
| Nimbus | 32 | 35 | 227 | 92 |
| Delta | 71 | 26 | 112 | 399 |
| Sigma | 101 | 121 | 304 | 342 |","Answer the question using the table. Perform all required reasoning and return only the final answer.

Table:
| Model | FN | FP | TN | TP |
| --- | --- | --- | --- | --- |
| Aurora | 83 | 129 | 144 | 103 |
| Atlas | 140 | 7 | 383 | 307 |
| Nimbus | 32 | 35 | 227 | 92 |
| Delta | 71 | 26 | 112 | 399 |
| Sigma | 101 | 121 | 304 | 342 |

Question: What is the F1 score for Aurora?",0.4928,f1_score,"{""target_row"": ""Aurora"", ""TP"": 103, ""FP"": 129, ""FN"": 83, ""TN"": 144}","{""metric"": ""F1 score"", ""answer_digits"": 4}","{""headers"": [""Model"", ""FN"", ""FP"", ""TN"", ""TP""], ""rows"": [[""Aurora"", 83, 129, 144, 103], [""Atlas"", 140, 7, 383, 307], [""Nimbus"", 32, 35, 227, 92], [""Delta"", 71, 26, 112, 399], [""Sigma"", 101, 121, 304, 342]]}"
A-L5-0143,5,bayes_posterior,"For Group-K, compute the posterior probability of having the condition after a positive test.","| Population | Prevalence | Sensitivity | False positive rate |
| --- | --- | --- | --- |
| Group-C | 14.00% | 75.76% | 23.87% |
| Group-K | 22.67% | 65.66% | 19.63% |
| Group-D | 37.15% | 97.08% | 18.10% |
| Group-L | 6.85% | 78.21% | 14.17% |
| Group-B | 6.54% | 83.89% | 20.62% |
| Group-H | 40.16% | 76.81% | 2.28% |","Answer the question using the table. Perform all required reasoning and return only the final answer.

Table:
| Population | Prevalence | Sensitivity | False positive rate |
| --- | --- | --- | --- |
| Group-C | 14.00% | 75.76% | 23.87% |
| Group-K | 22.67% | 65.66% | 19.63% |
| Group-D | 37.15% | 97.08% | 18.10% |
| Group-L | 6.85% | 78.21% | 14.17% |
| Group-B | 6.54% | 83.89% | 20.62% |
| Group-H | 40.16% | 76.81% | 2.28% |

Question: For Group-K, compute the posterior probability of having the condition after a positive test.",49.51%,bayes_rule,"{""target_row"": ""Group-K"", ""prevalence"": 0.22669783577284636, ""sensitivity"": 0.656637890763216, ""false_positive_rate"": 0.19629939169130303}","{""formula"": ""sens*prev / (sens*prev + fpr*(1-prev))"", ""answer_digits"": 2}","{""headers"": [""Population"", ""Prevalence"", ""Sensitivity"", ""False positive rate""], ""rows"": [[""Group-C"", ""14.00%"", ""75.76%"", ""23.87%""], [""Group-K"", ""22.67%"", ""65.66%"", ""19.63%""], [""Group-D"", ""37.15%"", ""97.08%"", ""18.10%""], [""Group-L"", ""6.85%"", ""78.21%"", ""14.17%""], [""Group-B"", ""6.54%"", ""83.89%"", ""20.62%""], [""Group-H"", ""40.16%"", ""76.81%"", ""2.28%""]]}"
A-L5-0144,5,missing_value_from_total,Recover the hidden Part A value for Sample-A.,"| Total | Part A | Part B | Part D | Sample | Part C |
| --- | --- | --- | --- | --- | --- |
| 362 | 94 | 37 | 111 | Sample-B | 120 |
| 290 | 93 | 106 | 18 | Sample-D | 73 |
| 241 | 17 | 87 | 95 | Sample-G | 42 |
| 319 | ? | 89 | 112 | Sample-A | 27 |
| 324 | 31 | 109 | 97 | Sample-L | 87 |","Answer the question using the table. Perform all required reasoning and return only the final answer.

Table:
| Total | Part A | Part B | Part D | Sample | Part C |
| --- | --- | --- | --- | --- | --- |
| 362 | 94 | 37 | 111 | Sample-B | 120 |
| 290 | 93 | 106 | 18 | Sample-D | 73 |
| 241 | 17 | 87 | 95 | Sample-G | 42 |
| 319 | ? | 89 | 112 | Sample-A | 27 |
| 324 | 31 | 109 | 97 | Sample-L | 87 |

Question: Recover the hidden Part A value for Sample-A.",91,recover_from_total,"{""target_row"": ""Sample-A"", ""missing_column"": ""Part A"", ""known_total"": 319, ""visible_components"": {""Part B"": 89, ""Part C"": 27, ""Part D"": 112}}","{""component_columns"": [""Part A"", ""Part B"", ""Part C"", ""Part D""]}","{""headers"": [""Total"", ""Part A"", ""Part B"", ""Part D"", ""Sample"", ""Part C""], ""rows"": [[362, 94, 37, 111, ""Sample-B"", 120], [290, 93, 106, 18, ""Sample-D"", 73], [241, 17, 87, 95, ""Sample-G"", 42], [319, ""?"", 89, 112, ""Sample-A"", 27], [324, 31, 109, 97, ""Sample-L"", 87]]}"
A-L5-0145,5,confusion_matrix_metric,What is the Accuracy for Aurora?,"| TN | TP | FN | Model | FP |
| --- | --- | --- | --- | --- |
| 454 | 76 | 150 | Aurora | 67 |
| 349 | 60 | 72 | Vertex | 59 |
| 298 | 264 | 16 | Quartz | 51 |
| 216 | 285 | 107 | Helix | 90 |
| 241 | 268 | 136 | Delta | 107 |
| 56 | 228 | 144 | Nova | 26 |
| 142 | 108 | 131 | Echo | 13 |","Answer the question using the table. Perform all required reasoning and return only the final answer.

Table:
| TN | TP | FN | Model | FP |
| --- | --- | --- | --- | --- |
| 454 | 76 | 150 | Aurora | 67 |
| 349 | 60 | 72 | Vertex | 59 |
| 298 | 264 | 16 | Quartz | 51 |
| 216 | 285 | 107 | Helix | 90 |
| 241 | 268 | 136 | Delta | 107 |
| 56 | 228 | 144 | Nova | 26 |
| 142 | 108 | 131 | Echo | 13 |

Question: What is the Accuracy for Aurora?",0.7095,accuracy,"{""target_row"": ""Aurora"", ""TP"": 76, ""FP"": 67, ""FN"": 150, ""TN"": 454}","{""metric"": ""Accuracy"", ""answer_digits"": 4}","{""headers"": [""TN"", ""TP"", ""FN"", ""Model"", ""FP""], ""rows"": [[454, 76, 150, ""Aurora"", 67], [349, 60, 72, ""Vertex"", 59], [298, 264, 16, ""Quartz"", 51], [216, 285, 107, ""Helix"", 90], [241, 268, 136, ""Delta"", 107], [56, 228, 144, ""Nova"", 26], [142, 108, 131, ""Echo"", 13]]}"
A-L5-0146,5,bayes_posterior,"For Group-C, what is the probability that a person actually has the condition given a positive test?","| Sensitivity | Prevalence | False positive rate | Population |
| --- | --- | --- | --- |
| 66.53% | 35.54% | 23.06% | Group-H |
| 73.92% | 30.52% | 22.74% | Group-B |
| 91.81% | 36.82% | 26.17% | Group-C |
| 92.92% | 10.72% | 26.69% | Group-E |","Answer the question using the table. Perform all required reasoning and return only the final answer.

Table:
| Sensitivity | Prevalence | False positive rate | Population |
| --- | --- | --- | --- |
| 66.53% | 35.54% | 23.06% | Group-H |
| 73.92% | 30.52% | 22.74% | Group-B |
| 91.81% | 36.82% | 26.17% | Group-C |
| 92.92% | 10.72% | 26.69% | Group-E |

Question: For Group-C, what is the probability that a person actually has the condition given a positive test?",67.15%,bayes_rule,"{""target_row"": ""Group-C"", ""prevalence"": 0.3682135804010588, ""sensitivity"": 0.9180586583913508, ""false_positive_rate"": 0.26173682941890364}","{""formula"": ""sens*prev / (sens*prev + fpr*(1-prev))"", ""answer_digits"": 2}","{""headers"": [""Sensitivity"", ""Prevalence"", ""False positive rate"", ""Population""], ""rows"": [[""66.53%"", ""35.54%"", ""23.06%"", ""Group-H""], [""73.92%"", ""30.52%"", ""22.74%"", ""Group-B""], [""91.81%"", ""36.82%"", ""26.17%"", ""Group-C""], [""92.92%"", ""10.72%"", ""26.69%"", ""Group-E""]]}"
A-L5-0147,5,confusion_matrix_metric,"According to the table, compute the Precision of model Helix.","| FN | TP | TN | FP | Model |
| --- | --- | --- | --- | --- |
| 48 | 320 | 101 | 72 | Nova |
| 20 | 304 | 50 | 19 | Atlas |
| 104 | 345 | 389 | 55 | Zenith |
| 69 | 188 | 63 | 137 | Helix |
| 74 | 87 | 379 | 52 | Sigma |
| 110 | 249 | 409 | 24 | Delta |
| 84 | 368 | 212 | 13 | Aurora |","Answer the question using the table. Perform all required reasoning and return only the final answer.

Table:
| FN | TP | TN | FP | Model |
| --- | --- | --- | --- | --- |
| 48 | 320 | 101 | 72 | Nova |
| 20 | 304 | 50 | 19 | Atlas |
| 104 | 345 | 389 | 55 | Zenith |
| 69 | 188 | 63 | 137 | Helix |
| 74 | 87 | 379 | 52 | Sigma |
| 110 | 249 | 409 | 24 | Delta |
| 84 | 368 | 212 | 13 | Aurora |

Question: According to the table, compute the Precision of model Helix.",0.5785,precision,"{""target_row"": ""Helix"", ""TP"": 188, ""FP"": 137, ""FN"": 69, ""TN"": 63}","{""metric"": ""Precision"", ""answer_digits"": 4}","{""headers"": [""FN"", ""TP"", ""TN"", ""FP"", ""Model""], ""rows"": [[48, 320, 101, 72, ""Nova""], [20, 304, 50, 19, ""Atlas""], [104, 345, 389, 55, ""Zenith""], [69, 188, 63, 137, ""Helix""], [74, 87, 379, 52, ""Sigma""], [110, 249, 409, 24, ""Delta""], [84, 368, 212, 13, ""Aurora""]]}"
A-L5-0148,5,missing_value_from_total,The Part A entry for Sample-J is missing. What should it be?,"| Part A | Part B | Part D | Sample | Part C | Total |
| --- | --- | --- | --- | --- | --- |
| 26 | 42 | 46 | Sample-G | 15 | 129 |
| ? | 97 | 51 | Sample-J | 11 | 179 |
| 32 | 91 | 32 | Sample-I | 67 | 222 |
| 43 | 31 | 51 | Sample-D | 43 | 168 |","Answer the question using the table. Perform all required reasoning and return only the final answer.

Table:
| Part A | Part B | Part D | Sample | Part C | Total |
| --- | --- | --- | --- | --- | --- |
| 26 | 42 | 46 | Sample-G | 15 | 129 |
| ? | 97 | 51 | Sample-J | 11 | 179 |
| 32 | 91 | 32 | Sample-I | 67 | 222 |
| 43 | 31 | 51 | Sample-D | 43 | 168 |

Question: The Part A entry for Sample-J is missing. What should it be?",20,recover_from_total,"{""target_row"": ""Sample-J"", ""missing_column"": ""Part A"", ""known_total"": 179, ""visible_components"": {""Part B"": 97, ""Part C"": 11, ""Part D"": 51}}","{""component_columns"": [""Part A"", ""Part B"", ""Part C"", ""Part D""]}","{""headers"": [""Part A"", ""Part B"", ""Part D"", ""Sample"", ""Part C"", ""Total""], ""rows"": [[26, 42, 46, ""Sample-G"", 15, 129], [""?"", 97, 51, ""Sample-J"", 11, 179], [32, 91, 32, ""Sample-I"", 67, 222], [43, 31, 51, ""Sample-D"", 43, 168]]}"
A-L5-0149,5,confusion_matrix_metric,"Using the confusion-matrix counts, calculate Sigma's Accuracy.","| TP | FP | TN | Model | FN |
| --- | --- | --- | --- | --- |
| 233 | 85 | 492 | Echo | 73 |
| 207 | 38 | 415 | Zenith | 75 |
| 139 | 62 | 316 | Sigma | 64 |
| 392 | 132 | 71 | Vertex | 71 |
| 355 | 130 | 309 | Quartz | 101 |
| 129 | 69 | 125 | Aurora | 20 |
| 43 | 111 | 228 | Pulse | 11 |","Answer the question using the table. Perform all required reasoning and return only the final answer.

Table:
| TP | FP | TN | Model | FN |
| --- | --- | --- | --- | --- |
| 233 | 85 | 492 | Echo | 73 |
| 207 | 38 | 415 | Zenith | 75 |
| 139 | 62 | 316 | Sigma | 64 |
| 392 | 132 | 71 | Vertex | 71 |
| 355 | 130 | 309 | Quartz | 101 |
| 129 | 69 | 125 | Aurora | 20 |
| 43 | 111 | 228 | Pulse | 11 |

Question: Using the confusion-matrix counts, calculate Sigma's Accuracy.",0.7831,accuracy,"{""target_row"": ""Sigma"", ""TP"": 139, ""FP"": 62, ""FN"": 64, ""TN"": 316}","{""metric"": ""Accuracy"", ""answer_digits"": 4}","{""headers"": [""TP"", ""FP"", ""TN"", ""Model"", ""FN""], ""rows"": [[233, 85, 492, ""Echo"", 73], [207, 38, 415, ""Zenith"", 75], [139, 62, 316, ""Sigma"", 64], [392, 132, 71, ""Vertex"", 71], [355, 130, 309, ""Quartz"", 101], [129, 69, 125, ""Aurora"", 20], [43, 111, 228, ""Pulse"", 11]]}"
A-L5-0150,5,missing_value_from_total,The Part A entry for Sample-I is missing. What should it be?,"| Total | Part D | Sample | Part A | Part B | Part C |
| --- | --- | --- | --- | --- | --- |
| 217 | 86 | Sample-E | 63 | 49 | 19 |
| 199 | 77 | Sample-H | 36 | 11 | 75 |
| 222 | 55 | Sample-I | ? | 24 | 61 |
| 282 | 30 | Sample-L | 49 | 90 | 113 |
| 217 | 71 | Sample-J | 15 | 43 | 88 |
| 311 | 94 | Sample-C | 53 | 59 | 105 |","Answer the question using the table. Perform all required reasoning and return only the final answer.

Table:
| Total | Part D | Sample | Part A | Part B | Part C |
| --- | --- | --- | --- | --- | --- |
| 217 | 86 | Sample-E | 63 | 49 | 19 |
| 199 | 77 | Sample-H | 36 | 11 | 75 |
| 222 | 55 | Sample-I | ? | 24 | 61 |
| 282 | 30 | Sample-L | 49 | 90 | 113 |
| 217 | 71 | Sample-J | 15 | 43 | 88 |
| 311 | 94 | Sample-C | 53 | 59 | 105 |

Question: The Part A entry for Sample-I is missing. What should it be?",82,recover_from_total,"{""target_row"": ""Sample-I"", ""missing_column"": ""Part A"", ""known_total"": 222, ""visible_components"": {""Part B"": 24, ""Part C"": 61, ""Part D"": 55}}","{""component_columns"": [""Part A"", ""Part B"", ""Part C"", ""Part D""]}","{""headers"": [""Total"", ""Part D"", ""Sample"", ""Part A"", ""Part B"", ""Part C""], ""rows"": [[217, 86, ""Sample-E"", 63, 49, 19], [199, 77, ""Sample-H"", 36, 11, 75], [222, 55, ""Sample-I"", ""?"", 24, 61], [282, 30, ""Sample-L"", 49, 90, 113], [217, 71, ""Sample-J"", 15, 43, 88], [311, 94, ""Sample-C"", 53, 59, 105]]}"
A-L5-0151,5,confusion_matrix_metric,What is the Recall for Nova?,"| TP | Model | FP | FN | TN |
| --- | --- | --- | --- | --- |
| 40 | Sigma | 119 | 117 | 233 |
| 107 | Helix | 113 | 106 | 430 |
| 157 | Nova | 119 | 13 | 448 |
| 190 | Delta | 47 | 139 | 438 |","Answer the question using the table. Perform all required reasoning and return only the final answer.

Table:
| TP | Model | FP | FN | TN |
| --- | --- | --- | --- | --- |
| 40 | Sigma | 119 | 117 | 233 |
| 107 | Helix | 113 | 106 | 430 |
| 157 | Nova | 119 | 13 | 448 |
| 190 | Delta | 47 | 139 | 438 |

Question: What is the Recall for Nova?",0.9235,recall,"{""target_row"": ""Nova"", ""TP"": 157, ""FP"": 119, ""FN"": 13, ""TN"": 448}","{""metric"": ""Recall"", ""answer_digits"": 4}","{""headers"": [""TP"", ""Model"", ""FP"", ""FN"", ""TN""], ""rows"": [[40, ""Sigma"", 119, 117, 233], [107, ""Helix"", 113, 106, 430], [157, ""Nova"", 119, 13, 448], [190, ""Delta"", 47, 139, 438]]}"
A-L5-0152,5,missing_value_from_total,Recover the hidden Part A value for Sample-B.,"| Sample | Part A | Part B | Part C | Total | Part D |
| --- | --- | --- | --- | --- | --- |
| Sample-I | 48 | 24 | 117 | 233 | 44 |
| Sample-J | 120 | 113 | 119 | 462 | 110 |
| Sample-B | ? | 77 | 54 | 303 | 111 |
| Sample-F | 85 | 18 | 96 | 313 | 114 |
| Sample-G | 102 | 101 | 23 | 259 | 33 |
| Sample-H | 90 | 35 | 62 | 198 | 11 |","Answer the question using the table. Perform all required reasoning and return only the final answer.

Table:
| Sample | Part A | Part B | Part C | Total | Part D |
| --- | --- | --- | --- | --- | --- |
| Sample-I | 48 | 24 | 117 | 233 | 44 |
| Sample-J | 120 | 113 | 119 | 462 | 110 |
| Sample-B | ? | 77 | 54 | 303 | 111 |
| Sample-F | 85 | 18 | 96 | 313 | 114 |
| Sample-G | 102 | 101 | 23 | 259 | 33 |
| Sample-H | 90 | 35 | 62 | 198 | 11 |

Question: Recover the hidden Part A value for Sample-B.",61,recover_from_total,"{""target_row"": ""Sample-B"", ""missing_column"": ""Part A"", ""known_total"": 303, ""visible_components"": {""Part B"": 77, ""Part C"": 54, ""Part D"": 111}}","{""component_columns"": [""Part A"", ""Part B"", ""Part C"", ""Part D""]}","{""headers"": [""Sample"", ""Part A"", ""Part B"", ""Part C"", ""Total"", ""Part D""], ""rows"": [[""Sample-I"", 48, 24, 117, 233, 44], [""Sample-J"", 120, 113, 119, 462, 110], [""Sample-B"", ""?"", 77, 54, 303, 111], [""Sample-F"", 85, 18, 96, 313, 114], [""Sample-G"", 102, 101, 23, 259, 33], [""Sample-H"", 90, 35, 62, 198, 11]]}"
A-L5-0153,5,physics_derived_quantity,"According to the table, what is the momentum for Hana?","| Mass | Speed | Elapsed time | Person | Altitude |
| --- | --- | --- | --- | --- |
| 90 kg | 34.7 m/s | 94.4 s | Lucas | 9348 m |
| 87 kg | 13.9 m/s | 15.0 s | Hana | 3451 m |
| 51 kg | 63.2 m/s | 68.6 s | Chris | 2137 m |
| 48 kg | 52.0 m/s | 8.7 s | Noah | 9202 m |","Answer the question using the table. Perform all required reasoning and return only the final answer.

Table:
| Mass | Speed | Elapsed time | Person | Altitude |
| --- | --- | --- | --- | --- |
| 90 kg | 34.7 m/s | 94.4 s | Lucas | 9348 m |
| 87 kg | 13.9 m/s | 15.0 s | Hana | 3451 m |
| 51 kg | 63.2 m/s | 68.6 s | Chris | 2137 m |
| 48 kg | 52.0 m/s | 8.7 s | Noah | 9202 m |

Question: According to the table, what is the momentum for Hana?",1209.30 kg·m/s,momentum,"{""target_row"": ""Hana"", ""mass_kg"": 87, ""speed_m_s"": 13.9}","{""quantity"": ""Momentum"", ""answer_digits"": 2}","{""headers"": [""Mass"", ""Speed"", ""Elapsed time"", ""Person"", ""Altitude""], ""rows"": [[""90 kg"", ""34.7 m/s"", ""94.4 s"", ""Lucas"", ""9348 m""], [""87 kg"", ""13.9 m/s"", ""15.0 s"", ""Hana"", ""3451 m""], [""51 kg"", ""63.2 m/s"", ""68.6 s"", ""Chris"", ""2137 m""], [""48 kg"", ""52.0 m/s"", ""8.7 s"", ""Noah"", ""9202 m""]]}"
A-L5-0154,5,missing_value_from_total,Recover the hidden Part C value for Sample-B.,"| Part C | Part D | Part A | Part B | Sample | Total |
| --- | --- | --- | --- | --- | --- |
| 40 | 71 | 21 | 72 | Sample-K | 204 |
| 105 | 104 | 40 | 112 | Sample-F | 361 |
| 79 | 109 | 43 | 102 | Sample-J | 333 |
| ? | 47 | 12 | 17 | Sample-B | 124 |
| 101 | 55 | 16 | 114 | Sample-E | 286 |","Answer the question using the table. Perform all required reasoning and return only the final answer.

Table:
| Part C | Part D | Part A | Part B | Sample | Total |
| --- | --- | --- | --- | --- | --- |
| 40 | 71 | 21 | 72 | Sample-K | 204 |
| 105 | 104 | 40 | 112 | Sample-F | 361 |
| 79 | 109 | 43 | 102 | Sample-J | 333 |
| ? | 47 | 12 | 17 | Sample-B | 124 |
| 101 | 55 | 16 | 114 | Sample-E | 286 |

Question: Recover the hidden Part C value for Sample-B.",48,recover_from_total,"{""target_row"": ""Sample-B"", ""missing_column"": ""Part C"", ""known_total"": 124, ""visible_components"": {""Part A"": 12, ""Part B"": 17, ""Part D"": 47}}","{""component_columns"": [""Part A"", ""Part B"", ""Part C"", ""Part D""]}","{""headers"": [""Part C"", ""Part D"", ""Part A"", ""Part B"", ""Sample"", ""Total""], ""rows"": [[40, 71, 21, 72, ""Sample-K"", 204], [105, 104, 40, 112, ""Sample-F"", 361], [79, 109, 43, 102, ""Sample-J"", 333], [""?"", 47, 12, 17, ""Sample-B"", 124], [101, 55, 16, 114, ""Sample-E"", 286]]}"
A-L5-0155,5,physics_derived_quantity,"Using the table values, calculate the momentum of Alex.","| Person | Mass | Elapsed time | Altitude | Speed |
| --- | --- | --- | --- | --- |
| Lucas | 104 kg | 111.9 s | 8583 m | 78.1 m/s |
| Alex | 63 kg | 76.3 s | 2927 m | 46.8 m/s |
| Daniel | 60 kg | 43.9 s | 9877 m | 59.6 m/s |
| Chris | 82 kg | 51.2 s | 3302 m | 56.4 m/s |
| Noah | 75 kg | 38.0 s | 7670 m | 26.7 m/s |
| Sofia | 102 kg | 19.4 s | 570 m | 5.2 m/s |","Answer the question using the table. Perform all required reasoning and return only the final answer.

Table:
| Person | Mass | Elapsed time | Altitude | Speed |
| --- | --- | --- | --- | --- |
| Lucas | 104 kg | 111.9 s | 8583 m | 78.1 m/s |
| Alex | 63 kg | 76.3 s | 2927 m | 46.8 m/s |
| Daniel | 60 kg | 43.9 s | 9877 m | 59.6 m/s |
| Chris | 82 kg | 51.2 s | 3302 m | 56.4 m/s |
| Noah | 75 kg | 38.0 s | 7670 m | 26.7 m/s |
| Sofia | 102 kg | 19.4 s | 570 m | 5.2 m/s |

Question: Using the table values, calculate the momentum of Alex.",2948.40 kg·m/s,momentum,"{""target_row"": ""Alex"", ""mass_kg"": 63, ""speed_m_s"": 46.8}","{""quantity"": ""Momentum"", ""answer_digits"": 2}","{""headers"": [""Person"", ""Mass"", ""Elapsed time"", ""Altitude"", ""Speed""], ""rows"": [[""Lucas"", ""104 kg"", ""111.9 s"", ""8583 m"", ""78.1 m/s""], [""Alex"", ""63 kg"", ""76.3 s"", ""2927 m"", ""46.8 m/s""], [""Daniel"", ""60 kg"", ""43.9 s"", ""9877 m"", ""59.6 m/s""], [""Chris"", ""82 kg"", ""51.2 s"", ""3302 m"", ""56.4 m/s""], [""Noah"", ""75 kg"", ""38.0 s"", ""7670 m"", ""26.7 m/s""], [""Sofia"", ""102 kg"", ""19.4 s"", ""570 m"", ""5.2 m/s""]]}"
A-L5-0156,5,missing_value_from_total,The Part A entry for Sample-G is missing. What should it be?,"| Part B | Part A | Total | Sample | Part C | Part D |
| --- | --- | --- | --- | --- | --- |
| 57 | 50 | 264 | Sample-A | 41 | 116 |
| 18 | 89 | 291 | Sample-I | 73 | 111 |
| 55 | ? | 218 | Sample-G | 14 | 89 |
| 76 | 39 | 284 | Sample-E | 88 | 81 |
| 81 | 118 | 268 | Sample-F | 21 | 48 |
| 93 | 120 | 292 | Sample-C | 12 | 67 |
| 61 | 107 | 308 | Sample-L | 95 | 45 |","Answer the question using the table. Perform all required reasoning and return only the final answer.

Table:
| Part B | Part A | Total | Sample | Part C | Part D |
| --- | --- | --- | --- | --- | --- |
| 57 | 50 | 264 | Sample-A | 41 | 116 |
| 18 | 89 | 291 | Sample-I | 73 | 111 |
| 55 | ? | 218 | Sample-G | 14 | 89 |
| 76 | 39 | 284 | Sample-E | 88 | 81 |
| 81 | 118 | 268 | Sample-F | 21 | 48 |
| 93 | 120 | 292 | Sample-C | 12 | 67 |
| 61 | 107 | 308 | Sample-L | 95 | 45 |

Question: The Part A entry for Sample-G is missing. What should it be?",60,recover_from_total,"{""target_row"": ""Sample-G"", ""missing_column"": ""Part A"", ""known_total"": 218, ""visible_components"": {""Part B"": 55, ""Part C"": 14, ""Part D"": 89}}","{""component_columns"": [""Part A"", ""Part B"", ""Part C"", ""Part D""]}","{""headers"": [""Part B"", ""Part A"", ""Total"", ""Sample"", ""Part C"", ""Part D""], ""rows"": [[57, 50, 264, ""Sample-A"", 41, 116], [18, 89, 291, ""Sample-I"", 73, 111], [55, ""?"", 218, ""Sample-G"", 14, 89], [76, 39, 284, ""Sample-E"", 88, 81], [81, 118, 268, ""Sample-F"", 21, 48], [93, 120, 292, ""Sample-C"", 12, 67], [61, 107, 308, ""Sample-L"", 95, 45]]}"
A-L5-0157,5,missing_value_from_average,Recover Emma's hidden Test 4 value using the average.,"| Test 2 | Average | Student | Test 3 | Test 1 | Test 4 |
| --- | --- | --- | --- | --- | --- |
| 43 | 64.00 | Lucas | 51 | 65 | 97 |
| 64 | 67.75 | David | 55 | 84 | 68 |
| 82 | 67.50 | Emma | 60 | 42 | ? |
| 83 | 77.75 | Ava | 72 | 56 | 100 |
| 44 | 54.50 | Iris | 57 | 55 | 62 |","Answer the question using the table. Perform all required reasoning and return only the final answer.

Table:
| Test 2 | Average | Student | Test 3 | Test 1 | Test 4 |
| --- | --- | --- | --- | --- | --- |
| 43 | 64.00 | Lucas | 51 | 65 | 97 |
| 64 | 67.75 | David | 55 | 84 | 68 |
| 82 | 67.50 | Emma | 60 | 42 | ? |
| 83 | 77.75 | Ava | 72 | 56 | 100 |
| 44 | 54.50 | Iris | 57 | 55 | 62 |

Question: Recover Emma's hidden Test 4 value using the average.",86,recover_from_average,"{""target_row"": ""Emma"", ""missing_column"": ""Test 4"", ""known_average"": 67.5, ""visible_scores"": {""Test 1"": 42, ""Test 2"": 82, ""Test 3"": 60}}","{""num_scores"": 4, ""score_columns"": [""Test 1"", ""Test 2"", ""Test 3"", ""Test 4""]}","{""headers"": [""Test 2"", ""Average"", ""Student"", ""Test 3"", ""Test 1"", ""Test 4""], ""rows"": [[43, ""64.00"", ""Lucas"", 51, 65, 97], [64, ""67.75"", ""David"", 55, 84, 68], [82, ""67.50"", ""Emma"", 60, 42, ""?""], [83, ""77.75"", ""Ava"", 72, 56, 100], [44, ""54.50"", ""Iris"", 57, 55, 62]]}"
A-L5-0158,5,bayes_posterior,"For Group-K, what is the probability that a person actually has the condition given a positive test?","| False positive rate | Population | Prevalence | Sensitivity |
| --- | --- | --- | --- |
| 20.47% | Group-G | 6.28% | 64.29% |
| 3.57% | Group-H | 40.24% | 93.08% |
| 18.36% | Group-K | 34.72% | 87.42% |
| 17.07% | Group-C | 21.67% | 92.39% |
| 13.02% | Group-F | 3.81% | 94.89% |","Answer the question using the table. Perform all required reasoning and return only the final answer.

Table:
| False positive rate | Population | Prevalence | Sensitivity |
| --- | --- | --- | --- |
| 20.47% | Group-G | 6.28% | 64.29% |
| 3.57% | Group-H | 40.24% | 93.08% |
| 18.36% | Group-K | 34.72% | 87.42% |
| 17.07% | Group-C | 21.67% | 92.39% |
| 13.02% | Group-F | 3.81% | 94.89% |

Question: For Group-K, what is the probability that a person actually has the condition given a positive test?",71.70%,bayes_rule,"{""target_row"": ""Group-K"", ""prevalence"": 0.34721153510205827, ""sensitivity"": 0.8741919275562665, ""false_positive_rate"": 0.18355551949633095}","{""formula"": ""sens*prev / (sens*prev + fpr*(1-prev))"", ""answer_digits"": 2}","{""headers"": [""False positive rate"", ""Population"", ""Prevalence"", ""Sensitivity""], ""rows"": [[""20.47%"", ""Group-G"", ""6.28%"", ""64.29%""], [""3.57%"", ""Group-H"", ""40.24%"", ""93.08%""], [""18.36%"", ""Group-K"", ""34.72%"", ""87.42%""], [""17.07%"", ""Group-C"", ""21.67%"", ""92.39%""], [""13.02%"", ""Group-F"", ""3.81%"", ""94.89%""]]}"
A-L5-0159,5,physics_derived_quantity,"Using the table values, calculate the kinetic energy of Oliver.","| Speed | Mass | Altitude | Person | Elapsed time |
| --- | --- | --- | --- | --- |
| 63.2 m/s | 101 kg | 6183 m | Jisoo | 116.5 s |
| 27.6 m/s | 84 kg | 1822 m | Noah | 20.7 s |
| 56.1 m/s | 69 kg | 1124 m | Hana | 91.4 s |
| 58.2 m/s | 65 kg | 6720 m | Oliver | 50.0 s |
| 7.0 m/s | 100 kg | 4429 m | Alex | 106.1 s |","Answer the question using the table. Perform all required reasoning and return only the final answer.

Table:
| Speed | Mass | Altitude | Person | Elapsed time |
| --- | --- | --- | --- | --- |
| 63.2 m/s | 101 kg | 6183 m | Jisoo | 116.5 s |
| 27.6 m/s | 84 kg | 1822 m | Noah | 20.7 s |
| 56.1 m/s | 69 kg | 1124 m | Hana | 91.4 s |
| 58.2 m/s | 65 kg | 6720 m | Oliver | 50.0 s |
| 7.0 m/s | 100 kg | 4429 m | Alex | 106.1 s |

Question: Using the table values, calculate the kinetic energy of Oliver.",110085.30 J,kinetic_energy,"{""target_row"": ""Oliver"", ""mass_kg"": 65, ""speed_m_s"": 58.2}","{""quantity"": ""Kinetic energy"", ""answer_digits"": 2}","{""headers"": [""Speed"", ""Mass"", ""Altitude"", ""Person"", ""Elapsed time""], ""rows"": [[""63.2 m/s"", ""101 kg"", ""6183 m"", ""Jisoo"", ""116.5 s""], [""27.6 m/s"", ""84 kg"", ""1822 m"", ""Noah"", ""20.7 s""], [""56.1 m/s"", ""69 kg"", ""1124 m"", ""Hana"", ""91.4 s""], [""58.2 m/s"", ""65 kg"", ""6720 m"", ""Oliver"", ""50.0 s""], [""7.0 m/s"", ""100 kg"", ""4429 m"", ""Alex"", ""106.1 s""]]}"
A-L5-0160,5,confusion_matrix_metric,"Using the confusion-matrix counts, calculate Quartz's Recall.","| TN | TP | FN | FP | Model |
| --- | --- | --- | --- | --- |
| 55 | 292 | 119 | 125 | Aurora |
| 321 | 354 | 119 | 19 | Quartz |
| 391 | 147 | 117 | 95 | Helix |
| 131 | 292 | 88 | 16 | Nova |
| 290 | 146 | 38 | 131 | Echo |
| 104 | 258 | 97 | 79 | Sigma |
| 171 | 108 | 30 | 86 | Pulse |","Answer the question using the table. Perform all required reasoning and return only the final answer.

Table:
| TN | TP | FN | FP | Model |
| --- | --- | --- | --- | --- |
| 55 | 292 | 119 | 125 | Aurora |
| 321 | 354 | 119 | 19 | Quartz |
| 391 | 147 | 117 | 95 | Helix |
| 131 | 292 | 88 | 16 | Nova |
| 290 | 146 | 38 | 131 | Echo |
| 104 | 258 | 97 | 79 | Sigma |
| 171 | 108 | 30 | 86 | Pulse |

Question: Using the confusion-matrix counts, calculate Quartz's Recall.",0.7484,recall,"{""target_row"": ""Quartz"", ""TP"": 354, ""FP"": 19, ""FN"": 119, ""TN"": 321}","{""metric"": ""Recall"", ""answer_digits"": 4}","{""headers"": [""TN"", ""TP"", ""FN"", ""FP"", ""Model""], ""rows"": [[55, 292, 119, 125, ""Aurora""], [321, 354, 119, 19, ""Quartz""], [391, 147, 117, 95, ""Helix""], [131, 292, 88, 16, ""Nova""], [290, 146, 38, 131, ""Echo""], [104, 258, 97, 79, ""Sigma""], [171, 108, 30, 86, ""Pulse""]]}"
A-L5-0161,5,missing_value_from_total,The Part D entry for Sample-F is missing. What should it be?,"| Sample | Part C | Part B | Part A | Total | Part D |
| --- | --- | --- | --- | --- | --- |
| Sample-D | 54 | 25 | 107 | 279 | 93 |
| Sample-L | 104 | 24 | 32 | 217 | 57 |
| Sample-F | 76 | 57 | 49 | 288 | ? |
| Sample-A | 29 | 14 | 11 | 74 | 20 |
| Sample-J | 109 | 66 | 54 | 268 | 39 |
| Sample-B | 103 | 47 | 14 | 245 | 81 |
| Sample-C | 55 | 115 | 95 | 323 | 58 |","Answer the question using the table. Perform all required reasoning and return only the final answer.

Table:
| Sample | Part C | Part B | Part A | Total | Part D |
| --- | --- | --- | --- | --- | --- |
| Sample-D | 54 | 25 | 107 | 279 | 93 |
| Sample-L | 104 | 24 | 32 | 217 | 57 |
| Sample-F | 76 | 57 | 49 | 288 | ? |
| Sample-A | 29 | 14 | 11 | 74 | 20 |
| Sample-J | 109 | 66 | 54 | 268 | 39 |
| Sample-B | 103 | 47 | 14 | 245 | 81 |
| Sample-C | 55 | 115 | 95 | 323 | 58 |

Question: The Part D entry for Sample-F is missing. What should it be?",106,recover_from_total,"{""target_row"": ""Sample-F"", ""missing_column"": ""Part D"", ""known_total"": 288, ""visible_components"": {""Part A"": 49, ""Part B"": 57, ""Part C"": 76}}","{""component_columns"": [""Part A"", ""Part B"", ""Part C"", ""Part D""]}","{""headers"": [""Sample"", ""Part C"", ""Part B"", ""Part A"", ""Total"", ""Part D""], ""rows"": [[""Sample-D"", 54, 25, 107, 279, 93], [""Sample-L"", 104, 24, 32, 217, 57], [""Sample-F"", 76, 57, 49, 288, ""?""], [""Sample-A"", 29, 14, 11, 74, 20], [""Sample-J"", 109, 66, 54, 268, 39], [""Sample-B"", 103, 47, 14, 245, 81], [""Sample-C"", 55, 115, 95, 323, 58]]}"
A-L5-0162,5,missing_value_from_average,What is the missing Test 3 score for Chris?,"| Test 3 | Test 1 | Average | Student | Test 2 | Test 4 |
| --- | --- | --- | --- | --- | --- |
| 78 | 77 | 73.50 | Hana | 94 | 45 |
| ? | 53 | 73.25 | Chris | 98 | 42 |
| 81 | 86 | 87.75 | Ava | 88 | 96 |
| 60 | 67 | 75.50 | Leo | 94 | 81 |
| 76 | 86 | 84.25 | Mina | 90 | 85 |
| 97 | 94 | 78.25 | Daniel | 80 | 42 |","Answer the question using the table. Perform all required reasoning and return only the final answer.

Table:
| Test 3 | Test 1 | Average | Student | Test 2 | Test 4 |
| --- | --- | --- | --- | --- | --- |
| 78 | 77 | 73.50 | Hana | 94 | 45 |
| ? | 53 | 73.25 | Chris | 98 | 42 |
| 81 | 86 | 87.75 | Ava | 88 | 96 |
| 60 | 67 | 75.50 | Leo | 94 | 81 |
| 76 | 86 | 84.25 | Mina | 90 | 85 |
| 97 | 94 | 78.25 | Daniel | 80 | 42 |

Question: What is the missing Test 3 score for Chris?",100,recover_from_average,"{""target_row"": ""Chris"", ""missing_column"": ""Test 3"", ""known_average"": 73.25, ""visible_scores"": {""Test 1"": 53, ""Test 2"": 98, ""Test 4"": 42}}","{""num_scores"": 4, ""score_columns"": [""Test 1"", ""Test 2"", ""Test 3"", ""Test 4""]}","{""headers"": [""Test 3"", ""Test 1"", ""Average"", ""Student"", ""Test 2"", ""Test 4""], ""rows"": [[78, 77, ""73.50"", ""Hana"", 94, 45], [""?"", 53, ""73.25"", ""Chris"", 98, 42], [81, 86, ""87.75"", ""Ava"", 88, 96], [60, 67, ""75.50"", ""Leo"", 94, 81], [76, 86, ""84.25"", ""Mina"", 90, 85], [97, 94, ""78.25"", ""Daniel"", 80, 42]]}"
A-L5-0163,5,missing_value_from_total,Recover the hidden Part D value for Sample-F.,"| Part D | Total | Part A | Part C | Part B | Sample |
| --- | --- | --- | --- | --- | --- |
| 29 | 269 | 14 | 107 | 119 | Sample-E |
| ? | 263 | 58 | 111 | 28 | Sample-F |
| 30 | 274 | 89 | 107 | 48 | Sample-J |
| 22 | 253 | 91 | 27 | 113 | Sample-D |
| 56 | 342 | 86 | 84 | 116 | Sample-C |","Answer the question using the table. Perform all required reasoning and return only the final answer.

Table:
| Part D | Total | Part A | Part C | Part B | Sample |
| --- | --- | --- | --- | --- | --- |
| 29 | 269 | 14 | 107 | 119 | Sample-E |
| ? | 263 | 58 | 111 | 28 | Sample-F |
| 30 | 274 | 89 | 107 | 48 | Sample-J |
| 22 | 253 | 91 | 27 | 113 | Sample-D |
| 56 | 342 | 86 | 84 | 116 | Sample-C |

Question: Recover the hidden Part D value for Sample-F.",66,recover_from_total,"{""target_row"": ""Sample-F"", ""missing_column"": ""Part D"", ""known_total"": 263, ""visible_components"": {""Part A"": 58, ""Part B"": 28, ""Part C"": 111}}","{""component_columns"": [""Part A"", ""Part B"", ""Part C"", ""Part D""]}","{""headers"": [""Part D"", ""Total"", ""Part A"", ""Part C"", ""Part B"", ""Sample""], ""rows"": [[29, 269, 14, 107, 119, ""Sample-E""], [""?"", 263, 58, 111, 28, ""Sample-F""], [30, 274, 89, 107, 48, ""Sample-J""], [22, 253, 91, 27, 113, ""Sample-D""], [56, 342, 86, 84, 116, ""Sample-C""]]}"
A-L5-0164,5,confusion_matrix_metric,"According to the table, compute the Precision of model Echo.","| FP | FN | Model | TN | TP |
| --- | --- | --- | --- | --- |
| 56 | 73 | Aurora | 353 | 155 |
| 117 | 131 | Vertex | 265 | 317 |
| 58 | 133 | Pulse | 182 | 74 |
| 23 | 33 | Echo | 389 | 86 |
| 103 | 77 | Atlas | 197 | 368 |
| 113 | 67 | Quartz | 75 | 64 |
| 87 | 45 | Nova | 393 | 309 |","Answer the question using the table. Perform all required reasoning and return only the final answer.

Table:
| FP | FN | Model | TN | TP |
| --- | --- | --- | --- | --- |
| 56 | 73 | Aurora | 353 | 155 |
| 117 | 131 | Vertex | 265 | 317 |
| 58 | 133 | Pulse | 182 | 74 |
| 23 | 33 | Echo | 389 | 86 |
| 103 | 77 | Atlas | 197 | 368 |
| 113 | 67 | Quartz | 75 | 64 |
| 87 | 45 | Nova | 393 | 309 |

Question: According to the table, compute the Precision of model Echo.",0.7890,precision,"{""target_row"": ""Echo"", ""TP"": 86, ""FP"": 23, ""FN"": 33, ""TN"": 389}","{""metric"": ""Precision"", ""answer_digits"": 4}","{""headers"": [""FP"", ""FN"", ""Model"", ""TN"", ""TP""], ""rows"": [[56, 73, ""Aurora"", 353, 155], [117, 131, ""Vertex"", 265, 317], [58, 133, ""Pulse"", 182, 74], [23, 33, ""Echo"", 389, 86], [103, 77, ""Atlas"", 197, 368], [113, 67, ""Quartz"", 75, 64], [87, 45, ""Nova"", 393, 309]]}"
A-L5-0165,5,missing_value_from_total,Recover the hidden Part D value for Sample-H.,"| Part C | Part A | Part D | Sample | Total | Part B |
| --- | --- | --- | --- | --- | --- |
| 41 | 102 | 99 | Sample-I | 266 | 24 |
| 27 | 32 | 116 | Sample-F | 237 | 62 |
| 47 | 48 | ? | Sample-H | 331 | 119 |
| 62 | 98 | 31 | Sample-E | 265 | 74 |","Answer the question using the table. Perform all required reasoning and return only the final answer.

Table:
| Part C | Part A | Part D | Sample | Total | Part B |
| --- | --- | --- | --- | --- | --- |
| 41 | 102 | 99 | Sample-I | 266 | 24 |
| 27 | 32 | 116 | Sample-F | 237 | 62 |
| 47 | 48 | ? | Sample-H | 331 | 119 |
| 62 | 98 | 31 | Sample-E | 265 | 74 |

Question: Recover the hidden Part D value for Sample-H.",117,recover_from_total,"{""target_row"": ""Sample-H"", ""missing_column"": ""Part D"", ""known_total"": 331, ""visible_components"": {""Part A"": 48, ""Part B"": 119, ""Part C"": 47}}","{""component_columns"": [""Part A"", ""Part B"", ""Part C"", ""Part D""]}","{""headers"": [""Part C"", ""Part A"", ""Part D"", ""Sample"", ""Total"", ""Part B""], ""rows"": [[41, 102, 99, ""Sample-I"", 266, 24], [27, 32, 116, ""Sample-F"", 237, 62], [47, 48, ""?"", ""Sample-H"", 331, 119], [62, 98, 31, ""Sample-E"", 265, 74]]}"
A-L5-0166,5,bayes_posterior,"For Group-B, compute the posterior probability of having the condition after a positive test.","| Prevalence | Population | False positive rate | Sensitivity |
| --- | --- | --- | --- |
| 41.16% | Group-E | 22.72% | 61.29% |
| 25.00% | Group-F | 23.40% | 88.62% |
| 40.27% | Group-B | 22.03% | 76.54% |
| 32.69% | Group-C | 26.54% | 67.48% |
| 34.40% | Group-K | 23.52% | 65.58% |","Answer the question using the table. Perform all required reasoning and return only the final answer.

Table:
| Prevalence | Population | False positive rate | Sensitivity |
| --- | --- | --- | --- |
| 41.16% | Group-E | 22.72% | 61.29% |
| 25.00% | Group-F | 23.40% | 88.62% |
| 40.27% | Group-B | 22.03% | 76.54% |
| 32.69% | Group-C | 26.54% | 67.48% |
| 34.40% | Group-K | 23.52% | 65.58% |

Question: For Group-B, compute the posterior probability of having the condition after a positive test.",70.07%,bayes_rule,"{""target_row"": ""Group-B"", ""prevalence"": 0.4026642262355269, ""sensitivity"": 0.7654412253511371, ""false_positive_rate"": 0.22034724287536794}","{""formula"": ""sens*prev / (sens*prev + fpr*(1-prev))"", ""answer_digits"": 2}","{""headers"": [""Prevalence"", ""Population"", ""False positive rate"", ""Sensitivity""], ""rows"": [[""41.16%"", ""Group-E"", ""22.72%"", ""61.29%""], [""25.00%"", ""Group-F"", ""23.40%"", ""88.62%""], [""40.27%"", ""Group-B"", ""22.03%"", ""76.54%""], [""32.69%"", ""Group-C"", ""26.54%"", ""67.48%""], [""34.40%"", ""Group-K"", ""23.52%"", ""65.58%""]]}"
A-L5-0167,5,missing_value_from_average,What is the missing Test 1 score for Sam?,"| Average | Test 2 | Student | Test 1 | Test 3 | Test 4 |
| --- | --- | --- | --- | --- | --- |
| 46.75 | 42 | Sofia | 44 | 52 | 49 |
| 69.75 | 91 | Jisoo | 84 | 54 | 50 |
| 56.75 | 43 | Sam | ? | 55 | 83 |
| 71.00 | 45 | Ryan | 86 | 62 | 91 |
| 50.25 | 40 | Oliver | 42 | 66 | 53 |
| 74.00 | 80 | Chris | 77 | 50 | 89 |
| 73.50 | 50 | David | 79 | 94 | 71 |","Answer the question using the table. Perform all required reasoning and return only the final answer.

Table:
| Average | Test 2 | Student | Test 1 | Test 3 | Test 4 |
| --- | --- | --- | --- | --- | --- |
| 46.75 | 42 | Sofia | 44 | 52 | 49 |
| 69.75 | 91 | Jisoo | 84 | 54 | 50 |
| 56.75 | 43 | Sam | ? | 55 | 83 |
| 71.00 | 45 | Ryan | 86 | 62 | 91 |
| 50.25 | 40 | Oliver | 42 | 66 | 53 |
| 74.00 | 80 | Chris | 77 | 50 | 89 |
| 73.50 | 50 | David | 79 | 94 | 71 |

Question: What is the missing Test 1 score for Sam?",46,recover_from_average,"{""target_row"": ""Sam"", ""missing_column"": ""Test 1"", ""known_average"": 56.75, ""visible_scores"": {""Test 2"": 43, ""Test 3"": 55, ""Test 4"": 83}}","{""num_scores"": 4, ""score_columns"": [""Test 1"", ""Test 2"", ""Test 3"", ""Test 4""]}","{""headers"": [""Average"", ""Test 2"", ""Student"", ""Test 1"", ""Test 3"", ""Test 4""], ""rows"": [[""46.75"", 42, ""Sofia"", 44, 52, 49], [""69.75"", 91, ""Jisoo"", 84, 54, 50], [""56.75"", 43, ""Sam"", ""?"", 55, 83], [""71.00"", 45, ""Ryan"", 86, 62, 91], [""50.25"", 40, ""Oliver"", 42, 66, 53], [""74.00"", 80, ""Chris"", 77, 50, 89], [""73.50"", 50, ""David"", 79, 94, 71]]}"
A-L5-0168,5,missing_value_from_average,What is the missing Test 4 score for David?,"| Test 4 | Test 1 | Average | Test 2 | Test 3 | Student |
| --- | --- | --- | --- | --- | --- |
| ? | 51 | 80.00 | 87 | 91 | David |
| 90 | 77 | 70.00 | 66 | 47 | Emma |
| 64 | 98 | 75.50 | 55 | 85 | Nora |
| 74 | 81 | 80.75 | 93 | 75 | Leo |
| 43 | 62 | 52.75 | 43 | 63 | Maya |
| 69 | 81 | 72.75 | 65 | 76 | Alex |","Answer the question using the table. Perform all required reasoning and return only the final answer.

Table:
| Test 4 | Test 1 | Average | Test 2 | Test 3 | Student |
| --- | --- | --- | --- | --- | --- |
| ? | 51 | 80.00 | 87 | 91 | David |
| 90 | 77 | 70.00 | 66 | 47 | Emma |
| 64 | 98 | 75.50 | 55 | 85 | Nora |
| 74 | 81 | 80.75 | 93 | 75 | Leo |
| 43 | 62 | 52.75 | 43 | 63 | Maya |
| 69 | 81 | 72.75 | 65 | 76 | Alex |

Question: What is the missing Test 4 score for David?",91,recover_from_average,"{""target_row"": ""David"", ""missing_column"": ""Test 4"", ""known_average"": 80.0, ""visible_scores"": {""Test 1"": 51, ""Test 2"": 87, ""Test 3"": 91}}","{""num_scores"": 4, ""score_columns"": [""Test 1"", ""Test 2"", ""Test 3"", ""Test 4""]}","{""headers"": [""Test 4"", ""Test 1"", ""Average"", ""Test 2"", ""Test 3"", ""Student""], ""rows"": [[""?"", 51, ""80.00"", 87, 91, ""David""], [90, 77, ""70.00"", 66, 47, ""Emma""], [64, 98, ""75.50"", 55, 85, ""Nora""], [74, 81, ""80.75"", 93, 75, ""Leo""], [43, 62, ""52.75"", 43, 63, ""Maya""], [69, 81, ""72.75"", 65, 76, ""Alex""]]}"
A-L5-0169,5,missing_value_from_total,Recover the hidden Part A value for Sample-E.,"| Sample | Part B | Part C | Part A | Total | Part D |
| --- | --- | --- | --- | --- | --- |
| Sample-F | 65 | 89 | 103 | 312 | 55 |
| Sample-L | 50 | 56 | 22 | 215 | 87 |
| Sample-H | 119 | 99 | 25 | 330 | 87 |
| Sample-E | 118 | 87 | ? | 322 | 66 |
| Sample-B | 62 | 38 | 35 | 201 | 66 |
| Sample-K | 15 | 118 | 116 | 297 | 48 |","Answer the question using the table. Perform all required reasoning and return only the final answer.

Table:
| Sample | Part B | Part C | Part A | Total | Part D |
| --- | --- | --- | --- | --- | --- |
| Sample-F | 65 | 89 | 103 | 312 | 55 |
| Sample-L | 50 | 56 | 22 | 215 | 87 |
| Sample-H | 119 | 99 | 25 | 330 | 87 |
| Sample-E | 118 | 87 | ? | 322 | 66 |
| Sample-B | 62 | 38 | 35 | 201 | 66 |
| Sample-K | 15 | 118 | 116 | 297 | 48 |

Question: Recover the hidden Part A value for Sample-E.",51,recover_from_total,"{""target_row"": ""Sample-E"", ""missing_column"": ""Part A"", ""known_total"": 322, ""visible_components"": {""Part B"": 118, ""Part C"": 87, ""Part D"": 66}}","{""component_columns"": [""Part A"", ""Part B"", ""Part C"", ""Part D""]}","{""headers"": [""Sample"", ""Part B"", ""Part C"", ""Part A"", ""Total"", ""Part D""], ""rows"": [[""Sample-F"", 65, 89, 103, 312, 55], [""Sample-L"", 50, 56, 22, 215, 87], [""Sample-H"", 119, 99, 25, 330, 87], [""Sample-E"", 118, 87, ""?"", 322, 66], [""Sample-B"", 62, 38, 35, 201, 66], [""Sample-K"", 15, 118, 116, 297, 48]]}"
A-L5-0170,5,physics_derived_quantity,"Using the table values, calculate the momentum of Jisoo.","| Person | Elapsed time | Altitude | Mass | Speed |
| --- | --- | --- | --- | --- |
| Alex | 112.5 s | 1533 m | 76 kg | 65.9 m/s |
| Oliver | 23.4 s | 1664 m | 98 kg | 38.2 m/s |
| Jisoo | 88.6 s | 5797 m | 74 kg | 41.6 m/s |
| Lucas | 18.8 s | 2126 m | 82 kg | 29.2 m/s |
| Sofia | 20.0 s | 3979 m | 92 kg | 36.5 m/s |","Answer the question using the table. Perform all required reasoning and return only the final answer.

Table:
| Person | Elapsed time | Altitude | Mass | Speed |
| --- | --- | --- | --- | --- |
| Alex | 112.5 s | 1533 m | 76 kg | 65.9 m/s |
| Oliver | 23.4 s | 1664 m | 98 kg | 38.2 m/s |
| Jisoo | 88.6 s | 5797 m | 74 kg | 41.6 m/s |
| Lucas | 18.8 s | 2126 m | 82 kg | 29.2 m/s |
| Sofia | 20.0 s | 3979 m | 92 kg | 36.5 m/s |

Question: Using the table values, calculate the momentum of Jisoo.",3078.40 kg·m/s,momentum,"{""target_row"": ""Jisoo"", ""mass_kg"": 74, ""speed_m_s"": 41.6}","{""quantity"": ""Momentum"", ""answer_digits"": 2}","{""headers"": [""Person"", ""Elapsed time"", ""Altitude"", ""Mass"", ""Speed""], ""rows"": [[""Alex"", ""112.5 s"", ""1533 m"", ""76 kg"", ""65.9 m/s""], [""Oliver"", ""23.4 s"", ""1664 m"", ""98 kg"", ""38.2 m/s""], [""Jisoo"", ""88.6 s"", ""5797 m"", ""74 kg"", ""41.6 m/s""], [""Lucas"", ""18.8 s"", ""2126 m"", ""82 kg"", ""29.2 m/s""], [""Sofia"", ""20.0 s"", ""3979 m"", ""92 kg"", ""36.5 m/s""]]}"
A-L5-0171,5,missing_value_from_total,What value is missing for Sample-A in Part B?,"| Part D | Sample | Part C | Part B | Total | Part A |
| --- | --- | --- | --- | --- | --- |
| 62 | Sample-H | 14 | 45 | 230 | 109 |
| 101 | Sample-A | 72 | ? | 310 | 46 |
| 116 | Sample-C | 39 | 36 | 255 | 64 |
| 32 | Sample-L | 116 | 29 | 212 | 35 |","Answer the question using the table. Perform all required reasoning and return only the final answer.

Table:
| Part D | Sample | Part C | Part B | Total | Part A |
| --- | --- | --- | --- | --- | --- |
| 62 | Sample-H | 14 | 45 | 230 | 109 |
| 101 | Sample-A | 72 | ? | 310 | 46 |
| 116 | Sample-C | 39 | 36 | 255 | 64 |
| 32 | Sample-L | 116 | 29 | 212 | 35 |

Question: What value is missing for Sample-A in Part B?",91,recover_from_total,"{""target_row"": ""Sample-A"", ""missing_column"": ""Part B"", ""known_total"": 310, ""visible_components"": {""Part A"": 46, ""Part C"": 72, ""Part D"": 101}}","{""component_columns"": [""Part A"", ""Part B"", ""Part C"", ""Part D""]}","{""headers"": [""Part D"", ""Sample"", ""Part C"", ""Part B"", ""Total"", ""Part A""], ""rows"": [[62, ""Sample-H"", 14, 45, 230, 109], [101, ""Sample-A"", 72, ""?"", 310, 46], [116, ""Sample-C"", 39, 36, 255, 64], [32, ""Sample-L"", 116, 29, 212, 35]]}"
A-L5-0172,5,missing_value_from_average,Recover Sam's hidden Test 1 value using the average.,"| Test 1 | Test 4 | Test 2 | Average | Test 3 | Student |
| --- | --- | --- | --- | --- | --- |
| 41 | 73 | 59 | 58.25 | 60 | Yuna |
| 44 | 78 | 40 | 55.75 | 61 | Iris |
| 83 | 80 | 40 | 64.25 | 54 | Leo |
| 47 | 58 | 72 | 57.00 | 51 | Mina |
| 83 | 96 | 54 | 78.75 | 82 | Alex |
| ? | 96 | 100 | 89.00 | 83 | Sam |","Answer the question using the table. Perform all required reasoning and return only the final answer.

Table:
| Test 1 | Test 4 | Test 2 | Average | Test 3 | Student |
| --- | --- | --- | --- | --- | --- |
| 41 | 73 | 59 | 58.25 | 60 | Yuna |
| 44 | 78 | 40 | 55.75 | 61 | Iris |
| 83 | 80 | 40 | 64.25 | 54 | Leo |
| 47 | 58 | 72 | 57.00 | 51 | Mina |
| 83 | 96 | 54 | 78.75 | 82 | Alex |
| ? | 96 | 100 | 89.00 | 83 | Sam |

Question: Recover Sam's hidden Test 1 value using the average.",77,recover_from_average,"{""target_row"": ""Sam"", ""missing_column"": ""Test 1"", ""known_average"": 89.0, ""visible_scores"": {""Test 2"": 100, ""Test 3"": 83, ""Test 4"": 96}}","{""num_scores"": 4, ""score_columns"": [""Test 1"", ""Test 2"", ""Test 3"", ""Test 4""]}","{""headers"": [""Test 1"", ""Test 4"", ""Test 2"", ""Average"", ""Test 3"", ""Student""], ""rows"": [[41, 73, 59, ""58.25"", 60, ""Yuna""], [44, 78, 40, ""55.75"", 61, ""Iris""], [83, 80, 40, ""64.25"", 54, ""Leo""], [47, 58, 72, ""57.00"", 51, ""Mina""], [83, 96, 54, ""78.75"", 82, ""Alex""], [""?"", 96, 100, ""89.00"", 83, ""Sam""]]}"
A-L5-0173,5,bayes_posterior,"For Group-H, compute the posterior probability of having the condition after a positive test.","| Prevalence | False positive rate | Sensitivity | Population |
| --- | --- | --- | --- |
| 32.96% | 29.13% | 90.95% | Group-B |
| 38.60% | 9.38% | 63.72% | Group-I |
| 24.05% | 6.96% | 73.27% | Group-K |
| 42.32% | 24.88% | 96.58% | Group-J |
| 24.10% | 8.22% | 78.84% | Group-C |
| 37.48% | 6.98% | 63.44% | Group-H |
| 9.60% | 5.93% | 88.75% | Group-E |","Answer the question using the table. Perform all required reasoning and return only the final answer.

Table:
| Prevalence | False positive rate | Sensitivity | Population |
| --- | --- | --- | --- |
| 32.96% | 29.13% | 90.95% | Group-B |
| 38.60% | 9.38% | 63.72% | Group-I |
| 24.05% | 6.96% | 73.27% | Group-K |
| 42.32% | 24.88% | 96.58% | Group-J |
| 24.10% | 8.22% | 78.84% | Group-C |
| 37.48% | 6.98% | 63.44% | Group-H |
| 9.60% | 5.93% | 88.75% | Group-E |

Question: For Group-H, compute the posterior probability of having the condition after a positive test.",84.49%,bayes_rule,"{""target_row"": ""Group-H"", ""prevalence"": 0.3748214085987225, ""sensitivity"": 0.634443318823973, ""false_positive_rate"": 0.0698267028209608}","{""formula"": ""sens*prev / (sens*prev + fpr*(1-prev))"", ""answer_digits"": 2}","{""headers"": [""Prevalence"", ""False positive rate"", ""Sensitivity"", ""Population""], ""rows"": [[""32.96%"", ""29.13%"", ""90.95%"", ""Group-B""], [""38.60%"", ""9.38%"", ""63.72%"", ""Group-I""], [""24.05%"", ""6.96%"", ""73.27%"", ""Group-K""], [""42.32%"", ""24.88%"", ""96.58%"", ""Group-J""], [""24.10%"", ""8.22%"", ""78.84%"", ""Group-C""], [""37.48%"", ""6.98%"", ""63.44%"", ""Group-H""], [""9.60%"", ""5.93%"", ""88.75%"", ""Group-E""]]}"
A-L5-0174,5,missing_value_from_total,What value is missing for Sample-J in Part B?,"| Part C | Sample | Total | Part B | Part D | Part A |
| --- | --- | --- | --- | --- | --- |
| 60 | Sample-D | 234 | 33 | 107 | 34 |
| 66 | Sample-G | 165 | 46 | 25 | 28 |
| 110 | Sample-C | 229 | 23 | 45 | 51 |
| 95 | Sample-H | 273 | 63 | 92 | 23 |
| 36 | Sample-J | 235 | ? | 106 | 14 |
| 58 | Sample-B | 198 | 88 | 37 | 15 |","Answer the question using the table. Perform all required reasoning and return only the final answer.

Table:
| Part C | Sample | Total | Part B | Part D | Part A |
| --- | --- | --- | --- | --- | --- |
| 60 | Sample-D | 234 | 33 | 107 | 34 |
| 66 | Sample-G | 165 | 46 | 25 | 28 |
| 110 | Sample-C | 229 | 23 | 45 | 51 |
| 95 | Sample-H | 273 | 63 | 92 | 23 |
| 36 | Sample-J | 235 | ? | 106 | 14 |
| 58 | Sample-B | 198 | 88 | 37 | 15 |

Question: What value is missing for Sample-J in Part B?",79,recover_from_total,"{""target_row"": ""Sample-J"", ""missing_column"": ""Part B"", ""known_total"": 235, ""visible_components"": {""Part A"": 14, ""Part C"": 36, ""Part D"": 106}}","{""component_columns"": [""Part A"", ""Part B"", ""Part C"", ""Part D""]}","{""headers"": [""Part C"", ""Sample"", ""Total"", ""Part B"", ""Part D"", ""Part A""], ""rows"": [[60, ""Sample-D"", 234, 33, 107, 34], [66, ""Sample-G"", 165, 46, 25, 28], [110, ""Sample-C"", 229, 23, 45, 51], [95, ""Sample-H"", 273, 63, 92, 23], [36, ""Sample-J"", 235, ""?"", 106, 14], [58, ""Sample-B"", 198, 88, 37, 15]]}"
A-L5-0175,5,missing_value_from_average,What is the missing Test 2 score for Mina?,"| Test 4 | Average | Test 3 | Test 2 | Student | Test 1 |
| --- | --- | --- | --- | --- | --- |
| 93 | 72.75 | 67 | 57 | Maya | 74 |
| 45 | 64.75 | 74 | 99 | Lena | 41 |
| 74 | 81.25 | 99 | 58 | Julia | 94 |
| 58 | 64.25 | 83 | 57 | Chris | 59 |
| 54 | 70.50 | 59 | 70 | Theo | 99 |
| 89 | 64.50 | 44 | ? | Mina | 55 |","Answer the question using the table. Perform all required reasoning and return only the final answer.

Table:
| Test 4 | Average | Test 3 | Test 2 | Student | Test 1 |
| --- | --- | --- | --- | --- | --- |
| 93 | 72.75 | 67 | 57 | Maya | 74 |
| 45 | 64.75 | 74 | 99 | Lena | 41 |
| 74 | 81.25 | 99 | 58 | Julia | 94 |
| 58 | 64.25 | 83 | 57 | Chris | 59 |
| 54 | 70.50 | 59 | 70 | Theo | 99 |
| 89 | 64.50 | 44 | ? | Mina | 55 |

Question: What is the missing Test 2 score for Mina?",70,recover_from_average,"{""target_row"": ""Mina"", ""missing_column"": ""Test 2"", ""known_average"": 64.5, ""visible_scores"": {""Test 1"": 55, ""Test 3"": 44, ""Test 4"": 89}}","{""num_scores"": 4, ""score_columns"": [""Test 1"", ""Test 2"", ""Test 3"", ""Test 4""]}","{""headers"": [""Test 4"", ""Average"", ""Test 3"", ""Test 2"", ""Student"", ""Test 1""], ""rows"": [[93, ""72.75"", 67, 57, ""Maya"", 74], [45, ""64.75"", 74, 99, ""Lena"", 41], [74, ""81.25"", 99, 58, ""Julia"", 94], [58, ""64.25"", 83, 57, ""Chris"", 59], [54, ""70.50"", 59, 70, ""Theo"", 99], [89, ""64.50"", 44, ""?"", ""Mina"", 55]]}"
A-L5-0176,5,missing_value_from_total,The Part C entry for Sample-K is missing. What should it be?,"| Sample | Part D | Part C | Part B | Total | Part A |
| --- | --- | --- | --- | --- | --- |
| Sample-H | 35 | 105 | 20 | 233 | 73 |
| Sample-G | 111 | 113 | 13 | 264 | 27 |
| Sample-D | 76 | 97 | 22 | 208 | 13 |
| Sample-L | 56 | 51 | 12 | 180 | 61 |
| Sample-K | 33 | ? | 42 | 230 | 105 |
| Sample-E | 29 | 100 | 82 | 251 | 40 |
| Sample-I | 56 | 33 | 120 | 276 | 67 |","Answer the question using the table. Perform all required reasoning and return only the final answer.

Table:
| Sample | Part D | Part C | Part B | Total | Part A |
| --- | --- | --- | --- | --- | --- |
| Sample-H | 35 | 105 | 20 | 233 | 73 |
| Sample-G | 111 | 113 | 13 | 264 | 27 |
| Sample-D | 76 | 97 | 22 | 208 | 13 |
| Sample-L | 56 | 51 | 12 | 180 | 61 |
| Sample-K | 33 | ? | 42 | 230 | 105 |
| Sample-E | 29 | 100 | 82 | 251 | 40 |
| Sample-I | 56 | 33 | 120 | 276 | 67 |

Question: The Part C entry for Sample-K is missing. What should it be?",50,recover_from_total,"{""target_row"": ""Sample-K"", ""missing_column"": ""Part C"", ""known_total"": 230, ""visible_components"": {""Part A"": 105, ""Part B"": 42, ""Part D"": 33}}","{""component_columns"": [""Part A"", ""Part B"", ""Part C"", ""Part D""]}","{""headers"": [""Sample"", ""Part D"", ""Part C"", ""Part B"", ""Total"", ""Part A""], ""rows"": [[""Sample-H"", 35, 105, 20, 233, 73], [""Sample-G"", 111, 113, 13, 264, 27], [""Sample-D"", 76, 97, 22, 208, 13], [""Sample-L"", 56, 51, 12, 180, 61], [""Sample-K"", 33, ""?"", 42, 230, 105], [""Sample-E"", 29, 100, 82, 251, 40], [""Sample-I"", 56, 33, 120, 276, 67]]}"
A-L5-0177,5,bayes_posterior,"For Group-A, what is the probability that a person actually has the condition given a positive test?","| Prevalence | Population | Sensitivity | False positive rate |
| --- | --- | --- | --- |
| 8.86% | Group-I | 66.82% | 20.95% |
| 8.62% | Group-F | 77.91% | 29.20% |
| 17.45% | Group-D | 95.07% | 25.80% |
| 18.19% | Group-K | 74.07% | 5.47% |
| 18.47% | Group-G | 85.74% | 3.10% |
| 3.48% | Group-A | 61.89% | 8.39% |","Answer the question using the table. Perform all required reasoning and return only the final answer.

Table:
| Prevalence | Population | Sensitivity | False positive rate |
| --- | --- | --- | --- |
| 8.86% | Group-I | 66.82% | 20.95% |
| 8.62% | Group-F | 77.91% | 29.20% |
| 17.45% | Group-D | 95.07% | 25.80% |
| 18.19% | Group-K | 74.07% | 5.47% |
| 18.47% | Group-G | 85.74% | 3.10% |
| 3.48% | Group-A | 61.89% | 8.39% |

Question: For Group-A, what is the probability that a person actually has the condition given a positive test?",21.01%,bayes_rule,"{""target_row"": ""Group-A"", ""prevalence"": 0.03478348546972816, ""sensitivity"": 0.618941322942984, ""false_positive_rate"": 0.08386171746232081}","{""formula"": ""sens*prev / (sens*prev + fpr*(1-prev))"", ""answer_digits"": 2}","{""headers"": [""Prevalence"", ""Population"", ""Sensitivity"", ""False positive rate""], ""rows"": [[""8.86%"", ""Group-I"", ""66.82%"", ""20.95%""], [""8.62%"", ""Group-F"", ""77.91%"", ""29.20%""], [""17.45%"", ""Group-D"", ""95.07%"", ""25.80%""], [""18.19%"", ""Group-K"", ""74.07%"", ""5.47%""], [""18.47%"", ""Group-G"", ""85.74%"", ""3.10%""], [""3.48%"", ""Group-A"", ""61.89%"", ""8.39%""]]}"
A-L5-0178,5,missing_value_from_total,The Part B entry for Sample-A is missing. What should it be?,"| Part A | Part C | Total | Part D | Part B | Sample |
| --- | --- | --- | --- | --- | --- |
| 30 | 78 | 184 | 47 | ? | Sample-A |
| 19 | 114 | 208 | 20 | 55 | Sample-K |
| 16 | 105 | 254 | 59 | 74 | Sample-D |
| 55 | 103 | 219 | 49 | 12 | Sample-H |
| 35 | 16 | 270 | 117 | 102 | Sample-I |
| 95 | 19 | 203 | 33 | 56 | Sample-B |","Answer the question using the table. Perform all required reasoning and return only the final answer.

Table:
| Part A | Part C | Total | Part D | Part B | Sample |
| --- | --- | --- | --- | --- | --- |
| 30 | 78 | 184 | 47 | ? | Sample-A |
| 19 | 114 | 208 | 20 | 55 | Sample-K |
| 16 | 105 | 254 | 59 | 74 | Sample-D |
| 55 | 103 | 219 | 49 | 12 | Sample-H |
| 35 | 16 | 270 | 117 | 102 | Sample-I |
| 95 | 19 | 203 | 33 | 56 | Sample-B |

Question: The Part B entry for Sample-A is missing. What should it be?",29,recover_from_total,"{""target_row"": ""Sample-A"", ""missing_column"": ""Part B"", ""known_total"": 184, ""visible_components"": {""Part A"": 30, ""Part C"": 78, ""Part D"": 47}}","{""component_columns"": [""Part A"", ""Part B"", ""Part C"", ""Part D""]}","{""headers"": [""Part A"", ""Part C"", ""Total"", ""Part D"", ""Part B"", ""Sample""], ""rows"": [[30, 78, 184, 47, ""?"", ""Sample-A""], [19, 114, 208, 20, 55, ""Sample-K""], [16, 105, 254, 59, 74, ""Sample-D""], [55, 103, 219, 49, 12, ""Sample-H""], [35, 16, 270, 117, 102, ""Sample-I""], [95, 19, 203, 33, 56, ""Sample-B""]]}"
A-L5-0179,5,missing_value_from_average,The Test 2 score for Hana is missing. What value belongs there?,"| Test 1 | Student | Average | Test 2 | Test 3 | Test 4 |
| --- | --- | --- | --- | --- | --- |
| 47 | Julia | 55.25 | 46 | 56 | 72 |
| 83 | Lena | 90.50 | 98 | 83 | 98 |
| 94 | Hana | 69.25 | ? | 43 | 58 |
| 41 | Mina | 60.25 | 59 | 45 | 96 |","Answer the question using the table. Perform all required reasoning and return only the final answer.

Table:
| Test 1 | Student | Average | Test 2 | Test 3 | Test 4 |
| --- | --- | --- | --- | --- | --- |
| 47 | Julia | 55.25 | 46 | 56 | 72 |
| 83 | Lena | 90.50 | 98 | 83 | 98 |
| 94 | Hana | 69.25 | ? | 43 | 58 |
| 41 | Mina | 60.25 | 59 | 45 | 96 |

Question: The Test 2 score for Hana is missing. What value belongs there?",82,recover_from_average,"{""target_row"": ""Hana"", ""missing_column"": ""Test 2"", ""known_average"": 69.25, ""visible_scores"": {""Test 1"": 94, ""Test 3"": 43, ""Test 4"": 58}}","{""num_scores"": 4, ""score_columns"": [""Test 1"", ""Test 2"", ""Test 3"", ""Test 4""]}","{""headers"": [""Test 1"", ""Student"", ""Average"", ""Test 2"", ""Test 3"", ""Test 4""], ""rows"": [[47, ""Julia"", ""55.25"", 46, 56, 72], [83, ""Lena"", ""90.50"", 98, 83, 98], [94, ""Hana"", ""69.25"", ""?"", 43, 58], [41, ""Mina"", ""60.25"", 59, 45, 96]]}"
A-L5-0180,5,confusion_matrix_metric,"Using the confusion-matrix counts, calculate Zenith's Recall.","| FN | TP | FP | Model | TN |
| --- | --- | --- | --- | --- |
| 117 | 159 | 63 | Sigma | 455 |
| 94 | 355 | 61 | Zenith | 193 |
| 56 | 300 | 21 | Quartz | 349 |
| 79 | 75 | 125 | Aurora | 386 |
| 44 | 159 | 42 | Pulse | 233 |","Answer the question using the table. Perform all required reasoning and return only the final answer.

Table:
| FN | TP | FP | Model | TN |
| --- | --- | --- | --- | --- |
| 117 | 159 | 63 | Sigma | 455 |
| 94 | 355 | 61 | Zenith | 193 |
| 56 | 300 | 21 | Quartz | 349 |
| 79 | 75 | 125 | Aurora | 386 |
| 44 | 159 | 42 | Pulse | 233 |

Question: Using the confusion-matrix counts, calculate Zenith's Recall.",0.7906,recall,"{""target_row"": ""Zenith"", ""TP"": 355, ""FP"": 61, ""FN"": 94, ""TN"": 193}","{""metric"": ""Recall"", ""answer_digits"": 4}","{""headers"": [""FN"", ""TP"", ""FP"", ""Model"", ""TN""], ""rows"": [[117, 159, 63, ""Sigma"", 455], [94, 355, 61, ""Zenith"", 193], [56, 300, 21, ""Quartz"", 349], [79, 75, 125, ""Aurora"", 386], [44, 159, 42, ""Pulse"", 233]]}"
A-L5-0181,5,missing_value_from_average,The Test 3 score for Hana is missing. What value belongs there?,"| Test 4 | Test 2 | Test 1 | Average | Test 3 | Student |
| --- | --- | --- | --- | --- | --- |
| 96 | 65 | 83 | 73.75 | 51 | Ava |
| 87 | 57 | 82 | 67.50 | 44 | Julia |
| 50 | 59 | 66 | 53.75 | ? | Hana |
| 69 | 81 | 87 | 73.00 | 55 | Chris |
| 88 | 58 | 41 | 66.75 | 80 | Nora |","Answer the question using the table. Perform all required reasoning and return only the final answer.

Table:
| Test 4 | Test 2 | Test 1 | Average | Test 3 | Student |
| --- | --- | --- | --- | --- | --- |
| 96 | 65 | 83 | 73.75 | 51 | Ava |
| 87 | 57 | 82 | 67.50 | 44 | Julia |
| 50 | 59 | 66 | 53.75 | ? | Hana |
| 69 | 81 | 87 | 73.00 | 55 | Chris |
| 88 | 58 | 41 | 66.75 | 80 | Nora |

Question: The Test 3 score for Hana is missing. What value belongs there?",40,recover_from_average,"{""target_row"": ""Hana"", ""missing_column"": ""Test 3"", ""known_average"": 53.75, ""visible_scores"": {""Test 1"": 66, ""Test 2"": 59, ""Test 4"": 50}}","{""num_scores"": 4, ""score_columns"": [""Test 1"", ""Test 2"", ""Test 3"", ""Test 4""]}","{""headers"": [""Test 4"", ""Test 2"", ""Test 1"", ""Average"", ""Test 3"", ""Student""], ""rows"": [[96, 65, 83, ""73.75"", 51, ""Ava""], [87, 57, 82, ""67.50"", 44, ""Julia""], [50, 59, 66, ""53.75"", ""?"", ""Hana""], [69, 81, 87, ""73.00"", 55, ""Chris""], [88, 58, 41, ""66.75"", 80, ""Nora""]]}"
A-L5-0182,5,bayes_posterior,"For Group-K, compute the posterior probability of having the condition after a positive test.","| Prevalence | Population | False positive rate | Sensitivity |
| --- | --- | --- | --- |
| 16.52% | Group-B | 14.20% | 78.52% |
| 38.15% | Group-F | 15.22% | 70.86% |
| 7.26% | Group-K | 28.41% | 66.88% |
| 6.85% | Group-I | 29.24% | 88.87% |
| 4.51% | Group-J | 27.41% | 67.29% |","Answer the question using the table. Perform all required reasoning and return only the final answer.

Table:
| Prevalence | Population | False positive rate | Sensitivity |
| --- | --- | --- | --- |
| 16.52% | Group-B | 14.20% | 78.52% |
| 38.15% | Group-F | 15.22% | 70.86% |
| 7.26% | Group-K | 28.41% | 66.88% |
| 6.85% | Group-I | 29.24% | 88.87% |
| 4.51% | Group-J | 27.41% | 67.29% |

Question: For Group-K, compute the posterior probability of having the condition after a positive test.",15.56%,bayes_rule,"{""target_row"": ""Group-K"", ""prevalence"": 0.07256987236363777, ""sensitivity"": 0.6688247538633597, ""false_positive_rate"": 0.28405792829749205}","{""formula"": ""sens*prev / (sens*prev + fpr*(1-prev))"", ""answer_digits"": 2}","{""headers"": [""Prevalence"", ""Population"", ""False positive rate"", ""Sensitivity""], ""rows"": [[""16.52%"", ""Group-B"", ""14.20%"", ""78.52%""], [""38.15%"", ""Group-F"", ""15.22%"", ""70.86%""], [""7.26%"", ""Group-K"", ""28.41%"", ""66.88%""], [""6.85%"", ""Group-I"", ""29.24%"", ""88.87%""], [""4.51%"", ""Group-J"", ""27.41%"", ""67.29%""]]}"
A-L5-0183,5,physics_derived_quantity,"According to the table, what is the momentum for Maya?","| Person | Elapsed time | Mass | Altitude | Speed |
| --- | --- | --- | --- | --- |
| Noah | 93.4 s | 58 kg | 2334 m | 13.4 m/s |
| David | 74.2 s | 72 kg | 1990 m | 26.9 m/s |
| Maya | 28.5 s | 76 kg | 6001 m | 78.0 m/s |
| Daniel | 18.7 s | 63 kg | 713 m | 52.3 m/s |
| Mina | 63.4 s | 100 kg | 8097 m | 63.1 m/s |
| Alex | 82.2 s | 87 kg | 9677 m | 25.8 m/s |","Answer the question using the table. Perform all required reasoning and return only the final answer.

Table:
| Person | Elapsed time | Mass | Altitude | Speed |
| --- | --- | --- | --- | --- |
| Noah | 93.4 s | 58 kg | 2334 m | 13.4 m/s |
| David | 74.2 s | 72 kg | 1990 m | 26.9 m/s |
| Maya | 28.5 s | 76 kg | 6001 m | 78.0 m/s |
| Daniel | 18.7 s | 63 kg | 713 m | 52.3 m/s |
| Mina | 63.4 s | 100 kg | 8097 m | 63.1 m/s |
| Alex | 82.2 s | 87 kg | 9677 m | 25.8 m/s |

Question: According to the table, what is the momentum for Maya?",5928.00 kg·m/s,momentum,"{""target_row"": ""Maya"", ""mass_kg"": 76, ""speed_m_s"": 78.0}","{""quantity"": ""Momentum"", ""answer_digits"": 2}","{""headers"": [""Person"", ""Elapsed time"", ""Mass"", ""Altitude"", ""Speed""], ""rows"": [[""Noah"", ""93.4 s"", ""58 kg"", ""2334 m"", ""13.4 m/s""], [""David"", ""74.2 s"", ""72 kg"", ""1990 m"", ""26.9 m/s""], [""Maya"", ""28.5 s"", ""76 kg"", ""6001 m"", ""78.0 m/s""], [""Daniel"", ""18.7 s"", ""63 kg"", ""713 m"", ""52.3 m/s""], [""Mina"", ""63.4 s"", ""100 kg"", ""8097 m"", ""63.1 m/s""], [""Alex"", ""82.2 s"", ""87 kg"", ""9677 m"", ""25.8 m/s""]]}"
A-L5-0184,5,bayes_posterior,"Using Bayes' rule, what is P(condition | positive) for Group-E?","| Prevalence | False positive rate | Population | Sensitivity |
| --- | --- | --- | --- |
| 33.50% | 18.05% | Group-J | 82.23% |
| 14.10% | 20.94% | Group-H | 69.69% |
| 9.76% | 19.43% | Group-C | 63.59% |
| 9.58% | 25.19% | Group-I | 81.67% |
| 38.28% | 19.25% | Group-A | 78.41% |
| 27.30% | 24.39% | Group-K | 73.53% |
| 10.12% | 29.24% | Group-E | 82.95% |","Answer the question using the table. Perform all required reasoning and return only the final answer.

Table:
| Prevalence | False positive rate | Population | Sensitivity |
| --- | --- | --- | --- |
| 33.50% | 18.05% | Group-J | 82.23% |
| 14.10% | 20.94% | Group-H | 69.69% |
| 9.76% | 19.43% | Group-C | 63.59% |
| 9.58% | 25.19% | Group-I | 81.67% |
| 38.28% | 19.25% | Group-A | 78.41% |
| 27.30% | 24.39% | Group-K | 73.53% |
| 10.12% | 29.24% | Group-E | 82.95% |

Question: Using Bayes' rule, what is P(condition | positive) for Group-E?",24.21%,bayes_rule,"{""target_row"": ""Group-E"", ""prevalence"": 0.10118575952637902, ""sensitivity"": 0.8294829468116871, ""false_positive_rate"": 0.2923631614306173}","{""formula"": ""sens*prev / (sens*prev + fpr*(1-prev))"", ""answer_digits"": 2}","{""headers"": [""Prevalence"", ""False positive rate"", ""Population"", ""Sensitivity""], ""rows"": [[""33.50%"", ""18.05%"", ""Group-J"", ""82.23%""], [""14.10%"", ""20.94%"", ""Group-H"", ""69.69%""], [""9.76%"", ""19.43%"", ""Group-C"", ""63.59%""], [""9.58%"", ""25.19%"", ""Group-I"", ""81.67%""], [""38.28%"", ""19.25%"", ""Group-A"", ""78.41%""], [""27.30%"", ""24.39%"", ""Group-K"", ""73.53%""], [""10.12%"", ""29.24%"", ""Group-E"", ""82.95%""]]}"
A-L5-0185,5,physics_derived_quantity,"Using the table values, calculate the momentum of Ethan.","| Mass | Person | Altitude | Elapsed time | Speed |
| --- | --- | --- | --- | --- |
| 98 kg | Lena | 895 m | 56.5 s | 65.1 m/s |
| 69 kg | Ethan | 5330 m | 36.8 s | 16.1 m/s |
| 71 kg | Emma | 1869 m | 21.3 s | 22.1 m/s |
| 78 kg | Hana | 6022 m | 74.7 s | 17.4 m/s |
| 104 kg | Oliver | 8722 m | 50.6 s | 40.0 m/s |
| 105 kg | Nora | 5676 m | 35.5 s | 15.6 m/s |
| 50 kg | Theo | 3160 m | 27.0 s | 53.6 m/s |","Answer the question using the table. Perform all required reasoning and return only the final answer.

Table:
| Mass | Person | Altitude | Elapsed time | Speed |
| --- | --- | --- | --- | --- |
| 98 kg | Lena | 895 m | 56.5 s | 65.1 m/s |
| 69 kg | Ethan | 5330 m | 36.8 s | 16.1 m/s |
| 71 kg | Emma | 1869 m | 21.3 s | 22.1 m/s |
| 78 kg | Hana | 6022 m | 74.7 s | 17.4 m/s |
| 104 kg | Oliver | 8722 m | 50.6 s | 40.0 m/s |
| 105 kg | Nora | 5676 m | 35.5 s | 15.6 m/s |
| 50 kg | Theo | 3160 m | 27.0 s | 53.6 m/s |

Question: Using the table values, calculate the momentum of Ethan.",1110.90 kg·m/s,momentum,"{""target_row"": ""Ethan"", ""mass_kg"": 69, ""speed_m_s"": 16.1}","{""quantity"": ""Momentum"", ""answer_digits"": 2}","{""headers"": [""Mass"", ""Person"", ""Altitude"", ""Elapsed time"", ""Speed""], ""rows"": [[""98 kg"", ""Lena"", ""895 m"", ""56.5 s"", ""65.1 m/s""], [""69 kg"", ""Ethan"", ""5330 m"", ""36.8 s"", ""16.1 m/s""], [""71 kg"", ""Emma"", ""1869 m"", ""21.3 s"", ""22.1 m/s""], [""78 kg"", ""Hana"", ""6022 m"", ""74.7 s"", ""17.4 m/s""], [""104 kg"", ""Oliver"", ""8722 m"", ""50.6 s"", ""40.0 m/s""], [""105 kg"", ""Nora"", ""5676 m"", ""35.5 s"", ""15.6 m/s""], [""50 kg"", ""Theo"", ""3160 m"", ""27.0 s"", ""53.6 m/s""]]}"
A-L5-0186,5,missing_value_from_total,The Part A entry for Sample-A is missing. What should it be?,"| Part B | Part A | Sample | Part D | Part C | Total |
| --- | --- | --- | --- | --- | --- |
| 48 | 65 | Sample-L | 64 | 105 | 282 |
| 33 | ? | Sample-A | 54 | 80 | 219 |
| 116 | 20 | Sample-K | 79 | 92 | 307 |
| 54 | 32 | Sample-H | 100 | 21 | 207 |
| 40 | 97 | Sample-G | 38 | 56 | 231 |
| 86 | 91 | Sample-F | 38 | 24 | 239 |
| 54 | 21 | Sample-I | 89 | 91 | 255 |","Answer the question using the table. Perform all required reasoning and return only the final answer.

Table:
| Part B | Part A | Sample | Part D | Part C | Total |
| --- | --- | --- | --- | --- | --- |
| 48 | 65 | Sample-L | 64 | 105 | 282 |
| 33 | ? | Sample-A | 54 | 80 | 219 |
| 116 | 20 | Sample-K | 79 | 92 | 307 |
| 54 | 32 | Sample-H | 100 | 21 | 207 |
| 40 | 97 | Sample-G | 38 | 56 | 231 |
| 86 | 91 | Sample-F | 38 | 24 | 239 |
| 54 | 21 | Sample-I | 89 | 91 | 255 |

Question: The Part A entry for Sample-A is missing. What should it be?",52,recover_from_total,"{""target_row"": ""Sample-A"", ""missing_column"": ""Part A"", ""known_total"": 219, ""visible_components"": {""Part B"": 33, ""Part C"": 80, ""Part D"": 54}}","{""component_columns"": [""Part A"", ""Part B"", ""Part C"", ""Part D""]}","{""headers"": [""Part B"", ""Part A"", ""Sample"", ""Part D"", ""Part C"", ""Total""], ""rows"": [[48, 65, ""Sample-L"", 64, 105, 282], [33, ""?"", ""Sample-A"", 54, 80, 219], [116, 20, ""Sample-K"", 79, 92, 307], [54, 32, ""Sample-H"", 100, 21, 207], [40, 97, ""Sample-G"", 38, 56, 231], [86, 91, ""Sample-F"", 38, 24, 239], [54, 21, ""Sample-I"", 89, 91, 255]]}"
A-L5-0187,5,bayes_posterior,"For Group-K, compute the posterior probability of having the condition after a positive test.","| Population | Sensitivity | Prevalence | False positive rate |
| --- | --- | --- | --- |
| Group-G | 95.93% | 4.70% | 13.96% |
| Group-D | 65.24% | 23.94% | 3.50% |
| Group-K | 64.43% | 30.42% | 4.22% |
| Group-A | 91.87% | 26.42% | 25.97% |","Answer the question using the table. Perform all required reasoning and return only the final answer.

Table:
| Population | Sensitivity | Prevalence | False positive rate |
| --- | --- | --- | --- |
| Group-G | 95.93% | 4.70% | 13.96% |
| Group-D | 65.24% | 23.94% | 3.50% |
| Group-K | 64.43% | 30.42% | 4.22% |
| Group-A | 91.87% | 26.42% | 25.97% |

Question: For Group-K, compute the posterior probability of having the condition after a positive test.",86.97%,bayes_rule,"{""target_row"": ""Group-K"", ""prevalence"": 0.3041916421287195, ""sensitivity"": 0.6443026036604008, ""false_positive_rate"": 0.04219919869852567}","{""formula"": ""sens*prev / (sens*prev + fpr*(1-prev))"", ""answer_digits"": 2}","{""headers"": [""Population"", ""Sensitivity"", ""Prevalence"", ""False positive rate""], ""rows"": [[""Group-G"", ""95.93%"", ""4.70%"", ""13.96%""], [""Group-D"", ""65.24%"", ""23.94%"", ""3.50%""], [""Group-K"", ""64.43%"", ""30.42%"", ""4.22%""], [""Group-A"", ""91.87%"", ""26.42%"", ""25.97%""]]}"
A-L5-0188,5,bayes_posterior,"Using Bayes' rule, what is P(condition | positive) for Group-F?","| False positive rate | Sensitivity | Population | Prevalence |
| --- | --- | --- | --- |
| 13.77% | 73.02% | Group-K | 24.54% |
| 24.45% | 81.56% | Group-B | 40.83% |
| 3.32% | 87.74% | Group-J | 31.64% |
| 16.17% | 70.89% | Group-H | 3.71% |
| 22.17% | 93.81% | Group-I | 3.92% |
| 1.32% | 87.47% | Group-F | 42.50% |","Answer the question using the table. Perform all required reasoning and return only the final answer.

Table:
| False positive rate | Sensitivity | Population | Prevalence |
| --- | --- | --- | --- |
| 13.77% | 73.02% | Group-K | 24.54% |
| 24.45% | 81.56% | Group-B | 40.83% |
| 3.32% | 87.74% | Group-J | 31.64% |
| 16.17% | 70.89% | Group-H | 3.71% |
| 22.17% | 93.81% | Group-I | 3.92% |
| 1.32% | 87.47% | Group-F | 42.50% |

Question: Using Bayes' rule, what is P(condition | positive) for Group-F?",98.00%,bayes_rule,"{""target_row"": ""Group-F"", ""prevalence"": 0.4249973141132195, ""sensitivity"": 0.8747114659791666, ""false_positive_rate"": 0.01319794764868163}","{""formula"": ""sens*prev / (sens*prev + fpr*(1-prev))"", ""answer_digits"": 2}","{""headers"": [""False positive rate"", ""Sensitivity"", ""Population"", ""Prevalence""], ""rows"": [[""13.77%"", ""73.02%"", ""Group-K"", ""24.54%""], [""24.45%"", ""81.56%"", ""Group-B"", ""40.83%""], [""3.32%"", ""87.74%"", ""Group-J"", ""31.64%""], [""16.17%"", ""70.89%"", ""Group-H"", ""3.71%""], [""22.17%"", ""93.81%"", ""Group-I"", ""3.92%""], [""1.32%"", ""87.47%"", ""Group-F"", ""42.50%""]]}"
A-L5-0189,5,bayes_posterior,"Using Bayes' rule, what is P(condition | positive) for Group-C?","| Population | False positive rate | Sensitivity | Prevalence |
| --- | --- | --- | --- |
| Group-D | 15.81% | 95.65% | 23.42% |
| Group-L | 7.77% | 88.83% | 13.54% |
| Group-B | 18.90% | 78.82% | 26.85% |
| Group-K | 29.42% | 73.93% | 6.84% |
| Group-C | 10.70% | 97.58% | 16.69% |
| Group-J | 16.92% | 63.00% | 31.67% |
| Group-I | 3.55% | 68.87% | 23.80% |","Answer the question using the table. Perform all required reasoning and return only the final answer.

Table:
| Population | False positive rate | Sensitivity | Prevalence |
| --- | --- | --- | --- |
| Group-D | 15.81% | 95.65% | 23.42% |
| Group-L | 7.77% | 88.83% | 13.54% |
| Group-B | 18.90% | 78.82% | 26.85% |
| Group-K | 29.42% | 73.93% | 6.84% |
| Group-C | 10.70% | 97.58% | 16.69% |
| Group-J | 16.92% | 63.00% | 31.67% |
| Group-I | 3.55% | 68.87% | 23.80% |

Question: Using Bayes' rule, what is P(condition | positive) for Group-C?",64.64%,bayes_rule,"{""target_row"": ""Group-C"", ""prevalence"": 0.1669333002210113, ""sensitivity"": 0.9757970143132442, ""false_positive_rate"": 0.10696178969817129}","{""formula"": ""sens*prev / (sens*prev + fpr*(1-prev))"", ""answer_digits"": 2}","{""headers"": [""Population"", ""False positive rate"", ""Sensitivity"", ""Prevalence""], ""rows"": [[""Group-D"", ""15.81%"", ""95.65%"", ""23.42%""], [""Group-L"", ""7.77%"", ""88.83%"", ""13.54%""], [""Group-B"", ""18.90%"", ""78.82%"", ""26.85%""], [""Group-K"", ""29.42%"", ""73.93%"", ""6.84%""], [""Group-C"", ""10.70%"", ""97.58%"", ""16.69%""], [""Group-J"", ""16.92%"", ""63.00%"", ""31.67%""], [""Group-I"", ""3.55%"", ""68.87%"", ""23.80%""]]}"
A-L5-0190,5,missing_value_from_average,Recover Lena's hidden Test 3 value using the average.,"| Average | Test 2 | Test 4 | Student | Test 1 | Test 3 |
| --- | --- | --- | --- | --- | --- |
| 70.50 | 64 | 62 | Lena | 63 | ? |
| 66.75 | 40 | 73 | Ethan | 55 | 99 |
| 81.00 | 70 | 98 | Jisoo | 80 | 76 |
| 63.25 | 41 | 96 | Ava | 44 | 72 |","Answer the question using the table. Perform all required reasoning and return only the final answer.

Table:
| Average | Test 2 | Test 4 | Student | Test 1 | Test 3 |
| --- | --- | --- | --- | --- | --- |
| 70.50 | 64 | 62 | Lena | 63 | ? |
| 66.75 | 40 | 73 | Ethan | 55 | 99 |
| 81.00 | 70 | 98 | Jisoo | 80 | 76 |
| 63.25 | 41 | 96 | Ava | 44 | 72 |

Question: Recover Lena's hidden Test 3 value using the average.",93,recover_from_average,"{""target_row"": ""Lena"", ""missing_column"": ""Test 3"", ""known_average"": 70.5, ""visible_scores"": {""Test 1"": 63, ""Test 2"": 64, ""Test 4"": 62}}","{""num_scores"": 4, ""score_columns"": [""Test 1"", ""Test 2"", ""Test 3"", ""Test 4""]}","{""headers"": [""Average"", ""Test 2"", ""Test 4"", ""Student"", ""Test 1"", ""Test 3""], ""rows"": [[""70.50"", 64, 62, ""Lena"", 63, ""?""], [""66.75"", 40, 73, ""Ethan"", 55, 99], [""81.00"", 70, 98, ""Jisoo"", 80, 76], [""63.25"", 41, 96, ""Ava"", 44, 72]]}"
A-L5-0191,5,missing_value_from_average,Recover Ava's hidden Test 4 value using the average.,"| Test 1 | Test 3 | Test 2 | Average | Test 4 | Student |
| --- | --- | --- | --- | --- | --- |
| 61 | 96 | 64 | 67.00 | 47 | Emma |
| 49 | 94 | 83 | 74.75 | 73 | David |
| 53 | 79 | 70 | 73.25 | 91 | Ethan |
| 79 | 56 | 52 | 69.75 | 92 | Julia |
| 47 | 89 | 62 | 63.25 | ? | Ava |
| 45 | 90 | 60 | 67.00 | 73 | Nora |
| 63 | 95 | 46 | 71.25 | 81 | Chris |","Answer the question using the table. Perform all required reasoning and return only the final answer.

Table:
| Test 1 | Test 3 | Test 2 | Average | Test 4 | Student |
| --- | --- | --- | --- | --- | --- |
| 61 | 96 | 64 | 67.00 | 47 | Emma |
| 49 | 94 | 83 | 74.75 | 73 | David |
| 53 | 79 | 70 | 73.25 | 91 | Ethan |
| 79 | 56 | 52 | 69.75 | 92 | Julia |
| 47 | 89 | 62 | 63.25 | ? | Ava |
| 45 | 90 | 60 | 67.00 | 73 | Nora |
| 63 | 95 | 46 | 71.25 | 81 | Chris |

Question: Recover Ava's hidden Test 4 value using the average.",55,recover_from_average,"{""target_row"": ""Ava"", ""missing_column"": ""Test 4"", ""known_average"": 63.25, ""visible_scores"": {""Test 1"": 47, ""Test 2"": 62, ""Test 3"": 89}}","{""num_scores"": 4, ""score_columns"": [""Test 1"", ""Test 2"", ""Test 3"", ""Test 4""]}","{""headers"": [""Test 1"", ""Test 3"", ""Test 2"", ""Average"", ""Test 4"", ""Student""], ""rows"": [[61, 96, 64, ""67.00"", 47, ""Emma""], [49, 94, 83, ""74.75"", 73, ""David""], [53, 79, 70, ""73.25"", 91, ""Ethan""], [79, 56, 52, ""69.75"", 92, ""Julia""], [47, 89, 62, ""63.25"", ""?"", ""Ava""], [45, 90, 60, ""67.00"", 73, ""Nora""], [63, 95, 46, ""71.25"", 81, ""Chris""]]}"
A-L5-0192,5,bayes_posterior,"For Group-A, what is the probability that a person actually has the condition given a positive test?","| Prevalence | Sensitivity | Population | False positive rate |
| --- | --- | --- | --- |
| 31.80% | 63.61% | Group-D | 9.36% |
| 9.02% | 92.62% | Group-C | 29.20% |
| 43.52% | 62.90% | Group-J | 23.89% |
| 13.95% | 72.03% | Group-L | 25.05% |
| 36.44% | 62.83% | Group-G | 22.30% |
| 27.32% | 85.08% | Group-A | 1.65% |","Answer the question using the table. Perform all required reasoning and return only the final answer.

Table:
| Prevalence | Sensitivity | Population | False positive rate |
| --- | --- | --- | --- |
| 31.80% | 63.61% | Group-D | 9.36% |
| 9.02% | 92.62% | Group-C | 29.20% |
| 43.52% | 62.90% | Group-J | 23.89% |
| 13.95% | 72.03% | Group-L | 25.05% |
| 36.44% | 62.83% | Group-G | 22.30% |
| 27.32% | 85.08% | Group-A | 1.65% |

Question: For Group-A, what is the probability that a person actually has the condition given a positive test?",95.09%,bayes_rule,"{""target_row"": ""Group-A"", ""prevalence"": 0.27321737461110845, ""sensitivity"": 0.8507587585246595, ""false_positive_rate"": 0.0165084376810292}","{""formula"": ""sens*prev / (sens*prev + fpr*(1-prev))"", ""answer_digits"": 2}","{""headers"": [""Prevalence"", ""Sensitivity"", ""Population"", ""False positive rate""], ""rows"": [[""31.80%"", ""63.61%"", ""Group-D"", ""9.36%""], [""9.02%"", ""92.62%"", ""Group-C"", ""29.20%""], [""43.52%"", ""62.90%"", ""Group-J"", ""23.89%""], [""13.95%"", ""72.03%"", ""Group-L"", ""25.05%""], [""36.44%"", ""62.83%"", ""Group-G"", ""22.30%""], [""27.32%"", ""85.08%"", ""Group-A"", ""1.65%""]]}"
A-L5-0193,5,missing_value_from_average,What is the missing Test 1 score for Maya?,"| Test 1 | Test 3 | Test 2 | Average | Student | Test 4 |
| --- | --- | --- | --- | --- | --- |
| 77 | 61 | 77 | 70.75 | Theo | 68 |
| 78 | 76 | 89 | 79.25 | Emma | 74 |
| ? | 100 | 59 | 79.25 | Maya | 82 |
| 100 | 78 | 100 | 86.50 | Jisoo | 68 |","Answer the question using the table. Perform all required reasoning and return only the final answer.

Table:
| Test 1 | Test 3 | Test 2 | Average | Student | Test 4 |
| --- | --- | --- | --- | --- | --- |
| 77 | 61 | 77 | 70.75 | Theo | 68 |
| 78 | 76 | 89 | 79.25 | Emma | 74 |
| ? | 100 | 59 | 79.25 | Maya | 82 |
| 100 | 78 | 100 | 86.50 | Jisoo | 68 |

Question: What is the missing Test 1 score for Maya?",76,recover_from_average,"{""target_row"": ""Maya"", ""missing_column"": ""Test 1"", ""known_average"": 79.25, ""visible_scores"": {""Test 2"": 59, ""Test 3"": 100, ""Test 4"": 82}}","{""num_scores"": 4, ""score_columns"": [""Test 1"", ""Test 2"", ""Test 3"", ""Test 4""]}","{""headers"": [""Test 1"", ""Test 3"", ""Test 2"", ""Average"", ""Student"", ""Test 4""], ""rows"": [[77, 61, 77, ""70.75"", ""Theo"", 68], [78, 76, 89, ""79.25"", ""Emma"", 74], [""?"", 100, 59, ""79.25"", ""Maya"", 82], [100, 78, 100, ""86.50"", ""Jisoo"", 68]]}"
A-L5-0194,5,physics_derived_quantity,What is Daniel's momentum?,"| Altitude | Mass | Speed | Elapsed time | Person |
| --- | --- | --- | --- | --- |
| 7480 m | 85 kg | 26.9 m/s | 59.1 s | Sam |
| 8874 m | 102 kg | 9.9 m/s | 51.7 s | Alex |
| 7193 m | 47 kg | 13.1 m/s | 84.6 s | Ryan |
| 732 m | 104 kg | 60.3 m/s | 14.7 s | Daniel |
| 3687 m | 87 kg | 19.7 m/s | 78.4 s | Lucas |","Answer the question using the table. Perform all required reasoning and return only the final answer.

Table:
| Altitude | Mass | Speed | Elapsed time | Person |
| --- | --- | --- | --- | --- |
| 7480 m | 85 kg | 26.9 m/s | 59.1 s | Sam |
| 8874 m | 102 kg | 9.9 m/s | 51.7 s | Alex |
| 7193 m | 47 kg | 13.1 m/s | 84.6 s | Ryan |
| 732 m | 104 kg | 60.3 m/s | 14.7 s | Daniel |
| 3687 m | 87 kg | 19.7 m/s | 78.4 s | Lucas |

Question: What is Daniel's momentum?",6271.20 kg·m/s,momentum,"{""target_row"": ""Daniel"", ""mass_kg"": 104, ""speed_m_s"": 60.3}","{""quantity"": ""Momentum"", ""answer_digits"": 2}","{""headers"": [""Altitude"", ""Mass"", ""Speed"", ""Elapsed time"", ""Person""], ""rows"": [[""7480 m"", ""85 kg"", ""26.9 m/s"", ""59.1 s"", ""Sam""], [""8874 m"", ""102 kg"", ""9.9 m/s"", ""51.7 s"", ""Alex""], [""7193 m"", ""47 kg"", ""13.1 m/s"", ""84.6 s"", ""Ryan""], [""732 m"", ""104 kg"", ""60.3 m/s"", ""14.7 s"", ""Daniel""], [""3687 m"", ""87 kg"", ""19.7 m/s"", ""78.4 s"", ""Lucas""]]}"
A-L5-0195,5,confusion_matrix_metric,What is the Precision for Nova?,"| TN | FP | FN | Model | TP |
| --- | --- | --- | --- | --- |
| 272 | 98 | 104 | Nova | 77 |
| 129 | 150 | 15 | Zenith | 300 |
| 420 | 14 | 78 | Echo | 136 |
| 283 | 80 | 13 | Nimbus | 140 |
| 149 | 113 | 125 | Vertex | 394 |
| 447 | 14 | 116 | Quartz | 370 |","Answer the question using the table. Perform all required reasoning and return only the final answer.

Table:
| TN | FP | FN | Model | TP |
| --- | --- | --- | --- | --- |
| 272 | 98 | 104 | Nova | 77 |
| 129 | 150 | 15 | Zenith | 300 |
| 420 | 14 | 78 | Echo | 136 |
| 283 | 80 | 13 | Nimbus | 140 |
| 149 | 113 | 125 | Vertex | 394 |
| 447 | 14 | 116 | Quartz | 370 |

Question: What is the Precision for Nova?",0.4400,precision,"{""target_row"": ""Nova"", ""TP"": 77, ""FP"": 98, ""FN"": 104, ""TN"": 272}","{""metric"": ""Precision"", ""answer_digits"": 4}","{""headers"": [""TN"", ""FP"", ""FN"", ""Model"", ""TP""], ""rows"": [[272, 98, 104, ""Nova"", 77], [129, 150, 15, ""Zenith"", 300], [420, 14, 78, ""Echo"", 136], [283, 80, 13, ""Nimbus"", 140], [149, 113, 125, ""Vertex"", 394], [447, 14, 116, ""Quartz"", 370]]}"
A-L5-0196,5,physics_derived_quantity,"Using the table values, calculate the kinetic energy of Leo.","| Mass | Altitude | Elapsed time | Speed | Person |
| --- | --- | --- | --- | --- |
| 105 kg | 3144 m | 98.8 s | 57.1 m/s | Yuna |
| 49 kg | 5421 m | 73.2 s | 60.2 m/s | Emma |
| 63 kg | 8897 m | 43.7 s | 50.6 m/s | Leo |
| 83 kg | 7802 m | 88.2 s | 9.9 m/s | Julia |
| 95 kg | 7544 m | 101.6 s | 27.6 m/s | Iris |","Answer the question using the table. Perform all required reasoning and return only the final answer.

Table:
| Mass | Altitude | Elapsed time | Speed | Person |
| --- | --- | --- | --- | --- |
| 105 kg | 3144 m | 98.8 s | 57.1 m/s | Yuna |
| 49 kg | 5421 m | 73.2 s | 60.2 m/s | Emma |
| 63 kg | 8897 m | 43.7 s | 50.6 m/s | Leo |
| 83 kg | 7802 m | 88.2 s | 9.9 m/s | Julia |
| 95 kg | 7544 m | 101.6 s | 27.6 m/s | Iris |

Question: Using the table values, calculate the kinetic energy of Leo.",80651.34 J,kinetic_energy,"{""target_row"": ""Leo"", ""mass_kg"": 63, ""speed_m_s"": 50.6}","{""quantity"": ""Kinetic energy"", ""answer_digits"": 2}","{""headers"": [""Mass"", ""Altitude"", ""Elapsed time"", ""Speed"", ""Person""], ""rows"": [[""105 kg"", ""3144 m"", ""98.8 s"", ""57.1 m/s"", ""Yuna""], [""49 kg"", ""5421 m"", ""73.2 s"", ""60.2 m/s"", ""Emma""], [""63 kg"", ""8897 m"", ""43.7 s"", ""50.6 m/s"", ""Leo""], [""83 kg"", ""7802 m"", ""88.2 s"", ""9.9 m/s"", ""Julia""], [""95 kg"", ""7544 m"", ""101.6 s"", ""27.6 m/s"", ""Iris""]]}"
A-L5-0197,5,missing_value_from_average,What is the missing Test 1 score for Lena?,"| Test 1 | Student | Test 3 | Test 4 | Average | Test 2 |
| --- | --- | --- | --- | --- | --- |
| 77 | Julia | 85 | 99 | 86.00 | 83 |
| 71 | Mina | 69 | 43 | 60.75 | 60 |
| ? | Lena | 90 | 79 | 73.25 | 55 |
| 63 | Sam | 75 | 80 | 79.00 | 98 |","Answer the question using the table. Perform all required reasoning and return only the final answer.

Table:
| Test 1 | Student | Test 3 | Test 4 | Average | Test 2 |
| --- | --- | --- | --- | --- | --- |
| 77 | Julia | 85 | 99 | 86.00 | 83 |
| 71 | Mina | 69 | 43 | 60.75 | 60 |
| ? | Lena | 90 | 79 | 73.25 | 55 |
| 63 | Sam | 75 | 80 | 79.00 | 98 |

Question: What is the missing Test 1 score for Lena?",69,recover_from_average,"{""target_row"": ""Lena"", ""missing_column"": ""Test 1"", ""known_average"": 73.25, ""visible_scores"": {""Test 2"": 55, ""Test 3"": 90, ""Test 4"": 79}}","{""num_scores"": 4, ""score_columns"": [""Test 1"", ""Test 2"", ""Test 3"", ""Test 4""]}","{""headers"": [""Test 1"", ""Student"", ""Test 3"", ""Test 4"", ""Average"", ""Test 2""], ""rows"": [[77, ""Julia"", 85, 99, ""86.00"", 83], [71, ""Mina"", 69, 43, ""60.75"", 60], [""?"", ""Lena"", 90, 79, ""73.25"", 55], [63, ""Sam"", 75, 80, ""79.00"", 98]]}"
A-L5-0198,5,bayes_posterior,"Using Bayes' rule, what is P(condition | positive) for Group-K?","| Population | False positive rate | Sensitivity | Prevalence |
| --- | --- | --- | --- |
| Group-J | 17.63% | 84.98% | 42.76% |
| Group-K | 24.81% | 97.54% | 32.58% |
| Group-H | 7.50% | 75.37% | 18.81% |
| Group-B | 7.43% | 79.92% | 16.01% |
| Group-C | 28.11% | 63.67% | 27.35% |","Answer the question using the table. Perform all required reasoning and return only the final answer.

Table:
| Population | False positive rate | Sensitivity | Prevalence |
| --- | --- | --- | --- |
| Group-J | 17.63% | 84.98% | 42.76% |
| Group-K | 24.81% | 97.54% | 32.58% |
| Group-H | 7.50% | 75.37% | 18.81% |
| Group-B | 7.43% | 79.92% | 16.01% |
| Group-C | 28.11% | 63.67% | 27.35% |

Question: Using Bayes' rule, what is P(condition | positive) for Group-K?",65.51%,bayes_rule,"{""target_row"": ""Group-K"", ""prevalence"": 0.32579373906710574, ""sensitivity"": 0.9753863924490551, ""false_positive_rate"": 0.24814890129576628}","{""formula"": ""sens*prev / (sens*prev + fpr*(1-prev))"", ""answer_digits"": 2}","{""headers"": [""Population"", ""False positive rate"", ""Sensitivity"", ""Prevalence""], ""rows"": [[""Group-J"", ""17.63%"", ""84.98%"", ""42.76%""], [""Group-K"", ""24.81%"", ""97.54%"", ""32.58%""], [""Group-H"", ""7.50%"", ""75.37%"", ""18.81%""], [""Group-B"", ""7.43%"", ""79.92%"", ""16.01%""], [""Group-C"", ""28.11%"", ""63.67%"", ""27.35%""]]}"
A-L5-0199,5,missing_value_from_total,What value is missing for Sample-H in Part C?,"| Total | Sample | Part D | Part B | Part A | Part C |
| --- | --- | --- | --- | --- | --- |
| 251 | Sample-G | 95 | 77 | 27 | 52 |
| 169 | Sample-K | 16 | 14 | 80 | 59 |
| 187 | Sample-F | 25 | 58 | 81 | 23 |
| 310 | Sample-H | 44 | 108 | 57 | ? |
| 242 | Sample-J | 47 | 116 | 49 | 30 |
| 374 | Sample-B | 90 | 79 | 117 | 88 |
| 120 | Sample-E | 31 | 19 | 36 | 34 |","Answer the question using the table. Perform all required reasoning and return only the final answer.

Table:
| Total | Sample | Part D | Part B | Part A | Part C |
| --- | --- | --- | --- | --- | --- |
| 251 | Sample-G | 95 | 77 | 27 | 52 |
| 169 | Sample-K | 16 | 14 | 80 | 59 |
| 187 | Sample-F | 25 | 58 | 81 | 23 |
| 310 | Sample-H | 44 | 108 | 57 | ? |
| 242 | Sample-J | 47 | 116 | 49 | 30 |
| 374 | Sample-B | 90 | 79 | 117 | 88 |
| 120 | Sample-E | 31 | 19 | 36 | 34 |

Question: What value is missing for Sample-H in Part C?",101,recover_from_total,"{""target_row"": ""Sample-H"", ""missing_column"": ""Part C"", ""known_total"": 310, ""visible_components"": {""Part A"": 57, ""Part B"": 108, ""Part D"": 44}}","{""component_columns"": [""Part A"", ""Part B"", ""Part C"", ""Part D""]}","{""headers"": [""Total"", ""Sample"", ""Part D"", ""Part B"", ""Part A"", ""Part C""], ""rows"": [[251, ""Sample-G"", 95, 77, 27, 52], [169, ""Sample-K"", 16, 14, 80, 59], [187, ""Sample-F"", 25, 58, 81, 23], [310, ""Sample-H"", 44, 108, 57, ""?""], [242, ""Sample-J"", 47, 116, 49, 30], [374, ""Sample-B"", 90, 79, 117, 88], [120, ""Sample-E"", 31, 19, 36, 34]]}"
A-L5-0200,5,bayes_posterior,"For Group-C, compute the posterior probability of having the condition after a positive test.","| Sensitivity | Population | Prevalence | False positive rate |
| --- | --- | --- | --- |
| 88.57% | Group-K | 6.37% | 8.42% |
| 75.20% | Group-J | 6.95% | 19.04% |
| 72.39% | Group-A | 37.10% | 11.57% |
| 83.38% | Group-C | 30.95% | 6.55% |
| 78.41% | Group-E | 19.98% | 6.85% |","Answer the question using the table. Perform all required reasoning and return only the final answer.

Table:
| Sensitivity | Population | Prevalence | False positive rate |
| --- | --- | --- | --- |
| 88.57% | Group-K | 6.37% | 8.42% |
| 75.20% | Group-J | 6.95% | 19.04% |
| 72.39% | Group-A | 37.10% | 11.57% |
| 83.38% | Group-C | 30.95% | 6.55% |
| 78.41% | Group-E | 19.98% | 6.85% |

Question: For Group-C, compute the posterior probability of having the condition after a positive test.",85.09%,bayes_rule,"{""target_row"": ""Group-C"", ""prevalence"": 0.3095398718676444, ""sensitivity"": 0.8338317579963893, ""false_positive_rate"": 0.06550315135293475}","{""formula"": ""sens*prev / (sens*prev + fpr*(1-prev))"", ""answer_digits"": 2}","{""headers"": [""Sensitivity"", ""Population"", ""Prevalence"", ""False positive rate""], ""rows"": [[""88.57%"", ""Group-K"", ""6.37%"", ""8.42%""], [""75.20%"", ""Group-J"", ""6.95%"", ""19.04%""], [""72.39%"", ""Group-A"", ""37.10%"", ""11.57%""], [""83.38%"", ""Group-C"", ""30.95%"", ""6.55%""], [""78.41%"", ""Group-E"", ""19.98%"", ""6.85%""]]}"
